rank,layer,feature_id,abs_delta_sum,signed_delta_sum,donor_mean,recipient_mean,donor_active_fraction,recipient_active_fraction,token_count
1,20,14991,262.87933349609375,262.87933349609375,32.363660176595054,21.410354614257812,0.9166666666666666,0.75,24
2,20,1170,141.1045684814453,141.1045684814453,15.481213887532553,9.60185686747233,0.875,0.7083333333333334,24
3,20,12963,92.29342651367188,-42.90345764160156,15.114638010660807,16.90228271484375,0.9583333333333334,0.875,24
4,20,15169,92.09355163574219,74.92915344238281,31.099932352701824,27.977882385253906,0.9583333333333334,0.9583333333333334,24
5,20,7259,89.20906829833984,-88.06376647949219,1.9682207107543945,5.63754399617513,0.375,0.875,24
6,20,14889,71.08668518066406,-69.67498016357422,6.232660293579102,9.135784149169922,0.9166666666666666,1.0,24
7,20,13854,70.94129180908203,-62.19579315185547,1.0859931310017903,3.6774845123291016,0.25,0.625,24
8,20,2076,70.07275390625,69.10433959960938,6.76595942179362,3.8866122563680015,0.7916666666666666,0.625,24
9,20,8649,67.46977233886719,67.46977233886719,9.635579427083334,6.824338277180989,0.8333333333333334,0.7916666666666666,24
10,20,8468,67.3171615600586,67.3171615600586,12.707022349039713,9.902140935262045,0.9583333333333334,0.9166666666666666,24
11,20,6192,61.58565902709961,-52.60833740234375,0.9076504707336426,3.0996643702189126,0.20833333333333334,0.5833333333333334,24
12,20,2499,59.729129791259766,59.729129791259766,3.71927801767985,1.2305639584859211,0.6666666666666666,0.2916666666666667,24
13,20,4932,56.385284423828125,50.42011260986328,3.3085807164510093,1.207742691040039,0.625,0.25,24
14,20,15290,55.7692985534668,-41.61021423339844,6.111572901407878,7.8453318277994795,0.875,0.8333333333333334,24
15,20,14240,53.363433837890625,53.363433837890625,3.1703869501749673,0.946910540262858,0.7083333333333334,0.20833333333333334,24
16,20,11593,49.56294631958008,-47.41102600097656,3.7847925821940103,5.760252634684245,0.6666666666666666,0.9583333333333334,24
17,20,3850,48.36150360107422,48.36150360107422,7.426260630289714,5.4111982981363935,1.0,0.7916666666666666,24
18,20,11264,46.5060920715332,46.5060920715332,4.894998550415039,2.957244555155436,0.875,0.625,24
19,20,9952,46.0588264465332,44.35066223144531,7.792612711588542,5.944668451944987,0.9583333333333334,0.8333333333333334,24
20,20,10341,45.9759521484375,-39.6320915222168,1.9005997975667317,3.5519371032714844,0.5,0.7083333333333334,24
21,20,8489,45.621665954589844,45.621665954589844,2.5710364977518716,0.6701335906982422,0.5,0.16666666666666666,24
22,20,4655,44.278072357177734,44.278072357177734,3.0558478037516275,1.2109281222025554,0.6666666666666666,0.2916666666666667,24
23,20,10952,43.55645751953125,-43.55645751953125,1.467183272043864,3.2820358276367188,0.16666666666666666,0.375,24
24,20,3863,42.621971130371094,-31.278858184814453,0.6333393653233846,1.9366251627604167,0.20833333333333334,0.5416666666666666,24
25,20,9570,42.34873962402344,40.01819610595703,8.466856002807617,6.799431482950847,0.875,0.875,24
26,20,10510,41.674964904785156,41.674964904785156,2.507009188334147,0.7705521583557129,0.625,0.20833333333333334,24
27,20,5405,41.32185363769531,-41.29981994628906,1.562626838684082,3.2834526697794595,0.16666666666666666,0.5,24
28,20,6860,41.30710983276367,40.877716064453125,6.749556223551433,5.046317418416341,0.8333333333333334,0.7083333333333334,24
29,20,2664,41.23112106323242,41.23112106323242,5.112889925638835,3.3949267069498696,0.8333333333333334,0.6666666666666666,24
30,20,13545,40.9477653503418,-33.2620735168457,2.1783262888590493,3.564245859781901,0.4583333333333333,0.7083333333333334,24
31,20,1813,39.68120193481445,39.17507553100586,12.402254740397135,10.769959767659506,0.9166666666666666,0.875,24
32,20,6169,38.39972686767578,-18.66474723815918,6.299678802490234,7.0773773193359375,0.9166666666666666,0.875,24
33,20,2714,38.30978775024414,38.30978775024414,2.2093194325764975,0.6130781571070353,0.6666666666666666,0.20833333333333334,24
34,20,8949,38.28746032714844,38.28746032714844,2.5575790405273438,0.9622682730356852,0.6666666666666666,0.2916666666666667,24
35,20,16303,38.100608825683594,38.100608825683594,2.546019713083903,0.958494504292806,0.5833333333333334,0.25,24
36,20,16136,37.776424407958984,37.58938217163086,1.7056253751118977,0.1394010285536448,0.5416666666666666,0.041666666666666664,24
37,20,11411,37.70911407470703,37.70911407470703,2.5235605239868164,0.9523473580678304,0.625,0.2916666666666667,24
38,20,1035,37.50645065307617,-37.50645065307617,0.3556175231933594,1.918386459350586,0.08333333333333333,0.4583333333333333,24
39,20,1165,37.37109375,37.37109375,1.6700491905212402,0.11292024453481038,0.4583333333333333,0.041666666666666664,24
40,20,13060,37.28498840332031,-36.76460266113281,1.324783166249593,2.8566414515177407,0.3333333333333333,0.7083333333333334,24
41,20,6574,37.08891296386719,-35.47865295410156,1.5308438936869304,3.0091209411621094,0.375,0.7916666666666666,24
42,20,15138,36.508174896240234,-32.51375198364258,3.1677459081014,4.522485415140788,0.375,0.625,24
43,20,8012,36.38976287841797,36.38976287841797,3.0866883595784507,1.5704482396443684,0.5833333333333334,0.3333333333333333,24
44,20,15773,36.30277633666992,-33.71670913696289,1.355350176493327,2.7602132161458335,0.20833333333333334,0.4583333333333333,24
45,20,15888,35.93760299682617,35.93760299682617,2.4336366653442383,0.9362366994222006,0.625,0.25,24
46,20,15247,35.080078125,-34.05937194824219,2.4765199025472007,3.895660082499186,0.5833333333333334,0.875,24
47,20,11768,34.81776428222656,34.81776428222656,5.896568298339844,4.445828755696614,0.875,0.7916666666666666,24
48,20,3447,34.549747467041016,-27.737131118774414,4.845938046773274,6.001651763916016,0.8333333333333334,0.9583333333333334,24
49,20,9974,34.1572265625,-33.84119415283203,0.2506661017735799,1.6607157389322917,0.08333333333333333,0.5,24
50,20,4188,34.00028610229492,34.00028610229492,2.745055834452311,1.32837708791097,0.7083333333333334,0.375,24
51,20,9693,33.52824401855469,-33.32909393310547,0.9185427029927572,2.307254950205485,0.25,0.625,24
52,20,12549,33.50859451293945,33.50859451293945,1.9489819208780925,0.5527904033660889,0.5,0.16666666666666666,24
53,20,8482,33.48414993286133,-21.89263153076172,0.6368798017501831,1.5490727424621582,0.20833333333333334,0.4583333333333333,24
54,20,5297,32.887290954589844,32.887290954589844,2.094363530476888,0.7240598201751709,0.625,0.25,24
55,20,3950,32.51820373535156,-26.90592384338379,0.45372311274210614,1.5748031934102376,0.125,0.4583333333333333,24
56,20,13156,32.34512710571289,30.739734649658203,3.236051877339681,1.955229123433431,0.75,0.5,24
57,20,5999,32.329044342041016,-32.329044342041016,1.815325101216634,3.1623687744140625,0.3333333333333333,0.5416666666666666,24
58,20,8680,32.262977600097656,-31.93821907043457,7.045395533243815,8.376154581705729,1.0,1.0,24
59,20,3650,32.018798828125,-31.13763427734375,1.7755403518676758,3.072941462198893,0.375,0.7083333333333334,24
60,20,11986,31.875486373901367,-20.388980865478516,0.45829010009765625,1.3078309694925945,0.16666666666666666,0.4583333333333333,24
61,20,15407,31.831398010253906,31.831398010253906,1.9422184626261394,0.6159102916717529,0.5416666666666666,0.20833333333333334,24
62,20,6409,31.492427825927734,-18.428531646728516,1.874454657236735,2.6423099835713706,0.4583333333333333,0.5833333333333334,24
63,20,9461,31.477325439453125,31.477325439453125,2.2738847732543945,0.9623293876647949,0.6666666666666666,0.2916666666666667,24
64,20,8809,31.375911712646484,31.375911712646484,2.6319239934285483,1.3245943387349446,0.6666666666666666,0.4166666666666667,24
65,20,9513,31.34014892578125,31.11447525024414,1.7552035649617512,0.4587671359380086,0.4583333333333333,0.125,24
66,20,11924,31.295166015625,31.295166015625,3.08392333984375,1.7799577713012695,0.8333333333333334,0.5416666666666666,24
67,20,15731,31.11405372619629,31.11405372619629,2.1834044456481934,0.8869854609171549,0.5,0.20833333333333334,24
68,20,11572,31.091386795043945,-31.091386795043945,0.6858476797739664,1.9813222885131836,0.20833333333333334,0.5416666666666666,24
69,20,1157,31.08275032043457,31.08275032043457,5.527367909749349,4.232252756754558,0.8333333333333334,0.7916666666666666,24
70,20,10772,30.87289047241211,-30.790424346923828,0.4490310748418172,1.7319655418395996,0.125,0.5,24
71,20,15931,30.545570373535156,23.484012603759766,2.056260108947754,1.077759583791097,0.5833333333333334,0.2916666666666667,24
72,20,13358,30.39444351196289,-17.418466567993164,0.9720101356506348,1.697779655456543,0.3333333333333333,0.5,24
73,20,15179,29.65548324584961,29.65548324584961,2.1446107228597007,0.9089656670888265,0.5833333333333334,0.2916666666666667,24
74,20,7669,29.54216766357422,29.54216766357422,2.700192451477051,1.469268798828125,0.6666666666666666,0.375,24
75,20,10624,29.428054809570312,29.101776123046875,2.967222213745117,1.7546483675638835,0.7916666666666666,0.5,24
76,20,12114,29.400901794433594,29.400901794433594,1.6163768768310547,0.39133942127227783,0.4583333333333333,0.125,24
77,20,1115,29.37500762939453,14.842836380004883,9.313954671223959,8.695501963297525,0.9166666666666666,0.9166666666666666,24
78,20,2644,29.369384765625,18.78577423095703,2.170071760813395,1.3873310089111328,0.4583333333333333,0.3333333333333333,24
79,20,7965,28.76749038696289,-20.464853286743164,0.5889442364374796,1.441646416982015,0.16666666666666666,0.375,24
80,20,15977,28.751968383789062,28.751968383789062,5.468479156494141,4.270480155944824,0.9166666666666666,0.8333333333333334,24
81,20,8295,28.689531326293945,28.689531326293945,2.820895512898763,1.6254982948303223,0.625,0.4166666666666667,24
82,20,9187,28.57198715209961,22.616409301757812,1.9108293851216633,0.9684790770212809,0.625,0.3333333333333333,24
83,20,6463,28.563194274902344,-28.032363891601562,0.9693762461344401,2.1373912493387857,0.125,0.3333333333333333,24
84,20,10640,28.399091720581055,25.522165298461914,5.659160614013672,4.595736821492513,0.7916666666666666,0.7083333333333334,24
85,20,6968,27.597675323486328,27.597675323486328,3.5815261205037436,2.4316229820251465,0.75,0.5416666666666666,24
86,20,8742,27.398706436157227,-25.79350471496582,1.27529772122701,2.350027084350586,0.20833333333333334,0.375,24
87,20,7065,27.315887451171875,27.315887451171875,1.7595427831013997,0.6213806867599487,0.5,0.20833333333333334,24
88,20,321,27.251449584960938,-7.282825469970703,1.1738597551981609,1.4773108164469402,0.2916666666666667,0.375,24
89,20,11627,27.078866958618164,-24.746431350708008,0.8842364152272543,1.9153377215067546,0.25,0.5416666666666666,24
90,20,844,27.02562713623047,-21.524593353271484,0.6259667873382568,1.5228249231974285,0.20833333333333334,0.4166666666666667,24
91,20,1293,26.968856811523438,-6.9693522453308105,5.515034357706706,5.8054243723551435,0.9166666666666666,0.9166666666666666,24
92,20,10538,26.869327545166016,26.869327545166016,1.7758193016052246,0.656264066696167,0.5416666666666666,0.20833333333333334,24
93,20,9349,26.69101905822754,26.318950653076172,4.658735911051433,3.562113126118978,0.8333333333333334,0.6666666666666666,24
94,20,12594,26.62401580810547,26.159690856933594,2.1478381156921387,1.0578510761260986,0.625,0.3333333333333333,24
95,20,4092,26.382822036743164,-4.313592910766602,2.0128911336263022,2.1926244099934897,0.5833333333333334,0.625,24
96,20,8425,26.313114166259766,-25.528057098388672,2.805811564127604,3.8694804509480796,0.5833333333333334,0.7083333333333334,24
97,20,15628,26.055095672607422,-25.876911163330078,0.8447452386220297,1.9229501088460286,0.25,0.5416666666666666,24
98,20,3590,25.827178955078125,-25.612119674682617,1.1402333577473958,2.2074050903320312,0.25,0.4166666666666667,24
99,20,11447,25.813831329345703,-20.0999813079834,0.5437157948811849,1.3812150955200195,0.16666666666666666,0.375,24
100,20,13376,25.64175033569336,25.64175033569336,1.6008925437927246,0.5324862798055013,0.4583333333333333,0.16666666666666666,24
101,20,6954,25.491567611694336,3.6217002868652344,2.576308091481527,2.425403912862142,0.7083333333333334,0.6666666666666666,24
102,20,6988,25.347049713134766,-14.281586647033691,2.379080295562744,2.9741462071736655,0.6666666666666666,0.7083333333333334,24
103,20,8194,24.992637634277344,-13.426830291748047,0.240954319636027,0.8004055817921957,0.08333333333333333,0.25,24
104,20,4758,24.793516159057617,-24.793516159057617,0.5883265733718872,1.6213897069295247,0.16666666666666666,0.3333333333333333,24
105,20,1100,24.669540405273438,-17.82393455505371,2.05997101465861,2.8026345570882163,0.5833333333333334,0.75,24
106,20,7302,24.4947566986084,-24.421342849731445,8.89022954305013,9.907786051432291,1.0,1.0,24
107,20,4288,24.266939163208008,24.172290802001953,2.0506792068481445,1.0435003439585369,0.5416666666666666,0.25,24
108,20,7531,23.98807716369629,0.8338041305541992,3.189272880554199,3.154531160990397,0.7083333333333334,0.7083333333333334,24
109,20,16160,23.880046844482422,23.880046844482422,2.1267639795939126,1.1317620277404785,0.5833333333333334,0.3333333333333333,24
110,20,434,23.79165267944336,18.392757415771484,4.578860282897949,3.812495231628418,0.75,0.5833333333333334,24
111,20,11992,23.785686492919922,-14.773274421691895,0.5652916431427002,1.1808447043100994,0.16666666666666666,0.375,24
112,20,473,23.774612426757812,23.774612426757812,2.498053709665934,1.5074448585510254,0.4583333333333333,0.3333333333333333,24
113,20,7295,23.722686767578125,23.102581024169922,1.7486732800801594,0.7860658168792725,0.5,0.25,24
114,20,12854,23.627286911010742,23.627286911010742,1.6169339815775554,0.6324636141459147,0.375,0.16666666666666666,24
115,20,14587,23.546361923217773,-15.879167556762695,1.6541941960652669,2.315826098124186,0.3333333333333333,0.375,24
116,20,12656,23.461044311523438,23.0819091796875,3.171778678894043,2.210032304128011,0.75,0.625,24
117,20,11999,23.369544982910156,-21.882789611816406,1.2026817003885906,2.114464441935221,0.3333333333333333,0.5,24
118,20,4989,23.368125915527344,-0.5120463371276855,2.664336840311686,2.685672124226888,0.4166666666666667,0.5,24
119,20,983,23.019214630126953,-23.019214630126953,0.8921335538228353,1.8512674967447917,0.2916666666666667,0.5,24
120,20,8754,23.00640869140625,16.120037078857422,3.993371327718099,3.3217029571533203,0.9166666666666666,0.7083333333333334,24
121,20,2752,22.971323013305664,22.971323013305664,1.6975520451863606,0.740413506825765,0.5,0.20833333333333334,24
122,20,3897,22.716089248657227,17.025096893310547,10.512442270914713,9.80306307474772,0.875,0.875,24
123,20,918,22.67749786376953,-15.414958953857422,1.3015204270680745,1.9438104629516602,0.4166666666666667,0.5833333333333334,24
124,20,7293,22.653499603271484,22.653499603271484,1.2214399973551433,0.2775442401568095,0.375,0.08333333333333333,24
125,20,13691,22.610382080078125,-22.610382080078125,0.9437483151753744,1.8858477274576824,0.20833333333333334,0.4583333333333333,24
126,20,5433,22.53801727294922,-10.622282028198242,2.625523567199707,3.0681190490722656,0.7083333333333334,0.6666666666666666,24
127,20,1758,22.50861930847168,21.80280113220215,1.9423332214355469,1.033883015314738,0.625,0.3333333333333333,24
128,20,16177,22.497058868408203,22.17196273803711,2.031090418497721,1.107258637746175,0.5833333333333334,0.2916666666666667,24
129,20,14948,22.403921127319336,-21.416154861450195,1.3357911109924316,2.2281309763590493,0.4166666666666667,0.625,24
130,20,9892,22.251773834228516,-1.343550682067871,3.073221206665039,3.1292025248209634,0.7916666666666666,0.8333333333333334,24
131,20,14569,22.148303985595703,-16.874929428100586,0.22225846846898398,0.92538054784139,0.08333333333333333,0.2916666666666667,24
132,20,8367,21.970478057861328,21.89822006225586,1.8547550837198894,0.9423291683197021,0.5416666666666666,0.2916666666666667,24
133,20,13969,21.53030776977539,-14.8374605178833,0.26110613346099854,0.8793336550394694,0.08333333333333333,0.25,24
134,20,9024,21.49623680114746,-8.550214767456055,0.40236973762512207,0.7586286862691244,0.125,0.25,24
135,20,2305,21.332515716552734,-10.032387733459473,6.394127527872722,6.812143325805664,0.9583333333333334,0.9583333333333334,24
136,20,1134,21.26058578491211,18.980575561523438,3.7810611724853516,2.990203857421875,0.75,0.6666666666666666,24
137,20,5009,21.201862335205078,-21.201862335205078,0.24928593635559082,1.1326967875162761,0.08333333333333333,0.3333333333333333,24
138,20,1915,21.12885856628418,-15.780694961547852,0.25232549508412677,0.9098544915517172,0.08333333333333333,0.20833333333333334,24
139,20,7508,21.087949752807617,-4.832891464233398,24.528600056966145,24.729970296223957,1.0,1.0,24
140,20,15479,20.981002807617188,-18.87944793701172,0.6552580992380778,1.4419018427530925,0.125,0.3333333333333333,24
141,20,5279,20.977893829345703,-4.4956278800964355,4.277756373087565,4.46507453918457,0.9166666666666666,0.875,24
142,20,4374,20.925634384155273,20.925634384155273,1.1287431716918945,0.256841778755188,0.3333333333333333,0.08333333333333333,24
143,20,1596,20.888437271118164,-20.649682998657227,1.3433823585510254,2.2037857373555503,0.375,0.5833333333333334,24
144,20,11619,20.845230102539062,-20.845230102539062,0.0,0.8685512542724609,0.0,0.2916666666666667,24
145,20,114,20.78740692138672,18.269733428955078,3.162938435872396,2.401699701944987,0.8333333333333334,0.625,24
146,20,13882,20.66070556640625,-20.66070556640625,1.3083259264628093,2.169188658396403,0.125,0.20833333333333334,24
147,20,5406,20.612640380859375,13.043558120727539,1.6961034138997395,1.152621905008952,0.5,0.3333333333333333,24
148,20,8759,20.571821212768555,-18.53346824645996,0.7922914028167725,1.5645192464192708,0.25,0.5,24
149,20,975,20.530424118041992,9.018484115600586,0.8258171081542969,0.45004693667093915,0.25,0.125,24
150,20,261,20.458160400390625,15.229377746582031,0.7434903780619303,0.1089329719543457,0.25,0.041666666666666664,24
151,20,16297,20.4056453704834,20.4056453704834,1.1039446194966633,0.253709355990092,0.3333333333333333,0.08333333333333333,24
152,20,14425,20.275981903076172,13.931193351745605,7.326616287231445,6.7461503346761065,0.9166666666666666,0.875,24
153,20,9556,20.232929229736328,20.232929229736328,0.9586834907531738,0.11564488212267558,0.2916666666666667,0.041666666666666664,24
154,20,6921,20.17926788330078,18.168209075927734,1.4745397567749023,0.7175312042236328,0.4583333333333333,0.20833333333333334,24
155,20,12652,20.15122413635254,2.8432209491729736,2.8932619094848633,2.774794578552246,0.7916666666666666,0.6666666666666666,24
156,20,12370,20.097265243530273,3.9669852256774902,1.073537826538086,0.9082466761271158,0.375,0.3333333333333333,24
157,20,15239,20.02001953125,20.02001953125,0.83416748046875,0.0,0.20833333333333334,0.0,24
158,20,16159,19.984386444091797,8.929431915283203,3.5832996368408203,3.2112401326497397,0.875,0.75,24
159,20,9308,19.937332153320312,-18.521299362182617,1.2072359720865886,1.9789568583170574,0.2916666666666667,0.5416666666666666,24
160,20,10914,19.846521377563477,-3.5966014862060547,0.7436817487080892,0.8935401439666748,0.25,0.25,24
161,20,693,19.829038619995117,19.702924728393555,1.3985816637674968,0.5776264667510986,0.375,0.16666666666666666,24
162,20,8518,19.747901916503906,10.722732543945312,2.283294359842936,1.836513837178548,0.6666666666666666,0.5416666666666666,24
163,20,7939,19.724407196044922,8.742606163024902,3.9707164764404297,3.606440862019857,0.9583333333333334,0.8333333333333334,24
164,20,15370,19.668588638305664,19.173526763916016,2.1442092259724936,1.3453121185302734,0.5833333333333334,0.375,24
165,20,12804,19.534103393554688,-19.534103393554688,0.3202567497889201,1.1341777642567952,0.08333333333333333,0.3333333333333333,24
166,20,4445,19.395212173461914,19.395212173461914,1.4238707224527996,0.6157368818918864,0.4583333333333333,0.20833333333333334,24
167,20,1659,19.304828643798828,18.548465728759766,1.2665342489878337,0.49368155002593994,0.375,0.125,24
168,20,7978,19.049575805664062,19.049575805664062,1.0305180549621582,0.23678567012151083,0.2916666666666667,0.08333333333333333,24
169,20,7042,18.910205841064453,-8.431456565856934,2.171610196431478,2.522921085357666,0.5833333333333334,0.6666666666666666,24
170,20,6123,18.880098342895508,0.8209953308105469,1.214319388071696,1.180111249287923,0.375,0.375,24
171,20,3056,18.775115966796875,18.06302261352539,1.5787582397460938,0.8261322180430094,0.4166666666666667,0.20833333333333334,24
172,20,10408,18.711315155029297,11.574896812438965,1.1394525369008381,0.6571651697158813,0.375,0.20833333333333334,24
173,20,7769,18.708553314208984,-8.886354446411133,2.2524693806966147,2.622734228769938,0.5833333333333334,0.625,24
174,20,15258,18.59958267211914,-17.400829315185547,2.1078211466471353,2.8328558603922525,0.5833333333333334,0.7083333333333334,24
175,20,10105,18.56299591064453,-18.56299591064453,0.2840975522994995,1.0575556755065918,0.08333333333333333,0.3333333333333333,24
176,20,13282,18.383596420288086,-12.462043762207031,0.8785139719645182,1.3977657953898113,0.125,0.3333333333333333,24
177,20,7509,18.284387588500977,-11.117561340332031,0.7982688744862875,1.2615006764729817,0.25,0.375,24
178,20,8611,18.13491439819336,11.785667419433594,3.6260201136271157,3.134950637817383,0.625,0.5833333333333334,24
179,20,7097,18.104677200317383,18.104677200317383,1.1329406102498372,0.378579060236613,0.375,0.125,24
180,20,14225,18.077068328857422,18.077068328857422,0.7532111803690592,0.0,0.25,0.0,24
181,20,5011,17.86471176147461,-17.86471176147461,0.13801710804303488,0.8823800881703695,0.041666666666666664,0.25,24
182,20,465,17.85554313659668,17.85554313659668,0.8814575672149658,0.13747663299242655,0.2916666666666667,0.041666666666666664,24
183,20,14503,17.807533264160156,11.164732933044434,1.104433536529541,0.6392363707224528,0.375,0.20833333333333334,24
184,20,7326,17.74479103088379,10.443902969360352,2.3294089635213218,1.8942464192708333,0.625,0.5416666666666666,24
185,20,7327,17.737455368041992,17.455446243286133,1.9642216364542644,1.2369112968444824,0.5416666666666666,0.3333333333333333,24
186,20,173,17.59461784362793,10.909817695617676,7.289312998453776,6.834737141927083,0.9166666666666666,0.875,24
187,20,9510,17.543785095214844,-11.299946784973145,0.31428877512613934,0.7851198514302572,0.08333333333333333,0.20833333333333334,24
188,20,10529,17.302799224853516,16.991968154907227,2.8312899271647134,2.123291492462158,0.6666666666666666,0.5,24
189,20,7801,17.202373504638672,-11.339476585388184,0.9313640594482422,1.403842290242513,0.2916666666666667,0.4166666666666667,24
190,20,8456,17.08254623413086,-4.726922035217285,5.468485514322917,5.6654408772786455,0.875,0.875,24
191,20,9135,17.0612735748291,15.539957046508789,1.6013169288635254,0.9538186391194662,0.4583333333333333,0.25,24
192,20,6032,17.05394172668457,11.573978424072266,1.1059184074401855,0.6236692667007446,0.3333333333333333,0.20833333333333334,24
193,20,14127,16.964374542236328,16.964374542236328,1.0728703339894612,0.36602139472961426,0.3333333333333333,0.125,24
194,20,3470,16.89981460571289,16.89981460571289,1.0435105959574382,0.3393516143163045,0.25,0.08333333333333333,24
195,20,5987,16.573043823242188,-7.188114643096924,4.41706911722819,4.716573715209961,0.8333333333333334,0.875,24
196,20,403,16.552799224853516,6.885403633117676,1.9512990315755208,1.6644069353739421,0.5416666666666666,0.4583333333333333,24
197,20,15832,16.543180465698242,-16.543180465698242,0.31050872802734375,0.9998079140981039,0.08333333333333333,0.25,24
198,20,7500,16.419374465942383,10.001084327697754,1.2996454238891602,0.8829336166381836,0.375,0.25,24
199,20,2520,16.312549591064453,16.312549591064453,2.1220320065816245,1.4423424402872722,0.5,0.375,24
200,20,14695,16.297359466552734,-16.297359466552734,1.0008001327514648,1.679856777191162,0.16666666666666666,0.2916666666666667,24
201,20,2158,16.280826568603516,-16.280826568603516,0.5618149439493815,1.2401827176411946,0.125,0.3333333333333333,24
202,20,8298,16.23517608642578,-4.2013068199157715,3.037180264790853,3.2122348149617515,0.7916666666666666,0.7916666666666666,24
203,20,13269,16.1400089263916,-15.113725662231445,0.5957607428232828,1.2254993915557861,0.16666666666666666,0.375,24
204,20,4123,16.138790130615234,-12.675946235656738,3.3816989262898765,3.9098634719848633,0.7916666666666666,0.8333333333333334,24
205,20,13180,16.013080596923828,16.013080596923828,0.8044664065043131,0.13725475470225015,0.25,0.041666666666666664,24
206,20,2900,16.005939483642578,-3.224825859069824,0.26627318064371747,0.40064092477162677,0.08333333333333333,0.125,24
207,20,1338,15.964742660522461,6.056532859802246,3.197669347127279,2.9453137715657554,0.875,0.7916666666666666,24
208,20,6341,15.950065612792969,9.350847244262695,1.5741777420043945,1.1845590273539226,0.5,0.375,24
209,20,5081,15.81689167022705,-10.424675941467285,0.3735453685124715,0.8079068660736084,0.125,0.25,24
210,20,169,15.766487121582031,15.766487121582031,5.272037506103516,4.615101178487142,0.8333333333333334,0.7916666666666666,24
211,20,3070,15.706308364868164,-8.00802230834961,2.7522252400716147,3.08589235941569,0.75,0.7916666666666666,24
212,20,3593,15.680359840393066,-3.904726982116699,2.9320850372314453,3.0947818756103516,0.7916666666666666,0.75,24
213,20,8243,15.624804496765137,-14.741734504699707,0.7408917744954427,1.3551308314005535,0.125,0.25,24
214,20,4539,15.620494842529297,-8.723580360412598,0.54534379641215,0.9088263511657715,0.16666666666666666,0.2916666666666667,24
215,20,12049,15.467202186584473,15.467202186584473,0.9474409421284994,0.30297422409057617,0.2916666666666667,0.08333333333333333,24
216,20,2843,15.360289573669434,15.360289573669434,0.9859785238901774,0.3459664583206177,0.25,0.08333333333333333,24
217,20,13301,15.340879440307617,15.340879440307617,0.7570385138193766,0.11783518393834432,0.25,0.041666666666666664,24
218,20,2908,15.32888412475586,-15.32888412475586,0.3834240833918254,1.022127628326416,0.08333333333333333,0.20833333333333334,24
219,20,13034,15.255474090576172,15.255474090576172,1.2748186588287354,0.6391739845275879,0.4166666666666667,0.20833333333333334,24
220,20,4897,15.23063850402832,-3.2258028984069824,0.3757958809534709,0.5102043151855469,0.125,0.16666666666666666,24
221,20,8569,15.205039024353027,-2.0230398178100586,0.3878716230392456,0.47216494878133136,0.125,0.16666666666666666,24
222,20,15828,15.188399314880371,7.589353084564209,0.9152212937672933,0.598998228708903,0.2916666666666667,0.16666666666666666,24
223,20,2462,15.18429183959961,-15.18429183959961,0.4102415243784587,1.0429203510284424,0.125,0.25,24
224,20,13623,15.177906036376953,8.010791778564453,3.4129536946614585,3.07917054494222,0.8333333333333334,0.75,24
225,20,12888,15.08816146850586,-14.445086479187012,0.6927417119344076,1.2946203549702961,0.20833333333333334,0.375,24
226,20,7667,14.982170104980469,-14.982170104980469,0.0,0.6242570877075195,0.0,0.16666666666666666,24
227,20,30,14.958683013916016,13.174274444580078,2.9285704294840493,2.3796424865722656,0.6666666666666666,0.5833333333333334,24
228,20,8640,14.912139892578125,1.9099726676940918,0.6407179037729899,0.5611356894175211,0.20833333333333334,0.16666666666666666,24
229,20,9843,14.90161418914795,14.90161418914795,0.6209005912144979,0.0,0.20833333333333334,0.0,24
230,20,2164,14.90127944946289,12.833723068237305,1.8511006037394206,1.3163623809814453,0.5416666666666666,0.375,24
231,20,2955,14.74952220916748,-4.3263959884643555,1.951511065165202,2.1317774454752603,0.5,0.5416666666666666,24
232,20,13217,14.745372772216797,6.82259464263916,1.1966290473937988,0.9123542308807373,0.3333333333333333,0.25,24
233,20,13881,14.706376075744629,-9.048811912536621,2.252115249633789,2.6291489601135254,0.6666666666666666,0.7083333333333334,24
234,20,6715,14.705757141113281,-8.378471374511719,0.2564158042271932,0.6055187781651815,0.08333333333333333,0.16666666666666666,24
235,20,12919,14.672403335571289,-14.404586791992188,0.8411243756612142,1.441315491994222,0.25,0.4166666666666667,24
236,20,12022,14.658808708190918,8.6635103225708,5.801666895548503,5.44068717956543,0.8333333333333334,0.8333333333333334,24
237,20,1462,14.645393371582031,-5.470251560211182,2.0459885597229004,2.2739157676696777,0.5416666666666666,0.5833333333333334,24
238,20,7314,14.639259338378906,14.639259338378906,1.3543216387430828,0.7443524996439616,0.3333333333333333,0.20833333333333334,24
239,20,12692,14.498887062072754,-14.498887062072754,0.3275028069814046,0.9316230614980062,0.041666666666666664,0.16666666666666666,24
240,20,4439,14.47386646270752,-14.47386646270752,0.0,0.60307776927948,0.0,0.20833333333333334,24
241,20,4595,14.410565376281738,0.8415379524230957,2.178694407145182,2.1436301867167153,0.6666666666666666,0.625,24
242,20,3755,14.40913200378418,-14.400739669799805,0.20412524541219076,0.8041560649871826,0.041666666666666664,0.20833333333333334,24
243,20,1878,14.407173156738281,-9.785224914550781,1.1815886497497559,1.589306354522705,0.3333333333333333,0.4583333333333333,24
244,20,10092,14.384716987609863,-9.076070785522461,0.6606825192769369,1.0388522148132324,0.20833333333333334,0.2916666666666667,24
245,20,10471,14.286934852600098,-13.280694007873535,1.2009549140930176,1.754317283630371,0.3333333333333333,0.5,24
246,20,15732,14.286351203918457,-14.286351203918457,0.0,0.5952646334966024,0.0,0.20833333333333334,24
247,20,11319,14.205303192138672,-8.42959213256836,0.12032729387283325,0.4715603192647298,0.041666666666666664,0.16666666666666666,24
248,20,5162,14.193438529968262,-14.193438529968262,0.1258727709452311,0.7172660827636719,0.041666666666666664,0.20833333333333334,24
249,20,4198,14.15281867980957,7.143542289733887,1.1845962206522624,0.8869486649831136,0.3333333333333333,0.25,24
250,20,15379,14.131141662597656,-3.3388779163360596,2.8758106231689453,3.0149307250976562,0.6666666666666666,0.6666666666666666,24
251,20,2512,14.117557525634766,2.377570629119873,1.1290767987569172,1.0300113360087078,0.3333333333333333,0.3333333333333333,24
252,20,12002,14.07007122039795,5.418431758880615,3.159372011820475,2.9336042404174805,0.7083333333333334,0.6666666666666666,24
253,20,9902,13.979169845581055,-8.472465515136719,0.6318594217300415,0.9848788579305013,0.20833333333333334,0.2916666666666667,24
254,20,1238,13.760045051574707,6.86249303817749,1.3491471608479817,1.0632099310557048,0.4166666666666667,0.3333333333333333,24
255,20,5874,13.691394805908203,13.691394805908203,0.6982274055480957,0.1277526617050171,0.20833333333333334,0.041666666666666664,24
256,20,8500,13.65434455871582,2.5039079189300537,0.33663026491800946,0.23230077823003134,0.125,0.08333333333333333,24
257,20,10064,13.64959716796875,5.720086097717285,1.9582562446594238,1.7199193636576335,0.5416666666666666,0.4583333333333333,24
258,20,6927,13.568418502807617,-6.8939208984375,0.39284344514211017,0.6800901095072428,0.125,0.20833333333333334,24
259,20,4122,13.442641258239746,13.23519229888916,2.100032329559326,1.5485658645629883,0.4583333333333333,0.3333333333333333,24
260,20,10181,13.382293701171875,8.860794067382812,2.4466816584269204,2.0774819056193032,0.5833333333333334,0.5416666666666666,24
261,20,9940,13.267324447631836,10.713626861572266,1.641881783803304,1.195480505625407,0.4166666666666667,0.2916666666666667,24
262,20,10547,13.22990608215332,3.1480045318603516,4.431662877400716,4.300495783487956,0.9583333333333334,0.9166666666666666,24
263,20,12725,13.223482131958008,-13.223482131958008,0.14586639404296875,0.6968448162078857,0.041666666666666664,0.20833333333333334,24
264,20,16324,13.20539665222168,-11.976238250732422,0.1385119358698527,0.6375218629837036,0.041666666666666664,0.20833333333333334,24
265,20,206,13.16493034362793,-6.774433135986328,0.5039147535959879,0.7861828009287516,0.16666666666666666,0.25,24
266,20,2562,13.065023422241211,13.065023422241211,0.7082186539967855,0.16384265820185342,0.20833333333333334,0.041666666666666664,24
267,20,627,13.031757354736328,-7.277386665344238,0.11988272269566853,0.4231071472167969,0.041666666666666664,0.125,24
268,20,9398,12.963768005371094,0.6275539398193359,0.2831525405248006,0.25700445969899494,0.08333333333333333,0.08333333333333333,24
269,20,12709,12.95181941986084,-2.1839370727539062,2.2386364936828613,2.3296340306599936,0.5833333333333334,0.5833333333333334,24
270,20,13633,12.95163631439209,12.95163631439209,1.2454546292622883,0.7058031558990479,0.3333333333333333,0.20833333333333334,24
271,20,8775,12.94432544708252,-1.020533561706543,1.7964614232381184,1.8389838536580403,0.4583333333333333,0.4583333333333333,24
272,20,2185,12.88417911529541,-12.88417911529541,0.0,0.5368407964706421,0.0,0.16666666666666666,24
273,20,9046,12.82343864440918,12.629501342773438,1.5483999252319336,1.0221707026163738,0.4166666666666667,0.2916666666666667,24
274,20,10950,12.77031135559082,10.853754043579102,2.050959587097168,1.598719596862793,0.5833333333333334,0.4583333333333333,24
275,20,9541,12.728864669799805,-6.981380462646484,0.8029046058654785,1.0937954584757488,0.25,0.3333333333333333,24
276,20,15966,12.725347518920898,12.720401763916016,1.0998918215433757,0.5698750019073486,0.3333333333333333,0.16666666666666666,24
277,20,15644,12.576767921447754,5.885232925415039,2.1614201863606772,1.916202227274577,0.625,0.5833333333333334,24
278,20,8390,12.439192771911621,-9.676763534545898,1.262201150258382,1.6653995513916016,0.375,0.4583333333333333,24
279,20,12479,12.429471969604492,-3.398038864135742,4.150681813557942,4.292266209920247,0.8333333333333334,0.8333333333333334,24
280,20,14959,12.387168884277344,11.768220901489258,0.8025756676991781,0.3122331500053406,0.25,0.08333333333333333,24
281,20,8207,12.364354133605957,7.441510200500488,2.626479466756185,2.3164164225260415,0.7083333333333334,0.625,24
282,20,3224,12.3259916305542,-5.5452775955200195,0.14126487572987875,0.3723181088765462,0.041666666666666664,0.125,24
283,20,13307,12.31927490234375,12.203140258789062,0.7634204228719076,0.2549562652905782,0.25,0.08333333333333333,24
284,20,9926,12.319207191467285,-4.764841079711914,0.7330216566721598,0.9315567016601562,0.20833333333333334,0.2916666666666667,24
285,20,915,12.283004760742188,-6.609034061431885,0.23406457901000977,0.5094409783681234,0.08333333333333333,0.16666666666666666,24
286,20,4220,12.271657943725586,-11.451862335205078,0.7208960851033529,1.1980570157368977,0.16666666666666666,0.2916666666666667,24
287,20,4545,12.24664306640625,-5.598992824554443,0.4091485341389974,0.6424399216969808,0.125,0.20833333333333334,24
288,20,13554,12.213732719421387,10.210493087768555,1.1054401397705078,0.6800030072530111,0.375,0.20833333333333334,24
289,20,929,12.187508583068848,-12.187508583068848,0.0,0.5078128576278687,0.0,0.16666666666666666,24
290,20,2147,12.073450088500977,-4.353517055511475,1.0731499989827473,1.2545466423034668,0.3333333333333333,0.375,24
291,20,5918,12.038740158081055,-4.850229263305664,3.775273640950521,3.9773664474487305,0.75,0.75,24
292,20,1515,12.01749324798584,3.086918830871582,2.0167579650878906,1.8881362279256184,0.5833333333333334,0.5416666666666666,24
293,20,10402,12.001460075378418,9.021866798400879,3.652276357014974,3.2763649622599282,0.7916666666666666,0.7083333333333334,24
294,20,3966,11.982695579528809,-4.943818092346191,0.3029291232426961,0.5089215437571207,0.08333333333333333,0.16666666666666666,24
295,20,14659,11.98020076751709,-11.98020076751709,0.0,0.4991750319798787,0.0,0.16666666666666666,24
296,20,10652,11.942233085632324,-10.811734199523926,0.7661197980244955,1.2166087627410889,0.16666666666666666,0.20833333333333334,24
297,20,6161,11.897671699523926,11.897671699523926,0.4957363208134969,0.0,0.16666666666666666,0.0,24
298,20,6311,11.831351280212402,-1.6967973709106445,2.2505566279093423,2.321256637573242,0.5833333333333334,0.5833333333333334,24
299,20,7139,11.769168853759766,11.242008209228516,1.0618932247161865,0.5934761762619019,0.2916666666666667,0.16666666666666666,24
300,20,8322,11.758102416992188,-11.758102416992188,0.3982045650482178,0.888125499089559,0.041666666666666664,0.08333333333333333,24
301,20,12608,11.718234062194824,8.780430793762207,3.087344487508138,2.7214927673339844,0.7083333333333334,0.625,24
302,20,3726,11.614725112915039,0.16842985153198242,0.24548238515853882,0.23846447467803955,0.08333333333333333,0.08333333333333333,24
303,20,13012,11.49840259552002,-4.9553422927856445,0.6698602040608724,0.8763328393300375,0.20833333333333334,0.25,24
304,20,14076,11.424921035766602,0.5547213554382324,0.972409725189209,0.9492963949839274,0.2916666666666667,0.25,24
305,20,16342,11.394109725952148,10.763256072998047,2.0800863901774087,1.6316172281901042,0.5833333333333334,0.4583333333333333,24
306,20,4874,11.368390083312988,1.797255516052246,0.3957924048105876,0.32090675830841064,0.125,0.08333333333333333,24
307,20,12313,11.35031509399414,4.123642444610596,3.9894444147745767,3.8176256815592446,0.875,0.8333333333333334,24
308,20,14951,11.339340209960938,-4.868327617645264,1.4274075826009114,1.630254586537679,0.4166666666666667,0.4583333333333333,24
309,20,15663,11.318370819091797,11.318370819091797,0.6095627943674723,0.13796397050221762,0.16666666666666666,0.041666666666666664,24
310,20,5147,11.310564041137695,-8.634462356567383,2.1349643071492515,2.4947334925333657,0.5833333333333334,0.6666666666666666,24
311,20,2346,11.303975105285645,11.303975105285645,0.5824344158172607,0.11143547296524048,0.20833333333333334,0.041666666666666664,24
312,20,5751,11.044713020324707,6.823044776916504,5.174241383870442,4.889947255452474,0.875,0.875,24
313,20,12573,10.984106063842773,10.984106063842773,0.5829770565032959,0.12530597050984701,0.16666666666666666,0.041666666666666664,24
314,20,9038,10.953367233276367,-10.953367233276367,0.40599783261617023,0.8623881340026855,0.125,0.25,24
315,20,11650,10.935042381286621,-10.935042381286621,0.11751087506612141,0.573137640953064,0.041666666666666664,0.16666666666666666,24
316,20,3319,10.924186706542969,-4.29627799987793,0.5627305507659912,0.7417421340942383,0.16666666666666666,0.20833333333333334,24
317,20,14504,10.908387184143066,-1.459670066833496,2.2680357297261557,2.328855037689209,0.625,0.625,24
318,20,14090,10.84310245513916,0.28154754638671875,2.7039400736490884,2.692208925882975,0.75,0.75,24
319,20,672,10.827012062072754,4.374216079711914,3.511010487874349,3.32875124613444,0.75,0.7083333333333334,24
320,20,6728,10.816515922546387,-10.816515922546387,0.27203885714213055,0.7227269808451334,0.08333333333333333,0.20833333333333334,24
321,20,6260,10.788713455200195,-8.857566833496094,0.37596118450164795,0.745026429494222,0.08333333333333333,0.20833333333333334,24
322,20,12469,10.75011920928955,-4.881522178649902,0.38129432996114093,0.5846910874048868,0.125,0.16666666666666666,24
323,20,379,10.734230995178223,10.734230995178223,1.0177911917368572,0.5705315669377645,0.2916666666666667,0.16666666666666666,24
324,20,5093,10.69851303100586,9.848461151123047,1.0843185583750408,0.6739660898844401,0.3333333333333333,0.20833333333333334,24
325,20,11520,10.682601928710938,2.2164783477783203,1.258853514989217,1.1665002504984539,0.3333333333333333,0.2916666666666667,24
326,20,12308,10.680782318115234,10.680782318115234,0.6617088317871094,0.2166762351989746,0.16666666666666666,0.041666666666666664,24
327,20,6370,10.672516822814941,-1.7403581142425537,0.5510595639546713,0.623574455579122,0.16666666666666666,0.20833333333333334,24
328,20,1234,10.645833969116211,-9.045709609985352,0.3936849037806193,0.7705895105997721,0.041666666666666664,0.125,24
329,20,15680,10.549375534057617,-1.9729533195495605,0.8629856109619141,0.9451920986175537,0.25,0.2916666666666667,24
330,20,11406,10.520668029785156,-10.520668029785156,0.12503268321355185,0.5633938312530518,0.041666666666666664,0.16666666666666666,24
331,20,14008,10.510880470275879,10.510880470275879,0.6693456172943115,0.23139222462972006,0.20833333333333334,0.08333333333333333,24
332,20,890,10.464061737060547,-10.298393249511719,1.3762764930725098,1.8053762118021648,0.3333333333333333,0.4166666666666667,24
333,20,6369,10.413506507873535,2.891209602355957,1.2019189198811848,1.0814518928527832,0.375,0.3333333333333333,24
334,20,11660,10.387617111206055,-1.4551963806152344,3.8651676177978516,3.9258009592692056,0.875,0.9166666666666666,24
335,20,4546,10.350618362426758,-2.4471445083618164,4.223560333251953,4.325524648030599,0.9166666666666666,0.9583333333333334,24
336,20,6310,10.33479118347168,-9.548456192016602,0.4141722520192464,0.8120245933532715,0.125,0.25,24
337,20,11581,10.231847763061523,10.231847763061523,0.6656074523925781,0.23928046226501465,0.20833333333333334,0.08333333333333333,24
338,20,3905,10.213671684265137,10.213671684265137,1.0162126223246257,0.5906429688135783,0.3333333333333333,0.20833333333333334,24
339,20,3221,10.180404663085938,9.795130729675293,0.7912592887878418,0.3831288417180379,0.25,0.125,24
340,20,3622,10.101055145263672,-2.0365796089172363,5.1730295817057295,5.257887204488118,0.875,0.875,24
341,20,5188,10.095205307006836,-4.548952102661133,0.11554694175720215,0.305086612701416,0.041666666666666664,0.08333333333333333,24
342,20,11611,10.089537620544434,6.8624982833862305,8.890981038411459,8.60504404703776,1.0,1.0,24
343,20,3131,10.086904525756836,9.676219940185547,1.3275922139485676,0.9244163831075033,0.4166666666666667,0.2916666666666667,24
344,20,9001,10.038543701171875,-2.4233107566833496,0.1586506962776184,0.2596219778060913,0.041666666666666664,0.08333333333333333,24
345,20,6596,9.99576473236084,-9.99576473236084,0.10943102836608887,0.5259212255477905,0.041666666666666664,0.16666666666666666,24
346,20,4521,9.879467964172363,-1.2872247695922852,2.82728640238444,2.880920728047689,0.7916666666666666,0.7916666666666666,24
347,20,3876,9.793550491333008,9.793550491333008,0.5444182554880778,0.1363536516825358,0.16666666666666666,0.041666666666666664,24
348,20,3339,9.752788543701172,9.752788543701172,0.7631418704986572,0.3567756811777751,0.25,0.125,24
349,20,3356,9.680984497070312,-7.063082218170166,2.595059394836426,2.889354705810547,0.6666666666666666,0.7083333333333334,24
350,20,14207,9.672296524047852,2.8742563724517822,0.6272547245025635,0.50749405225118,0.20833333333333334,0.16666666666666666,24
351,20,5784,9.623513221740723,-3.4568493366241455,0.24757536252339682,0.3916107416152954,0.08333333333333333,0.125,24
352,20,2640,9.585565567016602,-1.4066882133483887,3.3215694427490234,3.380181630452474,0.7916666666666666,0.7916666666666666,24
353,20,11343,9.583709716796875,3.470682144165039,0.27196649710337323,0.12735474109649658,0.08333333333333333,0.041666666666666664,24
354,20,11341,9.550664901733398,-2.4577221870422363,0.14776962995529175,0.2501747210820516,0.041666666666666664,0.08333333333333333,24
355,20,2745,9.533344268798828,4.162108421325684,0.5717297395070394,0.39830859502156574,0.16666666666666666,0.125,24
356,20,4339,9.515119552612305,-1.815716028213501,0.160404235124588,0.2360590696334839,0.041666666666666664,0.041666666666666664,24
357,20,2776,9.509328842163086,-9.509328842163086,0.0,0.3962220350901286,0.0,0.125,24
358,20,965,9.492612838745117,8.008909225463867,3.3479696909586587,3.0142650604248047,0.7916666666666666,0.7916666666666666,24
359,20,15048,9.49228286743164,-3.276642322540283,0.1294925014177958,0.2660192648569743,0.041666666666666664,0.08333333333333333,24
360,20,7999,9.48519515991211,9.48519515991211,0.5088478326797485,0.11363136768341064,0.16666666666666666,0.041666666666666664,24
361,20,749,9.46432876586914,9.137321472167969,2.1779232025146484,1.7972014745076497,0.5416666666666666,0.4583333333333333,24
362,20,5727,9.460456848144531,-9.460456848144531,0.0,0.39418570200602215,0.0,0.125,24
363,20,1963,9.41230583190918,9.41230583190918,0.5068139235178629,0.11463455359141032,0.16666666666666666,0.041666666666666664,24
364,20,6653,9.394140243530273,-9.394140243530273,0.0,0.3914225101470947,0.0,0.125,24
365,20,16292,9.352371215820312,-9.352371215820312,0.12257291873296101,0.5122550328572592,0.041666666666666664,0.16666666666666666,24
366,20,14046,9.348539352416992,-7.492286205291748,0.30607350667317706,0.6182520786921183,0.08333333333333333,0.20833333333333334,24
367,20,12364,9.324821472167969,9.324821472167969,0.5068157513936361,0.11828152338663737,0.16666666666666666,0.041666666666666664,24
368,20,11545,9.323481559753418,-9.323481559753418,0.0,0.3884783983230591,0.0,0.125,24
369,20,10409,9.282735824584961,-3.711284637451172,0.4920286337534587,0.6466655333836874,0.16666666666666666,0.20833333333333334,24
370,20,6579,9.276556015014648,9.276556015014648,0.38652316729227704,0.0,0.125,0.0,24
371,20,2223,9.261002540588379,5.745009422302246,3.5913031895955405,3.3519274393717446,0.7916666666666666,0.75,24
372,20,15136,9.18730354309082,-9.18730354309082,0.30695684750874835,0.6897611618041992,0.08333333333333333,0.16666666666666666,24
373,20,6371,9.176753044128418,9.176753044128418,0.3823647101720174,0.0,0.125,0.0,24
374,20,9138,9.175586700439453,-9.175586700439453,0.0,0.38231611251831055,0.0,0.125,24
375,20,9859,9.15611457824707,8.651712417602539,1.349538803100586,0.9890507857004801,0.375,0.2916666666666667,24
376,20,7589,9.13254165649414,-9.13254165649414,0.7649409770965576,1.1454635461171467,0.08333333333333333,0.16666666666666666,24
377,20,10040,9.120063781738281,-1.3977608680725098,4.422403335571289,4.480642954508464,0.8333333333333334,0.875,24
378,20,14096,9.104663848876953,7.839054584503174,0.7177518208821615,0.39112456639607746,0.25,0.125,24
379,20,2248,9.090116500854492,-9.090116500854492,0.18464207649230957,0.5633969306945801,0.041666666666666664,0.16666666666666666,24
380,20,4083,9.069842338562012,-9.069842338562012,0.0,0.3779100974400838,0.0,0.125,24
381,20,9537,9.042989730834961,-3.4075417518615723,0.1174051562945048,0.2593860626220703,0.041666666666666664,0.08333333333333333,24
382,20,5842,9.038837432861328,-9.038837432861328,0.0,0.376618226369222,0.0,0.041666666666666664,24
383,20,1985,9.028579711914062,-8.73568344116211,1.0117433071136475,1.375730037689209,0.16666666666666666,0.20833333333333334,24
384,20,2855,9.004642486572266,-9.004642486572266,0.0,0.37519343694051105,0.0,0.125,24
385,20,12806,9.00015640258789,-9.00015640258789,0.0,0.3750065167744954,0.0,0.125,24
386,20,2145,8.984766960144043,-8.984766960144043,0.2514042059580485,0.6257694959640503,0.08333333333333333,0.20833333333333334,24
387,20,9727,8.980899810791016,8.980899810791016,0.374204158782959,0.0,0.125,0.0,24
388,20,3617,8.97363567352295,-3.219029426574707,0.23351645469665527,0.36764268080393475,0.08333333333333333,0.125,24
389,20,3200,8.922866821289062,7.134000301361084,1.4341615041097004,1.1369115511576335,0.4166666666666667,0.3333333333333333,24
390,20,13589,8.88819694519043,8.88819694519043,0.37034153938293457,0.0,0.125,0.0,24
391,20,818,8.883636474609375,6.843121528625488,1.1904377937316895,0.9053077697753906,0.3333333333333333,0.25,24
392,20,5667,8.869075775146484,-8.869075775146484,0.12740443150202432,0.4969492753346761,0.041666666666666664,0.16666666666666666,24
393,20,7208,8.861547470092773,-8.861547470092773,0.17931431531906128,0.5485454400380453,0.041666666666666664,0.16666666666666666,24
394,20,15358,8.857490539550781,-8.857490539550781,0.0,0.3690621058146159,0.0,0.125,24
395,20,9034,8.828195571899414,-8.828195571899414,0.11406683921813965,0.48190832138061523,0.041666666666666664,0.125,24
396,20,8530,8.824219703674316,-8.824219703674316,0.15527987480163574,0.5229556957880656,0.041666666666666664,0.16666666666666666,24
397,20,1435,8.815046310424805,-8.815046310424805,0.12315295139948527,0.4904465675354004,0.041666666666666664,0.125,24
398,20,15012,8.644590377807617,-8.644590377807617,0.0,0.36019126574198407,0.0,0.125,24
399,20,7629,8.608487129211426,-8.608487129211426,0.0,0.35868696371714276,0.0,0.125,24
400,20,3415,8.5978364944458,-2.8743174076080322,0.11923997600873311,0.23900320132573447,0.041666666666666664,0.08333333333333333,24
401,20,14691,8.585306167602539,3.2094101905822754,0.2457232673962911,0.11199784278869629,0.08333333333333333,0.041666666666666664,24
402,20,10948,8.57286548614502,8.57286548614502,0.7212518056233724,0.3640490770339966,0.20833333333333334,0.125,24
403,20,11219,8.548650741577148,8.548650741577148,0.35619378089904785,0.0,0.125,0.0,24
404,20,2144,8.545648574829102,-5.199943542480469,0.18448851505915323,0.4011528491973877,0.041666666666666664,0.125,24
405,20,12157,8.545451164245605,-6.336089134216309,1.2683621247609456,1.5323657989501953,0.25,0.2916666666666667,24
406,20,12905,8.502680778503418,8.455154418945312,0.48682379722595215,0.13452568650245667,0.16666666666666666,0.041666666666666664,24
407,20,2799,8.487142562866211,8.487142562866211,0.3536309401194255,0.0,0.125,0.0,24
408,20,4480,8.485322952270508,8.485322952270508,0.9263871510823568,0.5728320280710856,0.2916666666666667,0.20833333333333334,24
409,20,5925,8.398977279663086,1.267390489578247,0.8450483481089274,0.7922404607137045,0.25,0.25,24
410,20,9235,8.373900413513184,-5.925603866577148,0.3519394000371297,0.5988395611445109,0.08333333333333333,0.16666666666666666,24
411,20,9215,8.290987014770508,-8.290987014770508,0.0,0.3454577922821045,0.0,0.125,24
412,20,8291,8.232589721679688,1.5909228324890137,0.6922509670257568,0.6259625355402628,0.16666666666666666,0.16666666666666666,24
413,20,11270,8.229743003845215,8.229743003845215,0.3429059584935506,0.0,0.125,0.0,24
414,20,3570,8.196699142456055,-6.349156379699707,1.2033856709798176,1.467933972676595,0.2916666666666667,0.375,24
415,20,15697,8.185638427734375,-8.185638427734375,0.0,0.3410682678222656,0.0,0.125,24
416,20,14779,8.156599044799805,-7.682222366333008,0.43681931495666504,0.7569119135538737,0.125,0.125,24
417,20,14782,8.074433326721191,8.001860618591309,1.4682790438334148,1.1348681449890137,0.375,0.2916666666666667,24
418,20,9409,7.944401741027832,7.944401741027832,0.7383371194203695,0.40732041994730633,0.20833333333333334,0.125,24
419,20,13084,7.867190361022949,0.26984310150146484,1.316778341929118,1.305534839630127,0.3333333333333333,0.3333333333333333,24
420,20,11414,7.865852355957031,-7.8144683837890625,0.4311504364013672,0.7567532857259115,0.041666666666666664,0.125,24
421,20,13962,7.821652412414551,6.8539228439331055,0.8161846796671549,0.5306045611699423,0.25,0.16666666666666666,24
422,20,9323,7.795948505401611,7.795948505401611,0.7359050114949545,0.41107384363810223,0.20833333333333334,0.125,24
423,20,14135,7.794068336486816,7.794068336486816,0.44898263613382977,0.1242297887802124,0.125,0.041666666666666664,24
424,20,555,7.718166351318359,-5.897558212280273,0.4982288678487142,0.743960460027059,0.125,0.20833333333333334,24
425,20,10209,7.669986248016357,1.19240403175354,0.5986360708872477,0.5489525397618612,0.16666666666666666,0.16666666666666666,24
426,20,10469,7.656480312347412,-1.88936185836792,0.6494484742482504,0.7281719048817953,0.20833333333333334,0.20833333333333334,24
427,20,6223,7.489482879638672,7.489482879638672,0.5948379039764404,0.2827761173248291,0.16666666666666666,0.08333333333333333,24
428,20,7814,7.468327045440674,4.161204814910889,1.0255282719930012,0.852144718170166,0.3333333333333333,0.25,24
429,20,6613,7.445352554321289,-7.445352554321289,0.119355042775472,0.4295780658721924,0.041666666666666664,0.125,24
430,20,9955,7.384220123291016,6.119580268859863,0.7803177833557129,0.5253353118896484,0.25,0.16666666666666666,24
431,20,4162,7.3369293212890625,1.6580400466918945,0.3154548406600952,0.2463698387145996,0.08333333333333333,0.08333333333333333,24
432,20,12008,7.31269645690918,-7.31269645690918,0.5902887582778931,0.8949844042460123,0.20833333333333334,0.2916666666666667,24
433,20,4375,7.286165237426758,7.286165237426758,0.42114075024922687,0.11755053202311198,0.125,0.041666666666666664,24
434,20,14525,7.254021644592285,1.3052730560302734,0.958903948465983,0.9045175711313883,0.2916666666666667,0.2916666666666667,24
435,20,10299,7.232765197753906,0.02129364013671875,0.28339827060699463,0.28251103560129803,0.08333333333333333,0.08333333333333333,24
436,20,4813,7.185680389404297,-6.909473419189453,0.1771130164464315,0.465007742245992,0.041666666666666664,0.125,24
437,20,3507,7.175567626953125,0.9646148681640625,0.5750404993693033,0.5348482131958008,0.16666666666666666,0.16666666666666666,24
438,20,2692,7.170856475830078,-7.170856475830078,0.14163021246592203,0.440415898958842,0.041666666666666664,0.125,24
439,20,6671,7.107030868530273,-6.7439117431640625,0.29611555735270184,0.5771118799845377,0.08333333333333333,0.16666666666666666,24
440,20,11182,7.094644069671631,6.455282688140869,0.66921599706014,0.40024590492248535,0.20833333333333334,0.125,24
441,20,13425,7.0941057205200195,-2.692566394805908,0.793712298075358,0.905902624130249,0.20833333333333334,0.25,24
442,20,8975,7.083293914794922,-7.083293914794922,0.26802436510721844,0.5631616115570068,0.041666666666666664,0.125,24
443,20,3800,7.0793280601501465,-7.0793280601501465,0.13554771741231283,0.4305197397867839,0.041666666666666664,0.125,24
444,20,5128,7.024221420288086,0.7878170013427734,0.30320624510447186,0.27038053671518963,0.08333333333333333,0.08333333333333333,24
445,20,1706,7.0134687423706055,-7.0134687423706055,0.11487470070521037,0.4071025848388672,0.041666666666666664,0.125,24
446,20,8214,6.978204727172852,6.978204727172852,0.4061904748280843,0.11543196439743042,0.125,0.041666666666666664,24
447,20,5990,6.972531795501709,-6.972531795501709,0.48501817385355633,0.7755403518676758,0.08333333333333333,0.08333333333333333,24
448,20,5827,6.95010232925415,-4.467339992523193,2.282818635304769,2.4689579010009766,0.625,0.6666666666666666,24
449,20,11272,6.941434383392334,-6.941434383392334,0.1378759741783142,0.42710240681966144,0.041666666666666664,0.125,24
450,20,7487,6.9373884201049805,-6.9373884201049805,0.0,0.2890578508377075,0.0,0.08333333333333333,24
451,20,11256,6.934614181518555,-6.934614181518555,0.18972204128901163,0.4786643187204997,0.041666666666666664,0.125,24
452,20,2135,6.911483287811279,-6.911483287811279,0.1353663206100464,0.42334477106730145,0.041666666666666664,0.125,24
453,20,3214,6.898972988128662,-1.6890292167663574,0.9882041613260905,1.0585803985595703,0.25,0.2916666666666667,24
454,20,11629,6.889915943145752,6.889915943145752,0.2870798309644063,0.0,0.08333333333333333,0.0,24
455,20,13064,6.888261318206787,-6.009537220001221,0.7553745905558268,1.0057718753814697,0.20833333333333334,0.2916666666666667,24
456,20,11549,6.864222526550293,-1.3163461685180664,0.2519189516703288,0.30676670869191486,0.08333333333333333,0.08333333333333333,24
457,20,7835,6.856009483337402,6.856009483337402,0.2856670618057251,0.0,0.08333333333333333,0.0,24
458,20,5111,6.843929290771484,6.843929290771484,0.3969420591990153,0.11177831888198853,0.125,0.041666666666666664,24
459,20,10317,6.8361005783081055,6.8361005783081055,0.4277244408925374,0.14288689692815146,0.125,0.041666666666666664,24
460,20,2873,6.82390832901001,-4.279703617095947,3.57705020904541,3.755371411641439,0.8333333333333334,0.8333333333333334,24
461,20,11057,6.805522918701172,6.805522918701172,0.28356345494588214,0.0,0.08333333333333333,0.0,24
462,20,7740,6.784508228302002,5.563693523406982,1.1658353010813396,0.9340147177378336,0.375,0.2916666666666667,24
463,20,3478,6.7720136642456055,0.5608320236206055,4.886577288309733,4.863208770751953,0.9166666666666666,0.9166666666666666,24
464,20,12150,6.768180847167969,6.768180847167969,0.6118994951248169,0.32989195982615155,0.20833333333333334,0.125,24
465,20,5851,6.755324363708496,-6.755324363708496,0.0,0.281471848487854,0.0,0.08333333333333333,24
466,20,16358,6.737912178039551,6.737912178039551,0.28074634075164795,0.0,0.08333333333333333,0.0,24
467,20,15829,6.725960731506348,-0.5500173568725586,0.25439663728078205,0.277314027150472,0.08333333333333333,0.08333333333333333,24
468,20,10766,6.705451488494873,-6.705451488494873,0.32208991050720215,0.6014837026596069,0.08333333333333333,0.16666666666666666,24
469,20,15462,6.7035369873046875,5.945995330810547,0.3813711802164714,0.13362135489781699,0.125,0.041666666666666664,24
470,20,6519,6.691766262054443,-6.62616491317749,0.25028032064437866,0.5263705253601074,0.08333333333333333,0.16666666666666666,24
471,20,7092,6.691357612609863,-6.077874183654785,0.3684788942337036,0.6217236518859863,0.125,0.20833333333333334,24
472,20,3866,6.687742233276367,-6.687742233276367,0.0,0.2786559263865153,0.0,0.08333333333333333,24
473,20,9344,6.675983428955078,-6.675983428955078,0.0,0.2781659762064616,0.0,0.08333333333333333,24
474,20,14355,6.671212673187256,-0.05004549026489258,0.504524032274882,0.5066092809041342,0.16666666666666666,0.16666666666666666,24
475,20,12890,6.6511054039001465,1.118222713470459,0.29267887274424237,0.24608625968297324,0.08333333333333333,0.041666666666666664,24
476,20,7429,6.646143913269043,6.646143913269043,0.41815948486328125,0.14123680194218954,0.125,0.041666666666666664,24
477,20,12217,6.641417503356934,0.0060749053955078125,0.4184393882751465,0.4181862672170003,0.125,0.125,24
478,20,9834,6.640275001525879,6.640275001525879,0.2766781250635783,0.0,0.08333333333333333,0.0,24
479,20,14323,6.624056816101074,6.624056816101074,0.40622464815775555,0.1302223006884257,0.125,0.041666666666666664,24
480,20,571,6.618066787719727,-6.618066787719727,0.11572156349817912,0.39147432645161945,0.041666666666666664,0.125,24
481,20,9754,6.607257843017578,-0.7670669555664062,0.12167064348856609,0.15363176663716635,0.041666666666666664,0.041666666666666664,24
482,20,3599,6.600874900817871,6.600874900817871,0.27503645420074463,0.0,0.08333333333333333,0.0,24
483,20,7467,6.569559097290039,6.569559097290039,0.27373162905375165,0.0,0.08333333333333333,0.0,24
484,20,156,6.549222469329834,-0.7920832633972168,0.4201469421386719,0.4531504313151042,0.125,0.125,24
485,20,1772,6.543517112731934,-6.543517112731934,0.18971914052963257,0.46236570676167804,0.041666666666666664,0.125,24
486,20,10126,6.522279739379883,0.08763790130615234,0.1377066175142924,0.13405503829320273,0.041666666666666664,0.041666666666666664,24
487,20,4819,6.392364501953125,-5.1676836013793945,0.2959378957748413,0.511258045832316,0.08333333333333333,0.16666666666666666,24
488,20,12486,6.389636039733887,0.6825933456420898,0.26095398267110187,0.23251259326934814,0.08333333333333333,0.08333333333333333,24
489,20,13622,6.389003753662109,-6.275345802307129,0.1377010941505432,0.3991738160451253,0.041666666666666664,0.125,24
490,20,3114,6.387479782104492,0.8220481872558594,0.15019849936167398,0.11594649155934651,0.041666666666666664,0.041666666666666664,24
491,20,5885,6.3451128005981445,0.1207427978515625,0.40800825754801434,0.40297730763753253,0.125,0.125,24
492,20,15049,6.333643913269043,0.8460841178894043,0.5986087322235107,0.5633552074432373,0.16666666666666666,0.16666666666666666,24
493,20,12832,6.328392028808594,5.295774459838867,0.35388970375061035,0.13323241472244263,0.125,0.041666666666666664,24
494,20,5693,6.292874336242676,-6.292874336242676,0.1260013977686564,0.38820449511210126,0.041666666666666664,0.125,24
495,20,2361,6.279576301574707,-6.279576301574707,0.0,0.2616490125656128,0.0,0.08333333333333333,24
496,20,2341,6.248682975769043,0.17136383056640625,0.38582098484039307,0.3786808252334595,0.125,0.125,24
497,20,3491,6.239002227783203,-6.239002227783203,0.0,0.2599584261576335,0.0,0.08333333333333333,24
498,20,14621,6.224693298339844,-6.151098251342773,0.2507823308308919,0.5070780913035074,0.08333333333333333,0.16666666666666666,24
499,20,9593,6.220823287963867,-6.220823287963867,0.1122157375017802,0.37141672770182294,0.041666666666666664,0.125,24
500,20,4178,6.198184013366699,-6.198184013366699,0.2543092568715413,0.5125669240951538,0.08333333333333333,0.16666666666666666,24
501,20,14671,6.150915145874023,-6.150915145874023,0.127166748046875,0.3834548791249593,0.041666666666666664,0.08333333333333333,24
502,20,1601,6.149603366851807,-6.149603366851807,0.0,0.25623347361882526,0.0,0.08333333333333333,24
503,20,13160,6.126049041748047,6.126049041748047,1.4491065343221028,1.1938546498616536,0.375,0.3333333333333333,24
504,20,10964,6.097960948944092,-6.097960948944092,0.0,0.25408170620600384,0.0,0.08333333333333333,24
505,20,3367,6.0713372230529785,-5.604963779449463,0.4417167504628499,0.6752568880716959,0.125,0.20833333333333334,24
506,20,12412,6.0674028396606445,0.6096763610839844,0.3846133550008138,0.35921017328898114,0.125,0.125,24
507,20,10334,6.051155090332031,-0.47821807861328125,0.7837975025177002,0.8037232557932535,0.125,0.08333333333333333,24
508,20,5302,6.0439910888671875,-6.0439910888671875,0.11874504884084065,0.37057801087697345,0.041666666666666664,0.125,24
509,20,1875,6.032800197601318,6.032800197601318,0.25136667490005493,0.0,0.08333333333333333,0.0,24
510,20,3913,5.996034622192383,-0.8060398101806641,0.2387545108795166,0.2723395029703776,0.08333333333333333,0.08333333333333333,24
511,20,3235,5.982165813446045,0.29953765869140625,0.1308688223361969,0.1183880865573883,0.041666666666666664,0.041666666666666664,24
512,20,7403,5.968053340911865,5.968053340911865,0.24866888920466104,0.0,0.08333333333333333,0.0,24
513,20,401,5.932976722717285,5.932976722717285,0.3803484042485555,0.1331410507361094,0.125,0.041666666666666664,24
514,20,7796,5.920070648193359,-5.920070648193359,0.0,0.24666961034138998,0.0,0.08333333333333333,24
515,20,8057,5.884790897369385,0.13087701797485352,0.12532641490300497,0.1198732058207194,0.041666666666666664,0.041666666666666664,24
516,20,7502,5.87769889831543,-0.16127395629882812,0.11909218629201253,0.12581193447113037,0.041666666666666664,0.041666666666666664,24
517,20,4745,5.873023509979248,5.873023509979248,0.244709312915802,0.0,0.08333333333333333,0.0,24
518,20,180,5.852758407592773,-3.800962448120117,0.5430231889088949,0.701396624247233,0.125,0.16666666666666666,24
519,20,4625,5.851364612579346,5.851364612579346,0.24380685885747275,0.0,0.08333333333333333,0.0,24
520,20,11150,5.848801612854004,-0.21299266815185547,0.11741268634796143,0.12628738085428873,0.041666666666666664,0.041666666666666664,24
521,20,9607,5.845172882080078,5.845172882080078,0.24354887008666992,0.0,0.08333333333333333,0.0,24
522,20,5560,5.840370178222656,5.840370178222656,0.243348757425944,0.0,0.08333333333333333,0.0,24
523,20,12949,5.8181023597717285,-5.8181023597717285,0.0,0.24242093165715536,0.0,0.08333333333333333,24
524,20,1820,5.8085126876831055,-5.8085126876831055,0.0,0.24202136198679605,0.0,0.08333333333333333,24
525,20,12565,5.795877933502197,-0.28017091751098633,0.504236658414205,0.5159104665120443,0.16666666666666666,0.16666666666666666,24
526,20,4554,5.794147491455078,5.288869857788086,2.444425423940023,2.224055767059326,0.6666666666666666,0.6666666666666666,24
527,20,6689,5.7873945236206055,-0.2689485549926758,0.23878097534179688,0.24998716513315836,0.08333333333333333,0.08333333333333333,24
528,20,2219,5.784418106079102,5.784418106079102,0.24101742108662924,0.0,0.08333333333333333,0.0,24
529,20,6131,5.78341007232666,-5.78341007232666,0.0,0.2409754196802775,0.0,0.08333333333333333,24
530,20,14229,5.774852752685547,-0.00799560546875,0.12014285723368327,0.12047600746154785,0.041666666666666664,0.041666666666666664,24
531,20,3422,5.7707672119140625,-5.7707672119140625,0.0,0.2404486338297526,0.0,0.08333333333333333,24
532,20,4262,5.7669291496276855,-0.4082827568054199,4.769679069519043,4.786691029866536,0.875,0.875,24
533,20,12672,5.744744300842285,5.744744300842285,0.23936434586842856,0.0,0.08333333333333333,0.0,24
534,20,8394,5.729571342468262,5.729571342468262,0.2387321392695109,0.0,0.08333333333333333,0.0,24
535,20,4453,5.720763206481934,-2.9055843353271484,0.3087320725123088,0.42979808648427326,0.08333333333333333,0.125,24
536,20,6854,5.708309173583984,-5.708309173583984,0.0,0.23784621556599936,0.0,0.08333333333333333,24
537,20,642,5.704935550689697,5.704935550689697,0.23770564794540405,0.0,0.08333333333333333,0.0,24
538,20,14884,5.701268196105957,0.38834190368652344,0.2690948247909546,0.25291391213734943,0.08333333333333333,0.08333333333333333,24
539,20,2274,5.682585716247559,-5.508175849914551,0.1419620911280314,0.3714694182078044,0.041666666666666664,0.125,24
540,20,4629,5.682101249694824,-5.682101249694824,0.0,0.23675421873728433,0.0,0.08333333333333333,24
541,20,10514,5.676586151123047,5.676586151123047,0.3969105084737142,0.16038610537846884,0.125,0.041666666666666664,24
542,20,2378,5.667768955230713,5.667768955230713,0.2361570398012797,0.0,0.08333333333333333,0.0,24
543,20,5457,5.667304992675781,5.667304992675781,0.5383947292963663,0.3022570212682088,0.125,0.08333333333333333,24
544,20,7878,5.632377624511719,5.632377624511719,0.23468240102132162,0.0,0.08333333333333333,0.0,24
545,20,10354,5.608102798461914,0.16597747802734375,0.1202933390935262,0.11337761084238689,0.041666666666666664,0.041666666666666664,24
546,20,4095,5.602875709533691,0.06341266632080078,0.11804767449696858,0.11540548006693523,0.041666666666666664,0.041666666666666664,24
547,20,15340,5.5985260009765625,-5.5985260009765625,0.0,0.23327191670735678,0.0,0.08333333333333333,24
548,20,3720,5.550352096557617,5.550352096557617,0.23126467068990073,0.0,0.08333333333333333,0.0,24
549,20,4394,5.538007736206055,-5.538007736206055,0.0,0.23075032234191895,0.0,0.08333333333333333,24
550,20,482,5.503246784210205,-5.503246784210205,0.0,0.2293019493420919,0.0,0.08333333333333333,24
551,20,1851,5.500370025634766,-0.15436935424804688,0.11137501398722331,0.11780707041422527,0.041666666666666664,0.041666666666666664,24
552,20,15633,5.499978065490723,-5.499978065490723,0.0,0.22916575272878012,0.0,0.08333333333333333,24
553,20,12551,5.476185321807861,-5.388338565826416,0.5348596572875977,0.7593738238016764,0.125,0.16666666666666666,24
554,20,13420,5.475269794464111,0.029392719268798828,0.1146804690361023,0.11345577239990234,0.041666666666666664,0.041666666666666664,24
555,20,8926,5.472176551818848,-5.472176551818848,0.0,0.2280073563257853,0.0,0.08333333333333333,24
556,20,171,5.467215538024902,0.062007904052734375,0.1151921550432841,0.11260849237442017,0.041666666666666664,0.041666666666666664,24
557,20,9407,5.453156471252441,-5.2451982498168945,0.3723030090332031,0.5908529361089071,0.08333333333333333,0.125,24
558,20,8223,5.43539571762085,-4.179986476898193,0.30271748701731366,0.4768835703531901,0.08333333333333333,0.125,24
559,20,7433,5.430156230926514,-5.430156230926514,0.11486669381459554,0.34112318356831867,0.041666666666666664,0.125,24
560,20,897,5.427277565002441,0.20182418823242188,0.11727295319239299,0.10886361201604207,0.041666666666666664,0.041666666666666664,24
561,20,14910,5.422089576721191,0.02146148681640625,0.11340731382369995,0.11251308520634969,0.041666666666666664,0.041666666666666664,24
562,20,14144,5.399827003479004,2.5375375747680664,2.019253889719645,1.9135230382283528,0.5833333333333334,0.5416666666666666,24
563,20,14837,5.39077091217041,-5.39077091217041,0.0,0.2246154546737671,0.0,0.08333333333333333,24
564,20,7039,5.374056816101074,-5.374056816101074,0.0,0.22391903400421143,0.0,0.041666666666666664,24
565,20,14595,5.368452072143555,-5.368452072143555,0.0,0.22368550300598145,0.0,0.08333333333333333,24
566,20,15562,5.339960098266602,5.339960098266602,0.22249833742777506,0.0,0.08333333333333333,0.0,24
567,20,6544,5.326166152954102,-5.326166152954102,0.11371906598409016,0.33564265569051105,0.041666666666666664,0.08333333333333333,24
568,20,527,5.315008640289307,-4.8344292640686035,0.39551536242167157,0.5969498952229818,0.125,0.16666666666666666,24
569,20,15637,5.191006660461426,4.459633827209473,0.7517030239105225,0.5658849477767944,0.20833333333333334,0.16666666666666666,24
570,20,15263,5.143465995788574,-4.972151756286621,0.12182112534840901,0.3289941151936849,0.041666666666666664,0.08333333333333333,24
571,20,7027,5.104206085205078,4.539979934692383,0.6523425181706747,0.463176687558492,0.16666666666666666,0.125,24
572,20,5355,4.980377197265625,-4.980377197265625,0.0,0.20751571655273438,0.0,0.041666666666666664,24
573,20,3115,4.977119445800781,-2.2154083251953125,0.4776476224263509,0.5699563026428223,0.08333333333333333,0.125,24
574,20,6124,4.971681118011475,4.029365062713623,0.9785855611165365,0.8106953303019205,0.2916666666666667,0.25,24
575,20,13934,4.861142635345459,1.2211499214172363,0.30067622661590576,0.2497949798901876,0.08333333333333333,0.041666666666666664,24
576,20,592,4.8321051597595215,-4.8321051597595215,0.19152003526687622,0.39285775025685626,0.041666666666666664,0.08333333333333333,24
577,20,2404,4.811583518981934,-4.811583518981934,0.35387663046518963,0.5543592770894369,0.08333333333333333,0.125,24
578,20,2583,4.6948089599609375,-4.6948089599609375,0.26299846172332764,0.4586155017217,0.08333333333333333,0.125,24
579,20,12321,4.694272994995117,-4.689298629760742,0.4354225794474284,0.630810022354126,0.125,0.16666666666666666,24
580,20,12704,4.593614101409912,-4.564874172210693,0.16995638608932495,0.3601594765981038,0.041666666666666664,0.08333333333333333,24
581,20,572,4.570206165313721,-3.5697617530822754,0.6291425228118896,0.7778825759887695,0.20833333333333334,0.25,24
582,20,14308,4.556912899017334,4.556912899017334,0.460808793703715,0.2709374229113261,0.125,0.08333333333333333,24
583,20,8497,4.512893199920654,-4.512893199920654,0.20514132579167685,0.3931785424550374,0.041666666666666664,0.08333333333333333,24
584,20,12068,4.50270938873291,-4.451632499694824,0.39221147696177167,0.577696164449056,0.125,0.16666666666666666,24
585,20,10856,4.5017290115356445,-4.5017290115356445,0.12559048334757486,0.3131625254948934,0.041666666666666664,0.08333333333333333,24
586,20,4900,4.465883255004883,2.7910633087158203,0.3867001136144002,0.2704058090845744,0.125,0.08333333333333333,24
587,20,9075,4.464754581451416,2.4198622703552246,0.7910475730895996,0.69022003809611,0.25,0.20833333333333334,24
588,20,3627,4.366767883300781,4.366767883300781,0.5706388155619303,0.38869015375773114,0.16666666666666666,0.125,24
589,20,5647,4.305134296417236,4.305134296417236,0.6330591042836508,0.45367852846781415,0.16666666666666666,0.125,24
590,20,5627,4.275506019592285,-4.275506019592285,0.0,0.17814608414967856,0.0,0.041666666666666664,24
591,20,3633,4.24859619140625,-4.24859619140625,0.0,0.17702484130859375,0.0,0.041666666666666664,24
592,20,14351,4.230868816375732,4.230868816375732,0.4259955883026123,0.2497093677520752,0.125,0.08333333333333333,24
593,20,10827,4.20989990234375,3.8861427307128906,0.2840629418690999,0.12214032808939616,0.08333333333333333,0.041666666666666664,24
594,20,4345,4.209868431091309,-4.209868431091309,0.11796069145202637,0.2933718760808309,0.041666666666666664,0.08333333333333333,24
595,20,8350,4.18942403793335,4.133629322052002,0.6832248369852701,0.5109902620315552,0.20833333333333334,0.16666666666666666,24
596,20,13407,4.128968238830566,-4.128968238830566,0.0,0.17204034328460693,0.0,0.041666666666666664,24
597,20,15350,4.019331932067871,-4.019331932067871,0.4833107391993205,0.6507829030354818,0.16666666666666666,0.20833333333333334,24
598,20,7391,4.006702899932861,-3.8774209022521973,0.1279425024986267,0.28950170675913495,0.041666666666666664,0.08333333333333333,24
599,20,16276,4.0046515464782715,3.4102625846862793,0.42378465334574383,0.2816903789838155,0.08333333333333333,0.041666666666666664,24
600,20,2344,3.996467113494873,-2.5374388694763184,0.7095661163330078,0.8152926762898763,0.20833333333333334,0.25,24
601,20,11323,3.9954395294189453,-2.8303184509277344,0.4587080478668213,0.5766379833221436,0.125,0.16666666666666666,24
602,20,1348,3.989290714263916,-3.989290714263916,0.0,0.16622044642766318,0.0,0.041666666666666664,24
603,20,4105,3.978515148162842,3.978515148162842,0.28583188851674396,0.12006042400995891,0.08333333333333333,0.041666666666666664,24
604,20,12113,3.94094181060791,-3.94094181060791,0.40249045689900714,0.5666963259379069,0.125,0.16666666666666666,24
605,20,12024,3.930522918701172,-3.930522918701172,0.0,0.16377178827921549,0.0,0.041666666666666664,24
606,20,11517,3.9285330772399902,-3.4018301963806152,0.5203020572662354,0.6620449622472128,0.125,0.16666666666666666,24
607,20,4226,3.907991409301758,3.907991409301758,0.29003651936848956,0.12720354398091635,0.08333333333333333,0.041666666666666664,24
608,20,4534,3.9079408645629883,3.9079408645629883,0.28553082545598346,0.1226999560991923,0.08333333333333333,0.041666666666666664,24
609,20,9714,3.8749682903289795,-3.8078248500823975,0.15269620219866434,0.3113555709520976,0.041666666666666664,0.08333333333333333,24
610,20,16115,3.8665032386779785,3.8665032386779785,0.3975565433502197,0.2364522616068522,0.125,0.08333333333333333,24
611,20,13043,3.822486400604248,-3.822486400604248,0.0,0.15927026669184366,0.0,0.041666666666666664,24
612,20,4326,3.798692226409912,-3.798692226409912,0.0,0.15827884276707968,0.0,0.041666666666666664,24
613,20,14761,3.7928686141967773,-2.333205223083496,0.13938907782236734,0.23660596211751303,0.041666666666666664,0.08333333333333333,24
614,20,11425,3.7880396842956543,-3.7880396842956543,0.11176623900731404,0.2696012258529663,0.041666666666666664,0.08333333333333333,24
615,20,6391,3.7864248752593994,3.7864248752593994,0.15776770313580832,0.0,0.041666666666666664,0.0,24
616,20,11196,3.744002342224121,3.744002342224121,0.4113564093907674,0.2553563117980957,0.125,0.08333333333333333,24
617,20,2620,3.7432761192321777,3.7432761192321777,0.28134457270304364,0.12537473440170288,0.08333333333333333,0.041666666666666664,24
618,20,9149,3.7410659790039062,-3.7410659790039062,0.3413042227427165,0.4971819718678792,0.041666666666666664,0.041666666666666664,24
619,20,14363,3.7343244552612305,-3.7343244552612305,0.0,0.15559685230255127,0.0,0.041666666666666664,24
620,20,4944,3.7238779067993164,-3.7238779067993164,0.118999977906545,0.27416155735651654,0.041666666666666664,0.08333333333333333,24
621,20,15730,3.71793270111084,-3.71793270111084,0.0,0.154913862546285,0.0,0.041666666666666664,24
622,20,9695,3.7175967693328857,-3.7175967693328857,0.0,0.15489986538887024,0.0,0.041666666666666664,24
623,20,2652,3.680419921875,-3.680419921875,0.0,0.153350830078125,0.0,0.041666666666666664,24
624,20,6210,3.6481354236602783,3.6481354236602783,0.1520056426525116,0.0,0.041666666666666664,0.0,24
625,20,13794,3.6477322578430176,3.6477322578430176,0.2811789909998576,0.12919014692306519,0.08333333333333333,0.041666666666666664,24
626,20,16125,3.63783860206604,2.4445879459381104,0.36930322647094727,0.2674453854560852,0.125,0.08333333333333333,24
627,20,3215,3.6287426948547363,-3.6287426948547363,0.1252200404802958,0.27641765276590985,0.041666666666666664,0.08333333333333333,24
628,20,13521,3.61822509765625,-3.61822509765625,0.34688528378804523,0.49764466285705566,0.041666666666666664,0.041666666666666664,24
629,20,4697,3.6142005920410156,-1.94964599609375,0.14043831825256348,0.22167356808980307,0.041666666666666664,0.08333333333333333,24
630,20,4561,3.6054306030273438,-3.6054306030273438,0.2162489891052246,0.36647526423136395,0.041666666666666664,0.08333333333333333,24
631,20,8365,3.602950096130371,-2.3119583129882812,0.3254423141479492,0.42177391052246094,0.08333333333333333,0.125,24
632,20,3838,3.575042724609375,-3.575042724609375,0.0,0.14896011352539062,0.0,0.041666666666666664,24
633,20,4467,3.5635974407196045,-3.5635974407196045,0.0,0.14848322669665018,0.0,0.041666666666666664,24
634,20,10298,3.5575246810913086,3.5575246810913086,0.2839033206303914,0.13567312558492026,0.08333333333333333,0.041666666666666664,24
635,20,15838,3.551847457885742,-3.551847457885742,0.16204448541005453,0.31003812948862713,0.041666666666666664,0.08333333333333333,24
636,20,11997,3.5188026428222656,-3.5188026428222656,0.0,0.14661677678426108,0.0,0.041666666666666664,24
637,20,13498,3.5168704986572266,3.5168704986572266,0.2681948741277059,0.12165860335032146,0.08333333333333333,0.041666666666666664,24
638,20,12874,3.5144529342651367,3.5144529342651367,0.14643553892771402,0.0,0.041666666666666664,0.0,24
639,20,14444,3.4942216873168945,-3.4942216873168945,0.0,0.1455925703048706,0.0,0.041666666666666664,24
640,20,647,3.490818500518799,-3.490818500518799,0.0,0.14545077085494995,0.0,0.041666666666666664,24
641,20,13753,3.4890220165252686,3.4890220165252686,0.2529681921005249,0.10759227474530537,0.08333333333333333,0.041666666666666664,24
642,20,9572,3.485940456390381,-3.3427367210388184,0.2888185183207194,0.4280992348988851,0.08333333333333333,0.125,24
643,20,12872,3.4852352142333984,-3.4852352142333984,0.3265754183133443,0.47179357210795086,0.08333333333333333,0.125,24
644,20,4768,3.472811698913574,3.472811698913574,0.2570732831954956,0.11237279574076335,0.08333333333333333,0.041666666666666664,24
645,20,1816,3.4657421112060547,3.4657421112060547,0.4167923927307129,0.27238645156224567,0.125,0.08333333333333333,24
646,20,3410,3.4589762687683105,3.4589762687683105,0.1441240111986796,0.0,0.041666666666666664,0.0,24
647,20,13005,3.443096399307251,-3.443096399307251,0.0,0.14346234997113547,0.0,0.041666666666666664,24
648,20,4600,3.437282085418701,2.5020060539245605,0.24127395947774252,0.13702370723088583,0.08333333333333333,0.041666666666666664,24
649,20,5367,3.4365687370300293,-3.4365687370300293,0.0,0.14319036404291788,0.0,0.041666666666666664,24
650,20,8355,3.432880401611328,-2.9401302337646484,0.12775723139444986,0.25026265780131024,0.041666666666666664,0.08333333333333333,24
651,20,6289,3.4215378761291504,-3.4215378761291504,0.0,0.14256407817204794,0.0,0.041666666666666664,24
652,20,11738,3.417851686477661,3.417851686477661,0.3116992712020874,0.16928879419962564,0.08333333333333333,0.041666666666666664,24
653,20,721,3.414152145385742,-3.273909568786621,0.48417707284291583,0.6205899715423584,0.125,0.16666666666666666,24
654,20,3434,3.407784938812256,-3.407784938812256,0.11882946888605754,0.26082050800323486,0.041666666666666664,0.08333333333333333,24
655,20,6204,3.404799461364746,3.404799461364746,0.1418666442235311,0.0,0.041666666666666664,0.0,24
656,20,9462,3.399087429046631,-3.399087429046631,0.0,0.14162864287694296,0.0,0.041666666666666664,24
657,20,6001,3.3970699310302734,3.3970699310302734,0.2588358124097188,0.1172912319501241,0.08333333333333333,0.041666666666666664,24
658,20,7705,3.385331153869629,2.2301759719848633,0.42415881156921387,0.33123481273651123,0.125,0.08333333333333333,24
659,20,11556,3.377026081085205,2.5016140937805176,0.39464624722798664,0.29041234652201336,0.125,0.08333333333333333,24
660,20,15054,3.3665881156921387,-3.3665881156921387,0.0,0.14027450482050577,0.0,0.041666666666666664,24
661,20,5286,3.3609509468078613,-2.7866597175598145,1.0292398929595947,1.145350694656372,0.3333333333333333,0.3333333333333333,24
662,20,12260,3.358247756958008,-2.9670963287353516,0.37446121374766034,0.4980902274449666,0.125,0.16666666666666666,24
663,20,16244,3.3577375411987305,-3.3577375411987305,0.0,0.13990573088328043,0.0,0.041666666666666664,24
664,20,16089,3.353276252746582,-2.160994529724121,0.14996957778930664,0.24001101652781168,0.041666666666666664,0.08333333333333333,24
665,20,12732,3.344728469848633,-3.344728469848633,0.0,0.13936368624369302,0.0,0.041666666666666664,24
666,20,1991,3.344485282897949,3.344485282897949,0.1393535534540812,0.0,0.041666666666666664,0.0,24
667,20,7228,3.342987060546875,3.342987060546875,0.13929112752278647,0.0,0.041666666666666664,0.0,24
668,20,13572,3.3404464721679688,3.3404464721679688,0.31484293937683105,0.17565766970316568,0.08333333333333333,0.041666666666666664,24
669,20,11164,3.3385214805603027,-3.3385214805603027,0.0,0.1391050616900126,0.0,0.041666666666666664,24
670,20,2736,3.3331615924835205,-3.3331615924835205,0.0,0.1388817330201467,0.0,0.041666666666666664,24
671,20,97,3.3331384658813477,3.3331384658813477,0.1388807694117228,0.0,0.041666666666666664,0.0,24
672,20,776,3.3293466567993164,-3.3293466567993164,0.0,0.13872277736663818,0.0,0.041666666666666664,24
673,20,16214,3.3273086547851562,3.3273086547851562,0.4395989974339803,0.30096113681793213,0.125,0.08333333333333333,24
674,20,15941,3.3172359466552734,-3.3172359466552734,0.3239998022715251,0.4622179667154948,0.041666666666666664,0.041666666666666664,24
675,20,3098,3.3074288368225098,3.3074288368225098,0.13780953486760458,0.0,0.041666666666666664,0.0,24
676,20,12184,3.299032211303711,3.299032211303711,0.13745967547098795,0.0,0.041666666666666664,0.0,24
677,20,15630,3.298553466796875,2.8804893493652344,0.43532852331797284,0.31530813376108807,0.125,0.08333333333333333,24
678,20,1717,3.291316032409668,3.291316032409668,0.1371381680170695,0.0,0.041666666666666664,0.0,24
679,20,7937,3.290691375732422,3.290691375732422,0.13711214065551758,0.0,0.041666666666666664,0.0,24
680,20,9835,3.2829771041870117,-3.2829771041870117,0.0,0.13679071267445883,0.0,0.041666666666666664,24
681,20,10672,3.282477378845215,3.282477378845215,0.25319751103719074,0.11642762025197347,0.08333333333333333,0.041666666666666664,24
682,20,5123,3.281015396118164,-3.281015396118164,0.0,0.13670897483825684,0.0,0.041666666666666664,24
683,20,5202,3.2689757347106934,3.2689757347106934,0.13620732227961221,0.0,0.041666666666666664,0.0,24
684,20,12827,3.2672624588012695,3.2672624588012695,0.13613593578338623,0.0,0.041666666666666664,0.0,24
685,20,12714,3.260838508605957,3.260838508605957,0.13586827119191489,0.0,0.041666666666666664,0.0,24
686,20,2965,3.2606449127197266,-3.2606449127197266,0.11578675111134847,0.2516469558080037,0.041666666666666664,0.08333333333333333,24
687,20,1730,3.256890296936035,3.256890296936035,0.1357037623723348,0.0,0.041666666666666664,0.0,24
688,20,1422,3.2473812103271484,2.3654537200927734,0.26521654923756915,0.16665597756703696,0.08333333333333333,0.041666666666666664,24
689,20,2323,3.238213539123535,3.238213539123535,0.1349255641301473,0.0,0.041666666666666664,0.0,24
690,20,1857,3.237064838409424,-3.237064838409424,0.0,0.13487770160039267,0.0,0.041666666666666664,24
691,20,1197,3.2322115898132324,3.2322115898132324,0.13467548290888467,0.0,0.041666666666666664,0.0,24
692,20,14350,3.228374719619751,3.228374719619751,0.13451561331748962,0.0,0.041666666666666664,0.0,24
693,20,15449,3.2211694717407227,3.2211694717407227,0.13421539465586343,0.0,0.041666666666666664,0.0,24
694,20,4235,3.219999313354492,-3.219999313354492,0.0,0.13416663805643717,0.0,0.041666666666666664,24
695,20,16096,3.211209774017334,3.211209774017334,0.13380040725072226,0.0,0.041666666666666664,0.0,24
696,20,9644,3.208662986755371,-2.2000303268432617,0.26416683197021484,0.35583476225535077,0.08333333333333333,0.125,24
697,20,6780,3.2025089263916016,-3.2025089263916016,0.0,0.1334378719329834,0.0,0.041666666666666664,24
698,20,7174,3.196974515914917,2.8772132396698,0.2835107644399007,0.16362687945365906,0.08333333333333333,0.041666666666666664,24
699,20,3940,3.195977210998535,-3.195977210998535,0.0,0.13316571712493896,0.0,0.041666666666666664,24
700,20,14463,3.1935548782348633,3.1935548782348633,0.1330647865931193,0.0,0.041666666666666664,0.0,24
701,20,4844,3.191481113433838,-3.191481113433838,0.0,0.1329783797264099,0.0,0.041666666666666664,24
702,20,13725,3.1886115074157715,3.1886115074157715,0.13285881280899048,0.0,0.041666666666666664,0.0,24
703,20,8130,3.171703338623047,3.171703338623047,0.24318146705627441,0.11102716128031413,0.08333333333333333,0.041666666666666664,24
704,20,14496,3.1615209579467773,3.1615209579467773,0.2699117660522461,0.13818172613779703,0.08333333333333333,0.041666666666666664,24
705,20,2535,3.1587114334106445,2.6546144485473633,0.363702654838562,0.2530937194824219,0.125,0.08333333333333333,24
706,20,11837,3.156924247741699,-3.156924247741699,0.0,0.1315385103225708,0.0,0.041666666666666664,24
707,20,14680,3.148569107055664,3.148569107055664,0.13119037946065268,0.0,0.041666666666666664,0.0,24
708,20,2837,3.1454596519470215,-3.1454596519470215,0.0,0.13106081883112589,0.0,0.041666666666666664,24
709,20,8767,3.1349658966064453,3.1349658966064453,0.13062357902526855,0.0,0.041666666666666664,0.0,24
710,20,15516,3.1285877227783203,-3.1285877227783203,0.0,0.13035782178243002,0.0,0.041666666666666664,24
711,20,9273,3.125247001647949,3.125247001647949,0.13021862506866455,0.0,0.041666666666666664,0.0,24
712,20,299,3.123950958251953,-3.123950958251953,0.0,0.13016462326049805,0.0,0.041666666666666664,24
713,20,8542,3.1226863861083984,-3.1226863861083984,0.147575577100118,0.2776875098546346,0.041666666666666664,0.041666666666666664,24
714,20,6039,3.1169300079345703,-3.1169300079345703,0.0,0.12987208366394043,0.0,0.041666666666666664,24
715,20,12644,3.1145124435424805,-3.1145124435424805,0.0,0.12977135181427002,0.0,0.041666666666666664,24
716,20,1404,3.1093225479125977,3.1093225479125977,0.25151995817820233,0.12196485201517741,0.08333333333333333,0.041666666666666664,24
717,20,2445,3.107786178588867,-3.107786178588867,0.0,0.12949109077453613,0.0,0.041666666666666664,24
718,20,14876,3.097020149230957,3.097020149230957,0.12904250621795654,0.0,0.041666666666666664,0.0,24
719,20,4716,3.0969719886779785,3.0969719886779785,0.12904049952824911,0.0,0.041666666666666664,0.0,24
720,20,15588,3.090853691101074,-3.090853691101074,0.0,0.12878557046254477,0.0,0.041666666666666664,24
721,20,6266,3.0889406204223633,-3.0889406204223633,0.0,0.12870585918426514,0.0,0.041666666666666664,24
722,20,2486,3.08805513381958,3.08805513381958,0.12866896390914917,0.0,0.041666666666666664,0.0,24
723,20,14836,3.087986469268799,3.087986469268799,0.2641451160113017,0.13547901312510172,0.08333333333333333,0.041666666666666664,24
724,20,4010,3.0843377113342285,-3.0843377113342285,0.0,0.12851407130559286,0.0,0.041666666666666664,24
725,20,16279,3.0832834243774414,-3.0832834243774414,0.0,0.1284701426823934,0.0,0.041666666666666664,24
726,20,123,3.073298931121826,-3.073298931121826,0.0,0.12805412213007608,0.0,0.041666666666666664,24
727,20,10344,3.0713589191436768,2.274033784866333,0.3678266207377116,0.27307520310084027,0.125,0.08333333333333333,24
728,20,10860,3.0668578147888184,3.0668578147888184,0.12778574228286743,0.0,0.041666666666666664,0.0,24
729,20,12931,3.0661399364471436,2.564531087875366,0.38519291083017987,0.2783374587694804,0.125,0.08333333333333333,24
730,20,12170,3.0578207969665527,3.0578207969665527,0.12740919987360635,0.0,0.041666666666666664,0.0,24
731,20,8180,3.056875228881836,-3.056875228881836,0.0,0.12736980120340982,0.0,0.041666666666666664,24
732,20,207,3.0556092262268066,-3.0556092262268066,0.0,0.1273170510927836,0.0,0.041666666666666664,24
733,20,5228,3.053476333618164,3.053476333618164,0.2471918265024821,0.1199636459350586,0.08333333333333333,0.041666666666666664,24
734,20,13970,3.0508766174316406,-3.0508766174316406,0.0,0.1271198590596517,0.0,0.041666666666666664,24
735,20,14344,3.050413131713867,-3.050413131713867,0.0,0.12710054715474448,0.0,0.041666666666666664,24
736,20,1722,3.0503649711608887,3.0503649711608887,0.23794740438461304,0.110848863919576,0.08333333333333333,0.041666666666666664,24
737,20,10069,3.0481338500976562,-3.0481338500976562,0.14835755030314127,0.27536312739054364,0.041666666666666664,0.08333333333333333,24
738,20,13283,3.0469517707824707,-3.0469517707824707,0.0,0.12695632378260294,0.0,0.041666666666666664,24
739,20,4656,3.043517589569092,-3.043517589569092,0.0,0.12681323289871216,0.0,0.041666666666666664,24
740,20,1634,3.0414934158325195,3.0414934158325195,0.12672889232635498,0.0,0.041666666666666664,0.0,24
741,20,8147,3.0403060913085938,2.9468746185302734,0.38004636764526367,0.25725992520650226,0.125,0.08333333333333333,24
742,20,14535,3.031312942504883,3.031312942504883,0.12630470593770346,0.0,0.041666666666666664,0.0,24
743,20,360,3.028240203857422,3.028240203857422,0.12617667516072592,0.0,0.041666666666666664,0.0,24
744,20,15190,3.0252137184143066,3.0252137184143066,0.1260505716005961,0.0,0.041666666666666664,0.0,24
745,20,13827,3.012953758239746,-3.012953758239746,0.0,0.1255397399266561,0.0,0.041666666666666664,24
746,20,15238,3.0116405487060547,3.0116405487060547,0.1254850228627523,0.0,0.041666666666666664,0.0,24
747,20,4778,3.0115880966186523,3.0115880966186523,0.1254828373591105,0.0,0.041666666666666664,0.0,24
748,20,9064,3.0095252990722656,-3.0095252990722656,0.1742157737414042,0.2996126612027486,0.041666666666666664,0.08333333333333333,24
749,20,11215,3.0083870887756348,-3.0083870887756348,0.0,0.12534946203231812,0.0,0.041666666666666664,24
750,20,12992,3.0036067962646484,-3.0036067962646484,0.0,0.1251502831776937,0.0,0.041666666666666664,24
751,20,11333,3.0000391006469727,-3.0000391006469727,0.0,0.12500162919362387,0.0,0.041666666666666664,24
752,20,16347,2.994051933288574,-2.994051933288574,0.0,0.12475216388702393,0.0,0.041666666666666664,24
753,20,6633,2.993712902069092,2.993712902069092,0.12473803758621216,0.0,0.041666666666666664,0.0,24
754,20,10286,2.9925765991210938,2.9925765991210938,0.12469069163004558,0.0,0.041666666666666664,0.0,24
755,20,16300,2.988398551940918,2.3890743255615234,0.2370517055193583,0.13750694195429483,0.08333333333333333,0.041666666666666664,24
756,20,1647,2.986668825149536,2.986668825149536,0.12444453438123067,0.0,0.041666666666666664,0.0,24
757,20,2234,2.984032154083252,-2.984032154083252,0.0,0.12433467308680217,0.0,0.041666666666666664,24
758,20,768,2.981550693511963,2.981550693511963,0.12423127889633179,0.0,0.041666666666666664,0.0,24
759,20,2418,2.9781246185302734,2.9781246185302734,0.12408852577209473,0.0,0.041666666666666664,0.0,24
760,20,3241,2.9693565368652344,-2.9693565368652344,0.0,0.12372318903605144,0.0,0.041666666666666664,24
761,20,6049,2.967230796813965,-2.967230796813965,0.0,0.1236346165339152,0.0,0.041666666666666664,24
762,20,4483,2.9664902687072754,2.827547550201416,0.25877606868743896,0.14096158742904663,0.08333333333333333,0.041666666666666664,24
763,20,124,2.965498447418213,-2.965498447418213,0.0,0.12356243530909221,0.0,0.041666666666666664,24
764,20,8889,2.961052894592285,2.961052894592285,0.12337720394134521,0.0,0.041666666666666664,0.0,24
765,20,12324,2.960139751434326,2.960139751434326,0.1233391563097636,0.0,0.041666666666666664,0.0,24
766,20,13722,2.9587082862854004,-2.9587082862854004,0.0,0.12327951192855835,0.0,0.041666666666666664,24
767,20,6706,2.9552254676818848,2.9552254676818848,0.1231343944867452,0.0,0.041666666666666664,0.0,24
768,20,7721,2.955164909362793,-2.955164909362793,0.0,0.12313187122344971,0.0,0.041666666666666664,24
769,20,8752,2.954986572265625,2.954986572265625,0.1231244405110677,0.0,0.041666666666666664,0.0,24
770,20,10478,2.9532508850097656,-2.9532508850097656,0.0,0.12305212020874023,0.0,0.041666666666666664,24
771,20,9496,2.9474081993103027,2.9474081993103027,0.12280867497126262,0.0,0.041666666666666664,0.0,24
772,20,10281,2.9458110332489014,2.9458110332489014,0.2367940346399943,0.11405190825462341,0.08333333333333333,0.041666666666666664,24
773,20,11914,2.944981098175049,2.944981098175049,0.23599513371785483,0.11328758796056111,0.08333333333333333,0.041666666666666664,24
774,20,5278,2.9444398880004883,-2.9444398880004883,0.0,0.12268499533335368,0.0,0.041666666666666664,24
775,20,10537,2.9430694580078125,2.9430694580078125,0.12262789408365886,0.0,0.041666666666666664,0.0,24
776,20,5763,2.942823886871338,-2.942823886871338,0.11947135130564372,0.24208901325861612,0.041666666666666664,0.08333333333333333,24
777,20,14995,2.9393434524536133,-2.9393434524536133,0.0,0.12247264385223389,0.0,0.041666666666666664,24
778,20,1619,2.938016414642334,-2.938016414642334,0.0,0.12241735061009724,0.0,0.041666666666666664,24
779,20,9777,2.9352235794067383,-2.9352235794067383,0.0,0.12230098247528076,0.0,0.041666666666666664,24
780,20,14824,2.9349522590637207,2.9349522590637207,0.269686500231425,0.14739682277043661,0.08333333333333333,0.041666666666666664,24
781,20,3126,2.934345006942749,-2.3279950618743896,0.13103565573692322,0.22803544998168945,0.041666666666666664,0.08333333333333333,24
782,20,14457,2.930525064468384,-2.930525064468384,0.0,0.12210521101951599,0.0,0.041666666666666664,24
783,20,10704,2.927703857421875,2.7846946716308594,0.22900907198588052,0.11298012733459473,0.08333333333333333,0.041666666666666664,24
784,20,7453,2.9262819290161133,2.9262819290161133,0.12192841370900472,0.0,0.041666666666666664,0.0,24
785,20,16029,2.925739049911499,2.925739049911499,0.12190579374631245,0.0,0.041666666666666664,0.0,24
786,20,7457,2.9165539741516113,2.9165539741516113,0.12152308225631714,0.0,0.041666666666666664,0.0,24
787,20,15450,2.916037082672119,-2.916037082672119,0.0,0.1215015451113383,0.0,0.041666666666666664,24
788,20,12715,2.9135923385620117,-0.6575040817260742,1.0016578038533528,1.0290538469950359,0.2916666666666667,0.2916666666666667,24
789,20,14149,2.913022041320801,-2.913022041320801,0.0,0.1213759183883667,0.0,0.041666666666666664,24
790,20,13499,2.9127159118652344,2.9127159118652344,0.12136316299438477,0.0,0.041666666666666664,0.0,24
791,20,14469,2.9116430282592773,-2.9116430282592773,0.0,0.12131845951080322,0.0,0.041666666666666664,24
792,20,2653,2.9115262031555176,2.9115262031555176,0.12131359179814656,0.0,0.041666666666666664,0.0,24
793,20,2735,2.9107964038848877,-2.9107964038848877,0.1343089242776235,0.25559210777282715,0.041666666666666664,0.08333333333333333,24
794,20,3462,2.909148931503296,-2.909148931503296,0.0,0.12121453881263733,0.0,0.041666666666666664,24
795,20,13553,2.9085755348205566,2.9085755348205566,0.12119064728418986,0.0,0.041666666666666664,0.0,24
796,20,866,2.9081764221191406,-2.9081764221191406,0.0,0.12117401758829753,0.0,0.041666666666666664,24
797,20,498,2.9035842418670654,2.9035842418670654,0.12098267674446106,0.0,0.041666666666666664,0.0,24
798,20,50,2.8952999114990234,-2.8952999114990234,0.0,0.1206374963124593,0.0,0.041666666666666664,24
799,20,6821,2.8918399810791016,-2.8918399810791016,0.0,0.12049333254496257,0.0,0.041666666666666664,24
800,20,1615,2.8908915519714355,2.8908915519714355,0.25482157866160077,0.13436776399612427,0.08333333333333333,0.041666666666666664,24
801,20,15465,2.8881306648254395,-2.8881306648254395,0.0,0.12033877770105998,0.0,0.041666666666666664,24
802,20,12173,2.8868680000305176,2.8868680000305176,0.24420233567555746,0.12391617894172668,0.08333333333333333,0.041666666666666664,24
803,20,16283,2.8757424354553223,2.8757424354553223,0.1198226014773051,0.0,0.041666666666666664,0.0,24
804,20,2910,2.871401309967041,2.871401309967041,0.11964172124862671,0.0,0.041666666666666664,0.0,24
805,20,7254,2.8700714111328125,-2.8700714111328125,0.0,0.11958630879720052,0.0,0.041666666666666664,24
806,20,15368,2.866868019104004,-2.866868019104004,0.0,0.1194528341293335,0.0,0.041666666666666664,24
807,20,10757,2.866635322570801,-2.866635322570801,0.0,0.11944313844045003,0.0,0.041666666666666664,24
808,20,727,2.865540027618408,2.865540027618408,0.11939750115076701,0.0,0.041666666666666664,0.0,24
809,20,7776,2.8653407096862793,2.8653407096862793,0.1193891962369283,0.0,0.041666666666666664,0.0,24
810,20,4448,2.8641767501831055,-2.8641767501831055,0.0,0.11934069792429607,0.0,0.041666666666666664,24
811,20,3955,2.8612823486328125,-2.8612823486328125,0.0,0.11922009785970052,0.0,0.041666666666666664,24
812,20,7213,2.8606576919555664,-2.8606576919555664,0.0,0.1191940704981486,0.0,0.041666666666666664,24
813,20,14904,2.8584957122802734,-2.8584957122802734,0.0,0.11910398801167806,0.0,0.041666666666666664,24
814,20,10730,2.855839729309082,-2.855839729309082,0.0,0.11899332205454509,0.0,0.041666666666666664,24
815,20,9770,2.8538050651550293,-2.8538050651550293,0.0,0.11890854438145955,0.0,0.041666666666666664,24
816,20,2490,2.8513596057891846,-2.8513596057891846,0.0,0.11880665024121602,0.0,0.041666666666666664,24
817,20,13133,2.850376605987549,-2.850376605987549,0.0,0.11876569191614787,0.0,0.041666666666666664,24
818,20,731,2.8454878330230713,-2.8454878330230713,0.0,0.11856199304262798,0.0,0.041666666666666664,24
819,20,11624,2.8439459800720215,-2.78554105758667,0.1636776328086853,0.2797418435414632,0.041666666666666664,0.08333333333333333,24
820,20,1270,2.841416358947754,2.841416358947754,0.11839234828948975,0.0,0.041666666666666664,0.0,24
821,20,2508,2.839890956878662,-2.839890956878662,0.0,0.11832878986994426,0.0,0.041666666666666664,24
822,20,16352,2.839273452758789,-2.839273452758789,0.0,0.11830306053161621,0.0,0.041666666666666664,24
823,20,10815,2.839249610900879,2.839249610900879,0.11830206712086995,0.0,0.041666666666666664,0.0,24
824,20,13878,2.836960554122925,2.836960554122925,0.11820668975512187,0.0,0.041666666666666664,0.0,24
825,20,16058,2.835725784301758,-2.835725784301758,0.0,0.11815524101257324,0.0,0.041666666666666664,24
826,20,8388,2.835184097290039,-2.835184097290039,0.0,0.11813267072041829,0.0,0.041666666666666664,24
827,20,10929,2.833768844604492,-2.833768844604492,0.0,0.11807370185852051,0.0,0.041666666666666664,24
828,20,13949,2.8303186893463135,2.8303186893463135,0.11792994538942973,0.0,0.041666666666666664,0.0,24
829,20,6051,2.82965087890625,2.82965087890625,0.11790211995442708,0.0,0.041666666666666664,0.0,24
830,20,3208,2.8270368576049805,-2.6259279251098633,0.12336126963297527,0.23277493317921957,0.041666666666666664,0.08333333333333333,24
831,20,12410,2.8255701065063477,-2.8255701065063477,0.0,0.11773208777109782,0.0,0.041666666666666664,24
832,20,4405,2.8253278732299805,-2.8253278732299805,0.0,0.11772199471791585,0.0,0.041666666666666664,24
833,20,1049,2.822770595550537,2.822770595550537,0.11761544148127238,0.0,0.041666666666666664,0.0,24
834,20,15534,2.8218047618865967,2.8218047618865967,0.11757519841194153,0.0,0.041666666666666664,0.0,24
835,20,12293,2.818449020385742,-2.818449020385742,0.0,0.11743537584940593,0.0,0.041666666666666664,24
836,20,682,2.816563129425049,-2.816563129425049,0.1489089528719584,0.26626574993133545,0.041666666666666664,0.08333333333333333,24
837,20,15011,2.8111085891723633,2.8111085891723633,0.11712952454884847,0.0,0.041666666666666664,0.0,24
838,20,9062,2.8093984127044678,2.8093984127044678,0.11705826719601949,0.0,0.041666666666666664,0.0,24
839,20,14655,2.8051443099975586,2.8051443099975586,0.11688101291656494,0.0,0.041666666666666664,0.0,24
840,20,8396,2.8046791553497314,-2.8046791553497314,0.0,0.11686163147290547,0.0,0.041666666666666664,24
841,20,1836,2.803338050842285,-2.803338050842285,0.0,0.11680575211842854,0.0,0.041666666666666664,24
842,20,4168,2.801443576812744,-2.801443576812744,0.0,0.116726815700531,0.0,0.041666666666666664,24
843,20,5745,2.8010663986206055,2.8010663986206055,0.11671109994252522,0.0,0.041666666666666664,0.0,24
844,20,797,2.799074411392212,2.799074411392212,0.11662810047467549,0.0,0.041666666666666664,0.0,24
845,20,12216,2.7985639572143555,2.7985639572143555,0.11660683155059814,0.0,0.041666666666666664,0.0,24
846,20,11100,2.7967782020568848,2.7967782020568848,0.11653242508570354,0.0,0.041666666666666664,0.0,24
847,20,12630,2.795168399810791,-2.795168399810791,0.0,0.11646534999211629,0.0,0.041666666666666664,24
848,20,12958,2.787778854370117,-2.787778854370117,0.0,0.11615745226542155,0.0,0.041666666666666664,24
849,20,10038,2.7866878509521484,2.7866878509521484,0.11611199378967285,0.0,0.041666666666666664,0.0,24
850,20,1757,2.7857680320739746,-2.7857680320739746,0.0,0.11607366800308228,0.0,0.041666666666666664,24
851,20,3585,2.7857651710510254,2.7857651710510254,0.11607354879379272,0.0,0.041666666666666664,0.0,24
852,20,6152,2.784341812133789,-2.784341812133789,0.0,0.11601424217224121,0.0,0.041666666666666664,24
853,20,4797,2.781107187271118,-2.781107187271118,0.0,0.11587946613629659,0.0,0.041666666666666664,24
854,20,1566,2.780181407928467,-2.780181407928467,0.0,0.11584089199701945,0.0,0.041666666666666664,24
855,20,15790,2.7750635147094727,-2.7750635147094727,0.0,0.11562764644622803,0.0,0.041666666666666664,24
856,20,10101,2.7737035751342773,-2.7737035751342773,0.0,0.11557098229726155,0.0,0.041666666666666664,24
857,20,7283,2.7698140144348145,-2.7698140144348145,0.0,0.11540891726811726,0.0,0.041666666666666664,24
858,20,46,2.7693328857421875,2.7693328857421875,0.11538887023925781,0.0,0.041666666666666664,0.0,24
859,20,2749,2.768777847290039,2.768777847290039,0.11536574363708496,0.0,0.041666666666666664,0.0,24
860,20,16105,2.766850471496582,2.766850471496582,0.11528543631235759,0.0,0.041666666666666664,0.0,24
861,20,13250,2.7599167823791504,2.7599167823791504,0.11499653259913127,0.0,0.041666666666666664,0.0,24
862,20,16379,2.7597196102142334,-2.7597196102142334,0.0,0.11498831709225972,0.0,0.041666666666666664,24
863,20,8026,2.757052421569824,2.757052421569824,0.114877184232076,0.0,0.041666666666666664,0.0,24
864,20,14356,2.755340576171875,-2.755340576171875,0.0,0.1148058573404948,0.0,0.041666666666666664,24
865,20,5284,2.7524709701538086,-2.7524709701538086,0.591986894607544,0.7066732247670492,0.08333333333333333,0.08333333333333333,24
866,20,10406,2.752075672149658,2.752075672149658,0.11466981967290242,0.0,0.041666666666666664,0.0,24
867,20,93,2.7515358924865723,-2.7515358924865723,0.0,0.11464732885360718,0.0,0.041666666666666664,24
868,20,1712,2.7474746704101562,2.7474746704101562,0.11447811126708984,0.0,0.041666666666666664,0.0,24
869,20,4218,2.7456018924713135,-2.7456018924713135,0.0,0.11440007885297139,0.0,0.041666666666666664,24
870,20,14459,2.744892120361328,2.744892120361328,0.11437050501505534,0.0,0.041666666666666664,0.0,24
871,20,9200,2.7443275451660156,-2.7443275451660156,0.0,0.11434698104858398,0.0,0.041666666666666664,24
872,20,12315,2.7437496185302734,-2.7437496185302734,0.0,0.11432290077209473,0.0,0.041666666666666664,24
873,20,3693,2.743257522583008,-2.743257522583008,0.0,0.11430239677429199,0.0,0.041666666666666664,24
874,20,4963,2.7415401935577393,2.7415401935577393,0.11423084139823914,0.0,0.041666666666666664,0.0,24
875,20,15077,2.736186981201172,-2.736186981201172,0.0,0.11400779088338216,0.0,0.041666666666666664,24
876,20,9626,2.7331175804138184,-2.7331175804138184,0.0,0.1138798991839091,0.0,0.041666666666666664,24
877,20,11606,2.7319793701171875,-2.7319793701171875,0.0,0.11383247375488281,0.0,0.041666666666666664,24
878,20,4002,2.731794834136963,2.731794834136963,0.11382478475570679,0.0,0.041666666666666664,0.0,24
879,20,10398,2.731213092803955,2.731213092803955,0.11380054553349812,0.0,0.041666666666666664,0.0,24
880,20,14167,2.729102611541748,2.729102611541748,0.1137126088142395,0.0,0.041666666666666664,0.0,24
881,20,11559,2.7268667221069336,-2.7268667221069336,0.0,0.11361944675445557,0.0,0.041666666666666664,24
882,20,884,2.7262191772460938,2.7262191772460938,0.11359246571858723,0.0,0.041666666666666664,0.0,24
883,20,10284,2.7257561683654785,-2.7257561683654785,0.1345017155011495,0.24807488918304443,0.041666666666666664,0.08333333333333333,24
884,20,1671,2.724839210510254,-2.724839210510254,0.0,0.11353496710459392,0.0,0.041666666666666664,24
885,20,4309,2.724437713623047,-2.724437713623047,0.0,0.11351823806762695,0.0,0.041666666666666664,24
886,20,12862,2.7233104705810547,2.7233104705810547,0.11347126960754395,0.0,0.041666666666666664,0.0,24
887,20,12466,2.7201595306396484,-2.7201595306396484,0.0,0.11333998044331868,0.0,0.041666666666666664,24
888,20,10048,2.717350959777832,2.717350959777832,0.11322295665740967,0.0,0.041666666666666664,0.0,24
889,20,7889,2.716444969177246,2.716444969177246,0.11318520704905193,0.0,0.041666666666666664,0.0,24
890,20,1467,2.7162857055664062,2.7162857055664062,0.11317857106526692,0.0,0.041666666666666664,0.0,24
891,20,7972,2.71602201461792,2.71602201461792,0.11316758394241333,0.0,0.041666666666666664,0.0,24
892,20,9068,2.7148895263671875,-2.7148895263671875,0.0,0.11312039693196614,0.0,0.041666666666666664,24
893,20,11527,2.704799175262451,2.704799175262451,0.11269996563593547,0.0,0.041666666666666664,0.0,24
894,20,5883,2.702576160430908,-2.702576160430908,0.0,0.11260734001795451,0.0,0.041666666666666664,24
895,20,5850,2.7015609741210938,2.7015609741210938,0.1125650405883789,0.0,0.041666666666666664,0.0,24
896,20,12785,2.6964378356933594,2.6964378356933594,0.11235157648722331,0.0,0.041666666666666664,0.0,24
897,20,5839,2.694155693054199,-2.694155693054199,0.0,0.11225648721059163,0.0,0.041666666666666664,24
898,20,13581,2.692091941833496,-2.692091941833496,0.0,0.11217049757639568,0.0,0.041666666666666664,24
899,20,15051,2.6900312900543213,-2.6900312900543213,0.0,0.11208463708559673,0.0,0.041666666666666664,24
900,20,9711,2.6873855590820312,-2.6873855590820312,0.0,0.11197439829508464,0.0,0.041666666666666664,24
901,20,3170,2.6842126846313477,-2.6842126846313477,0.0,0.11184219519297282,0.0,0.041666666666666664,24
902,20,6634,2.6817827224731445,-2.6817827224731445,0.0,0.11174094676971436,0.0,0.041666666666666664,24
903,20,10961,2.678112506866455,2.678112506866455,0.11158802111943562,0.0,0.041666666666666664,0.0,24
904,20,9773,2.6773452758789062,2.6773452758789062,0.1115560531616211,0.0,0.041666666666666664,0.0,24
905,20,2847,2.6720666885375977,2.6720666885375977,0.1113361120223999,0.0,0.041666666666666664,0.0,24
906,20,9731,2.669698715209961,-2.669698715209961,0.0,0.11123744646708171,0.0,0.041666666666666664,24
907,20,910,2.6694741249084473,2.6694741249084473,0.11122808853785197,0.0,0.041666666666666664,0.0,24
908,20,13142,2.668461799621582,-2.668461799621582,0.0,0.11118590831756592,0.0,0.041666666666666664,24
909,20,5384,2.6654129028320312,-2.6654129028320312,0.0,0.11105887095133464,0.0,0.041666666666666664,24
910,20,8050,2.662342071533203,2.662342071533203,0.1109309196472168,0.0,0.041666666666666664,0.0,24
911,20,3522,2.6552724838256836,-2.6552724838256836,0.0,0.11063635349273682,0.0,0.041666666666666664,24
912,20,10077,2.653567314147949,-2.653567314147949,0.0,0.11056530475616455,0.0,0.041666666666666664,24
913,20,14443,2.653359889984131,-2.653359889984131,0.0,0.11055666208267212,0.0,0.041666666666666664,24
914,20,7436,2.6509833335876465,-2.6509833335876465,0.0,0.11045763889948527,0.0,0.041666666666666664,24
915,20,14392,2.637176990509033,2.5769124031066895,0.21561288833618164,0.10824153820673625,0.08333333333333333,0.041666666666666664,24
916,20,9745,2.606597900390625,-2.606597900390625,0.0,0.10860824584960938,0.0,0.041666666666666664,24
917,20,13704,2.595025062561035,-2.595025062561035,0.0,0.10812604427337646,0.0,0.041666666666666664,24
918,20,5912,2.581249237060547,2.581249237060547,0.10755205154418945,0.0,0.041666666666666664,0.0,24
919,20,8182,2.571232795715332,-2.571232795715332,0.0,0.10713469982147217,0.0,0.041666666666666664,24
920,20,7070,2.5597150325775146,2.5597150325775146,0.10665479302406311,0.0,0.041666666666666664,0.0,24
921,20,15821,2.5338001251220703,2.5338001251220703,0.1055750052134196,0.0,0.041666666666666664,0.0,24
922,20,2294,2.5192060470581055,-2.5192060470581055,0.0,0.10496691862742107,0.0,0.041666666666666664,24
923,20,4946,2.493460178375244,-2.493460178375244,0.0,0.1038941740989685,0.0,0.041666666666666664,24
924,20,2788,2.4351024627685547,-2.4351024627685547,0.3976791699727376,0.49914177258809406,0.08333333333333333,0.08333333333333333,24
925,20,2427,2.3374156951904297,1.3689250946044922,0.5047953128814697,0.4477567672729492,0.08333333333333333,0.08333333333333333,24
926,20,3,2.257689952850342,1.679969310760498,0.6072928508122762,0.5372941493988037,0.16666666666666666,0.16666666666666666,24
927,20,1489,2.229818344116211,-0.027463912963867188,0.37034650643666583,0.37149083614349365,0.08333333333333333,0.08333333333333333,24
928,20,4048,2.1340417861938477,-2.1340417861938477,0.2570033073425293,0.34592171510060626,0.08333333333333333,0.08333333333333333,24
929,20,130,2.059915065765381,-2.059915065765381,0.13536769151687622,0.2211974859237671,0.041666666666666664,0.041666666666666664,24
930,20,15715,1.7405390739440918,0.4603581428527832,0.8184773127237955,0.7992957433064779,0.25,0.25,24
931,20,4674,1.6108360290527344,1.5362567901611328,0.6933538913726807,0.6293431917826334,0.20833333333333334,0.20833333333333334,24
932,20,9891,1.4509057998657227,0.7207651138305664,0.8079876899719238,0.777955691019694,0.25,0.25,24
933,20,11317,1.3656864166259766,-1.3656864166259766,0.13026074568430582,0.18716434637705484,0.041666666666666664,0.041666666666666664,24
934,20,11959,1.33453369140625,-1.33453369140625,0.17619049549102783,0.23179606596628824,0.041666666666666664,0.041666666666666664,24
935,20,1862,1.3267312049865723,1.3267312049865723,0.17301658789316812,0.11773612101872762,0.041666666666666664,0.041666666666666664,24
936,20,268,1.2807326316833496,-0.2735304832458496,0.25304629405339557,0.26444339752197266,0.08333333333333333,0.08333333333333333,24
937,20,3607,1.2799949645996094,-1.2799949645996094,0.12703231970469156,0.1803654432296753,0.041666666666666664,0.041666666666666664,24
938,20,4497,1.2724533081054688,1.2724533081054688,0.34391788641611737,0.29089899857838947,0.041666666666666664,0.041666666666666664,24
939,20,6082,1.2458992004394531,-1.2458992004394531,0.27058033148447674,0.3224927981694539,0.08333333333333333,0.08333333333333333,24
940,20,15344,1.181589126586914,1.181589126586914,0.1759124199549357,0.12667953968048096,0.041666666666666664,0.041666666666666664,24
941,20,7942,1.174203872680664,0.46431541442871094,1.0049710273742676,0.985624631245931,0.20833333333333334,0.20833333333333334,24
942,20,7910,1.1618919372558594,1.1618919372558594,0.16678595542907715,0.11837379137674968,0.041666666666666664,0.041666666666666664,24
943,20,1780,1.1418852806091309,-1.1418852806091309,0.4153071641921997,0.46288569768269855,0.08333333333333333,0.08333333333333333,24
944,20,13236,1.1294126510620117,-1.1294126510620117,0.1340648333231608,0.18112369378407797,0.041666666666666664,0.041666666666666664,24
945,20,3128,1.0947303771972656,-1.0947303771972656,0.13580000400543213,0.18141376972198486,0.041666666666666664,0.041666666666666664,24
946,20,7865,1.0856351852416992,1.0856351852416992,0.21092867851257324,0.16569387912750244,0.041666666666666664,0.041666666666666664,24
947,20,6420,1.0557565689086914,-1.0557565689086914,0.2847278912862142,0.32871774832407635,0.08333333333333333,0.08333333333333333,24
948,20,12660,1.0372343063354492,-1.0372343063354492,0.1417758266131083,0.1849939227104187,0.041666666666666664,0.041666666666666664,24
949,20,11143,1.0336265563964844,1.0336265563964844,0.23195151487986246,0.18888374169667563,0.041666666666666664,0.041666666666666664,24
950,20,13927,1.0246620178222656,1.0246620178222656,0.18996528784434,0.1472710371017456,0.041666666666666664,0.041666666666666664,24
951,20,15536,1.0233697891235352,1.0233697891235352,0.7759075164794922,0.7332671483357748,0.25,0.25,24
952,20,15408,1.0107183456420898,-1.0107183456420898,0.25510674715042114,0.29722001155217487,0.08333333333333333,0.08333333333333333,24
953,20,2981,0.9626321792602539,-0.9626321792602539,0.2195590337117513,0.2596687078475952,0.041666666666666664,0.041666666666666664,24
954,20,265,0.9618277549743652,0.9618277549743652,0.2770033876101176,0.23692723115285239,0.08333333333333333,0.08333333333333333,24
955,20,11723,0.9333012104034424,0.27530407905578613,0.43077905972798664,0.419308066368103,0.125,0.125,24
956,20,6258,0.9232292175292969,-0.9232292175292969,0.13396688302357992,0.17243476708730063,0.041666666666666664,0.041666666666666664,24
957,20,13263,0.9131622314453125,-0.9131622314453125,0.1808289090792338,0.21887733538945517,0.041666666666666664,0.041666666666666664,24
958,20,9674,0.9028663635253906,0.9028663635253906,0.14588244756062826,0.10826301574707031,0.041666666666666664,0.041666666666666664,24
959,20,14161,0.9011421203613281,-0.9011421203613281,0.185317595799764,0.22286518414815268,0.041666666666666664,0.041666666666666664,24
960,20,2059,0.8881502151489258,-0.8881502151489258,0.18930341800053915,0.22630967696507773,0.041666666666666664,0.041666666666666664,24
961,20,13859,0.8687448501586914,-0.8687448501586914,0.28978880246480304,0.32598650455474854,0.08333333333333333,0.08333333333333333,24
962,20,8299,0.8664650917053223,0.8664650917053223,0.2871912916501363,0.25108857949574787,0.08333333333333333,0.08333333333333333,24
963,20,6939,0.8569421768188477,0.8569421768188477,0.2006786266962687,0.16497270266215006,0.041666666666666664,0.041666666666666664,24
964,20,16002,0.8565092086791992,0.8565092086791992,0.1687300205230713,0.13304213682810465,0.041666666666666664,0.041666666666666664,24
965,20,14140,0.855804443359375,-0.855804443359375,0.12070504824320476,0.15636356671651205,0.041666666666666664,0.041666666666666664,24
966,20,9821,0.8499612808227539,-0.8499612808227539,0.12161767482757568,0.15703272819519043,0.041666666666666664,0.041666666666666664,24
967,20,12757,0.8481779098510742,0.8481779098510742,0.17684044440587363,0.14149969816207886,0.041666666666666664,0.041666666666666664,24
968,20,8131,0.8398933410644531,-0.8398933410644531,0.11481450001398723,0.14981005589167276,0.041666666666666664,0.041666666666666664,24
969,20,4891,0.8256511688232422,0.7236137390136719,0.350253701210022,0.32010312875111896,0.08333333333333333,0.08333333333333333,24
970,20,9604,0.7977409362792969,0.6555423736572266,0.33150378863016766,0.3041895230611165,0.08333333333333333,0.08333333333333333,24
971,20,681,0.7858619689941406,-0.7858619689941406,0.11748699347178142,0.1502312421798706,0.041666666666666664,0.041666666666666664,24
972,20,12482,0.7758121490478516,-0.7758121490478516,0.14108014106750488,0.17340564727783203,0.041666666666666664,0.041666666666666664,24
973,20,1212,0.7502222061157227,-0.7502222061157227,0.11999500791231792,0.15125426650047302,0.041666666666666664,0.041666666666666664,24
974,20,906,0.7483053207397461,-0.7483053207397461,0.2707940737406413,0.30197346210479736,0.08333333333333333,0.08333333333333333,24
975,20,1143,0.7455434799194336,-0.7455434799194336,0.11675262451171875,0.14781693617502847,0.041666666666666664,0.041666666666666664,24
976,20,691,0.719599723815918,0.719599723815918,0.2514779170354207,0.22149459520975748,0.08333333333333333,0.08333333333333333,24
977,20,8415,0.7136697769165039,-0.7136697769165039,0.12697083751360574,0.15670707821846008,0.041666666666666664,0.041666666666666664,24
978,20,3718,0.7056903839111328,-0.7056903839111328,0.2765863339106242,0.3059900999069214,0.08333333333333333,0.08333333333333333,24
979,20,15120,0.6925945281982422,0.6925945281982422,0.16430139541625977,0.13544329007466635,0.041666666666666664,0.041666666666666664,24
980,20,13823,0.6824331283569336,-0.6824331283569336,0.11328814427057902,0.14172285795211792,0.041666666666666664,0.041666666666666664,24
981,20,3239,0.6809864044189453,-0.6809864044189453,0.1583621104558309,0.18673654397328696,0.041666666666666664,0.041666666666666664,24
982,20,1440,0.6798286437988281,0.4171104431152344,0.27406346797943115,0.25668386618296307,0.08333333333333333,0.08333333333333333,24
983,20,12951,0.6779842376708984,-0.6779842376708984,0.14052557945251465,0.1687749226888021,0.041666666666666664,0.041666666666666664,24
984,20,7734,0.6744027137756348,0.6744027137756348,0.16382616758346558,0.1357260545094808,0.041666666666666664,0.041666666666666664,24
985,20,15877,0.6734437942504883,0.6734437942504883,0.16624953349431357,0.1381893754005432,0.041666666666666664,0.041666666666666664,24
986,20,10847,0.6637611389160156,0.6637611389160156,0.1802406112353007,0.15258389711380005,0.041666666666666664,0.041666666666666664,24
987,20,728,0.6379060745239258,-0.6379060745239258,0.15797460079193115,0.18455402056376138,0.041666666666666664,0.041666666666666664,24
988,20,10794,0.6076712608337402,-0.6076712608337402,0.2754683494567871,0.3007879853248596,0.08333333333333333,0.08333333333333333,24
989,20,13617,0.6024312973022461,-0.6024312973022461,0.1272174914677938,0.15231879552205405,0.041666666666666664,0.041666666666666664,24
990,20,157,0.598942756652832,-0.598942756652832,0.1153942346572876,0.1403501828511556,0.041666666666666664,0.041666666666666664,24
991,20,426,0.5661544799804688,0.5661544799804688,0.16009714206059775,0.13650737206141153,0.041666666666666664,0.041666666666666664,24
992,20,11635,0.5608243942260742,0.5608243942260742,0.13579010963439941,0.11242242654164632,0.041666666666666664,0.041666666666666664,24
993,20,10089,0.5603179931640625,0.5603179931640625,0.16304781039555868,0.13970122734705606,0.041666666666666664,0.041666666666666664,24
994,20,8159,0.5520076751708984,0.5520076751708984,0.5288342237472534,0.505833903948466,0.125,0.125,24
995,20,3701,0.5401592254638672,0.5401592254638672,0.13931632041931152,0.11680968602498372,0.041666666666666664,0.041666666666666664,24
996,20,8152,0.5266895294189453,-0.5266895294189453,0.14664459228515625,0.16858998934427896,0.041666666666666664,0.041666666666666664,24
997,20,13370,0.5226154327392578,-0.5226154327392578,0.1374895473321279,0.1592651903629303,0.041666666666666664,0.041666666666666664,24
998,20,298,0.5210638046264648,0.5210638046264648,0.19421796003977457,0.17250696818033853,0.041666666666666664,0.041666666666666664,24
999,20,10094,0.5160923004150391,-0.5160923004150391,0.30376215775807697,0.3252660036087036,0.08333333333333333,0.08333333333333333,24
1000,20,5061,0.5109443664550781,0.5109443664550781,0.19605408112208048,0.17476473251978555,0.041666666666666664,0.041666666666666664,24
1001,20,6611,0.5066237449645996,-0.5066237449645996,0.1366175413131714,0.1577268640200297,0.041666666666666664,0.041666666666666664,24
1002,20,14378,0.5020751953125,-0.5020751953125,0.11510644356409709,0.13602624336878458,0.041666666666666664,0.041666666666666664,24
1003,20,7883,0.4940805435180664,0.4940805435180664,0.1403894623120626,0.11980277299880981,0.041666666666666664,0.041666666666666664,24
1004,20,5325,0.48325157165527344,0.48325157165527344,0.17806228001912436,0.1579267978668213,0.041666666666666664,0.041666666666666664,24
1005,20,7119,0.4409518241882324,-0.4409518241882324,0.3616841634114583,0.3800571759541829,0.08333333333333333,0.08333333333333333,24
1006,20,6110,0.43481969833374023,-0.43481969833374023,0.29254480202992755,0.31066228946050006,0.08333333333333333,0.08333333333333333,24
1007,20,5734,0.433164119720459,0.433164119720459,0.13438090682029724,0.11633240183194478,0.041666666666666664,0.041666666666666664,24
1008,20,4953,0.4328136444091797,-0.4328136444091797,0.1588989496231079,0.1769328514734904,0.041666666666666664,0.041666666666666664,24
1009,20,15520,0.4278554916381836,-0.4278554916381836,0.12118363380432129,0.13901094595591226,0.041666666666666664,0.041666666666666664,24
1010,20,11721,0.4259958267211914,-0.4259958267211914,0.11460371812184651,0.1323535442352295,0.041666666666666664,0.041666666666666664,24
1011,20,15926,0.42115211486816406,-0.42115211486816406,0.1132114330927531,0.1307594378789266,0.041666666666666664,0.041666666666666664,24
1012,20,15622,0.41997861862182617,-0.15827322006225586,0.34694639841715497,0.35354113578796387,0.125,0.125,24
1013,20,11135,0.4169197082519531,-0.38109588623046875,0.4889851411183675,0.5048641363779703,0.08333333333333333,0.08333333333333333,24
1014,20,5970,0.4143357276916504,0.4143357276916504,0.13884615898132324,0.12158217032750447,0.041666666666666664,0.041666666666666664,24
1015,20,8369,0.41427040100097656,-0.41427040100097656,0.30978691577911377,0.3270481824874878,0.08333333333333333,0.08333333333333333,24
1016,20,8916,0.41294097900390625,0.01419830322265625,0.26659099260965985,0.26599939664204914,0.08333333333333333,0.08333333333333333,24
1017,20,6055,0.40911865234375,-0.40911865234375,0.19026827812194824,0.20731488863627115,0.041666666666666664,0.041666666666666664,24
1018,20,11636,0.4044971466064453,-0.4044971466064453,0.32682522137959796,0.3436792691548665,0.041666666666666664,0.041666666666666664,24
1019,20,15411,0.3980426788330078,-0.3980426788330078,0.19308249155680338,0.20966760317484537,0.041666666666666664,0.041666666666666664,24
1020,20,7934,0.3968021869659424,0.3968021869659424,0.1775448719660441,0.16101144750912985,0.041666666666666664,0.041666666666666664,24
1021,20,15709,0.39533567428588867,0.39533567428588867,0.1605545481046041,0.14408222834269205,0.041666666666666664,0.041666666666666664,24
1022,20,4289,0.3912467956542969,0.3912467956542969,0.13121881087621054,0.1149168610572815,0.041666666666666664,0.041666666666666664,24
1023,20,4526,0.38976573944091797,0.38976573944091797,0.13046197096506754,0.11422173182169597,0.041666666666666664,0.041666666666666664,24
1024,20,9608,0.37950801849365234,0.37950801849365234,0.13624972105026245,0.12043688694636027,0.041666666666666664,0.041666666666666664,24
1025,20,12277,0.3715691566467285,0.3715691566467285,0.14728623628616333,0.13180418809254965,0.041666666666666664,0.041666666666666664,24
1026,20,1341,0.3668203353881836,0.3668203353881836,0.12755197286605835,0.11226779222488403,0.041666666666666664,0.041666666666666664,24
1027,20,15389,0.36466360092163086,-0.36466360092163086,0.11547192931175232,0.13066624601682028,0.041666666666666664,0.041666666666666664,24
1028,20,8853,0.3643989562988281,0.3643989562988281,0.13978024323781332,0.12459695339202881,0.041666666666666664,0.041666666666666664,24
1029,20,1073,0.36410999298095703,0.36410999298095703,0.17162907123565674,0.15645782152811685,0.041666666666666664,0.041666666666666664,24
1030,20,15810,0.3637819290161133,0.053421974182128906,0.27418696880340576,0.2719610532124837,0.08333333333333333,0.08333333333333333,24
1031,20,6685,0.35843467712402344,-0.35843467712402344,0.1627504030863444,0.17768518129984537,0.041666666666666664,0.041666666666666664,24
1032,20,11920,0.35485076904296875,-0.35485076904296875,0.11330867807070415,0.12809412678082785,0.041666666666666664,0.041666666666666664,24
1033,20,15729,0.34856605529785156,-0.34856605529785156,0.12842837969462076,0.14295196533203125,0.041666666666666664,0.041666666666666664,24
1034,20,7815,0.34209728240966797,0.34209728240966797,0.16123499472935995,0.14698094129562378,0.041666666666666664,0.041666666666666664,24
1035,20,14211,0.3358783721923828,0.3358783721923828,0.17472700277964273,0.16073207060496011,0.041666666666666664,0.041666666666666664,24
1036,20,359,0.32988834381103516,0.32988834381103516,0.1473324696222941,0.13358712196350098,0.041666666666666664,0.041666666666666664,24
1037,20,15185,0.3273496627807617,-0.3273496627807617,0.14538939793904623,0.15902896722157797,0.041666666666666664,0.041666666666666664,24
1038,20,2523,0.31857776641845703,0.31857776641845703,0.30693594614664715,0.2936618725458781,0.08333333333333333,0.08333333333333333,24
1039,20,3426,0.3132743835449219,-0.3132743835449219,0.12518962224324545,0.1382427215576172,0.041666666666666664,0.041666666666666664,24
1040,20,12091,0.31167030334472656,-0.31167030334472656,0.13048847516377768,0.14347473780314127,0.041666666666666664,0.041666666666666664,24
1041,20,4229,0.30713367462158203,-0.30713367462158203,0.13233705361684164,0.14513429005940756,0.041666666666666664,0.041666666666666664,24
1042,20,4000,0.30626344680786133,-0.30626344680786133,0.24585193395614624,0.2586129109064738,0.08333333333333333,0.08333333333333333,24
1043,20,13277,0.3032855987548828,-0.3032855987548828,0.17847013473510742,0.19110703468322754,0.041666666666666664,0.041666666666666664,24
1044,20,8593,0.2986793518066406,-0.2986793518066406,0.15343074003855386,0.16587571303049722,0.041666666666666664,0.041666666666666664,24
1045,20,2903,0.29591846466064453,0.29591846466064453,0.15896753470102945,0.1466375986735026,0.041666666666666664,0.041666666666666664,24
1046,20,9549,0.2950601577758789,-0.2950601577758789,0.15936787923177084,0.17166205247243246,0.041666666666666664,0.041666666666666664,24
1047,20,898,0.292266845703125,0.292266845703125,0.19248910744984946,0.18031132221221924,0.041666666666666664,0.041666666666666664,24
1048,20,3110,0.291748046875,0.291748046875,0.1237973968187968,0.11164122819900513,0.041666666666666664,0.041666666666666664,24
1049,20,10719,0.2903251647949219,-0.2903251647949219,0.1401562293370565,0.15225311120351157,0.041666666666666664,0.041666666666666664,24
1050,20,11807,0.2893047332763672,-0.2893047332763672,0.14920916159947714,0.16126352548599243,0.041666666666666664,0.041666666666666664,24
1051,20,2138,0.2891807556152344,-0.2891807556152344,0.1359423796335856,0.14799157778422037,0.041666666666666664,0.041666666666666664,24
1052,20,3385,0.2886543273925781,-0.2886543273925781,0.1402338743209839,0.1522611379623413,0.041666666666666664,0.041666666666666664,24
1053,20,9749,0.2859020233154297,-0.2859020233154297,0.16513415177663168,0.17704673608144125,0.041666666666666664,0.041666666666666664,24
1054,20,14114,0.2858128547668457,0.2858128547668457,0.2470826506614685,0.23517378171284994,0.08333333333333333,0.08333333333333333,24
1055,20,15707,0.28101253509521484,-0.28101253509521484,0.12611200412114462,0.1378208597501119,0.041666666666666664,0.041666666666666664,24
1056,20,7729,0.2798576354980469,-0.2798576354980469,0.11583224932352702,0.12749298413594565,0.041666666666666664,0.041666666666666664,24
1057,20,12444,0.2791023254394531,-0.2791023254394531,0.16078039010365805,0.17240965366363525,0.041666666666666664,0.041666666666666664,24
1058,20,1138,0.2729940414428711,0.2729940414428711,0.15427660942077637,0.14290185769399008,0.041666666666666664,0.041666666666666664,24
1059,20,3673,0.2729678153991699,0.2729678153991699,0.12081244587898254,0.10943878690401714,0.041666666666666664,0.041666666666666664,24
1060,20,13824,0.26845645904541016,-0.26845645904541016,0.1482065717379252,0.15939225753148398,0.041666666666666664,0.041666666666666664,24
1061,20,5150,0.26461219787597656,-0.26461219787597656,0.1570542057355245,0.16807971398035684,0.041666666666666664,0.041666666666666664,24
1062,20,14200,0.26058197021484375,-0.26058197021484375,0.13898839553197226,0.14984597762425741,0.041666666666666664,0.041666666666666664,24
1063,20,5945,0.2604560852050781,-0.2604560852050781,0.15207902590433756,0.16293136278788248,0.041666666666666664,0.041666666666666664,24
1064,20,14634,0.2582588195800781,-0.089935302734375,0.33510057131449383,0.3388478755950928,0.08333333333333333,0.08333333333333333,24
1065,20,8544,0.2463092803955078,-0.2463092803955078,0.16442259152730307,0.17468547821044922,0.041666666666666664,0.041666666666666664,24
1066,20,14825,0.24400711059570312,-0.24400711059570312,0.17307674884796143,0.18324371178944907,0.041666666666666664,0.041666666666666664,24
1067,20,8689,0.24348831176757812,0.24348831176757812,0.1254534125328064,0.1153080662091573,0.041666666666666664,0.041666666666666664,24
1068,20,10097,0.2432394027709961,0.10474872589111328,0.25792892773946124,0.25356439749399823,0.08333333333333333,0.08333333333333333,24
1069,20,15566,0.2423248291015625,0.2423248291015625,0.12304190794626872,0.11294504006703694,0.041666666666666664,0.041666666666666664,24
1070,20,9701,0.2308483123779297,0.2308483123779297,0.1432406703631083,0.13362199068069458,0.041666666666666664,0.041666666666666664,24
1071,20,1046,0.2304401397705078,-0.2304401397705078,0.12164011597633362,0.13124178846677145,0.041666666666666664,0.041666666666666664,24
1072,20,7511,0.22761964797973633,-0.22761964797973633,0.14528493086496988,0.15476908286412558,0.041666666666666664,0.041666666666666664,24
1073,20,7469,0.2233591079711914,-0.2233591079711914,0.13382184505462646,0.14312847455342612,0.041666666666666664,0.041666666666666664,24
1074,20,15026,0.22200775146484375,0.22200775146484375,0.19585072994232178,0.18660040696461996,0.041666666666666664,0.041666666666666664,24
1075,20,194,0.21550750732421875,0.21550750732421875,0.17068000634511313,0.16170052687327066,0.041666666666666664,0.041666666666666664,24
1076,20,12504,0.21187210083007812,0.21187210083007812,0.12745503584543863,0.11862703164418538,0.041666666666666664,0.041666666666666664,24
1077,20,14317,0.19795894622802734,-0.19795894622802734,0.17933873335520426,0.18758702278137207,0.041666666666666664,0.041666666666666664,24
1078,20,13951,0.1977376937866211,-0.1977376937866211,0.14453411102294922,0.15277318159739176,0.041666666666666664,0.041666666666666664,24
1079,20,6619,0.1931324005126953,-0.1931324005126953,0.11257201433181763,0.12061919768651326,0.041666666666666664,0.041666666666666664,24
1080,20,11389,0.1897573471069336,0.1897573471069336,0.12799090147018433,0.12008434534072876,0.041666666666666664,0.041666666666666664,24
1081,20,12402,0.18796873092651367,-0.18796873092651367,0.11564265688260396,0.12347468733787537,0.041666666666666664,0.041666666666666664,24
1082,20,4582,0.1849813461303711,0.1849813461303711,0.12373735507329305,0.11602979898452759,0.041666666666666664,0.041666666666666664,24
1083,20,9612,0.1844024658203125,-0.1844024658203125,0.11389732360839844,0.1215807596842448,0.041666666666666664,0.041666666666666664,24
1084,20,12858,0.18154525756835938,0.18154525756835938,0.11877880493799846,0.11121441920598348,0.041666666666666664,0.041666666666666664,24
1085,20,16224,0.18118762969970703,-0.18118762969970703,0.12632272640864053,0.13387221097946167,0.041666666666666664,0.041666666666666664,24
1086,20,4084,0.17827892303466797,-0.17827892303466797,0.11804427703221639,0.12547256549199423,0.041666666666666664,0.041666666666666664,24
1087,20,770,0.17663335800170898,0.13382387161254883,0.23812576134999594,0.23254976669947305,0.08333333333333333,0.08333333333333333,24
1088,20,10603,0.17343544960021973,-0.0467379093170166,0.2954033811887105,0.29735080401102704,0.08333333333333333,0.08333333333333333,24
1089,20,5480,0.17177391052246094,-0.17177391052246094,0.20759769280751547,0.21475493907928467,0.041666666666666664,0.041666666666666664,24
1090,20,3774,0.16797304153442383,-0.16797304153442383,0.2933194835980733,0.3003183603286743,0.08333333333333333,0.08333333333333333,24
1091,20,10247,0.1660776138305664,-0.1660776138305664,0.11500235398610432,0.12192225456237793,0.041666666666666664,0.041666666666666664,24
1092,20,9142,0.16320037841796875,0.16320037841796875,0.11341627438863118,0.10661625862121582,0.041666666666666664,0.041666666666666664,24
1093,20,11212,0.16058921813964844,-0.16058921813964844,0.12385714054107666,0.130548357963562,0.041666666666666664,0.041666666666666664,24
1094,20,1459,0.15941762924194336,-0.15941762924194336,0.1734460393587748,0.18008844057718912,0.041666666666666664,0.041666666666666664,24
1095,20,7732,0.15213394165039062,0.15213394165039062,0.4556467533111572,0.4493078390757243,0.041666666666666664,0.041666666666666664,24
1096,20,11547,0.14865493774414062,-0.14865493774414062,0.11391007900238037,0.12010403474171956,0.041666666666666664,0.041666666666666664,24
1097,20,11515,0.14832687377929688,-0.14832687377929688,0.2776748736699422,0.2838551600774129,0.08333333333333333,0.08333333333333333,24
1098,20,11822,0.14730453491210938,-0.14730453491210938,0.12136149406433105,0.1274991830190023,0.041666666666666664,0.041666666666666664,24
1099,20,7793,0.14191913604736328,-0.14191913604736328,0.12657992045084634,0.13249321778615317,0.041666666666666664,0.041666666666666664,24
1100,20,4174,0.1332845687866211,0.1332845687866211,0.13381564617156982,0.1282621224721273,0.041666666666666664,0.041666666666666664,24
1101,20,15751,0.1309337615966797,-0.1309337615966797,0.11504072944323222,0.12049630284309387,0.041666666666666664,0.041666666666666664,24
1102,20,13833,0.1292133331298828,0.1292133331298828,0.14454162120819092,0.13915773232777914,0.041666666666666664,0.041666666666666664,24
1103,20,286,0.1279621124267578,0.1279621124267578,0.12355536222457886,0.11822360754013062,0.041666666666666664,0.041666666666666664,24
1104,20,12829,0.12491893768310547,-0.12491893768310547,0.12866554657618204,0.13387050231297812,0.041666666666666664,0.041666666666666664,24
1105,20,12557,0.12424659729003906,-0.12424659729003906,0.1774572730064392,0.18263421456019083,0.041666666666666664,0.041666666666666664,24
1106,20,13899,0.12122058868408203,0.12122058868408203,0.13613879680633545,0.1310879389444987,0.041666666666666664,0.041666666666666664,24
1107,20,15904,0.11703252792358398,0.11703252792358398,0.12591705719629923,0.1210407018661499,0.041666666666666664,0.041666666666666664,24
1108,20,8039,0.11276626586914062,-0.11276626586914062,0.12828280528386435,0.13298139969507852,0.041666666666666664,0.041666666666666664,24
1109,20,4794,0.11051082611083984,0.11051082611083984,0.15200903018315634,0.147404412428538,0.041666666666666664,0.041666666666666664,24
1110,20,14878,0.11016654968261719,0.11016654968261719,0.14207194248835245,0.13748166958491007,0.041666666666666664,0.041666666666666664,24
1111,20,14964,0.10846757888793945,-0.10846757888793945,0.11487462123235066,0.11939410368601482,0.041666666666666664,0.041666666666666664,24
1112,20,10530,0.10529899597167969,0.10529899597167969,0.13058807452519736,0.1262006163597107,0.041666666666666664,0.041666666666666664,24
1113,20,10117,0.10331487655639648,0.10331487655639648,0.12029875318209331,0.11599396665891011,0.041666666666666664,0.041666666666666664,24
1114,20,5387,0.10299968719482422,0.10299968719482422,0.13213849067687988,0.1278468370437622,0.041666666666666664,0.041666666666666664,24
1115,20,14264,0.10204124450683594,-0.10204124450683594,0.15609355767567953,0.1603452761967977,0.041666666666666664,0.041666666666666664,24
1116,20,12607,0.10015296936035156,-0.10015296936035156,0.1371272404988607,0.14130028088887533,0.041666666666666664,0.041666666666666664,24
1117,20,11094,0.09839105606079102,-0.09839105606079102,0.11487438281377156,0.11897401014963786,0.041666666666666664,0.041666666666666664,24
1118,20,7931,0.09690666198730469,-0.09690666198730469,0.1333349347114563,0.13737271229426065,0.041666666666666664,0.041666666666666664,24
1119,20,7917,0.09468936920166016,-0.09468936920166016,0.21351242065429688,0.21745781103769937,0.041666666666666664,0.041666666666666664,24
1120,20,13304,0.08962583541870117,-0.011341571807861328,0.27294037739435834,0.27341294288635254,0.08333333333333333,0.08333333333333333,24
1121,20,7001,0.08595466613769531,0.08595466613769531,0.17625176906585693,0.17267032464345297,0.041666666666666664,0.041666666666666664,24
1122,20,9886,0.08479499816894531,0.08479499816894531,0.1397672494252523,0.13623412450154623,0.041666666666666664,0.041666666666666664,24
1123,20,3187,0.08296871185302734,-0.08296871185302734,0.19544625282287598,0.1989032824834188,0.041666666666666664,0.041666666666666664,24
1124,20,12225,0.08201313018798828,-0.08201313018798828,0.12518584728240967,0.12860306104024252,0.041666666666666664,0.041666666666666664,24
1125,20,15140,0.07658672332763672,0.07658672332763672,0.12464962402979533,0.12145851055781047,0.041666666666666664,0.041666666666666664,24
1126,20,11800,0.076202392578125,0.076202392578125,0.14833148320515951,0.1451563835144043,0.041666666666666664,0.041666666666666664,24
1127,20,6187,0.07428836822509766,0.07428836822509766,0.1180959939956665,0.11500064531962077,0.041666666666666664,0.041666666666666664,24
1128,20,11048,0.06920433044433594,-0.06920433044433594,0.14066676298777261,0.14355027675628662,0.041666666666666664,0.041666666666666664,24
1129,20,8883,0.06827735900878906,-0.06827735900878906,0.18943464756011963,0.19227953751881918,0.041666666666666664,0.041666666666666664,24
1130,20,15112,0.06798458099365234,0.06798458099365234,0.13605240980784097,0.13321971893310547,0.041666666666666664,0.041666666666666664,24
1131,20,4231,0.06778526306152344,-0.06778526306152344,0.14722442626953125,0.15004881223042807,0.041666666666666664,0.041666666666666664,24
1132,20,14301,0.06540870666503906,-0.06540870666503906,0.11821794509887695,0.12094330787658691,0.041666666666666664,0.041666666666666664,24
1133,20,4997,0.06272506713867188,0.06272506713867188,0.13419286410013834,0.131579319636027,0.041666666666666664,0.041666666666666664,24
1134,20,4337,0.05980873107910156,0.05980873107910156,0.4361581007639567,0.43366607030232746,0.041666666666666664,0.041666666666666664,24
1135,20,16076,0.05907917022705078,0.05907917022705078,0.1307049791018168,0.12824334700902304,0.041666666666666664,0.041666666666666664,24
1136,20,9454,0.051306724548339844,0.051306724548339844,0.11208157738049825,0.10994379719098409,0.041666666666666664,0.041666666666666664,24
1137,20,14652,0.050029754638671875,-0.050029754638671875,0.1435591777165731,0.14564375082651773,0.041666666666666664,0.041666666666666664,24
1138,20,4522,0.04910898208618164,-0.04910898208618164,0.1194742222627004,0.12152042984962463,0.041666666666666664,0.041666666666666664,24
1139,20,14729,0.047275543212890625,0.047275543212890625,0.23689750830332437,0.23492769400278726,0.041666666666666664,0.041666666666666664,24
1140,20,7547,0.04524040222167969,-0.04524040222167969,0.16071158647537231,0.16259660323460898,0.041666666666666664,0.041666666666666664,24
1141,20,13403,0.043212890625,0.043212890625,0.22362973292668661,0.22182919581731161,0.041666666666666664,0.041666666666666664,24
1142,20,10388,0.025716781616210938,0.025716781616210938,0.16784409681955972,0.16677256425221762,0.041666666666666664,0.041666666666666664,24
1143,20,9909,0.022780418395996094,0.022780418395996094,0.1401460369427999,0.1391968528429667,0.041666666666666664,0.041666666666666664,24
1144,20,12954,0.022611618041992188,0.022611618041992188,0.13324197133382162,0.13229982058207193,0.041666666666666664,0.041666666666666664,24
1145,20,6064,0.022464752197265625,-0.022464752197265625,0.16588658094406128,0.166822612285614,0.041666666666666664,0.041666666666666664,24
1146,20,6492,0.020154953002929688,0.020154953002929688,0.11901021003723145,0.11817042032877605,0.041666666666666664,0.041666666666666664,24
1147,20,13754,0.019544601440429688,0.019544601440429688,0.11670986811319987,0.11589550971984863,0.041666666666666664,0.041666666666666664,24
1148,20,9800,0.01949024200439453,-0.01949024200439453,0.11385122934977214,0.1146633227666219,0.041666666666666664,0.041666666666666664,24
1149,20,12451,0.01818084716796875,0.01818084716796875,0.1341540813446045,0.13339654604593912,0.041666666666666664,0.041666666666666664,24
1150,20,8515,0.017606735229492188,0.017606735229492188,0.12487335006395976,0.12413973609606425,0.041666666666666664,0.041666666666666664,24
1151,20,11476,0.017217159271240234,0.017217159271240234,0.12225923935572307,0.12154185771942139,0.041666666666666664,0.041666666666666664,24
1152,20,8738,0.01573944091796875,0.01573944091796875,0.15010382731755575,0.14944801727930704,0.041666666666666664,0.041666666666666664,24
1153,20,9982,0.013372421264648438,0.013372421264648438,0.15698734919230142,0.15643016497294107,0.041666666666666664,0.041666666666666664,24
1154,20,6454,0.013337135314941406,-0.013337135314941406,0.11521697044372559,0.11577268441518147,0.041666666666666664,0.041666666666666664,24
1155,20,15849,0.012293815612792969,0.012293815612792969,0.12509489059448242,0.12458264827728271,0.041666666666666664,0.041666666666666664,24
1156,20,5434,0.007159233093261719,0.007159233093261719,0.12635095914204916,0.12605265776316324,0.041666666666666664,0.041666666666666664,24
1157,20,7485,0.006232261657714844,-0.006232261657714844,0.15593713521957397,0.15619681278864542,0.041666666666666664,0.041666666666666664,24
1158,20,10876,0.006047248840332031,0.006047248840332031,0.1454153060913086,0.14516333738962808,0.041666666666666664,0.041666666666666664,24
1159,20,8463,0.0027751922607421875,-0.0027751922607421875,0.11649141709009807,0.11660705010096233,0.041666666666666664,0.041666666666666664,24
1160,20,6938,0.0017499923706054688,0.0017499923706054688,0.12257138888041179,0.12249847253163655,0.041666666666666664,0.041666666666666664,24
1161,20,2695,0.0,0.0,0.0,0.0,0.0,0.0,24
1162,20,2717,0.0,0.0,0.0,0.0,0.0,0.0,24
1163,20,2351,0.0,0.0,0.0,0.0,0.0,0.0,24
1164,20,2352,0.0,0.0,0.0,0.0,0.0,0.0,24
1165,20,2343,0.0,0.0,0.0,0.0,0.0,0.0,24
1166,20,2715,0.0,0.0,0.0,0.0,0.0,0.0,24
1167,20,2689,0.0,0.0,0.0,0.0,0.0,0.0,24
1168,20,2316,0.0,0.0,0.0,0.0,0.0,0.0,24
1169,20,2317,0.0,0.0,0.0,0.0,0.0,0.0,24
1170,20,2342,0.0,0.0,0.0,0.0,0.0,0.0,24
1171,20,2716,0.0,0.0,0.0,0.0,0.0,0.0,24
1172,20,2696,0.0,0.0,0.0,0.0,0.0,0.0,24
1173,20,2311,0.0,0.0,0.0,0.0,0.0,0.0,24
1174,20,2353,0.0,0.0,0.0,0.0,0.0,0.0,24
1175,20,2718,0.0,0.0,0.0,0.0,0.0,0.0,24
1176,20,2688,0.0,0.0,0.0,0.0,0.0,0.0,24
1177,20,2340,0.0,0.0,0.0,0.0,0.0,0.0,24
1178,20,2354,0.0,0.0,0.0,0.0,0.0,0.0,24
1179,20,3028,0.0,0.0,0.0,0.0,0.0,0.0,24
1180,20,2314,0.0,0.0,0.0,0.0,0.0,0.0,24
1181,20,2339,0.0,0.0,0.0,0.0,0.0,0.0,24
1182,20,2313,0.0,0.0,0.0,0.0,0.0,0.0,24
1183,20,2348,0.0,0.0,0.0,0.0,0.0,0.0,24
1184,20,2347,0.0,0.0,0.0,0.0,0.0,0.0,24
1185,20,2349,0.0,0.0,0.0,0.0,0.0,0.0,24
1186,20,2355,0.0,0.0,0.0,0.0,0.0,0.0,24
1187,20,2691,0.0,0.0,0.0,0.0,0.0,0.0,24
1188,20,2690,0.0,0.0,0.0,0.0,0.0,0.0,24
1189,20,2345,0.0,0.0,0.0,0.0,0.0,0.0,24
1190,20,2315,0.0,0.0,0.0,0.0,0.0,0.0,24
1191,20,2356,0.0,0.0,0.0,0.0,0.0,0.0,24
1192,20,2312,0.0,0.0,0.0,0.0,0.0,0.0,24
1193,20,2693,0.0,0.0,0.0,0.0,0.0,0.0,24
1194,20,2350,0.0,0.0,0.0,0.0,0.0,0.0,24
1195,20,2694,0.0,0.0,0.0,0.0,0.0,0.0,24
1196,20,2358,0.0,0.0,0.0,0.0,0.0,0.0,24
1197,20,2327,0.0,0.0,0.0,0.0,0.0,0.0,24
1198,20,2699,0.0,0.0,0.0,0.0,0.0,0.0,24
1199,20,2700,0.0,0.0,0.0,0.0,0.0,0.0,24
1200,20,2701,0.0,0.0,0.0,0.0,0.0,0.0,24
1201,20,2685,0.0,0.0,0.0,0.0,0.0,0.0,24
1202,20,2332,0.0,0.0,0.0,0.0,0.0,0.0,24
1203,20,2335,0.0,0.0,0.0,0.0,0.0,0.0,24
1204,20,2686,0.0,0.0,0.0,0.0,0.0,0.0,24
1205,20,2707,0.0,0.0,0.0,0.0,0.0,0.0,24
1206,20,2357,0.0,0.0,0.0,0.0,0.0,0.0,24
1207,20,2326,0.0,0.0,0.0,0.0,0.0,0.0,24
1208,20,2683,0.0,0.0,0.0,0.0,0.0,0.0,24
1209,20,2328,0.0,0.0,0.0,0.0,0.0,0.0,24
1210,20,2706,0.0,0.0,0.0,0.0,0.0,0.0,24
1211,20,2334,0.0,0.0,0.0,0.0,0.0,0.0,24
1212,20,2329,0.0,0.0,0.0,0.0,0.0,0.0,24
1213,20,2333,0.0,0.0,0.0,0.0,0.0,0.0,24
1214,20,2702,0.0,0.0,0.0,0.0,0.0,0.0,24
1215,20,2705,0.0,0.0,0.0,0.0,0.0,0.0,24
1216,20,2703,0.0,0.0,0.0,0.0,0.0,0.0,24
1217,20,2330,0.0,0.0,0.0,0.0,0.0,0.0,24
1218,20,2338,0.0,0.0,0.0,0.0,0.0,0.0,24
1219,20,2318,0.0,0.0,0.0,0.0,0.0,0.0,24
1220,20,2319,0.0,0.0,0.0,0.0,0.0,0.0,24
1221,20,2320,0.0,0.0,0.0,0.0,0.0,0.0,24
1222,20,2697,0.0,0.0,0.0,0.0,0.0,0.0,24
1223,20,2698,0.0,0.0,0.0,0.0,0.0,0.0,24
1224,20,2687,0.0,0.0,0.0,0.0,0.0,0.0,24
1225,20,2704,0.0,0.0,0.0,0.0,0.0,0.0,24
1226,20,2713,0.0,0.0,0.0,0.0,0.0,0.0,24
1227,20,2712,0.0,0.0,0.0,0.0,0.0,0.0,24
1228,20,2331,0.0,0.0,0.0,0.0,0.0,0.0,24
1229,20,2684,0.0,0.0,0.0,0.0,0.0,0.0,24
1230,20,2321,0.0,0.0,0.0,0.0,0.0,0.0,24
1231,20,2711,0.0,0.0,0.0,0.0,0.0,0.0,24
1232,20,2710,0.0,0.0,0.0,0.0,0.0,0.0,24
1233,20,2322,0.0,0.0,0.0,0.0,0.0,0.0,24
1234,20,2709,0.0,0.0,0.0,0.0,0.0,0.0,24
1235,20,2324,0.0,0.0,0.0,0.0,0.0,0.0,24
1236,20,2337,0.0,0.0,0.0,0.0,0.0,0.0,24
1237,20,2325,0.0,0.0,0.0,0.0,0.0,0.0,24
1238,20,2708,0.0,0.0,0.0,0.0,0.0,0.0,24
1239,20,2336,0.0,0.0,0.0,0.0,0.0,0.0,24
1240,20,2775,0.0,0.0,0.0,0.0,0.0,0.0,24
1241,20,2258,0.0,0.0,0.0,0.0,0.0,0.0,24
1242,20,2772,0.0,0.0,0.0,0.0,0.0,0.0,24
1243,20,2773,0.0,0.0,0.0,0.0,0.0,0.0,24
1244,20,2257,0.0,0.0,0.0,0.0,0.0,0.0,24
1245,20,2256,0.0,0.0,0.0,0.0,0.0,0.0,24
1246,20,2255,0.0,0.0,0.0,0.0,0.0,0.0,24
1247,20,2774,0.0,0.0,0.0,0.0,0.0,0.0,24
1248,20,2254,0.0,0.0,0.0,0.0,0.0,0.0,24
1249,20,2253,0.0,0.0,0.0,0.0,0.0,0.0,24
1250,20,2259,0.0,0.0,0.0,0.0,0.0,0.0,24
1251,20,2252,0.0,0.0,0.0,0.0,0.0,0.0,24
1252,20,2251,0.0,0.0,0.0,0.0,0.0,0.0,24
1253,20,2250,0.0,0.0,0.0,0.0,0.0,0.0,24
1254,20,2249,0.0,0.0,0.0,0.0,0.0,0.0,24
1255,20,2247,0.0,0.0,0.0,0.0,0.0,0.0,24
1256,20,2777,0.0,0.0,0.0,0.0,0.0,0.0,24
1257,20,2246,0.0,0.0,0.0,0.0,0.0,0.0,24
1258,20,2245,0.0,0.0,0.0,0.0,0.0,0.0,24
1259,20,2778,0.0,0.0,0.0,0.0,0.0,0.0,24
1260,20,2766,0.0,0.0,0.0,0.0,0.0,0.0,24
1261,20,2268,0.0,0.0,0.0,0.0,0.0,0.0,24
1262,20,2763,0.0,0.0,0.0,0.0,0.0,0.0,24
1263,20,2267,0.0,0.0,0.0,0.0,0.0,0.0,24
1264,20,2266,0.0,0.0,0.0,0.0,0.0,0.0,24
1265,20,2265,0.0,0.0,0.0,0.0,0.0,0.0,24
1266,20,2764,0.0,0.0,0.0,0.0,0.0,0.0,24
1267,20,2264,0.0,0.0,0.0,0.0,0.0,0.0,24
1268,20,2765,0.0,0.0,0.0,0.0,0.0,0.0,24
1269,20,2263,0.0,0.0,0.0,0.0,0.0,0.0,24
1270,20,2244,0.0,0.0,0.0,0.0,0.0,0.0,24
1271,20,2767,0.0,0.0,0.0,0.0,0.0,0.0,24
1272,20,2768,0.0,0.0,0.0,0.0,0.0,0.0,24
1273,20,2769,0.0,0.0,0.0,0.0,0.0,0.0,24
1274,20,2262,0.0,0.0,0.0,0.0,0.0,0.0,24
1275,20,2261,0.0,0.0,0.0,0.0,0.0,0.0,24
1276,20,2770,0.0,0.0,0.0,0.0,0.0,0.0,24
1277,20,2260,0.0,0.0,0.0,0.0,0.0,0.0,24
1278,20,2771,0.0,0.0,0.0,0.0,0.0,0.0,24
1279,20,2224,0.0,0.0,0.0,0.0,0.0,0.0,24
1280,20,2232,0.0,0.0,0.0,0.0,0.0,0.0,24
1281,20,2231,0.0,0.0,0.0,0.0,0.0,0.0,24
1282,20,2230,0.0,0.0,0.0,0.0,0.0,0.0,24
1283,20,2229,0.0,0.0,0.0,0.0,0.0,0.0,24
1284,20,2789,0.0,0.0,0.0,0.0,0.0,0.0,24
1285,20,2228,0.0,0.0,0.0,0.0,0.0,0.0,24
1286,20,2227,0.0,0.0,0.0,0.0,0.0,0.0,24
1287,20,2226,0.0,0.0,0.0,0.0,0.0,0.0,24
1288,20,2225,0.0,0.0,0.0,0.0,0.0,0.0,24
1289,20,2787,0.0,0.0,0.0,0.0,0.0,0.0,24
1290,20,2222,0.0,0.0,0.0,0.0,0.0,0.0,24
1291,20,2790,0.0,0.0,0.0,0.0,0.0,0.0,24
1292,20,2221,0.0,0.0,0.0,0.0,0.0,0.0,24
1293,20,2791,0.0,0.0,0.0,0.0,0.0,0.0,24
1294,20,2792,0.0,0.0,0.0,0.0,0.0,0.0,24
1295,20,2793,0.0,0.0,0.0,0.0,0.0,0.0,24
1296,20,2220,0.0,0.0,0.0,0.0,0.0,0.0,24
1297,20,2794,0.0,0.0,0.0,0.0,0.0,0.0,24
1298,20,2237,0.0,0.0,0.0,0.0,0.0,0.0,24
1299,20,2243,0.0,0.0,0.0,0.0,0.0,0.0,24
1300,20,2242,0.0,0.0,0.0,0.0,0.0,0.0,24
1301,20,2779,0.0,0.0,0.0,0.0,0.0,0.0,24
1302,20,2780,0.0,0.0,0.0,0.0,0.0,0.0,24
1303,20,2241,0.0,0.0,0.0,0.0,0.0,0.0,24
1304,20,2240,0.0,0.0,0.0,0.0,0.0,0.0,24
1305,20,2239,0.0,0.0,0.0,0.0,0.0,0.0,24
1306,20,2781,0.0,0.0,0.0,0.0,0.0,0.0,24
1307,20,2238,0.0,0.0,0.0,0.0,0.0,0.0,24
1308,20,2762,0.0,0.0,0.0,0.0,0.0,0.0,24
1309,20,2236,0.0,0.0,0.0,0.0,0.0,0.0,24
1310,20,2782,0.0,0.0,0.0,0.0,0.0,0.0,24
1311,20,2783,0.0,0.0,0.0,0.0,0.0,0.0,24
1312,20,2235,0.0,0.0,0.0,0.0,0.0,0.0,24
1313,20,2233,0.0,0.0,0.0,0.0,0.0,0.0,24
1314,20,2784,0.0,0.0,0.0,0.0,0.0,0.0,24
1315,20,2785,0.0,0.0,0.0,0.0,0.0,0.0,24
1316,20,2786,0.0,0.0,0.0,0.0,0.0,0.0,24
1317,20,2295,0.0,0.0,0.0,0.0,0.0,0.0,24
1318,20,2729,0.0,0.0,0.0,0.0,0.0,0.0,24
1319,20,2730,0.0,0.0,0.0,0.0,0.0,0.0,24
1320,20,2731,0.0,0.0,0.0,0.0,0.0,0.0,24
1321,20,2732,0.0,0.0,0.0,0.0,0.0,0.0,24
1322,20,2299,0.0,0.0,0.0,0.0,0.0,0.0,24
1323,20,2298,0.0,0.0,0.0,0.0,0.0,0.0,24
1324,20,2297,0.0,0.0,0.0,0.0,0.0,0.0,24
1325,20,2296,0.0,0.0,0.0,0.0,0.0,0.0,24
1326,20,2733,0.0,0.0,0.0,0.0,0.0,0.0,24
1327,20,2300,0.0,0.0,0.0,0.0,0.0,0.0,24
1328,20,2734,0.0,0.0,0.0,0.0,0.0,0.0,24
1329,20,2737,0.0,0.0,0.0,0.0,0.0,0.0,24
1330,20,2738,0.0,0.0,0.0,0.0,0.0,0.0,24
1331,20,2293,0.0,0.0,0.0,0.0,0.0,0.0,24
1332,20,2292,0.0,0.0,0.0,0.0,0.0,0.0,24
1333,20,2291,0.0,0.0,0.0,0.0,0.0,0.0,24
1334,20,2739,0.0,0.0,0.0,0.0,0.0,0.0,24
1335,20,2290,0.0,0.0,0.0,0.0,0.0,0.0,24
1336,20,2289,0.0,0.0,0.0,0.0,0.0,0.0,24
1337,20,2303,0.0,0.0,0.0,0.0,0.0,0.0,24
1338,20,2719,0.0,0.0,0.0,0.0,0.0,0.0,24
1339,20,2720,0.0,0.0,0.0,0.0,0.0,0.0,24
1340,20,2309,0.0,0.0,0.0,0.0,0.0,0.0,24
1341,20,2721,0.0,0.0,0.0,0.0,0.0,0.0,24
1342,20,2308,0.0,0.0,0.0,0.0,0.0,0.0,24
1343,20,2307,0.0,0.0,0.0,0.0,0.0,0.0,24
1344,20,2306,0.0,0.0,0.0,0.0,0.0,0.0,24
1345,20,2304,0.0,0.0,0.0,0.0,0.0,0.0,24
1346,20,2722,0.0,0.0,0.0,0.0,0.0,0.0,24
1347,20,2740,0.0,0.0,0.0,0.0,0.0,0.0,24
1348,20,2723,0.0,0.0,0.0,0.0,0.0,0.0,24
1349,20,2724,0.0,0.0,0.0,0.0,0.0,0.0,24
1350,20,2725,0.0,0.0,0.0,0.0,0.0,0.0,24
1351,20,2726,0.0,0.0,0.0,0.0,0.0,0.0,24
1352,20,2302,0.0,0.0,0.0,0.0,0.0,0.0,24
1353,20,2301,0.0,0.0,0.0,0.0,0.0,0.0,24
1354,20,2727,0.0,0.0,0.0,0.0,0.0,0.0,24
1355,20,2728,0.0,0.0,0.0,0.0,0.0,0.0,24
1356,20,2276,0.0,0.0,0.0,0.0,0.0,0.0,24
1357,20,2757,0.0,0.0,0.0,0.0,0.0,0.0,24
1358,20,2282,0.0,0.0,0.0,0.0,0.0,0.0,24
1359,20,2281,0.0,0.0,0.0,0.0,0.0,0.0,24
1360,20,2280,0.0,0.0,0.0,0.0,0.0,0.0,24
1361,20,2279,0.0,0.0,0.0,0.0,0.0,0.0,24
1362,20,2758,0.0,0.0,0.0,0.0,0.0,0.0,24
1363,20,2278,0.0,0.0,0.0,0.0,0.0,0.0,24
1364,20,2277,0.0,0.0,0.0,0.0,0.0,0.0,24
1365,20,2759,0.0,0.0,0.0,0.0,0.0,0.0,24
1366,20,2756,0.0,0.0,0.0,0.0,0.0,0.0,24
1367,20,2275,0.0,0.0,0.0,0.0,0.0,0.0,24
1368,20,2273,0.0,0.0,0.0,0.0,0.0,0.0,24
1369,20,2272,0.0,0.0,0.0,0.0,0.0,0.0,24
1370,20,2271,0.0,0.0,0.0,0.0,0.0,0.0,24
1371,20,2270,0.0,0.0,0.0,0.0,0.0,0.0,24
1372,20,2269,0.0,0.0,0.0,0.0,0.0,0.0,24
1373,20,2760,0.0,0.0,0.0,0.0,0.0,0.0,24
1374,20,2761,0.0,0.0,0.0,0.0,0.0,0.0,24
1375,20,2284,0.0,0.0,0.0,0.0,0.0,0.0,24
1376,20,2741,0.0,0.0,0.0,0.0,0.0,0.0,24
1377,20,2288,0.0,0.0,0.0,0.0,0.0,0.0,24
1378,20,2742,0.0,0.0,0.0,0.0,0.0,0.0,24
1379,20,2287,0.0,0.0,0.0,0.0,0.0,0.0,24
1380,20,2743,0.0,0.0,0.0,0.0,0.0,0.0,24
1381,20,2744,0.0,0.0,0.0,0.0,0.0,0.0,24
1382,20,2286,0.0,0.0,0.0,0.0,0.0,0.0,24
1383,20,2285,0.0,0.0,0.0,0.0,0.0,0.0,24
1384,20,2746,0.0,0.0,0.0,0.0,0.0,0.0,24
1385,20,2310,0.0,0.0,0.0,0.0,0.0,0.0,24
1386,20,2747,0.0,0.0,0.0,0.0,0.0,0.0,24
1387,20,2748,0.0,0.0,0.0,0.0,0.0,0.0,24
1388,20,2283,0.0,0.0,0.0,0.0,0.0,0.0,24
1389,20,2750,0.0,0.0,0.0,0.0,0.0,0.0,24
1390,20,2751,0.0,0.0,0.0,0.0,0.0,0.0,24
1391,20,2753,0.0,0.0,0.0,0.0,0.0,0.0,24
1392,20,2754,0.0,0.0,0.0,0.0,0.0,0.0,24
1393,20,2755,0.0,0.0,0.0,0.0,0.0,0.0,24
1394,20,2586,0.0,0.0,0.0,0.0,0.0,0.0,24
1395,20,2580,0.0,0.0,0.0,0.0,0.0,0.0,24
1396,20,2476,0.0,0.0,0.0,0.0,0.0,0.0,24
1397,20,2581,0.0,0.0,0.0,0.0,0.0,0.0,24
1398,20,2475,0.0,0.0,0.0,0.0,0.0,0.0,24
1399,20,2582,0.0,0.0,0.0,0.0,0.0,0.0,24
1400,20,2584,0.0,0.0,0.0,0.0,0.0,0.0,24
1401,20,2474,0.0,0.0,0.0,0.0,0.0,0.0,24
1402,20,2473,0.0,0.0,0.0,0.0,0.0,0.0,24
1403,20,2585,0.0,0.0,0.0,0.0,0.0,0.0,24
1404,20,2579,0.0,0.0,0.0,0.0,0.0,0.0,24
1405,20,2587,0.0,0.0,0.0,0.0,0.0,0.0,24
1406,20,2472,0.0,0.0,0.0,0.0,0.0,0.0,24
1407,20,2471,0.0,0.0,0.0,0.0,0.0,0.0,24
1408,20,2588,0.0,0.0,0.0,0.0,0.0,0.0,24
1409,20,2589,0.0,0.0,0.0,0.0,0.0,0.0,24
1410,20,2590,0.0,0.0,0.0,0.0,0.0,0.0,24
1411,20,2470,0.0,0.0,0.0,0.0,0.0,0.0,24
1412,20,2469,0.0,0.0,0.0,0.0,0.0,0.0,24
1413,20,2573,0.0,0.0,0.0,0.0,0.0,0.0,24
1414,20,2570,0.0,0.0,0.0,0.0,0.0,0.0,24
1415,20,2485,0.0,0.0,0.0,0.0,0.0,0.0,24
1416,20,2571,0.0,0.0,0.0,0.0,0.0,0.0,24
1417,20,2484,0.0,0.0,0.0,0.0,0.0,0.0,24
1418,20,2483,0.0,0.0,0.0,0.0,0.0,0.0,24
1419,20,2482,0.0,0.0,0.0,0.0,0.0,0.0,24
1420,20,2481,0.0,0.0,0.0,0.0,0.0,0.0,24
1421,20,2572,0.0,0.0,0.0,0.0,0.0,0.0,24
1422,20,2480,0.0,0.0,0.0,0.0,0.0,0.0,24
1423,20,2468,0.0,0.0,0.0,0.0,0.0,0.0,24
1424,20,2479,0.0,0.0,0.0,0.0,0.0,0.0,24
1425,20,2574,0.0,0.0,0.0,0.0,0.0,0.0,24
1426,20,2575,0.0,0.0,0.0,0.0,0.0,0.0,24
1427,20,2478,0.0,0.0,0.0,0.0,0.0,0.0,24
1428,20,2477,0.0,0.0,0.0,0.0,0.0,0.0,24
1429,20,2576,0.0,0.0,0.0,0.0,0.0,0.0,24
1430,20,2577,0.0,0.0,0.0,0.0,0.0,0.0,24
1431,20,2578,0.0,0.0,0.0,0.0,0.0,0.0,24
1432,20,2454,0.0,0.0,0.0,0.0,0.0,0.0,24
1433,20,2603,0.0,0.0,0.0,0.0,0.0,0.0,24
1434,20,2459,0.0,0.0,0.0,0.0,0.0,0.0,24
1435,20,2458,0.0,0.0,0.0,0.0,0.0,0.0,24
1436,20,2604,0.0,0.0,0.0,0.0,0.0,0.0,24
1437,20,2457,0.0,0.0,0.0,0.0,0.0,0.0,24
1438,20,2456,0.0,0.0,0.0,0.0,0.0,0.0,24
1439,20,2605,0.0,0.0,0.0,0.0,0.0,0.0,24
1440,20,2606,0.0,0.0,0.0,0.0,0.0,0.0,24
1441,20,2455,0.0,0.0,0.0,0.0,0.0,0.0,24
1442,20,2602,0.0,0.0,0.0,0.0,0.0,0.0,24
1443,20,2453,0.0,0.0,0.0,0.0,0.0,0.0,24
1444,20,2607,0.0,0.0,0.0,0.0,0.0,0.0,24
1445,20,2608,0.0,0.0,0.0,0.0,0.0,0.0,24
1446,20,2452,0.0,0.0,0.0,0.0,0.0,0.0,24
1447,20,2451,0.0,0.0,0.0,0.0,0.0,0.0,24
1448,20,2609,0.0,0.0,0.0,0.0,0.0,0.0,24
1449,20,2610,0.0,0.0,0.0,0.0,0.0,0.0,24
1450,20,2611,0.0,0.0,0.0,0.0,0.0,0.0,24
1451,20,2464,0.0,0.0,0.0,0.0,0.0,0.0,24
1452,20,2467,0.0,0.0,0.0,0.0,0.0,0.0,24
1453,20,2591,0.0,0.0,0.0,0.0,0.0,0.0,24
1454,20,2592,0.0,0.0,0.0,0.0,0.0,0.0,24
1455,20,2466,0.0,0.0,0.0,0.0,0.0,0.0,24
1456,20,2593,0.0,0.0,0.0,0.0,0.0,0.0,24
1457,20,2594,0.0,0.0,0.0,0.0,0.0,0.0,24
1458,20,2595,0.0,0.0,0.0,0.0,0.0,0.0,24
1459,20,2596,0.0,0.0,0.0,0.0,0.0,0.0,24
1460,20,2465,0.0,0.0,0.0,0.0,0.0,0.0,24
1461,20,2487,0.0,0.0,0.0,0.0,0.0,0.0,24
1462,20,2463,0.0,0.0,0.0,0.0,0.0,0.0,24
1463,20,2461,0.0,0.0,0.0,0.0,0.0,0.0,24
1464,20,2460,0.0,0.0,0.0,0.0,0.0,0.0,24
1465,20,2597,0.0,0.0,0.0,0.0,0.0,0.0,24
1466,20,2598,0.0,0.0,0.0,0.0,0.0,0.0,24
1467,20,2599,0.0,0.0,0.0,0.0,0.0,0.0,24
1468,20,2600,0.0,0.0,0.0,0.0,0.0,0.0,24
1469,20,2601,0.0,0.0,0.0,0.0,0.0,0.0,24
1470,20,2548,0.0,0.0,0.0,0.0,0.0,0.0,24
1471,20,2543,0.0,0.0,0.0,0.0,0.0,0.0,24
1472,20,2521,0.0,0.0,0.0,0.0,0.0,0.0,24
1473,20,2544,0.0,0.0,0.0,0.0,0.0,0.0,24
1474,20,2519,0.0,0.0,0.0,0.0,0.0,0.0,24
1475,20,2518,0.0,0.0,0.0,0.0,0.0,0.0,24
1476,20,2545,0.0,0.0,0.0,0.0,0.0,0.0,24
1477,20,2517,0.0,0.0,0.0,0.0,0.0,0.0,24
1478,20,2546,0.0,0.0,0.0,0.0,0.0,0.0,24
1479,20,2547,0.0,0.0,0.0,0.0,0.0,0.0,24
1480,20,2542,0.0,0.0,0.0,0.0,0.0,0.0,24
1481,20,2549,0.0,0.0,0.0,0.0,0.0,0.0,24
1482,20,2516,0.0,0.0,0.0,0.0,0.0,0.0,24
1483,20,2550,0.0,0.0,0.0,0.0,0.0,0.0,24
1484,20,2551,0.0,0.0,0.0,0.0,0.0,0.0,24
1485,20,2515,0.0,0.0,0.0,0.0,0.0,0.0,24
1486,20,2514,0.0,0.0,0.0,0.0,0.0,0.0,24
1487,20,2552,0.0,0.0,0.0,0.0,0.0,0.0,24
1488,20,2553,0.0,0.0,0.0,0.0,0.0,0.0,24
1489,20,2528,0.0,0.0,0.0,0.0,0.0,0.0,24
1490,20,2533,0.0,0.0,0.0,0.0,0.0,0.0,24
1491,20,2532,0.0,0.0,0.0,0.0,0.0,0.0,24
1492,20,2534,0.0,0.0,0.0,0.0,0.0,0.0,24
1493,20,2531,0.0,0.0,0.0,0.0,0.0,0.0,24
1494,20,2530,0.0,0.0,0.0,0.0,0.0,0.0,24
1495,20,2536,0.0,0.0,0.0,0.0,0.0,0.0,24
1496,20,2537,0.0,0.0,0.0,0.0,0.0,0.0,24
1497,20,2538,0.0,0.0,0.0,0.0,0.0,0.0,24
1498,20,2529,0.0,0.0,0.0,0.0,0.0,0.0,24
1499,20,2513,0.0,0.0,0.0,0.0,0.0,0.0,24
1500,20,2527,0.0,0.0,0.0,0.0,0.0,0.0,24
1501,20,2526,0.0,0.0,0.0,0.0,0.0,0.0,24
1502,20,2539,0.0,0.0,0.0,0.0,0.0,0.0,24
1503,20,2540,0.0,0.0,0.0,0.0,0.0,0.0,24
1504,20,2525,0.0,0.0,0.0,0.0,0.0,0.0,24
1505,20,2541,0.0,0.0,0.0,0.0,0.0,0.0,24
1506,20,2524,0.0,0.0,0.0,0.0,0.0,0.0,24
1507,20,2522,0.0,0.0,0.0,0.0,0.0,0.0,24
1508,20,2495,0.0,0.0,0.0,0.0,0.0,0.0,24
1509,20,2565,0.0,0.0,0.0,0.0,0.0,0.0,24
1510,20,2566,0.0,0.0,0.0,0.0,0.0,0.0,24
1511,20,2502,0.0,0.0,0.0,0.0,0.0,0.0,24
1512,20,2501,0.0,0.0,0.0,0.0,0.0,0.0,24
1513,20,2500,0.0,0.0,0.0,0.0,0.0,0.0,24
1514,20,2498,0.0,0.0,0.0,0.0,0.0,0.0,24
1515,20,2497,0.0,0.0,0.0,0.0,0.0,0.0,24
1516,20,2567,0.0,0.0,0.0,0.0,0.0,0.0,24
1517,20,2496,0.0,0.0,0.0,0.0,0.0,0.0,24
1518,20,2503,0.0,0.0,0.0,0.0,0.0,0.0,24
1519,20,2494,0.0,0.0,0.0,0.0,0.0,0.0,24
1520,20,2568,0.0,0.0,0.0,0.0,0.0,0.0,24
1521,20,2493,0.0,0.0,0.0,0.0,0.0,0.0,24
1522,20,2569,0.0,0.0,0.0,0.0,0.0,0.0,24
1523,20,2492,0.0,0.0,0.0,0.0,0.0,0.0,24
1524,20,2491,0.0,0.0,0.0,0.0,0.0,0.0,24
1525,20,2489,0.0,0.0,0.0,0.0,0.0,0.0,24
1526,20,2488,0.0,0.0,0.0,0.0,0.0,0.0,24
1527,20,2507,0.0,0.0,0.0,0.0,0.0,0.0,24
1528,20,2511,0.0,0.0,0.0,0.0,0.0,0.0,24
1529,20,2554,0.0,0.0,0.0,0.0,0.0,0.0,24
1530,20,2555,0.0,0.0,0.0,0.0,0.0,0.0,24
1531,20,2556,0.0,0.0,0.0,0.0,0.0,0.0,24
1532,20,2557,0.0,0.0,0.0,0.0,0.0,0.0,24
1533,20,2558,0.0,0.0,0.0,0.0,0.0,0.0,24
1534,20,2510,0.0,0.0,0.0,0.0,0.0,0.0,24
1535,20,2509,0.0,0.0,0.0,0.0,0.0,0.0,24
1536,20,2450,0.0,0.0,0.0,0.0,0.0,0.0,24
1537,20,2506,0.0,0.0,0.0,0.0,0.0,0.0,24
1538,20,2505,0.0,0.0,0.0,0.0,0.0,0.0,24
1539,20,2504,0.0,0.0,0.0,0.0,0.0,0.0,24
1540,20,2559,0.0,0.0,0.0,0.0,0.0,0.0,24
1541,20,2560,0.0,0.0,0.0,0.0,0.0,0.0,24
1542,20,2561,0.0,0.0,0.0,0.0,0.0,0.0,24
1543,20,2563,0.0,0.0,0.0,0.0,0.0,0.0,24
1544,20,2564,0.0,0.0,0.0,0.0,0.0,0.0,24
1545,20,2389,0.0,0.0,0.0,0.0,0.0,0.0,24
1546,20,2659,0.0,0.0,0.0,0.0,0.0,0.0,24
1547,20,2393,0.0,0.0,0.0,0.0,0.0,0.0,24
1548,20,2660,0.0,0.0,0.0,0.0,0.0,0.0,24
1549,20,2392,0.0,0.0,0.0,0.0,0.0,0.0,24
1550,20,2391,0.0,0.0,0.0,0.0,0.0,0.0,24
1551,20,2661,0.0,0.0,0.0,0.0,0.0,0.0,24
1552,20,2662,0.0,0.0,0.0,0.0,0.0,0.0,24
1553,20,2663,0.0,0.0,0.0,0.0,0.0,0.0,24
1554,20,2390,0.0,0.0,0.0,0.0,0.0,0.0,24
1555,20,2394,0.0,0.0,0.0,0.0,0.0,0.0,24
1556,20,2388,0.0,0.0,0.0,0.0,0.0,0.0,24
1557,20,2665,0.0,0.0,0.0,0.0,0.0,0.0,24
1558,20,2387,0.0,0.0,0.0,0.0,0.0,0.0,24
1559,20,2386,0.0,0.0,0.0,0.0,0.0,0.0,24
1560,20,2385,0.0,0.0,0.0,0.0,0.0,0.0,24
1561,20,2666,0.0,0.0,0.0,0.0,0.0,0.0,24
1562,20,2384,0.0,0.0,0.0,0.0,0.0,0.0,24
1563,20,2667,0.0,0.0,0.0,0.0,0.0,0.0,24
1564,20,2400,0.0,0.0,0.0,0.0,0.0,0.0,24
1565,20,2408,0.0,0.0,0.0,0.0,0.0,0.0,24
1566,20,2654,0.0,0.0,0.0,0.0,0.0,0.0,24
1567,20,2407,0.0,0.0,0.0,0.0,0.0,0.0,24
1568,20,2655,0.0,0.0,0.0,0.0,0.0,0.0,24
1569,20,2406,0.0,0.0,0.0,0.0,0.0,0.0,24
1570,20,2405,0.0,0.0,0.0,0.0,0.0,0.0,24
1571,20,2403,0.0,0.0,0.0,0.0,0.0,0.0,24
1572,20,2402,0.0,0.0,0.0,0.0,0.0,0.0,24
1573,20,2401,0.0,0.0,0.0,0.0,0.0,0.0,24
1574,20,2668,0.0,0.0,0.0,0.0,0.0,0.0,24
1575,20,2656,0.0,0.0,0.0,0.0,0.0,0.0,24
1576,20,2657,0.0,0.0,0.0,0.0,0.0,0.0,24
1577,20,2399,0.0,0.0,0.0,0.0,0.0,0.0,24
1578,20,2398,0.0,0.0,0.0,0.0,0.0,0.0,24
1579,20,2397,0.0,0.0,0.0,0.0,0.0,0.0,24
1580,20,2396,0.0,0.0,0.0,0.0,0.0,0.0,24
1581,20,2658,0.0,0.0,0.0,0.0,0.0,0.0,24
1582,20,2395,0.0,0.0,0.0,0.0,0.0,0.0,24
1583,20,2365,0.0,0.0,0.0,0.0,0.0,0.0,24
1584,20,2371,0.0,0.0,0.0,0.0,0.0,0.0,24
1585,20,2370,0.0,0.0,0.0,0.0,0.0,0.0,24
1586,20,2369,0.0,0.0,0.0,0.0,0.0,0.0,24
1587,20,2676,0.0,0.0,0.0,0.0,0.0,0.0,24
1588,20,2677,0.0,0.0,0.0,0.0,0.0,0.0,24
1589,20,2368,0.0,0.0,0.0,0.0,0.0,0.0,24
1590,20,2367,0.0,0.0,0.0,0.0,0.0,0.0,24
1591,20,2678,0.0,0.0,0.0,0.0,0.0,0.0,24
1592,20,2366,0.0,0.0,0.0,0.0,0.0,0.0,24
1593,20,2675,0.0,0.0,0.0,0.0,0.0,0.0,24
1594,20,2679,0.0,0.0,0.0,0.0,0.0,0.0,24
1595,20,2364,0.0,0.0,0.0,0.0,0.0,0.0,24
1596,20,2680,0.0,0.0,0.0,0.0,0.0,0.0,24
1597,20,2681,0.0,0.0,0.0,0.0,0.0,0.0,24
1598,20,2682,0.0,0.0,0.0,0.0,0.0,0.0,24
1599,20,2363,0.0,0.0,0.0,0.0,0.0,0.0,24
1600,20,2362,0.0,0.0,0.0,0.0,0.0,0.0,24
1601,20,2360,0.0,0.0,0.0,0.0,0.0,0.0,24
1602,20,2672,0.0,0.0,0.0,0.0,0.0,0.0,24
1603,20,2383,0.0,0.0,0.0,0.0,0.0,0.0,24
1604,20,2382,0.0,0.0,0.0,0.0,0.0,0.0,24
1605,20,2381,0.0,0.0,0.0,0.0,0.0,0.0,24
1606,20,2380,0.0,0.0,0.0,0.0,0.0,0.0,24
1607,20,2669,0.0,0.0,0.0,0.0,0.0,0.0,24
1608,20,2670,0.0,0.0,0.0,0.0,0.0,0.0,24
1609,20,2671,0.0,0.0,0.0,0.0,0.0,0.0,24
1610,20,2379,0.0,0.0,0.0,0.0,0.0,0.0,24
1611,20,2651,0.0,0.0,0.0,0.0,0.0,0.0,24
1612,20,2377,0.0,0.0,0.0,0.0,0.0,0.0,24
1613,20,2376,0.0,0.0,0.0,0.0,0.0,0.0,24
1614,20,2375,0.0,0.0,0.0,0.0,0.0,0.0,24
1615,20,2374,0.0,0.0,0.0,0.0,0.0,0.0,24
1616,20,2373,0.0,0.0,0.0,0.0,0.0,0.0,24
1617,20,2673,0.0,0.0,0.0,0.0,0.0,0.0,24
1618,20,2372,0.0,0.0,0.0,0.0,0.0,0.0,24
1619,20,2674,0.0,0.0,0.0,0.0,0.0,0.0,24
1620,20,2624,0.0,0.0,0.0,0.0,0.0,0.0,24
1621,20,2436,0.0,0.0,0.0,0.0,0.0,0.0,24
1622,20,2435,0.0,0.0,0.0,0.0,0.0,0.0,24
1623,20,2619,0.0,0.0,0.0,0.0,0.0,0.0,24
1624,20,2621,0.0,0.0,0.0,0.0,0.0,0.0,24
1625,20,2622,0.0,0.0,0.0,0.0,0.0,0.0,24
1626,20,2434,0.0,0.0,0.0,0.0,0.0,0.0,24
1627,20,2623,0.0,0.0,0.0,0.0,0.0,0.0,24
1628,20,2433,0.0,0.0,0.0,0.0,0.0,0.0,24
1629,20,2432,0.0,0.0,0.0,0.0,0.0,0.0,24
1630,20,2618,0.0,0.0,0.0,0.0,0.0,0.0,24
1631,20,2431,0.0,0.0,0.0,0.0,0.0,0.0,24
1632,20,2625,0.0,0.0,0.0,0.0,0.0,0.0,24
1633,20,2626,0.0,0.0,0.0,0.0,0.0,0.0,24
1634,20,2627,0.0,0.0,0.0,0.0,0.0,0.0,24
1635,20,2628,0.0,0.0,0.0,0.0,0.0,0.0,24
1636,20,2629,0.0,0.0,0.0,0.0,0.0,0.0,24
1637,20,2630,0.0,0.0,0.0,0.0,0.0,0.0,24
1638,20,2631,0.0,0.0,0.0,0.0,0.0,0.0,24
1639,20,2441,0.0,0.0,0.0,0.0,0.0,0.0,24
1640,20,2449,0.0,0.0,0.0,0.0,0.0,0.0,24
1641,20,2612,0.0,0.0,0.0,0.0,0.0,0.0,24
1642,20,2448,0.0,0.0,0.0,0.0,0.0,0.0,24
1643,20,2447,0.0,0.0,0.0,0.0,0.0,0.0,24
1644,20,2613,0.0,0.0,0.0,0.0,0.0,0.0,24
1645,20,2446,0.0,0.0,0.0,0.0,0.0,0.0,24
1646,20,2444,0.0,0.0,0.0,0.0,0.0,0.0,24
1647,20,2443,0.0,0.0,0.0,0.0,0.0,0.0,24
1648,20,2442,0.0,0.0,0.0,0.0,0.0,0.0,24
1649,20,2632,0.0,0.0,0.0,0.0,0.0,0.0,24
1650,20,2440,0.0,0.0,0.0,0.0,0.0,0.0,24
1651,20,2614,0.0,0.0,0.0,0.0,0.0,0.0,24
1652,20,2615,0.0,0.0,0.0,0.0,0.0,0.0,24
1653,20,2439,0.0,0.0,0.0,0.0,0.0,0.0,24
1654,20,2438,0.0,0.0,0.0,0.0,0.0,0.0,24
1655,20,2437,0.0,0.0,0.0,0.0,0.0,0.0,24
1656,20,2616,0.0,0.0,0.0,0.0,0.0,0.0,24
1657,20,2617,0.0,0.0,0.0,0.0,0.0,0.0,24
1658,20,2413,0.0,0.0,0.0,0.0,0.0,0.0,24
1659,20,2419,0.0,0.0,0.0,0.0,0.0,0.0,24
1660,20,2642,0.0,0.0,0.0,0.0,0.0,0.0,24
1661,20,2643,0.0,0.0,0.0,0.0,0.0,0.0,24
1662,20,2417,0.0,0.0,0.0,0.0,0.0,0.0,24
1663,20,2416,0.0,0.0,0.0,0.0,0.0,0.0,24
1664,20,2415,0.0,0.0,0.0,0.0,0.0,0.0,24
1665,20,2414,0.0,0.0,0.0,0.0,0.0,0.0,24
1666,20,2645,0.0,0.0,0.0,0.0,0.0,0.0,24
1667,20,2646,0.0,0.0,0.0,0.0,0.0,0.0,24
1668,20,2420,0.0,0.0,0.0,0.0,0.0,0.0,24
1669,20,2647,0.0,0.0,0.0,0.0,0.0,0.0,24
1670,20,2648,0.0,0.0,0.0,0.0,0.0,0.0,24
1671,20,2412,0.0,0.0,0.0,0.0,0.0,0.0,24
1672,20,2649,0.0,0.0,0.0,0.0,0.0,0.0,24
1673,20,2411,0.0,0.0,0.0,0.0,0.0,0.0,24
1674,20,2650,0.0,0.0,0.0,0.0,0.0,0.0,24
1675,20,2410,0.0,0.0,0.0,0.0,0.0,0.0,24
1676,20,2409,0.0,0.0,0.0,0.0,0.0,0.0,24
1677,20,2426,0.0,0.0,0.0,0.0,0.0,0.0,24
1678,20,2430,0.0,0.0,0.0,0.0,0.0,0.0,24
1679,20,2633,0.0,0.0,0.0,0.0,0.0,0.0,24
1680,20,2429,0.0,0.0,0.0,0.0,0.0,0.0,24
1681,20,2634,0.0,0.0,0.0,0.0,0.0,0.0,24
1682,20,2635,0.0,0.0,0.0,0.0,0.0,0.0,24
1683,20,2428,0.0,0.0,0.0,0.0,0.0,0.0,24
1684,20,2636,0.0,0.0,0.0,0.0,0.0,0.0,24
1685,20,2637,0.0,0.0,0.0,0.0,0.0,0.0,24
1686,20,2359,0.0,0.0,0.0,0.0,0.0,0.0,24
1687,20,2425,0.0,0.0,0.0,0.0,0.0,0.0,24
1688,20,2424,0.0,0.0,0.0,0.0,0.0,0.0,24
1689,20,2423,0.0,0.0,0.0,0.0,0.0,0.0,24
1690,20,2638,0.0,0.0,0.0,0.0,0.0,0.0,24
1691,20,2422,0.0,0.0,0.0,0.0,0.0,0.0,24
1692,20,2421,0.0,0.0,0.0,0.0,0.0,0.0,24
1693,20,2639,0.0,0.0,0.0,0.0,0.0,0.0,24
1694,20,2641,0.0,0.0,0.0,0.0,0.0,0.0,24
1695,20,3474,0.0,0.0,0.0,0.0,0.0,0.0,24
1696,20,3458,0.0,0.0,0.0,0.0,0.0,0.0,24
1697,20,3459,0.0,0.0,0.0,0.0,0.0,0.0,24
1698,20,3460,0.0,0.0,0.0,0.0,0.0,0.0,24
1699,20,3461,0.0,0.0,0.0,0.0,0.0,0.0,24
1700,20,3463,0.0,0.0,0.0,0.0,0.0,0.0,24
1701,20,3464,0.0,0.0,0.0,0.0,0.0,0.0,24
1702,20,3465,0.0,0.0,0.0,0.0,0.0,0.0,24
1703,20,3466,0.0,0.0,0.0,0.0,0.0,0.0,24
1704,20,3467,0.0,0.0,0.0,0.0,0.0,0.0,24
1705,20,3468,0.0,0.0,0.0,0.0,0.0,0.0,24
1706,20,3469,0.0,0.0,0.0,0.0,0.0,0.0,24
1707,20,3471,0.0,0.0,0.0,0.0,0.0,0.0,24
1708,20,3472,0.0,0.0,0.0,0.0,0.0,0.0,24
1709,20,3473,0.0,0.0,0.0,0.0,0.0,0.0,24
1710,20,3457,0.0,0.0,0.0,0.0,0.0,0.0,24
1711,20,3475,0.0,0.0,0.0,0.0,0.0,0.0,24
1712,20,3476,0.0,0.0,0.0,0.0,0.0,0.0,24
1713,20,3477,0.0,0.0,0.0,0.0,0.0,0.0,24
1714,20,3479,0.0,0.0,0.0,0.0,0.0,0.0,24
1715,20,3480,0.0,0.0,0.0,0.0,0.0,0.0,24
1716,20,3481,0.0,0.0,0.0,0.0,0.0,0.0,24
1717,20,3482,0.0,0.0,0.0,0.0,0.0,0.0,24
1718,20,3483,0.0,0.0,0.0,0.0,0.0,0.0,24
1719,20,3484,0.0,0.0,0.0,0.0,0.0,0.0,24
1720,20,3485,0.0,0.0,0.0,0.0,0.0,0.0,24
1721,20,3486,0.0,0.0,0.0,0.0,0.0,0.0,24
1722,20,3487,0.0,0.0,0.0,0.0,0.0,0.0,24
1723,20,3488,0.0,0.0,0.0,0.0,0.0,0.0,24
1724,20,3489,0.0,0.0,0.0,0.0,0.0,0.0,24
1725,20,3442,0.0,0.0,0.0,0.0,0.0,0.0,24
1726,20,3427,0.0,0.0,0.0,0.0,0.0,0.0,24
1727,20,3428,0.0,0.0,0.0,0.0,0.0,0.0,24
1728,20,3429,0.0,0.0,0.0,0.0,0.0,0.0,24
1729,20,3430,0.0,0.0,0.0,0.0,0.0,0.0,24
1730,20,3431,0.0,0.0,0.0,0.0,0.0,0.0,24
1731,20,3432,0.0,0.0,0.0,0.0,0.0,0.0,24
1732,20,3433,0.0,0.0,0.0,0.0,0.0,0.0,24
1733,20,3435,0.0,0.0,0.0,0.0,0.0,0.0,24
1734,20,3436,0.0,0.0,0.0,0.0,0.0,0.0,24
1735,20,3437,0.0,0.0,0.0,0.0,0.0,0.0,24
1736,20,3438,0.0,0.0,0.0,0.0,0.0,0.0,24
1737,20,3439,0.0,0.0,0.0,0.0,0.0,0.0,24
1738,20,3440,0.0,0.0,0.0,0.0,0.0,0.0,24
1739,20,3441,0.0,0.0,0.0,0.0,0.0,0.0,24
1740,20,3490,0.0,0.0,0.0,0.0,0.0,0.0,24
1741,20,3443,0.0,0.0,0.0,0.0,0.0,0.0,24
1742,20,3444,0.0,0.0,0.0,0.0,0.0,0.0,24
1743,20,3445,0.0,0.0,0.0,0.0,0.0,0.0,24
1744,20,3446,0.0,0.0,0.0,0.0,0.0,0.0,24
1745,20,3448,0.0,0.0,0.0,0.0,0.0,0.0,24
1746,20,3449,0.0,0.0,0.0,0.0,0.0,0.0,24
1747,20,3450,0.0,0.0,0.0,0.0,0.0,0.0,24
1748,20,3451,0.0,0.0,0.0,0.0,0.0,0.0,24
1749,20,3452,0.0,0.0,0.0,0.0,0.0,0.0,24
1750,20,3453,0.0,0.0,0.0,0.0,0.0,0.0,24
1751,20,3454,0.0,0.0,0.0,0.0,0.0,0.0,24
1752,20,3455,0.0,0.0,0.0,0.0,0.0,0.0,24
1753,20,3456,0.0,0.0,0.0,0.0,0.0,0.0,24
1754,20,3537,0.0,0.0,0.0,0.0,0.0,0.0,24
1755,20,3523,0.0,0.0,0.0,0.0,0.0,0.0,24
1756,20,3524,0.0,0.0,0.0,0.0,0.0,0.0,24
1757,20,3525,0.0,0.0,0.0,0.0,0.0,0.0,24
1758,20,3526,0.0,0.0,0.0,0.0,0.0,0.0,24
1759,20,3527,0.0,0.0,0.0,0.0,0.0,0.0,24
1760,20,3528,0.0,0.0,0.0,0.0,0.0,0.0,24
1761,20,3529,0.0,0.0,0.0,0.0,0.0,0.0,24
1762,20,3530,0.0,0.0,0.0,0.0,0.0,0.0,24
1763,20,3531,0.0,0.0,0.0,0.0,0.0,0.0,24
1764,20,3532,0.0,0.0,0.0,0.0,0.0,0.0,24
1765,20,3533,0.0,0.0,0.0,0.0,0.0,0.0,24
1766,20,3534,0.0,0.0,0.0,0.0,0.0,0.0,24
1767,20,3535,0.0,0.0,0.0,0.0,0.0,0.0,24
1768,20,3536,0.0,0.0,0.0,0.0,0.0,0.0,24
1769,20,3521,0.0,0.0,0.0,0.0,0.0,0.0,24
1770,20,3538,0.0,0.0,0.0,0.0,0.0,0.0,24
1771,20,3539,0.0,0.0,0.0,0.0,0.0,0.0,24
1772,20,3540,0.0,0.0,0.0,0.0,0.0,0.0,24
1773,20,3541,0.0,0.0,0.0,0.0,0.0,0.0,24
1774,20,3542,0.0,0.0,0.0,0.0,0.0,0.0,24
1775,20,3543,0.0,0.0,0.0,0.0,0.0,0.0,24
1776,20,3544,0.0,0.0,0.0,0.0,0.0,0.0,24
1777,20,3545,0.0,0.0,0.0,0.0,0.0,0.0,24
1778,20,3546,0.0,0.0,0.0,0.0,0.0,0.0,24
1779,20,3547,0.0,0.0,0.0,0.0,0.0,0.0,24
1780,20,3548,0.0,0.0,0.0,0.0,0.0,0.0,24
1781,20,3549,0.0,0.0,0.0,0.0,0.0,0.0,24
1782,20,3550,0.0,0.0,0.0,0.0,0.0,0.0,24
1783,20,3551,0.0,0.0,0.0,0.0,0.0,0.0,24
1784,20,3506,0.0,0.0,0.0,0.0,0.0,0.0,24
1785,20,3492,0.0,0.0,0.0,0.0,0.0,0.0,24
1786,20,3493,0.0,0.0,0.0,0.0,0.0,0.0,24
1787,20,3494,0.0,0.0,0.0,0.0,0.0,0.0,24
1788,20,3495,0.0,0.0,0.0,0.0,0.0,0.0,24
1789,20,3496,0.0,0.0,0.0,0.0,0.0,0.0,24
1790,20,3497,0.0,0.0,0.0,0.0,0.0,0.0,24
1791,20,3498,0.0,0.0,0.0,0.0,0.0,0.0,24
1792,20,3499,0.0,0.0,0.0,0.0,0.0,0.0,24
1793,20,3500,0.0,0.0,0.0,0.0,0.0,0.0,24
1794,20,3501,0.0,0.0,0.0,0.0,0.0,0.0,24
1795,20,3502,0.0,0.0,0.0,0.0,0.0,0.0,24
1796,20,3503,0.0,0.0,0.0,0.0,0.0,0.0,24
1797,20,3504,0.0,0.0,0.0,0.0,0.0,0.0,24
1798,20,3505,0.0,0.0,0.0,0.0,0.0,0.0,24
1799,20,3425,0.0,0.0,0.0,0.0,0.0,0.0,24
1800,20,3508,0.0,0.0,0.0,0.0,0.0,0.0,24
1801,20,3509,0.0,0.0,0.0,0.0,0.0,0.0,24
1802,20,3510,0.0,0.0,0.0,0.0,0.0,0.0,24
1803,20,3511,0.0,0.0,0.0,0.0,0.0,0.0,24
1804,20,3512,0.0,0.0,0.0,0.0,0.0,0.0,24
1805,20,3513,0.0,0.0,0.0,0.0,0.0,0.0,24
1806,20,3514,0.0,0.0,0.0,0.0,0.0,0.0,24
1807,20,3515,0.0,0.0,0.0,0.0,0.0,0.0,24
1808,20,3516,0.0,0.0,0.0,0.0,0.0,0.0,24
1809,20,3517,0.0,0.0,0.0,0.0,0.0,0.0,24
1810,20,3518,0.0,0.0,0.0,0.0,0.0,0.0,24
1811,20,3519,0.0,0.0,0.0,0.0,0.0,0.0,24
1812,20,3520,0.0,0.0,0.0,0.0,0.0,0.0,24
1813,20,3345,0.0,0.0,0.0,0.0,0.0,0.0,24
1814,20,3330,0.0,0.0,0.0,0.0,0.0,0.0,24
1815,20,3331,0.0,0.0,0.0,0.0,0.0,0.0,24
1816,20,3332,0.0,0.0,0.0,0.0,0.0,0.0,24
1817,20,3333,0.0,0.0,0.0,0.0,0.0,0.0,24
1818,20,3334,0.0,0.0,0.0,0.0,0.0,0.0,24
1819,20,3335,0.0,0.0,0.0,0.0,0.0,0.0,24
1820,20,3336,0.0,0.0,0.0,0.0,0.0,0.0,24
1821,20,3337,0.0,0.0,0.0,0.0,0.0,0.0,24
1822,20,3338,0.0,0.0,0.0,0.0,0.0,0.0,24
1823,20,3340,0.0,0.0,0.0,0.0,0.0,0.0,24
1824,20,3341,0.0,0.0,0.0,0.0,0.0,0.0,24
1825,20,3342,0.0,0.0,0.0,0.0,0.0,0.0,24
1826,20,3343,0.0,0.0,0.0,0.0,0.0,0.0,24
1827,20,3344,0.0,0.0,0.0,0.0,0.0,0.0,24
1828,20,3329,0.0,0.0,0.0,0.0,0.0,0.0,24
1829,20,3346,0.0,0.0,0.0,0.0,0.0,0.0,24
1830,20,3347,0.0,0.0,0.0,0.0,0.0,0.0,24
1831,20,3348,0.0,0.0,0.0,0.0,0.0,0.0,24
1832,20,3349,0.0,0.0,0.0,0.0,0.0,0.0,24
1833,20,3350,0.0,0.0,0.0,0.0,0.0,0.0,24
1834,20,3351,0.0,0.0,0.0,0.0,0.0,0.0,24
1835,20,3352,0.0,0.0,0.0,0.0,0.0,0.0,24
1836,20,3353,0.0,0.0,0.0,0.0,0.0,0.0,24
1837,20,3354,0.0,0.0,0.0,0.0,0.0,0.0,24
1838,20,3355,0.0,0.0,0.0,0.0,0.0,0.0,24
1839,20,3357,0.0,0.0,0.0,0.0,0.0,0.0,24
1840,20,3358,0.0,0.0,0.0,0.0,0.0,0.0,24
1841,20,3359,0.0,0.0,0.0,0.0,0.0,0.0,24
1842,20,3360,0.0,0.0,0.0,0.0,0.0,0.0,24
1843,20,3314,0.0,0.0,0.0,0.0,0.0,0.0,24
1844,20,3300,0.0,0.0,0.0,0.0,0.0,0.0,24
1845,20,3301,0.0,0.0,0.0,0.0,0.0,0.0,24
1846,20,3302,0.0,0.0,0.0,0.0,0.0,0.0,24
1847,20,3303,0.0,0.0,0.0,0.0,0.0,0.0,24
1848,20,3304,0.0,0.0,0.0,0.0,0.0,0.0,24
1849,20,3305,0.0,0.0,0.0,0.0,0.0,0.0,24
1850,20,3306,0.0,0.0,0.0,0.0,0.0,0.0,24
1851,20,3307,0.0,0.0,0.0,0.0,0.0,0.0,24
1852,20,3308,0.0,0.0,0.0,0.0,0.0,0.0,24
1853,20,3309,0.0,0.0,0.0,0.0,0.0,0.0,24
1854,20,3310,0.0,0.0,0.0,0.0,0.0,0.0,24
1855,20,3311,0.0,0.0,0.0,0.0,0.0,0.0,24
1856,20,3312,0.0,0.0,0.0,0.0,0.0,0.0,24
1857,20,3313,0.0,0.0,0.0,0.0,0.0,0.0,24
1858,20,3361,0.0,0.0,0.0,0.0,0.0,0.0,24
1859,20,3315,0.0,0.0,0.0,0.0,0.0,0.0,24
1860,20,3316,0.0,0.0,0.0,0.0,0.0,0.0,24
1861,20,3317,0.0,0.0,0.0,0.0,0.0,0.0,24
1862,20,3318,0.0,0.0,0.0,0.0,0.0,0.0,24
1863,20,3320,0.0,0.0,0.0,0.0,0.0,0.0,24
1864,20,3321,0.0,0.0,0.0,0.0,0.0,0.0,24
1865,20,3322,0.0,0.0,0.0,0.0,0.0,0.0,24
1866,20,3323,0.0,0.0,0.0,0.0,0.0,0.0,24
1867,20,3324,0.0,0.0,0.0,0.0,0.0,0.0,24
1868,20,3325,0.0,0.0,0.0,0.0,0.0,0.0,24
1869,20,3326,0.0,0.0,0.0,0.0,0.0,0.0,24
1870,20,3327,0.0,0.0,0.0,0.0,0.0,0.0,24
1871,20,3328,0.0,0.0,0.0,0.0,0.0,0.0,24
1872,20,3407,0.0,0.0,0.0,0.0,0.0,0.0,24
1873,20,3393,0.0,0.0,0.0,0.0,0.0,0.0,24
1874,20,3394,0.0,0.0,0.0,0.0,0.0,0.0,24
1875,20,3395,0.0,0.0,0.0,0.0,0.0,0.0,24
1876,20,3396,0.0,0.0,0.0,0.0,0.0,0.0,24
1877,20,3397,0.0,0.0,0.0,0.0,0.0,0.0,24
1878,20,3398,0.0,0.0,0.0,0.0,0.0,0.0,24
1879,20,3399,0.0,0.0,0.0,0.0,0.0,0.0,24
1880,20,3400,0.0,0.0,0.0,0.0,0.0,0.0,24
1881,20,3401,0.0,0.0,0.0,0.0,0.0,0.0,24
1882,20,3402,0.0,0.0,0.0,0.0,0.0,0.0,24
1883,20,3403,0.0,0.0,0.0,0.0,0.0,0.0,24
1884,20,3404,0.0,0.0,0.0,0.0,0.0,0.0,24
1885,20,3405,0.0,0.0,0.0,0.0,0.0,0.0,24
1886,20,3406,0.0,0.0,0.0,0.0,0.0,0.0,24
1887,20,3392,0.0,0.0,0.0,0.0,0.0,0.0,24
1888,20,3408,0.0,0.0,0.0,0.0,0.0,0.0,24
1889,20,3409,0.0,0.0,0.0,0.0,0.0,0.0,24
1890,20,3411,0.0,0.0,0.0,0.0,0.0,0.0,24
1891,20,3412,0.0,0.0,0.0,0.0,0.0,0.0,24
1892,20,3413,0.0,0.0,0.0,0.0,0.0,0.0,24
1893,20,3414,0.0,0.0,0.0,0.0,0.0,0.0,24
1894,20,3416,0.0,0.0,0.0,0.0,0.0,0.0,24
1895,20,3417,0.0,0.0,0.0,0.0,0.0,0.0,24
1896,20,3418,0.0,0.0,0.0,0.0,0.0,0.0,24
1897,20,3419,0.0,0.0,0.0,0.0,0.0,0.0,24
1898,20,3420,0.0,0.0,0.0,0.0,0.0,0.0,24
1899,20,3421,0.0,0.0,0.0,0.0,0.0,0.0,24
1900,20,3423,0.0,0.0,0.0,0.0,0.0,0.0,24
1901,20,3424,0.0,0.0,0.0,0.0,0.0,0.0,24
1902,20,3377,0.0,0.0,0.0,0.0,0.0,0.0,24
1903,20,3362,0.0,0.0,0.0,0.0,0.0,0.0,24
1904,20,3363,0.0,0.0,0.0,0.0,0.0,0.0,24
1905,20,3364,0.0,0.0,0.0,0.0,0.0,0.0,24
1906,20,3365,0.0,0.0,0.0,0.0,0.0,0.0,24
1907,20,3366,0.0,0.0,0.0,0.0,0.0,0.0,24
1908,20,3368,0.0,0.0,0.0,0.0,0.0,0.0,24
1909,20,3369,0.0,0.0,0.0,0.0,0.0,0.0,24
1910,20,3370,0.0,0.0,0.0,0.0,0.0,0.0,24
1911,20,3371,0.0,0.0,0.0,0.0,0.0,0.0,24
1912,20,3372,0.0,0.0,0.0,0.0,0.0,0.0,24
1913,20,3373,0.0,0.0,0.0,0.0,0.0,0.0,24
1914,20,3374,0.0,0.0,0.0,0.0,0.0,0.0,24
1915,20,3375,0.0,0.0,0.0,0.0,0.0,0.0,24
1916,20,3376,0.0,0.0,0.0,0.0,0.0,0.0,24
1917,20,3552,0.0,0.0,0.0,0.0,0.0,0.0,24
1918,20,3378,0.0,0.0,0.0,0.0,0.0,0.0,24
1919,20,3379,0.0,0.0,0.0,0.0,0.0,0.0,24
1920,20,3380,0.0,0.0,0.0,0.0,0.0,0.0,24
1921,20,3381,0.0,0.0,0.0,0.0,0.0,0.0,24
1922,20,3382,0.0,0.0,0.0,0.0,0.0,0.0,24
1923,20,3383,0.0,0.0,0.0,0.0,0.0,0.0,24
1924,20,3384,0.0,0.0,0.0,0.0,0.0,0.0,24
1925,20,3386,0.0,0.0,0.0,0.0,0.0,0.0,24
1926,20,3387,0.0,0.0,0.0,0.0,0.0,0.0,24
1927,20,3388,0.0,0.0,0.0,0.0,0.0,0.0,24
1928,20,3389,0.0,0.0,0.0,0.0,0.0,0.0,24
1929,20,3390,0.0,0.0,0.0,0.0,0.0,0.0,24
1930,20,3391,0.0,0.0,0.0,0.0,0.0,0.0,24
1931,20,3731,0.0,0.0,0.0,0.0,0.0,0.0,24
1932,20,3714,0.0,0.0,0.0,0.0,0.0,0.0,24
1933,20,3715,0.0,0.0,0.0,0.0,0.0,0.0,24
1934,20,3716,0.0,0.0,0.0,0.0,0.0,0.0,24
1935,20,3717,0.0,0.0,0.0,0.0,0.0,0.0,24
1936,20,3719,0.0,0.0,0.0,0.0,0.0,0.0,24
1937,20,3721,0.0,0.0,0.0,0.0,0.0,0.0,24
1938,20,3722,0.0,0.0,0.0,0.0,0.0,0.0,24
1939,20,3723,0.0,0.0,0.0,0.0,0.0,0.0,24
1940,20,3724,0.0,0.0,0.0,0.0,0.0,0.0,24
1941,20,3725,0.0,0.0,0.0,0.0,0.0,0.0,24
1942,20,3727,0.0,0.0,0.0,0.0,0.0,0.0,24
1943,20,3728,0.0,0.0,0.0,0.0,0.0,0.0,24
1944,20,3729,0.0,0.0,0.0,0.0,0.0,0.0,24
1945,20,3730,0.0,0.0,0.0,0.0,0.0,0.0,24
1946,20,3713,0.0,0.0,0.0,0.0,0.0,0.0,24
1947,20,3732,0.0,0.0,0.0,0.0,0.0,0.0,24
1948,20,3733,0.0,0.0,0.0,0.0,0.0,0.0,24
1949,20,3734,0.0,0.0,0.0,0.0,0.0,0.0,24
1950,20,3735,0.0,0.0,0.0,0.0,0.0,0.0,24
1951,20,3736,0.0,0.0,0.0,0.0,0.0,0.0,24
1952,20,3737,0.0,0.0,0.0,0.0,0.0,0.0,24
1953,20,3738,0.0,0.0,0.0,0.0,0.0,0.0,24
1954,20,3739,0.0,0.0,0.0,0.0,0.0,0.0,24
1955,20,3740,0.0,0.0,0.0,0.0,0.0,0.0,24
1956,20,3741,0.0,0.0,0.0,0.0,0.0,0.0,24
1957,20,3742,0.0,0.0,0.0,0.0,0.0,0.0,24
1958,20,3743,0.0,0.0,0.0,0.0,0.0,0.0,24
1959,20,3744,0.0,0.0,0.0,0.0,0.0,0.0,24
1960,20,3745,0.0,0.0,0.0,0.0,0.0,0.0,24
1961,20,3698,0.0,0.0,0.0,0.0,0.0,0.0,24
1962,20,3683,0.0,0.0,0.0,0.0,0.0,0.0,24
1963,20,3684,0.0,0.0,0.0,0.0,0.0,0.0,24
1964,20,3685,0.0,0.0,0.0,0.0,0.0,0.0,24
1965,20,3686,0.0,0.0,0.0,0.0,0.0,0.0,24
1966,20,3687,0.0,0.0,0.0,0.0,0.0,0.0,24
1967,20,3688,0.0,0.0,0.0,0.0,0.0,0.0,24
1968,20,3689,0.0,0.0,0.0,0.0,0.0,0.0,24
1969,20,3690,0.0,0.0,0.0,0.0,0.0,0.0,24
1970,20,3691,0.0,0.0,0.0,0.0,0.0,0.0,24
1971,20,3692,0.0,0.0,0.0,0.0,0.0,0.0,24
1972,20,3694,0.0,0.0,0.0,0.0,0.0,0.0,24
1973,20,3695,0.0,0.0,0.0,0.0,0.0,0.0,24
1974,20,3696,0.0,0.0,0.0,0.0,0.0,0.0,24
1975,20,3697,0.0,0.0,0.0,0.0,0.0,0.0,24
1976,20,3746,0.0,0.0,0.0,0.0,0.0,0.0,24
1977,20,3699,0.0,0.0,0.0,0.0,0.0,0.0,24
1978,20,3700,0.0,0.0,0.0,0.0,0.0,0.0,24
1979,20,3702,0.0,0.0,0.0,0.0,0.0,0.0,24
1980,20,3703,0.0,0.0,0.0,0.0,0.0,0.0,24
1981,20,3704,0.0,0.0,0.0,0.0,0.0,0.0,24
1982,20,3705,0.0,0.0,0.0,0.0,0.0,0.0,24
1983,20,3706,0.0,0.0,0.0,0.0,0.0,0.0,24
1984,20,3707,0.0,0.0,0.0,0.0,0.0,0.0,24
1985,20,3708,0.0,0.0,0.0,0.0,0.0,0.0,24
1986,20,3709,0.0,0.0,0.0,0.0,0.0,0.0,24
1987,20,3710,0.0,0.0,0.0,0.0,0.0,0.0,24
1988,20,3711,0.0,0.0,0.0,0.0,0.0,0.0,24
1989,20,3712,0.0,0.0,0.0,0.0,0.0,0.0,24
1990,20,3792,0.0,0.0,0.0,0.0,0.0,0.0,24
1991,20,3778,0.0,0.0,0.0,0.0,0.0,0.0,24
1992,20,3779,0.0,0.0,0.0,0.0,0.0,0.0,24
1993,20,3780,0.0,0.0,0.0,0.0,0.0,0.0,24
1994,20,3781,0.0,0.0,0.0,0.0,0.0,0.0,24
1995,20,3782,0.0,0.0,0.0,0.0,0.0,0.0,24
1996,20,3783,0.0,0.0,0.0,0.0,0.0,0.0,24
1997,20,3784,0.0,0.0,0.0,0.0,0.0,0.0,24
1998,20,3785,0.0,0.0,0.0,0.0,0.0,0.0,24
1999,20,3786,0.0,0.0,0.0,0.0,0.0,0.0,24
2000,20,3787,0.0,0.0,0.0,0.0,0.0,0.0,24
2001,20,3788,0.0,0.0,0.0,0.0,0.0,0.0,24
2002,20,3789,0.0,0.0,0.0,0.0,0.0,0.0,24
2003,20,3790,0.0,0.0,0.0,0.0,0.0,0.0,24
2004,20,3791,0.0,0.0,0.0,0.0,0.0,0.0,24
2005,20,3777,0.0,0.0,0.0,0.0,0.0,0.0,24
2006,20,3793,0.0,0.0,0.0,0.0,0.0,0.0,24
2007,20,3794,0.0,0.0,0.0,0.0,0.0,0.0,24
2008,20,3795,0.0,0.0,0.0,0.0,0.0,0.0,24
2009,20,3796,0.0,0.0,0.0,0.0,0.0,0.0,24
2010,20,3797,0.0,0.0,0.0,0.0,0.0,0.0,24
2011,20,3798,0.0,0.0,0.0,0.0,0.0,0.0,24
2012,20,3799,0.0,0.0,0.0,0.0,0.0,0.0,24
2013,20,3801,0.0,0.0,0.0,0.0,0.0,0.0,24
2014,20,3802,0.0,0.0,0.0,0.0,0.0,0.0,24
2015,20,3803,0.0,0.0,0.0,0.0,0.0,0.0,24
2016,20,3804,0.0,0.0,0.0,0.0,0.0,0.0,24
2017,20,3805,0.0,0.0,0.0,0.0,0.0,0.0,24
2018,20,3806,0.0,0.0,0.0,0.0,0.0,0.0,24
2019,20,3807,0.0,0.0,0.0,0.0,0.0,0.0,24
2020,20,3762,0.0,0.0,0.0,0.0,0.0,0.0,24
2021,20,3747,0.0,0.0,0.0,0.0,0.0,0.0,24
2022,20,3748,0.0,0.0,0.0,0.0,0.0,0.0,24
2023,20,3749,0.0,0.0,0.0,0.0,0.0,0.0,24
2024,20,3750,0.0,0.0,0.0,0.0,0.0,0.0,24
2025,20,3751,0.0,0.0,0.0,0.0,0.0,0.0,24
2026,20,3752,0.0,0.0,0.0,0.0,0.0,0.0,24
2027,20,3753,0.0,0.0,0.0,0.0,0.0,0.0,24
2028,20,3754,0.0,0.0,0.0,0.0,0.0,0.0,24
2029,20,3756,0.0,0.0,0.0,0.0,0.0,0.0,24
2030,20,3757,0.0,0.0,0.0,0.0,0.0,0.0,24
2031,20,3758,0.0,0.0,0.0,0.0,0.0,0.0,24
2032,20,3759,0.0,0.0,0.0,0.0,0.0,0.0,24
2033,20,3760,0.0,0.0,0.0,0.0,0.0,0.0,24
2034,20,3761,0.0,0.0,0.0,0.0,0.0,0.0,24
2035,20,3682,0.0,0.0,0.0,0.0,0.0,0.0,24
2036,20,3763,0.0,0.0,0.0,0.0,0.0,0.0,24
2037,20,3764,0.0,0.0,0.0,0.0,0.0,0.0,24
2038,20,3765,0.0,0.0,0.0,0.0,0.0,0.0,24
2039,20,3766,0.0,0.0,0.0,0.0,0.0,0.0,24
2040,20,3767,0.0,0.0,0.0,0.0,0.0,0.0,24
2041,20,3768,0.0,0.0,0.0,0.0,0.0,0.0,24
2042,20,3769,0.0,0.0,0.0,0.0,0.0,0.0,24
2043,20,3770,0.0,0.0,0.0,0.0,0.0,0.0,24
2044,20,3771,0.0,0.0,0.0,0.0,0.0,0.0,24
2045,20,3772,0.0,0.0,0.0,0.0,0.0,0.0,24
2046,20,3773,0.0,0.0,0.0,0.0,0.0,0.0,24
2047,20,3775,0.0,0.0,0.0,0.0,0.0,0.0,24
2048,20,3776,0.0,0.0,0.0,0.0,0.0,0.0,24
2049,20,3601,0.0,0.0,0.0,0.0,0.0,0.0,24
2050,20,3583,0.0,0.0,0.0,0.0,0.0,0.0,24
2051,20,3584,0.0,0.0,0.0,0.0,0.0,0.0,24
2052,20,3586,0.0,0.0,0.0,0.0,0.0,0.0,24
2053,20,3587,0.0,0.0,0.0,0.0,0.0,0.0,24
2054,20,3588,0.0,0.0,0.0,0.0,0.0,0.0,24
2055,20,3589,0.0,0.0,0.0,0.0,0.0,0.0,24
2056,20,3591,0.0,0.0,0.0,0.0,0.0,0.0,24
2057,20,3592,0.0,0.0,0.0,0.0,0.0,0.0,24
2058,20,3594,0.0,0.0,0.0,0.0,0.0,0.0,24
2059,20,3595,0.0,0.0,0.0,0.0,0.0,0.0,24
2060,20,3596,0.0,0.0,0.0,0.0,0.0,0.0,24
2061,20,3597,0.0,0.0,0.0,0.0,0.0,0.0,24
2062,20,3598,0.0,0.0,0.0,0.0,0.0,0.0,24
2063,20,3600,0.0,0.0,0.0,0.0,0.0,0.0,24
2064,20,3582,0.0,0.0,0.0,0.0,0.0,0.0,24
2065,20,3602,0.0,0.0,0.0,0.0,0.0,0.0,24
2066,20,3603,0.0,0.0,0.0,0.0,0.0,0.0,24
2067,20,3604,0.0,0.0,0.0,0.0,0.0,0.0,24
2068,20,3605,0.0,0.0,0.0,0.0,0.0,0.0,24
2069,20,3606,0.0,0.0,0.0,0.0,0.0,0.0,24
2070,20,3608,0.0,0.0,0.0,0.0,0.0,0.0,24
2071,20,3609,0.0,0.0,0.0,0.0,0.0,0.0,24
2072,20,3610,0.0,0.0,0.0,0.0,0.0,0.0,24
2073,20,3611,0.0,0.0,0.0,0.0,0.0,0.0,24
2074,20,3612,0.0,0.0,0.0,0.0,0.0,0.0,24
2075,20,3613,0.0,0.0,0.0,0.0,0.0,0.0,24
2076,20,3614,0.0,0.0,0.0,0.0,0.0,0.0,24
2077,20,3615,0.0,0.0,0.0,0.0,0.0,0.0,24
2078,20,3616,0.0,0.0,0.0,0.0,0.0,0.0,24
2079,20,3567,0.0,0.0,0.0,0.0,0.0,0.0,24
2080,20,3553,0.0,0.0,0.0,0.0,0.0,0.0,24
2081,20,3554,0.0,0.0,0.0,0.0,0.0,0.0,24
2082,20,3555,0.0,0.0,0.0,0.0,0.0,0.0,24
2083,20,3556,0.0,0.0,0.0,0.0,0.0,0.0,24
2084,20,3557,0.0,0.0,0.0,0.0,0.0,0.0,24
2085,20,3558,0.0,0.0,0.0,0.0,0.0,0.0,24
2086,20,3559,0.0,0.0,0.0,0.0,0.0,0.0,24
2087,20,3560,0.0,0.0,0.0,0.0,0.0,0.0,24
2088,20,3561,0.0,0.0,0.0,0.0,0.0,0.0,24
2089,20,3562,0.0,0.0,0.0,0.0,0.0,0.0,24
2090,20,3563,0.0,0.0,0.0,0.0,0.0,0.0,24
2091,20,3564,0.0,0.0,0.0,0.0,0.0,0.0,24
2092,20,3565,0.0,0.0,0.0,0.0,0.0,0.0,24
2093,20,3566,0.0,0.0,0.0,0.0,0.0,0.0,24
2094,20,3618,0.0,0.0,0.0,0.0,0.0,0.0,24
2095,20,3568,0.0,0.0,0.0,0.0,0.0,0.0,24
2096,20,3569,0.0,0.0,0.0,0.0,0.0,0.0,24
2097,20,3571,0.0,0.0,0.0,0.0,0.0,0.0,24
2098,20,3572,0.0,0.0,0.0,0.0,0.0,0.0,24
2099,20,3573,0.0,0.0,0.0,0.0,0.0,0.0,24
2100,20,3574,0.0,0.0,0.0,0.0,0.0,0.0,24
2101,20,3575,0.0,0.0,0.0,0.0,0.0,0.0,24
2102,20,3576,0.0,0.0,0.0,0.0,0.0,0.0,24
2103,20,3577,0.0,0.0,0.0,0.0,0.0,0.0,24
2104,20,3578,0.0,0.0,0.0,0.0,0.0,0.0,24
2105,20,3579,0.0,0.0,0.0,0.0,0.0,0.0,24
2106,20,3580,0.0,0.0,0.0,0.0,0.0,0.0,24
2107,20,3581,0.0,0.0,0.0,0.0,0.0,0.0,24
2108,20,3666,0.0,0.0,0.0,0.0,0.0,0.0,24
2109,20,3652,0.0,0.0,0.0,0.0,0.0,0.0,24
2110,20,3653,0.0,0.0,0.0,0.0,0.0,0.0,24
2111,20,3654,0.0,0.0,0.0,0.0,0.0,0.0,24
2112,20,3655,0.0,0.0,0.0,0.0,0.0,0.0,24
2113,20,3656,0.0,0.0,0.0,0.0,0.0,0.0,24
2114,20,3657,0.0,0.0,0.0,0.0,0.0,0.0,24
2115,20,3658,0.0,0.0,0.0,0.0,0.0,0.0,24
2116,20,3659,0.0,0.0,0.0,0.0,0.0,0.0,24
2117,20,3660,0.0,0.0,0.0,0.0,0.0,0.0,24
2118,20,3661,0.0,0.0,0.0,0.0,0.0,0.0,24
2119,20,3662,0.0,0.0,0.0,0.0,0.0,0.0,24
2120,20,3663,0.0,0.0,0.0,0.0,0.0,0.0,24
2121,20,3664,0.0,0.0,0.0,0.0,0.0,0.0,24
2122,20,3665,0.0,0.0,0.0,0.0,0.0,0.0,24
2123,20,3651,0.0,0.0,0.0,0.0,0.0,0.0,24
2124,20,3667,0.0,0.0,0.0,0.0,0.0,0.0,24
2125,20,3668,0.0,0.0,0.0,0.0,0.0,0.0,24
2126,20,3669,0.0,0.0,0.0,0.0,0.0,0.0,24
2127,20,3670,0.0,0.0,0.0,0.0,0.0,0.0,24
2128,20,3671,0.0,0.0,0.0,0.0,0.0,0.0,24
2129,20,3672,0.0,0.0,0.0,0.0,0.0,0.0,24
2130,20,3674,0.0,0.0,0.0,0.0,0.0,0.0,24
2131,20,3675,0.0,0.0,0.0,0.0,0.0,0.0,24
2132,20,3676,0.0,0.0,0.0,0.0,0.0,0.0,24
2133,20,3677,0.0,0.0,0.0,0.0,0.0,0.0,24
2134,20,3678,0.0,0.0,0.0,0.0,0.0,0.0,24
2135,20,3679,0.0,0.0,0.0,0.0,0.0,0.0,24
2136,20,3680,0.0,0.0,0.0,0.0,0.0,0.0,24
2137,20,3681,0.0,0.0,0.0,0.0,0.0,0.0,24
2138,20,3636,0.0,0.0,0.0,0.0,0.0,0.0,24
2139,20,3619,0.0,0.0,0.0,0.0,0.0,0.0,24
2140,20,3620,0.0,0.0,0.0,0.0,0.0,0.0,24
2141,20,3621,0.0,0.0,0.0,0.0,0.0,0.0,24
2142,20,3623,0.0,0.0,0.0,0.0,0.0,0.0,24
2143,20,3624,0.0,0.0,0.0,0.0,0.0,0.0,24
2144,20,3625,0.0,0.0,0.0,0.0,0.0,0.0,24
2145,20,3626,0.0,0.0,0.0,0.0,0.0,0.0,24
2146,20,3628,0.0,0.0,0.0,0.0,0.0,0.0,24
2147,20,3629,0.0,0.0,0.0,0.0,0.0,0.0,24
2148,20,3630,0.0,0.0,0.0,0.0,0.0,0.0,24
2149,20,3631,0.0,0.0,0.0,0.0,0.0,0.0,24
2150,20,3632,0.0,0.0,0.0,0.0,0.0,0.0,24
2151,20,3634,0.0,0.0,0.0,0.0,0.0,0.0,24
2152,20,3635,0.0,0.0,0.0,0.0,0.0,0.0,24
2153,20,3299,0.0,0.0,0.0,0.0,0.0,0.0,24
2154,20,3637,0.0,0.0,0.0,0.0,0.0,0.0,24
2155,20,3638,0.0,0.0,0.0,0.0,0.0,0.0,24
2156,20,3639,0.0,0.0,0.0,0.0,0.0,0.0,24
2157,20,3640,0.0,0.0,0.0,0.0,0.0,0.0,24
2158,20,3641,0.0,0.0,0.0,0.0,0.0,0.0,24
2159,20,3642,0.0,0.0,0.0,0.0,0.0,0.0,24
2160,20,3643,0.0,0.0,0.0,0.0,0.0,0.0,24
2161,20,3644,0.0,0.0,0.0,0.0,0.0,0.0,24
2162,20,3645,0.0,0.0,0.0,0.0,0.0,0.0,24
2163,20,3646,0.0,0.0,0.0,0.0,0.0,0.0,24
2164,20,3647,0.0,0.0,0.0,0.0,0.0,0.0,24
2165,20,3648,0.0,0.0,0.0,0.0,0.0,0.0,24
2166,20,3649,0.0,0.0,0.0,0.0,0.0,0.0,24
2167,20,2969,0.0,0.0,0.0,0.0,0.0,0.0,24
2168,20,2953,0.0,0.0,0.0,0.0,0.0,0.0,24
2169,20,2954,0.0,0.0,0.0,0.0,0.0,0.0,24
2170,20,2956,0.0,0.0,0.0,0.0,0.0,0.0,24
2171,20,2957,0.0,0.0,0.0,0.0,0.0,0.0,24
2172,20,2958,0.0,0.0,0.0,0.0,0.0,0.0,24
2173,20,2959,0.0,0.0,0.0,0.0,0.0,0.0,24
2174,20,2960,0.0,0.0,0.0,0.0,0.0,0.0,24
2175,20,2961,0.0,0.0,0.0,0.0,0.0,0.0,24
2176,20,2962,0.0,0.0,0.0,0.0,0.0,0.0,24
2177,20,2963,0.0,0.0,0.0,0.0,0.0,0.0,24
2178,20,2964,0.0,0.0,0.0,0.0,0.0,0.0,24
2179,20,2966,0.0,0.0,0.0,0.0,0.0,0.0,24
2180,20,2967,0.0,0.0,0.0,0.0,0.0,0.0,24
2181,20,2968,0.0,0.0,0.0,0.0,0.0,0.0,24
2182,20,2952,0.0,0.0,0.0,0.0,0.0,0.0,24
2183,20,2970,0.0,0.0,0.0,0.0,0.0,0.0,24
2184,20,2971,0.0,0.0,0.0,0.0,0.0,0.0,24
2185,20,2972,0.0,0.0,0.0,0.0,0.0,0.0,24
2186,20,2973,0.0,0.0,0.0,0.0,0.0,0.0,24
2187,20,2974,0.0,0.0,0.0,0.0,0.0,0.0,24
2188,20,2975,0.0,0.0,0.0,0.0,0.0,0.0,24
2189,20,2976,0.0,0.0,0.0,0.0,0.0,0.0,24
2190,20,2977,0.0,0.0,0.0,0.0,0.0,0.0,24
2191,20,2978,0.0,0.0,0.0,0.0,0.0,0.0,24
2192,20,2979,0.0,0.0,0.0,0.0,0.0,0.0,24
2193,20,2980,0.0,0.0,0.0,0.0,0.0,0.0,24
2194,20,2982,0.0,0.0,0.0,0.0,0.0,0.0,24
2195,20,2983,0.0,0.0,0.0,0.0,0.0,0.0,24
2196,20,2984,0.0,0.0,0.0,0.0,0.0,0.0,24
2197,20,2938,0.0,0.0,0.0,0.0,0.0,0.0,24
2198,20,2924,0.0,0.0,0.0,0.0,0.0,0.0,24
2199,20,2925,0.0,0.0,0.0,0.0,0.0,0.0,24
2200,20,2926,0.0,0.0,0.0,0.0,0.0,0.0,24
2201,20,2927,0.0,0.0,0.0,0.0,0.0,0.0,24
2202,20,2928,0.0,0.0,0.0,0.0,0.0,0.0,24
2203,20,2929,0.0,0.0,0.0,0.0,0.0,0.0,24
2204,20,2930,0.0,0.0,0.0,0.0,0.0,0.0,24
2205,20,2931,0.0,0.0,0.0,0.0,0.0,0.0,24
2206,20,2932,0.0,0.0,0.0,0.0,0.0,0.0,24
2207,20,2933,0.0,0.0,0.0,0.0,0.0,0.0,24
2208,20,2934,0.0,0.0,0.0,0.0,0.0,0.0,24
2209,20,2935,0.0,0.0,0.0,0.0,0.0,0.0,24
2210,20,2936,0.0,0.0,0.0,0.0,0.0,0.0,24
2211,20,2937,0.0,0.0,0.0,0.0,0.0,0.0,24
2212,20,2985,0.0,0.0,0.0,0.0,0.0,0.0,24
2213,20,2939,0.0,0.0,0.0,0.0,0.0,0.0,24
2214,20,2940,0.0,0.0,0.0,0.0,0.0,0.0,24
2215,20,2941,0.0,0.0,0.0,0.0,0.0,0.0,24
2216,20,2942,0.0,0.0,0.0,0.0,0.0,0.0,24
2217,20,2943,0.0,0.0,0.0,0.0,0.0,0.0,24
2218,20,2944,0.0,0.0,0.0,0.0,0.0,0.0,24
2219,20,2945,0.0,0.0,0.0,0.0,0.0,0.0,24
2220,20,2946,0.0,0.0,0.0,0.0,0.0,0.0,24
2221,20,2947,0.0,0.0,0.0,0.0,0.0,0.0,24
2222,20,2948,0.0,0.0,0.0,0.0,0.0,0.0,24
2223,20,2949,0.0,0.0,0.0,0.0,0.0,0.0,24
2224,20,2950,0.0,0.0,0.0,0.0,0.0,0.0,24
2225,20,2951,0.0,0.0,0.0,0.0,0.0,0.0,24
2226,20,3029,0.0,0.0,0.0,0.0,0.0,0.0,24
2227,20,3015,0.0,0.0,0.0,0.0,0.0,0.0,24
2228,20,3016,0.0,0.0,0.0,0.0,0.0,0.0,24
2229,20,3017,0.0,0.0,0.0,0.0,0.0,0.0,24
2230,20,3018,0.0,0.0,0.0,0.0,0.0,0.0,24
2231,20,3019,0.0,0.0,0.0,0.0,0.0,0.0,24
2232,20,3020,0.0,0.0,0.0,0.0,0.0,0.0,24
2233,20,3021,0.0,0.0,0.0,0.0,0.0,0.0,24
2234,20,3022,0.0,0.0,0.0,0.0,0.0,0.0,24
2235,20,3023,0.0,0.0,0.0,0.0,0.0,0.0,24
2236,20,3024,0.0,0.0,0.0,0.0,0.0,0.0,24
2237,20,3025,0.0,0.0,0.0,0.0,0.0,0.0,24
2238,20,3026,0.0,0.0,0.0,0.0,0.0,0.0,24
2239,20,3027,0.0,0.0,0.0,0.0,0.0,0.0,24
2240,20,1958,0.0,0.0,0.0,0.0,0.0,0.0,24
2241,20,3014,0.0,0.0,0.0,0.0,0.0,0.0,24
2242,20,3030,0.0,0.0,0.0,0.0,0.0,0.0,24
2243,20,3031,0.0,0.0,0.0,0.0,0.0,0.0,24
2244,20,3032,0.0,0.0,0.0,0.0,0.0,0.0,24
2245,20,3033,0.0,0.0,0.0,0.0,0.0,0.0,24
2246,20,3034,0.0,0.0,0.0,0.0,0.0,0.0,24
2247,20,3035,0.0,0.0,0.0,0.0,0.0,0.0,24
2248,20,3036,0.0,0.0,0.0,0.0,0.0,0.0,24
2249,20,3037,0.0,0.0,0.0,0.0,0.0,0.0,24
2250,20,3038,0.0,0.0,0.0,0.0,0.0,0.0,24
2251,20,3039,0.0,0.0,0.0,0.0,0.0,0.0,24
2252,20,3040,0.0,0.0,0.0,0.0,0.0,0.0,24
2253,20,3041,0.0,0.0,0.0,0.0,0.0,0.0,24
2254,20,3042,0.0,0.0,0.0,0.0,0.0,0.0,24
2255,20,3043,0.0,0.0,0.0,0.0,0.0,0.0,24
2256,20,3000,0.0,0.0,0.0,0.0,0.0,0.0,24
2257,20,2986,0.0,0.0,0.0,0.0,0.0,0.0,24
2258,20,2987,0.0,0.0,0.0,0.0,0.0,0.0,24
2259,20,2988,0.0,0.0,0.0,0.0,0.0,0.0,24
2260,20,2989,0.0,0.0,0.0,0.0,0.0,0.0,24
2261,20,2990,0.0,0.0,0.0,0.0,0.0,0.0,24
2262,20,2991,0.0,0.0,0.0,0.0,0.0,0.0,24
2263,20,2992,0.0,0.0,0.0,0.0,0.0,0.0,24
2264,20,2993,0.0,0.0,0.0,0.0,0.0,0.0,24
2265,20,2994,0.0,0.0,0.0,0.0,0.0,0.0,24
2266,20,2995,0.0,0.0,0.0,0.0,0.0,0.0,24
2267,20,2996,0.0,0.0,0.0,0.0,0.0,0.0,24
2268,20,2997,0.0,0.0,0.0,0.0,0.0,0.0,24
2269,20,2998,0.0,0.0,0.0,0.0,0.0,0.0,24
2270,20,2999,0.0,0.0,0.0,0.0,0.0,0.0,24
2271,20,2923,0.0,0.0,0.0,0.0,0.0,0.0,24
2272,20,3001,0.0,0.0,0.0,0.0,0.0,0.0,24
2273,20,3002,0.0,0.0,0.0,0.0,0.0,0.0,24
2274,20,3003,0.0,0.0,0.0,0.0,0.0,0.0,24
2275,20,3004,0.0,0.0,0.0,0.0,0.0,0.0,24
2276,20,3005,0.0,0.0,0.0,0.0,0.0,0.0,24
2277,20,3006,0.0,0.0,0.0,0.0,0.0,0.0,24
2278,20,3007,0.0,0.0,0.0,0.0,0.0,0.0,24
2279,20,3008,0.0,0.0,0.0,0.0,0.0,0.0,24
2280,20,3009,0.0,0.0,0.0,0.0,0.0,0.0,24
2281,20,3010,0.0,0.0,0.0,0.0,0.0,0.0,24
2282,20,3011,0.0,0.0,0.0,0.0,0.0,0.0,24
2283,20,3012,0.0,0.0,0.0,0.0,0.0,0.0,24
2284,20,3013,0.0,0.0,0.0,0.0,0.0,0.0,24
2285,20,2841,0.0,0.0,0.0,0.0,0.0,0.0,24
2286,20,2826,0.0,0.0,0.0,0.0,0.0,0.0,24
2287,20,2827,0.0,0.0,0.0,0.0,0.0,0.0,24
2288,20,2828,0.0,0.0,0.0,0.0,0.0,0.0,24
2289,20,2829,0.0,0.0,0.0,0.0,0.0,0.0,24
2290,20,2830,0.0,0.0,0.0,0.0,0.0,0.0,24
2291,20,2831,0.0,0.0,0.0,0.0,0.0,0.0,24
2292,20,2832,0.0,0.0,0.0,0.0,0.0,0.0,24
2293,20,2833,0.0,0.0,0.0,0.0,0.0,0.0,24
2294,20,2834,0.0,0.0,0.0,0.0,0.0,0.0,24
2295,20,2835,0.0,0.0,0.0,0.0,0.0,0.0,24
2296,20,2836,0.0,0.0,0.0,0.0,0.0,0.0,24
2297,20,2838,0.0,0.0,0.0,0.0,0.0,0.0,24
2298,20,2839,0.0,0.0,0.0,0.0,0.0,0.0,24
2299,20,2840,0.0,0.0,0.0,0.0,0.0,0.0,24
2300,20,2825,0.0,0.0,0.0,0.0,0.0,0.0,24
2301,20,2842,0.0,0.0,0.0,0.0,0.0,0.0,24
2302,20,2844,0.0,0.0,0.0,0.0,0.0,0.0,24
2303,20,2845,0.0,0.0,0.0,0.0,0.0,0.0,24
2304,20,2846,0.0,0.0,0.0,0.0,0.0,0.0,24
2305,20,2848,0.0,0.0,0.0,0.0,0.0,0.0,24
2306,20,2849,0.0,0.0,0.0,0.0,0.0,0.0,24
2307,20,2850,0.0,0.0,0.0,0.0,0.0,0.0,24
2308,20,2851,0.0,0.0,0.0,0.0,0.0,0.0,24
2309,20,2852,0.0,0.0,0.0,0.0,0.0,0.0,24
2310,20,2853,0.0,0.0,0.0,0.0,0.0,0.0,24
2311,20,2854,0.0,0.0,0.0,0.0,0.0,0.0,24
2312,20,2856,0.0,0.0,0.0,0.0,0.0,0.0,24
2313,20,2857,0.0,0.0,0.0,0.0,0.0,0.0,24
2314,20,2858,0.0,0.0,0.0,0.0,0.0,0.0,24
2315,20,2811,0.0,0.0,0.0,0.0,0.0,0.0,24
2316,20,2796,0.0,0.0,0.0,0.0,0.0,0.0,24
2317,20,2797,0.0,0.0,0.0,0.0,0.0,0.0,24
2318,20,2798,0.0,0.0,0.0,0.0,0.0,0.0,24
2319,20,2800,0.0,0.0,0.0,0.0,0.0,0.0,24
2320,20,2801,0.0,0.0,0.0,0.0,0.0,0.0,24
2321,20,2802,0.0,0.0,0.0,0.0,0.0,0.0,24
2322,20,2803,0.0,0.0,0.0,0.0,0.0,0.0,24
2323,20,2804,0.0,0.0,0.0,0.0,0.0,0.0,24
2324,20,2805,0.0,0.0,0.0,0.0,0.0,0.0,24
2325,20,2806,0.0,0.0,0.0,0.0,0.0,0.0,24
2326,20,2807,0.0,0.0,0.0,0.0,0.0,0.0,24
2327,20,2808,0.0,0.0,0.0,0.0,0.0,0.0,24
2328,20,2809,0.0,0.0,0.0,0.0,0.0,0.0,24
2329,20,2810,0.0,0.0,0.0,0.0,0.0,0.0,24
2330,20,2859,0.0,0.0,0.0,0.0,0.0,0.0,24
2331,20,2812,0.0,0.0,0.0,0.0,0.0,0.0,24
2332,20,2813,0.0,0.0,0.0,0.0,0.0,0.0,24
2333,20,2814,0.0,0.0,0.0,0.0,0.0,0.0,24
2334,20,2815,0.0,0.0,0.0,0.0,0.0,0.0,24
2335,20,2816,0.0,0.0,0.0,0.0,0.0,0.0,24
2336,20,2817,0.0,0.0,0.0,0.0,0.0,0.0,24
2337,20,2818,0.0,0.0,0.0,0.0,0.0,0.0,24
2338,20,2819,0.0,0.0,0.0,0.0,0.0,0.0,24
2339,20,2820,0.0,0.0,0.0,0.0,0.0,0.0,24
2340,20,2821,0.0,0.0,0.0,0.0,0.0,0.0,24
2341,20,2822,0.0,0.0,0.0,0.0,0.0,0.0,24
2342,20,2823,0.0,0.0,0.0,0.0,0.0,0.0,24
2343,20,2824,0.0,0.0,0.0,0.0,0.0,0.0,24
2344,20,2906,0.0,0.0,0.0,0.0,0.0,0.0,24
2345,20,2890,0.0,0.0,0.0,0.0,0.0,0.0,24
2346,20,2891,0.0,0.0,0.0,0.0,0.0,0.0,24
2347,20,2892,0.0,0.0,0.0,0.0,0.0,0.0,24
2348,20,2893,0.0,0.0,0.0,0.0,0.0,0.0,24
2349,20,2894,0.0,0.0,0.0,0.0,0.0,0.0,24
2350,20,2895,0.0,0.0,0.0,0.0,0.0,0.0,24
2351,20,2896,0.0,0.0,0.0,0.0,0.0,0.0,24
2352,20,2897,0.0,0.0,0.0,0.0,0.0,0.0,24
2353,20,2898,0.0,0.0,0.0,0.0,0.0,0.0,24
2354,20,2899,0.0,0.0,0.0,0.0,0.0,0.0,24
2355,20,2901,0.0,0.0,0.0,0.0,0.0,0.0,24
2356,20,2902,0.0,0.0,0.0,0.0,0.0,0.0,24
2357,20,2904,0.0,0.0,0.0,0.0,0.0,0.0,24
2358,20,2905,0.0,0.0,0.0,0.0,0.0,0.0,24
2359,20,2889,0.0,0.0,0.0,0.0,0.0,0.0,24
2360,20,2907,0.0,0.0,0.0,0.0,0.0,0.0,24
2361,20,2909,0.0,0.0,0.0,0.0,0.0,0.0,24
2362,20,2911,0.0,0.0,0.0,0.0,0.0,0.0,24
2363,20,2912,0.0,0.0,0.0,0.0,0.0,0.0,24
2364,20,2913,0.0,0.0,0.0,0.0,0.0,0.0,24
2365,20,2914,0.0,0.0,0.0,0.0,0.0,0.0,24
2366,20,2915,0.0,0.0,0.0,0.0,0.0,0.0,24
2367,20,2916,0.0,0.0,0.0,0.0,0.0,0.0,24
2368,20,2917,0.0,0.0,0.0,0.0,0.0,0.0,24
2369,20,2918,0.0,0.0,0.0,0.0,0.0,0.0,24
2370,20,2919,0.0,0.0,0.0,0.0,0.0,0.0,24
2371,20,2920,0.0,0.0,0.0,0.0,0.0,0.0,24
2372,20,2921,0.0,0.0,0.0,0.0,0.0,0.0,24
2373,20,2922,0.0,0.0,0.0,0.0,0.0,0.0,24
2374,20,2875,0.0,0.0,0.0,0.0,0.0,0.0,24
2375,20,2860,0.0,0.0,0.0,0.0,0.0,0.0,24
2376,20,2861,0.0,0.0,0.0,0.0,0.0,0.0,24
2377,20,2862,0.0,0.0,0.0,0.0,0.0,0.0,24
2378,20,2863,0.0,0.0,0.0,0.0,0.0,0.0,24
2379,20,2864,0.0,0.0,0.0,0.0,0.0,0.0,24
2380,20,2865,0.0,0.0,0.0,0.0,0.0,0.0,24
2381,20,2866,0.0,0.0,0.0,0.0,0.0,0.0,24
2382,20,2867,0.0,0.0,0.0,0.0,0.0,0.0,24
2383,20,2868,0.0,0.0,0.0,0.0,0.0,0.0,24
2384,20,2869,0.0,0.0,0.0,0.0,0.0,0.0,24
2385,20,2870,0.0,0.0,0.0,0.0,0.0,0.0,24
2386,20,2871,0.0,0.0,0.0,0.0,0.0,0.0,24
2387,20,2872,0.0,0.0,0.0,0.0,0.0,0.0,24
2388,20,2874,0.0,0.0,0.0,0.0,0.0,0.0,24
2389,20,3044,0.0,0.0,0.0,0.0,0.0,0.0,24
2390,20,2876,0.0,0.0,0.0,0.0,0.0,0.0,24
2391,20,2877,0.0,0.0,0.0,0.0,0.0,0.0,24
2392,20,2878,0.0,0.0,0.0,0.0,0.0,0.0,24
2393,20,2879,0.0,0.0,0.0,0.0,0.0,0.0,24
2394,20,2880,0.0,0.0,0.0,0.0,0.0,0.0,24
2395,20,2881,0.0,0.0,0.0,0.0,0.0,0.0,24
2396,20,2882,0.0,0.0,0.0,0.0,0.0,0.0,24
2397,20,2883,0.0,0.0,0.0,0.0,0.0,0.0,24
2398,20,2884,0.0,0.0,0.0,0.0,0.0,0.0,24
2399,20,2885,0.0,0.0,0.0,0.0,0.0,0.0,24
2400,20,2886,0.0,0.0,0.0,0.0,0.0,0.0,24
2401,20,2887,0.0,0.0,0.0,0.0,0.0,0.0,24
2402,20,2888,0.0,0.0,0.0,0.0,0.0,0.0,24
2403,20,3220,0.0,0.0,0.0,0.0,0.0,0.0,24
2404,20,3203,0.0,0.0,0.0,0.0,0.0,0.0,24
2405,20,3204,0.0,0.0,0.0,0.0,0.0,0.0,24
2406,20,3205,0.0,0.0,0.0,0.0,0.0,0.0,24
2407,20,3206,0.0,0.0,0.0,0.0,0.0,0.0,24
2408,20,3207,0.0,0.0,0.0,0.0,0.0,0.0,24
2409,20,3209,0.0,0.0,0.0,0.0,0.0,0.0,24
2410,20,3210,0.0,0.0,0.0,0.0,0.0,0.0,24
2411,20,3211,0.0,0.0,0.0,0.0,0.0,0.0,24
2412,20,3212,0.0,0.0,0.0,0.0,0.0,0.0,24
2413,20,3213,0.0,0.0,0.0,0.0,0.0,0.0,24
2414,20,3216,0.0,0.0,0.0,0.0,0.0,0.0,24
2415,20,3217,0.0,0.0,0.0,0.0,0.0,0.0,24
2416,20,3218,0.0,0.0,0.0,0.0,0.0,0.0,24
2417,20,3219,0.0,0.0,0.0,0.0,0.0,0.0,24
2418,20,3202,0.0,0.0,0.0,0.0,0.0,0.0,24
2419,20,3222,0.0,0.0,0.0,0.0,0.0,0.0,24
2420,20,3223,0.0,0.0,0.0,0.0,0.0,0.0,24
2421,20,3225,0.0,0.0,0.0,0.0,0.0,0.0,24
2422,20,3226,0.0,0.0,0.0,0.0,0.0,0.0,24
2423,20,3227,0.0,0.0,0.0,0.0,0.0,0.0,24
2424,20,3228,0.0,0.0,0.0,0.0,0.0,0.0,24
2425,20,3229,0.0,0.0,0.0,0.0,0.0,0.0,24
2426,20,3230,0.0,0.0,0.0,0.0,0.0,0.0,24
2427,20,3231,0.0,0.0,0.0,0.0,0.0,0.0,24
2428,20,3232,0.0,0.0,0.0,0.0,0.0,0.0,24
2429,20,3233,0.0,0.0,0.0,0.0,0.0,0.0,24
2430,20,3234,0.0,0.0,0.0,0.0,0.0,0.0,24
2431,20,3236,0.0,0.0,0.0,0.0,0.0,0.0,24
2432,20,3237,0.0,0.0,0.0,0.0,0.0,0.0,24
2433,20,3186,0.0,0.0,0.0,0.0,0.0,0.0,24
2434,20,3172,0.0,0.0,0.0,0.0,0.0,0.0,24
2435,20,3173,0.0,0.0,0.0,0.0,0.0,0.0,24
2436,20,3174,0.0,0.0,0.0,0.0,0.0,0.0,24
2437,20,3175,0.0,0.0,0.0,0.0,0.0,0.0,24
2438,20,3176,0.0,0.0,0.0,0.0,0.0,0.0,24
2439,20,3177,0.0,0.0,0.0,0.0,0.0,0.0,24
2440,20,3178,0.0,0.0,0.0,0.0,0.0,0.0,24
2441,20,3179,0.0,0.0,0.0,0.0,0.0,0.0,24
2442,20,3180,0.0,0.0,0.0,0.0,0.0,0.0,24
2443,20,3181,0.0,0.0,0.0,0.0,0.0,0.0,24
2444,20,3182,0.0,0.0,0.0,0.0,0.0,0.0,24
2445,20,3183,0.0,0.0,0.0,0.0,0.0,0.0,24
2446,20,3184,0.0,0.0,0.0,0.0,0.0,0.0,24
2447,20,3185,0.0,0.0,0.0,0.0,0.0,0.0,24
2448,20,3238,0.0,0.0,0.0,0.0,0.0,0.0,24
2449,20,3188,0.0,0.0,0.0,0.0,0.0,0.0,24
2450,20,3189,0.0,0.0,0.0,0.0,0.0,0.0,24
2451,20,3190,0.0,0.0,0.0,0.0,0.0,0.0,24
2452,20,3191,0.0,0.0,0.0,0.0,0.0,0.0,24
2453,20,3192,0.0,0.0,0.0,0.0,0.0,0.0,24
2454,20,3193,0.0,0.0,0.0,0.0,0.0,0.0,24
2455,20,3194,0.0,0.0,0.0,0.0,0.0,0.0,24
2456,20,3195,0.0,0.0,0.0,0.0,0.0,0.0,24
2457,20,3196,0.0,0.0,0.0,0.0,0.0,0.0,24
2458,20,3197,0.0,0.0,0.0,0.0,0.0,0.0,24
2459,20,3198,0.0,0.0,0.0,0.0,0.0,0.0,24
2460,20,3199,0.0,0.0,0.0,0.0,0.0,0.0,24
2461,20,3201,0.0,0.0,0.0,0.0,0.0,0.0,24
2462,20,3284,0.0,0.0,0.0,0.0,0.0,0.0,24
2463,20,3270,0.0,0.0,0.0,0.0,0.0,0.0,24
2464,20,3271,0.0,0.0,0.0,0.0,0.0,0.0,24
2465,20,3272,0.0,0.0,0.0,0.0,0.0,0.0,24
2466,20,3273,0.0,0.0,0.0,0.0,0.0,0.0,24
2467,20,3274,0.0,0.0,0.0,0.0,0.0,0.0,24
2468,20,3275,0.0,0.0,0.0,0.0,0.0,0.0,24
2469,20,3276,0.0,0.0,0.0,0.0,0.0,0.0,24
2470,20,3277,0.0,0.0,0.0,0.0,0.0,0.0,24
2471,20,3278,0.0,0.0,0.0,0.0,0.0,0.0,24
2472,20,3279,0.0,0.0,0.0,0.0,0.0,0.0,24
2473,20,3280,0.0,0.0,0.0,0.0,0.0,0.0,24
2474,20,3281,0.0,0.0,0.0,0.0,0.0,0.0,24
2475,20,3282,0.0,0.0,0.0,0.0,0.0,0.0,24
2476,20,3283,0.0,0.0,0.0,0.0,0.0,0.0,24
2477,20,3269,0.0,0.0,0.0,0.0,0.0,0.0,24
2478,20,3285,0.0,0.0,0.0,0.0,0.0,0.0,24
2479,20,3286,0.0,0.0,0.0,0.0,0.0,0.0,24
2480,20,3287,0.0,0.0,0.0,0.0,0.0,0.0,24
2481,20,3288,0.0,0.0,0.0,0.0,0.0,0.0,24
2482,20,3289,0.0,0.0,0.0,0.0,0.0,0.0,24
2483,20,3290,0.0,0.0,0.0,0.0,0.0,0.0,24
2484,20,3291,0.0,0.0,0.0,0.0,0.0,0.0,24
2485,20,3292,0.0,0.0,0.0,0.0,0.0,0.0,24
2486,20,3293,0.0,0.0,0.0,0.0,0.0,0.0,24
2487,20,3294,0.0,0.0,0.0,0.0,0.0,0.0,24
2488,20,3295,0.0,0.0,0.0,0.0,0.0,0.0,24
2489,20,3296,0.0,0.0,0.0,0.0,0.0,0.0,24
2490,20,3297,0.0,0.0,0.0,0.0,0.0,0.0,24
2491,20,3298,0.0,0.0,0.0,0.0,0.0,0.0,24
2492,20,3255,0.0,0.0,0.0,0.0,0.0,0.0,24
2493,20,3240,0.0,0.0,0.0,0.0,0.0,0.0,24
2494,20,3242,0.0,0.0,0.0,0.0,0.0,0.0,24
2495,20,3243,0.0,0.0,0.0,0.0,0.0,0.0,24
2496,20,3244,0.0,0.0,0.0,0.0,0.0,0.0,24
2497,20,3245,0.0,0.0,0.0,0.0,0.0,0.0,24
2498,20,3246,0.0,0.0,0.0,0.0,0.0,0.0,24
2499,20,3247,0.0,0.0,0.0,0.0,0.0,0.0,24
2500,20,3248,0.0,0.0,0.0,0.0,0.0,0.0,24
2501,20,3249,0.0,0.0,0.0,0.0,0.0,0.0,24
2502,20,3250,0.0,0.0,0.0,0.0,0.0,0.0,24
2503,20,3251,0.0,0.0,0.0,0.0,0.0,0.0,24
2504,20,3252,0.0,0.0,0.0,0.0,0.0,0.0,24
2505,20,3253,0.0,0.0,0.0,0.0,0.0,0.0,24
2506,20,3254,0.0,0.0,0.0,0.0,0.0,0.0,24
2507,20,3171,0.0,0.0,0.0,0.0,0.0,0.0,24
2508,20,3256,0.0,0.0,0.0,0.0,0.0,0.0,24
2509,20,3257,0.0,0.0,0.0,0.0,0.0,0.0,24
2510,20,3258,0.0,0.0,0.0,0.0,0.0,0.0,24
2511,20,3259,0.0,0.0,0.0,0.0,0.0,0.0,24
2512,20,3260,0.0,0.0,0.0,0.0,0.0,0.0,24
2513,20,3261,0.0,0.0,0.0,0.0,0.0,0.0,24
2514,20,3262,0.0,0.0,0.0,0.0,0.0,0.0,24
2515,20,3263,0.0,0.0,0.0,0.0,0.0,0.0,24
2516,20,3264,0.0,0.0,0.0,0.0,0.0,0.0,24
2517,20,3265,0.0,0.0,0.0,0.0,0.0,0.0,24
2518,20,3266,0.0,0.0,0.0,0.0,0.0,0.0,24
2519,20,3267,0.0,0.0,0.0,0.0,0.0,0.0,24
2520,20,3268,0.0,0.0,0.0,0.0,0.0,0.0,24
2521,20,3090,0.0,0.0,0.0,0.0,0.0,0.0,24
2522,20,3076,0.0,0.0,0.0,0.0,0.0,0.0,24
2523,20,3077,0.0,0.0,0.0,0.0,0.0,0.0,24
2524,20,3078,0.0,0.0,0.0,0.0,0.0,0.0,24
2525,20,3079,0.0,0.0,0.0,0.0,0.0,0.0,24
2526,20,3080,0.0,0.0,0.0,0.0,0.0,0.0,24
2527,20,3081,0.0,0.0,0.0,0.0,0.0,0.0,24
2528,20,3082,0.0,0.0,0.0,0.0,0.0,0.0,24
2529,20,3083,0.0,0.0,0.0,0.0,0.0,0.0,24
2530,20,3084,0.0,0.0,0.0,0.0,0.0,0.0,24
2531,20,3085,0.0,0.0,0.0,0.0,0.0,0.0,24
2532,20,3086,0.0,0.0,0.0,0.0,0.0,0.0,24
2533,20,3087,0.0,0.0,0.0,0.0,0.0,0.0,24
2534,20,3088,0.0,0.0,0.0,0.0,0.0,0.0,24
2535,20,3089,0.0,0.0,0.0,0.0,0.0,0.0,24
2536,20,3075,0.0,0.0,0.0,0.0,0.0,0.0,24
2537,20,3091,0.0,0.0,0.0,0.0,0.0,0.0,24
2538,20,3092,0.0,0.0,0.0,0.0,0.0,0.0,24
2539,20,3093,0.0,0.0,0.0,0.0,0.0,0.0,24
2540,20,3094,0.0,0.0,0.0,0.0,0.0,0.0,24
2541,20,3095,0.0,0.0,0.0,0.0,0.0,0.0,24
2542,20,3096,0.0,0.0,0.0,0.0,0.0,0.0,24
2543,20,3097,0.0,0.0,0.0,0.0,0.0,0.0,24
2544,20,3099,0.0,0.0,0.0,0.0,0.0,0.0,24
2545,20,3100,0.0,0.0,0.0,0.0,0.0,0.0,24
2546,20,3101,0.0,0.0,0.0,0.0,0.0,0.0,24
2547,20,3102,0.0,0.0,0.0,0.0,0.0,0.0,24
2548,20,3103,0.0,0.0,0.0,0.0,0.0,0.0,24
2549,20,3104,0.0,0.0,0.0,0.0,0.0,0.0,24
2550,20,3105,0.0,0.0,0.0,0.0,0.0,0.0,24
2551,20,3060,0.0,0.0,0.0,0.0,0.0,0.0,24
2552,20,3045,0.0,0.0,0.0,0.0,0.0,0.0,24
2553,20,3046,0.0,0.0,0.0,0.0,0.0,0.0,24
2554,20,3047,0.0,0.0,0.0,0.0,0.0,0.0,24
2555,20,3048,0.0,0.0,0.0,0.0,0.0,0.0,24
2556,20,3049,0.0,0.0,0.0,0.0,0.0,0.0,24
2557,20,3050,0.0,0.0,0.0,0.0,0.0,0.0,24
2558,20,3051,0.0,0.0,0.0,0.0,0.0,0.0,24
2559,20,3052,0.0,0.0,0.0,0.0,0.0,0.0,24
2560,20,3053,0.0,0.0,0.0,0.0,0.0,0.0,24
2561,20,3054,0.0,0.0,0.0,0.0,0.0,0.0,24
2562,20,3055,0.0,0.0,0.0,0.0,0.0,0.0,24
2563,20,3057,0.0,0.0,0.0,0.0,0.0,0.0,24
2564,20,3058,0.0,0.0,0.0,0.0,0.0,0.0,24
2565,20,3059,0.0,0.0,0.0,0.0,0.0,0.0,24
2566,20,3106,0.0,0.0,0.0,0.0,0.0,0.0,24
2567,20,3061,0.0,0.0,0.0,0.0,0.0,0.0,24
2568,20,3062,0.0,0.0,0.0,0.0,0.0,0.0,24
2569,20,3063,0.0,0.0,0.0,0.0,0.0,0.0,24
2570,20,3064,0.0,0.0,0.0,0.0,0.0,0.0,24
2571,20,3065,0.0,0.0,0.0,0.0,0.0,0.0,24
2572,20,3066,0.0,0.0,0.0,0.0,0.0,0.0,24
2573,20,3067,0.0,0.0,0.0,0.0,0.0,0.0,24
2574,20,3068,0.0,0.0,0.0,0.0,0.0,0.0,24
2575,20,3069,0.0,0.0,0.0,0.0,0.0,0.0,24
2576,20,3071,0.0,0.0,0.0,0.0,0.0,0.0,24
2577,20,3072,0.0,0.0,0.0,0.0,0.0,0.0,24
2578,20,3073,0.0,0.0,0.0,0.0,0.0,0.0,24
2579,20,3074,0.0,0.0,0.0,0.0,0.0,0.0,24
2580,20,3156,0.0,0.0,0.0,0.0,0.0,0.0,24
2581,20,3142,0.0,0.0,0.0,0.0,0.0,0.0,24
2582,20,3143,0.0,0.0,0.0,0.0,0.0,0.0,24
2583,20,3144,0.0,0.0,0.0,0.0,0.0,0.0,24
2584,20,3145,0.0,0.0,0.0,0.0,0.0,0.0,24
2585,20,3146,0.0,0.0,0.0,0.0,0.0,0.0,24
2586,20,3147,0.0,0.0,0.0,0.0,0.0,0.0,24
2587,20,3148,0.0,0.0,0.0,0.0,0.0,0.0,24
2588,20,3149,0.0,0.0,0.0,0.0,0.0,0.0,24
2589,20,3150,0.0,0.0,0.0,0.0,0.0,0.0,24
2590,20,3151,0.0,0.0,0.0,0.0,0.0,0.0,24
2591,20,3152,0.0,0.0,0.0,0.0,0.0,0.0,24
2592,20,3153,0.0,0.0,0.0,0.0,0.0,0.0,24
2593,20,3154,0.0,0.0,0.0,0.0,0.0,0.0,24
2594,20,3155,0.0,0.0,0.0,0.0,0.0,0.0,24
2595,20,3141,0.0,0.0,0.0,0.0,0.0,0.0,24
2596,20,3157,0.0,0.0,0.0,0.0,0.0,0.0,24
2597,20,3158,0.0,0.0,0.0,0.0,0.0,0.0,24
2598,20,3159,0.0,0.0,0.0,0.0,0.0,0.0,24
2599,20,3160,0.0,0.0,0.0,0.0,0.0,0.0,24
2600,20,3161,0.0,0.0,0.0,0.0,0.0,0.0,24
2601,20,3162,0.0,0.0,0.0,0.0,0.0,0.0,24
2602,20,3163,0.0,0.0,0.0,0.0,0.0,0.0,24
2603,20,3164,0.0,0.0,0.0,0.0,0.0,0.0,24
2604,20,3165,0.0,0.0,0.0,0.0,0.0,0.0,24
2605,20,3166,0.0,0.0,0.0,0.0,0.0,0.0,24
2606,20,3167,0.0,0.0,0.0,0.0,0.0,0.0,24
2607,20,3168,0.0,0.0,0.0,0.0,0.0,0.0,24
2608,20,3169,0.0,0.0,0.0,0.0,0.0,0.0,24
2609,20,3124,0.0,0.0,0.0,0.0,0.0,0.0,24
2610,20,3107,0.0,0.0,0.0,0.0,0.0,0.0,24
2611,20,3108,0.0,0.0,0.0,0.0,0.0,0.0,24
2612,20,3109,0.0,0.0,0.0,0.0,0.0,0.0,24
2613,20,3111,0.0,0.0,0.0,0.0,0.0,0.0,24
2614,20,3112,0.0,0.0,0.0,0.0,0.0,0.0,24
2615,20,3113,0.0,0.0,0.0,0.0,0.0,0.0,24
2616,20,3116,0.0,0.0,0.0,0.0,0.0,0.0,24
2617,20,3117,0.0,0.0,0.0,0.0,0.0,0.0,24
2618,20,3118,0.0,0.0,0.0,0.0,0.0,0.0,24
2619,20,3119,0.0,0.0,0.0,0.0,0.0,0.0,24
2620,20,3120,0.0,0.0,0.0,0.0,0.0,0.0,24
2621,20,3121,0.0,0.0,0.0,0.0,0.0,0.0,24
2622,20,3122,0.0,0.0,0.0,0.0,0.0,0.0,24
2623,20,3123,0.0,0.0,0.0,0.0,0.0,0.0,24
2624,20,2795,0.0,0.0,0.0,0.0,0.0,0.0,24
2625,20,3125,0.0,0.0,0.0,0.0,0.0,0.0,24
2626,20,3127,0.0,0.0,0.0,0.0,0.0,0.0,24
2627,20,3129,0.0,0.0,0.0,0.0,0.0,0.0,24
2628,20,3130,0.0,0.0,0.0,0.0,0.0,0.0,24
2629,20,3132,0.0,0.0,0.0,0.0,0.0,0.0,24
2630,20,3133,0.0,0.0,0.0,0.0,0.0,0.0,24
2631,20,3134,0.0,0.0,0.0,0.0,0.0,0.0,24
2632,20,3135,0.0,0.0,0.0,0.0,0.0,0.0,24
2633,20,3136,0.0,0.0,0.0,0.0,0.0,0.0,24
2634,20,3137,0.0,0.0,0.0,0.0,0.0,0.0,24
2635,20,3138,0.0,0.0,0.0,0.0,0.0,0.0,24
2636,20,3139,0.0,0.0,0.0,0.0,0.0,0.0,24
2637,20,3140,0.0,0.0,0.0,0.0,0.0,0.0,24
2638,20,820,0.0,0.0,0.0,0.0,0.0,0.0,24
2639,20,804,0.0,0.0,0.0,0.0,0.0,0.0,24
2640,20,805,0.0,0.0,0.0,0.0,0.0,0.0,24
2641,20,806,0.0,0.0,0.0,0.0,0.0,0.0,24
2642,20,807,0.0,0.0,0.0,0.0,0.0,0.0,24
2643,20,808,0.0,0.0,0.0,0.0,0.0,0.0,24
2644,20,809,0.0,0.0,0.0,0.0,0.0,0.0,24
2645,20,810,0.0,0.0,0.0,0.0,0.0,0.0,24
2646,20,811,0.0,0.0,0.0,0.0,0.0,0.0,24
2647,20,812,0.0,0.0,0.0,0.0,0.0,0.0,24
2648,20,813,0.0,0.0,0.0,0.0,0.0,0.0,24
2649,20,814,0.0,0.0,0.0,0.0,0.0,0.0,24
2650,20,815,0.0,0.0,0.0,0.0,0.0,0.0,24
2651,20,816,0.0,0.0,0.0,0.0,0.0,0.0,24
2652,20,817,0.0,0.0,0.0,0.0,0.0,0.0,24
2653,20,819,0.0,0.0,0.0,0.0,0.0,0.0,24
2654,20,803,0.0,0.0,0.0,0.0,0.0,0.0,24
2655,20,821,0.0,0.0,0.0,0.0,0.0,0.0,24
2656,20,822,0.0,0.0,0.0,0.0,0.0,0.0,24
2657,20,823,0.0,0.0,0.0,0.0,0.0,0.0,24
2658,20,824,0.0,0.0,0.0,0.0,0.0,0.0,24
2659,20,825,0.0,0.0,0.0,0.0,0.0,0.0,24
2660,20,826,0.0,0.0,0.0,0.0,0.0,0.0,24
2661,20,827,0.0,0.0,0.0,0.0,0.0,0.0,24
2662,20,828,0.0,0.0,0.0,0.0,0.0,0.0,24
2663,20,829,0.0,0.0,0.0,0.0,0.0,0.0,24
2664,20,830,0.0,0.0,0.0,0.0,0.0,0.0,24
2665,20,831,0.0,0.0,0.0,0.0,0.0,0.0,24
2666,20,832,0.0,0.0,0.0,0.0,0.0,0.0,24
2667,20,833,0.0,0.0,0.0,0.0,0.0,0.0,24
2668,20,834,0.0,0.0,0.0,0.0,0.0,0.0,24
2669,20,787,0.0,0.0,0.0,0.0,0.0,0.0,24
2670,20,771,0.0,0.0,0.0,0.0,0.0,0.0,24
2671,20,772,0.0,0.0,0.0,0.0,0.0,0.0,24
2672,20,773,0.0,0.0,0.0,0.0,0.0,0.0,24
2673,20,774,0.0,0.0,0.0,0.0,0.0,0.0,24
2674,20,775,0.0,0.0,0.0,0.0,0.0,0.0,24
2675,20,777,0.0,0.0,0.0,0.0,0.0,0.0,24
2676,20,778,0.0,0.0,0.0,0.0,0.0,0.0,24
2677,20,779,0.0,0.0,0.0,0.0,0.0,0.0,24
2678,20,780,0.0,0.0,0.0,0.0,0.0,0.0,24
2679,20,781,0.0,0.0,0.0,0.0,0.0,0.0,24
2680,20,782,0.0,0.0,0.0,0.0,0.0,0.0,24
2681,20,783,0.0,0.0,0.0,0.0,0.0,0.0,24
2682,20,784,0.0,0.0,0.0,0.0,0.0,0.0,24
2683,20,785,0.0,0.0,0.0,0.0,0.0,0.0,24
2684,20,786,0.0,0.0,0.0,0.0,0.0,0.0,24
2685,20,835,0.0,0.0,0.0,0.0,0.0,0.0,24
2686,20,788,0.0,0.0,0.0,0.0,0.0,0.0,24
2687,20,789,0.0,0.0,0.0,0.0,0.0,0.0,24
2688,20,790,0.0,0.0,0.0,0.0,0.0,0.0,24
2689,20,791,0.0,0.0,0.0,0.0,0.0,0.0,24
2690,20,792,0.0,0.0,0.0,0.0,0.0,0.0,24
2691,20,793,0.0,0.0,0.0,0.0,0.0,0.0,24
2692,20,794,0.0,0.0,0.0,0.0,0.0,0.0,24
2693,20,795,0.0,0.0,0.0,0.0,0.0,0.0,24
2694,20,796,0.0,0.0,0.0,0.0,0.0,0.0,24
2695,20,798,0.0,0.0,0.0,0.0,0.0,0.0,24
2696,20,799,0.0,0.0,0.0,0.0,0.0,0.0,24
2697,20,800,0.0,0.0,0.0,0.0,0.0,0.0,24
2698,20,801,0.0,0.0,0.0,0.0,0.0,0.0,24
2699,20,802,0.0,0.0,0.0,0.0,0.0,0.0,24
2700,20,885,0.0,0.0,0.0,0.0,0.0,0.0,24
2701,20,869,0.0,0.0,0.0,0.0,0.0,0.0,24
2702,20,870,0.0,0.0,0.0,0.0,0.0,0.0,24
2703,20,871,0.0,0.0,0.0,0.0,0.0,0.0,24
2704,20,872,0.0,0.0,0.0,0.0,0.0,0.0,24
2705,20,873,0.0,0.0,0.0,0.0,0.0,0.0,24
2706,20,874,0.0,0.0,0.0,0.0,0.0,0.0,24
2707,20,875,0.0,0.0,0.0,0.0,0.0,0.0,24
2708,20,876,0.0,0.0,0.0,0.0,0.0,0.0,24
2709,20,877,0.0,0.0,0.0,0.0,0.0,0.0,24
2710,20,878,0.0,0.0,0.0,0.0,0.0,0.0,24
2711,20,879,0.0,0.0,0.0,0.0,0.0,0.0,24
2712,20,880,0.0,0.0,0.0,0.0,0.0,0.0,24
2713,20,881,0.0,0.0,0.0,0.0,0.0,0.0,24
2714,20,882,0.0,0.0,0.0,0.0,0.0,0.0,24
2715,20,883,0.0,0.0,0.0,0.0,0.0,0.0,24
2716,20,868,0.0,0.0,0.0,0.0,0.0,0.0,24
2717,20,886,0.0,0.0,0.0,0.0,0.0,0.0,24
2718,20,887,0.0,0.0,0.0,0.0,0.0,0.0,24
2719,20,888,0.0,0.0,0.0,0.0,0.0,0.0,24
2720,20,889,0.0,0.0,0.0,0.0,0.0,0.0,24
2721,20,891,0.0,0.0,0.0,0.0,0.0,0.0,24
2722,20,892,0.0,0.0,0.0,0.0,0.0,0.0,24
2723,20,893,0.0,0.0,0.0,0.0,0.0,0.0,24
2724,20,894,0.0,0.0,0.0,0.0,0.0,0.0,24
2725,20,895,0.0,0.0,0.0,0.0,0.0,0.0,24
2726,20,896,0.0,0.0,0.0,0.0,0.0,0.0,24
2727,20,899,0.0,0.0,0.0,0.0,0.0,0.0,24
2728,20,900,0.0,0.0,0.0,0.0,0.0,0.0,24
2729,20,901,0.0,0.0,0.0,0.0,0.0,0.0,24
2730,20,902,0.0,0.0,0.0,0.0,0.0,0.0,24
2731,20,852,0.0,0.0,0.0,0.0,0.0,0.0,24
2732,20,836,0.0,0.0,0.0,0.0,0.0,0.0,24
2733,20,837,0.0,0.0,0.0,0.0,0.0,0.0,24
2734,20,838,0.0,0.0,0.0,0.0,0.0,0.0,24
2735,20,839,0.0,0.0,0.0,0.0,0.0,0.0,24
2736,20,840,0.0,0.0,0.0,0.0,0.0,0.0,24
2737,20,841,0.0,0.0,0.0,0.0,0.0,0.0,24
2738,20,842,0.0,0.0,0.0,0.0,0.0,0.0,24
2739,20,843,0.0,0.0,0.0,0.0,0.0,0.0,24
2740,20,845,0.0,0.0,0.0,0.0,0.0,0.0,24
2741,20,846,0.0,0.0,0.0,0.0,0.0,0.0,24
2742,20,847,0.0,0.0,0.0,0.0,0.0,0.0,24
2743,20,848,0.0,0.0,0.0,0.0,0.0,0.0,24
2744,20,849,0.0,0.0,0.0,0.0,0.0,0.0,24
2745,20,850,0.0,0.0,0.0,0.0,0.0,0.0,24
2746,20,851,0.0,0.0,0.0,0.0,0.0,0.0,24
2747,20,769,0.0,0.0,0.0,0.0,0.0,0.0,24
2748,20,853,0.0,0.0,0.0,0.0,0.0,0.0,24
2749,20,854,0.0,0.0,0.0,0.0,0.0,0.0,24
2750,20,855,0.0,0.0,0.0,0.0,0.0,0.0,24
2751,20,856,0.0,0.0,0.0,0.0,0.0,0.0,24
2752,20,857,0.0,0.0,0.0,0.0,0.0,0.0,24
2753,20,858,0.0,0.0,0.0,0.0,0.0,0.0,24
2754,20,859,0.0,0.0,0.0,0.0,0.0,0.0,24
2755,20,860,0.0,0.0,0.0,0.0,0.0,0.0,24
2756,20,861,0.0,0.0,0.0,0.0,0.0,0.0,24
2757,20,862,0.0,0.0,0.0,0.0,0.0,0.0,24
2758,20,863,0.0,0.0,0.0,0.0,0.0,0.0,24
2759,20,864,0.0,0.0,0.0,0.0,0.0,0.0,24
2760,20,865,0.0,0.0,0.0,0.0,0.0,0.0,24
2761,20,867,0.0,0.0,0.0,0.0,0.0,0.0,24
2762,20,684,0.0,0.0,0.0,0.0,0.0,0.0,24
2763,20,666,0.0,0.0,0.0,0.0,0.0,0.0,24
2764,20,667,0.0,0.0,0.0,0.0,0.0,0.0,24
2765,20,668,0.0,0.0,0.0,0.0,0.0,0.0,24
2766,20,669,0.0,0.0,0.0,0.0,0.0,0.0,24
2767,20,670,0.0,0.0,0.0,0.0,0.0,0.0,24
2768,20,671,0.0,0.0,0.0,0.0,0.0,0.0,24
2769,20,673,0.0,0.0,0.0,0.0,0.0,0.0,24
2770,20,674,0.0,0.0,0.0,0.0,0.0,0.0,24
2771,20,675,0.0,0.0,0.0,0.0,0.0,0.0,24
2772,20,676,0.0,0.0,0.0,0.0,0.0,0.0,24
2773,20,677,0.0,0.0,0.0,0.0,0.0,0.0,24
2774,20,678,0.0,0.0,0.0,0.0,0.0,0.0,24
2775,20,679,0.0,0.0,0.0,0.0,0.0,0.0,24
2776,20,680,0.0,0.0,0.0,0.0,0.0,0.0,24
2777,20,683,0.0,0.0,0.0,0.0,0.0,0.0,24
2778,20,665,0.0,0.0,0.0,0.0,0.0,0.0,24
2779,20,685,0.0,0.0,0.0,0.0,0.0,0.0,24
2780,20,686,0.0,0.0,0.0,0.0,0.0,0.0,24
2781,20,687,0.0,0.0,0.0,0.0,0.0,0.0,24
2782,20,688,0.0,0.0,0.0,0.0,0.0,0.0,24
2783,20,689,0.0,0.0,0.0,0.0,0.0,0.0,24
2784,20,690,0.0,0.0,0.0,0.0,0.0,0.0,24
2785,20,692,0.0,0.0,0.0,0.0,0.0,0.0,24
2786,20,694,0.0,0.0,0.0,0.0,0.0,0.0,24
2787,20,695,0.0,0.0,0.0,0.0,0.0,0.0,24
2788,20,696,0.0,0.0,0.0,0.0,0.0,0.0,24
2789,20,697,0.0,0.0,0.0,0.0,0.0,0.0,24
2790,20,698,0.0,0.0,0.0,0.0,0.0,0.0,24
2791,20,699,0.0,0.0,0.0,0.0,0.0,0.0,24
2792,20,700,0.0,0.0,0.0,0.0,0.0,0.0,24
2793,20,650,0.0,0.0,0.0,0.0,0.0,0.0,24
2794,20,633,0.0,0.0,0.0,0.0,0.0,0.0,24
2795,20,634,0.0,0.0,0.0,0.0,0.0,0.0,24
2796,20,635,0.0,0.0,0.0,0.0,0.0,0.0,24
2797,20,636,0.0,0.0,0.0,0.0,0.0,0.0,24
2798,20,637,0.0,0.0,0.0,0.0,0.0,0.0,24
2799,20,638,0.0,0.0,0.0,0.0,0.0,0.0,24
2800,20,639,0.0,0.0,0.0,0.0,0.0,0.0,24
2801,20,640,0.0,0.0,0.0,0.0,0.0,0.0,24
2802,20,641,0.0,0.0,0.0,0.0,0.0,0.0,24
2803,20,643,0.0,0.0,0.0,0.0,0.0,0.0,24
2804,20,644,0.0,0.0,0.0,0.0,0.0,0.0,24
2805,20,645,0.0,0.0,0.0,0.0,0.0,0.0,24
2806,20,646,0.0,0.0,0.0,0.0,0.0,0.0,24
2807,20,648,0.0,0.0,0.0,0.0,0.0,0.0,24
2808,20,649,0.0,0.0,0.0,0.0,0.0,0.0,24
2809,20,701,0.0,0.0,0.0,0.0,0.0,0.0,24
2810,20,651,0.0,0.0,0.0,0.0,0.0,0.0,24
2811,20,652,0.0,0.0,0.0,0.0,0.0,0.0,24
2812,20,653,0.0,0.0,0.0,0.0,0.0,0.0,24
2813,20,654,0.0,0.0,0.0,0.0,0.0,0.0,24
2814,20,655,0.0,0.0,0.0,0.0,0.0,0.0,24
2815,20,656,0.0,0.0,0.0,0.0,0.0,0.0,24
2816,20,657,0.0,0.0,0.0,0.0,0.0,0.0,24
2817,20,658,0.0,0.0,0.0,0.0,0.0,0.0,24
2818,20,659,0.0,0.0,0.0,0.0,0.0,0.0,24
2819,20,660,0.0,0.0,0.0,0.0,0.0,0.0,24
2820,20,661,0.0,0.0,0.0,0.0,0.0,0.0,24
2821,20,662,0.0,0.0,0.0,0.0,0.0,0.0,24
2822,20,663,0.0,0.0,0.0,0.0,0.0,0.0,24
2823,20,664,0.0,0.0,0.0,0.0,0.0,0.0,24
2824,20,753,0.0,0.0,0.0,0.0,0.0,0.0,24
2825,20,737,0.0,0.0,0.0,0.0,0.0,0.0,24
2826,20,738,0.0,0.0,0.0,0.0,0.0,0.0,24
2827,20,739,0.0,0.0,0.0,0.0,0.0,0.0,24
2828,20,740,0.0,0.0,0.0,0.0,0.0,0.0,24
2829,20,741,0.0,0.0,0.0,0.0,0.0,0.0,24
2830,20,742,0.0,0.0,0.0,0.0,0.0,0.0,24
2831,20,743,0.0,0.0,0.0,0.0,0.0,0.0,24
2832,20,744,0.0,0.0,0.0,0.0,0.0,0.0,24
2833,20,745,0.0,0.0,0.0,0.0,0.0,0.0,24
2834,20,746,0.0,0.0,0.0,0.0,0.0,0.0,24
2835,20,747,0.0,0.0,0.0,0.0,0.0,0.0,24
2836,20,748,0.0,0.0,0.0,0.0,0.0,0.0,24
2837,20,750,0.0,0.0,0.0,0.0,0.0,0.0,24
2838,20,751,0.0,0.0,0.0,0.0,0.0,0.0,24
2839,20,752,0.0,0.0,0.0,0.0,0.0,0.0,24
2840,20,736,0.0,0.0,0.0,0.0,0.0,0.0,24
2841,20,754,0.0,0.0,0.0,0.0,0.0,0.0,24
2842,20,755,0.0,0.0,0.0,0.0,0.0,0.0,24
2843,20,756,0.0,0.0,0.0,0.0,0.0,0.0,24
2844,20,757,0.0,0.0,0.0,0.0,0.0,0.0,24
2845,20,758,0.0,0.0,0.0,0.0,0.0,0.0,24
2846,20,759,0.0,0.0,0.0,0.0,0.0,0.0,24
2847,20,760,0.0,0.0,0.0,0.0,0.0,0.0,24
2848,20,761,0.0,0.0,0.0,0.0,0.0,0.0,24
2849,20,762,0.0,0.0,0.0,0.0,0.0,0.0,24
2850,20,763,0.0,0.0,0.0,0.0,0.0,0.0,24
2851,20,764,0.0,0.0,0.0,0.0,0.0,0.0,24
2852,20,765,0.0,0.0,0.0,0.0,0.0,0.0,24
2853,20,766,0.0,0.0,0.0,0.0,0.0,0.0,24
2854,20,767,0.0,0.0,0.0,0.0,0.0,0.0,24
2855,20,717,0.0,0.0,0.0,0.0,0.0,0.0,24
2856,20,702,0.0,0.0,0.0,0.0,0.0,0.0,24
2857,20,703,0.0,0.0,0.0,0.0,0.0,0.0,24
2858,20,704,0.0,0.0,0.0,0.0,0.0,0.0,24
2859,20,705,0.0,0.0,0.0,0.0,0.0,0.0,24
2860,20,706,0.0,0.0,0.0,0.0,0.0,0.0,24
2861,20,707,0.0,0.0,0.0,0.0,0.0,0.0,24
2862,20,708,0.0,0.0,0.0,0.0,0.0,0.0,24
2863,20,709,0.0,0.0,0.0,0.0,0.0,0.0,24
2864,20,710,0.0,0.0,0.0,0.0,0.0,0.0,24
2865,20,711,0.0,0.0,0.0,0.0,0.0,0.0,24
2866,20,712,0.0,0.0,0.0,0.0,0.0,0.0,24
2867,20,713,0.0,0.0,0.0,0.0,0.0,0.0,24
2868,20,714,0.0,0.0,0.0,0.0,0.0,0.0,24
2869,20,715,0.0,0.0,0.0,0.0,0.0,0.0,24
2870,20,716,0.0,0.0,0.0,0.0,0.0,0.0,24
2871,20,903,0.0,0.0,0.0,0.0,0.0,0.0,24
2872,20,718,0.0,0.0,0.0,0.0,0.0,0.0,24
2873,20,719,0.0,0.0,0.0,0.0,0.0,0.0,24
2874,20,720,0.0,0.0,0.0,0.0,0.0,0.0,24
2875,20,722,0.0,0.0,0.0,0.0,0.0,0.0,24
2876,20,723,0.0,0.0,0.0,0.0,0.0,0.0,24
2877,20,724,0.0,0.0,0.0,0.0,0.0,0.0,24
2878,20,725,0.0,0.0,0.0,0.0,0.0,0.0,24
2879,20,726,0.0,0.0,0.0,0.0,0.0,0.0,24
2880,20,729,0.0,0.0,0.0,0.0,0.0,0.0,24
2881,20,730,0.0,0.0,0.0,0.0,0.0,0.0,24
2882,20,732,0.0,0.0,0.0,0.0,0.0,0.0,24
2883,20,733,0.0,0.0,0.0,0.0,0.0,0.0,24
2884,20,734,0.0,0.0,0.0,0.0,0.0,0.0,24
2885,20,735,0.0,0.0,0.0,0.0,0.0,0.0,24
2886,20,1085,0.0,0.0,0.0,0.0,0.0,0.0,24
2887,20,1069,0.0,0.0,0.0,0.0,0.0,0.0,24
2888,20,1070,0.0,0.0,0.0,0.0,0.0,0.0,24
2889,20,1071,0.0,0.0,0.0,0.0,0.0,0.0,24
2890,20,1072,0.0,0.0,0.0,0.0,0.0,0.0,24
2891,20,1074,0.0,0.0,0.0,0.0,0.0,0.0,24
2892,20,1075,0.0,0.0,0.0,0.0,0.0,0.0,24
2893,20,1076,0.0,0.0,0.0,0.0,0.0,0.0,24
2894,20,1077,0.0,0.0,0.0,0.0,0.0,0.0,24
2895,20,1078,0.0,0.0,0.0,0.0,0.0,0.0,24
2896,20,1079,0.0,0.0,0.0,0.0,0.0,0.0,24
2897,20,1080,0.0,0.0,0.0,0.0,0.0,0.0,24
2898,20,1081,0.0,0.0,0.0,0.0,0.0,0.0,24
2899,20,1082,0.0,0.0,0.0,0.0,0.0,0.0,24
2900,20,1083,0.0,0.0,0.0,0.0,0.0,0.0,24
2901,20,1084,0.0,0.0,0.0,0.0,0.0,0.0,24
2902,20,1068,0.0,0.0,0.0,0.0,0.0,0.0,24
2903,20,1086,0.0,0.0,0.0,0.0,0.0,0.0,24
2904,20,1087,0.0,0.0,0.0,0.0,0.0,0.0,24
2905,20,1088,0.0,0.0,0.0,0.0,0.0,0.0,24
2906,20,1089,0.0,0.0,0.0,0.0,0.0,0.0,24
2907,20,1090,0.0,0.0,0.0,0.0,0.0,0.0,24
2908,20,1091,0.0,0.0,0.0,0.0,0.0,0.0,24
2909,20,1092,0.0,0.0,0.0,0.0,0.0,0.0,24
2910,20,1093,0.0,0.0,0.0,0.0,0.0,0.0,24
2911,20,1094,0.0,0.0,0.0,0.0,0.0,0.0,24
2912,20,1095,0.0,0.0,0.0,0.0,0.0,0.0,24
2913,20,1096,0.0,0.0,0.0,0.0,0.0,0.0,24
2914,20,1097,0.0,0.0,0.0,0.0,0.0,0.0,24
2915,20,1098,0.0,0.0,0.0,0.0,0.0,0.0,24
2916,20,1099,0.0,0.0,0.0,0.0,0.0,0.0,24
2917,20,1053,0.0,0.0,0.0,0.0,0.0,0.0,24
2918,20,1036,0.0,0.0,0.0,0.0,0.0,0.0,24
2919,20,1037,0.0,0.0,0.0,0.0,0.0,0.0,24
2920,20,1038,0.0,0.0,0.0,0.0,0.0,0.0,24
2921,20,1039,0.0,0.0,0.0,0.0,0.0,0.0,24
2922,20,1040,0.0,0.0,0.0,0.0,0.0,0.0,24
2923,20,1041,0.0,0.0,0.0,0.0,0.0,0.0,24
2924,20,1042,0.0,0.0,0.0,0.0,0.0,0.0,24
2925,20,1043,0.0,0.0,0.0,0.0,0.0,0.0,24
2926,20,1044,0.0,0.0,0.0,0.0,0.0,0.0,24
2927,20,1045,0.0,0.0,0.0,0.0,0.0,0.0,24
2928,20,1047,0.0,0.0,0.0,0.0,0.0,0.0,24
2929,20,1048,0.0,0.0,0.0,0.0,0.0,0.0,24
2930,20,1050,0.0,0.0,0.0,0.0,0.0,0.0,24
2931,20,1051,0.0,0.0,0.0,0.0,0.0,0.0,24
2932,20,1052,0.0,0.0,0.0,0.0,0.0,0.0,24
2933,20,1101,0.0,0.0,0.0,0.0,0.0,0.0,24
2934,20,1054,0.0,0.0,0.0,0.0,0.0,0.0,24
2935,20,1055,0.0,0.0,0.0,0.0,0.0,0.0,24
2936,20,1056,0.0,0.0,0.0,0.0,0.0,0.0,24
2937,20,1057,0.0,0.0,0.0,0.0,0.0,0.0,24
2938,20,1058,0.0,0.0,0.0,0.0,0.0,0.0,24
2939,20,1059,0.0,0.0,0.0,0.0,0.0,0.0,24
2940,20,1060,0.0,0.0,0.0,0.0,0.0,0.0,24
2941,20,1061,0.0,0.0,0.0,0.0,0.0,0.0,24
2942,20,1062,0.0,0.0,0.0,0.0,0.0,0.0,24
2943,20,1063,0.0,0.0,0.0,0.0,0.0,0.0,24
2944,20,1064,0.0,0.0,0.0,0.0,0.0,0.0,24
2945,20,1065,0.0,0.0,0.0,0.0,0.0,0.0,24
2946,20,1066,0.0,0.0,0.0,0.0,0.0,0.0,24
2947,20,1067,0.0,0.0,0.0,0.0,0.0,0.0,24
2948,20,1152,0.0,0.0,0.0,0.0,0.0,0.0,24
2949,20,1135,0.0,0.0,0.0,0.0,0.0,0.0,24
2950,20,1136,0.0,0.0,0.0,0.0,0.0,0.0,24
2951,20,1137,0.0,0.0,0.0,0.0,0.0,0.0,24
2952,20,1139,0.0,0.0,0.0,0.0,0.0,0.0,24
2953,20,1140,0.0,0.0,0.0,0.0,0.0,0.0,24
2954,20,1141,0.0,0.0,0.0,0.0,0.0,0.0,24
2955,20,1142,0.0,0.0,0.0,0.0,0.0,0.0,24
2956,20,1144,0.0,0.0,0.0,0.0,0.0,0.0,24
2957,20,1145,0.0,0.0,0.0,0.0,0.0,0.0,24
2958,20,1146,0.0,0.0,0.0,0.0,0.0,0.0,24
2959,20,1147,0.0,0.0,0.0,0.0,0.0,0.0,24
2960,20,1148,0.0,0.0,0.0,0.0,0.0,0.0,24
2961,20,1149,0.0,0.0,0.0,0.0,0.0,0.0,24
2962,20,1150,0.0,0.0,0.0,0.0,0.0,0.0,24
2963,20,1151,0.0,0.0,0.0,0.0,0.0,0.0,24
2964,20,1133,0.0,0.0,0.0,0.0,0.0,0.0,24
2965,20,1153,0.0,0.0,0.0,0.0,0.0,0.0,24
2966,20,1154,0.0,0.0,0.0,0.0,0.0,0.0,24
2967,20,1155,0.0,0.0,0.0,0.0,0.0,0.0,24
2968,20,1156,0.0,0.0,0.0,0.0,0.0,0.0,24
2969,20,1158,0.0,0.0,0.0,0.0,0.0,0.0,24
2970,20,1159,0.0,0.0,0.0,0.0,0.0,0.0,24
2971,20,1160,0.0,0.0,0.0,0.0,0.0,0.0,24
2972,20,1161,0.0,0.0,0.0,0.0,0.0,0.0,24
2973,20,1162,0.0,0.0,0.0,0.0,0.0,0.0,24
2974,20,1163,0.0,0.0,0.0,0.0,0.0,0.0,24
2975,20,1164,0.0,0.0,0.0,0.0,0.0,0.0,24
2976,20,1166,0.0,0.0,0.0,0.0,0.0,0.0,24
2977,20,1167,0.0,0.0,0.0,0.0,0.0,0.0,24
2978,20,1168,0.0,0.0,0.0,0.0,0.0,0.0,24
2979,20,1118,0.0,0.0,0.0,0.0,0.0,0.0,24
2980,20,1102,0.0,0.0,0.0,0.0,0.0,0.0,24
2981,20,1103,0.0,0.0,0.0,0.0,0.0,0.0,24
2982,20,1104,0.0,0.0,0.0,0.0,0.0,0.0,24
2983,20,1105,0.0,0.0,0.0,0.0,0.0,0.0,24
2984,20,1106,0.0,0.0,0.0,0.0,0.0,0.0,24
2985,20,1107,0.0,0.0,0.0,0.0,0.0,0.0,24
2986,20,1108,0.0,0.0,0.0,0.0,0.0,0.0,24
2987,20,1109,0.0,0.0,0.0,0.0,0.0,0.0,24
2988,20,1110,0.0,0.0,0.0,0.0,0.0,0.0,24
2989,20,1111,0.0,0.0,0.0,0.0,0.0,0.0,24
2990,20,1112,0.0,0.0,0.0,0.0,0.0,0.0,24
2991,20,1113,0.0,0.0,0.0,0.0,0.0,0.0,24
2992,20,1114,0.0,0.0,0.0,0.0,0.0,0.0,24
2993,20,1116,0.0,0.0,0.0,0.0,0.0,0.0,24
2994,20,1117,0.0,0.0,0.0,0.0,0.0,0.0,24
2995,20,1034,0.0,0.0,0.0,0.0,0.0,0.0,24
2996,20,1119,0.0,0.0,0.0,0.0,0.0,0.0,24
2997,20,1120,0.0,0.0,0.0,0.0,0.0,0.0,24
2998,20,1121,0.0,0.0,0.0,0.0,0.0,0.0,24
2999,20,1122,0.0,0.0,0.0,0.0,0.0,0.0,24
3000,20,1123,0.0,0.0,0.0,0.0,0.0,0.0,24
3001,20,1124,0.0,0.0,0.0,0.0,0.0,0.0,24
3002,20,1125,0.0,0.0,0.0,0.0,0.0,0.0,24
3003,20,1126,0.0,0.0,0.0,0.0,0.0,0.0,24
3004,20,1127,0.0,0.0,0.0,0.0,0.0,0.0,24
3005,20,1128,0.0,0.0,0.0,0.0,0.0,0.0,24
3006,20,1129,0.0,0.0,0.0,0.0,0.0,0.0,24
3007,20,1130,0.0,0.0,0.0,0.0,0.0,0.0,24
3008,20,1131,0.0,0.0,0.0,0.0,0.0,0.0,24
3009,20,1132,0.0,0.0,0.0,0.0,0.0,0.0,24
3010,20,955,0.0,0.0,0.0,0.0,0.0,0.0,24
3011,20,940,0.0,0.0,0.0,0.0,0.0,0.0,24
3012,20,941,0.0,0.0,0.0,0.0,0.0,0.0,24
3013,20,942,0.0,0.0,0.0,0.0,0.0,0.0,24
3014,20,943,0.0,0.0,0.0,0.0,0.0,0.0,24
3015,20,944,0.0,0.0,0.0,0.0,0.0,0.0,24
3016,20,945,0.0,0.0,0.0,0.0,0.0,0.0,24
3017,20,946,0.0,0.0,0.0,0.0,0.0,0.0,24
3018,20,947,0.0,0.0,0.0,0.0,0.0,0.0,24
3019,20,948,0.0,0.0,0.0,0.0,0.0,0.0,24
3020,20,949,0.0,0.0,0.0,0.0,0.0,0.0,24
3021,20,950,0.0,0.0,0.0,0.0,0.0,0.0,24
3022,20,951,0.0,0.0,0.0,0.0,0.0,0.0,24
3023,20,952,0.0,0.0,0.0,0.0,0.0,0.0,24
3024,20,953,0.0,0.0,0.0,0.0,0.0,0.0,24
3025,20,954,0.0,0.0,0.0,0.0,0.0,0.0,24
3026,20,939,0.0,0.0,0.0,0.0,0.0,0.0,24
3027,20,956,0.0,0.0,0.0,0.0,0.0,0.0,24
3028,20,957,0.0,0.0,0.0,0.0,0.0,0.0,24
3029,20,958,0.0,0.0,0.0,0.0,0.0,0.0,24
3030,20,959,0.0,0.0,0.0,0.0,0.0,0.0,24
3031,20,960,0.0,0.0,0.0,0.0,0.0,0.0,24
3032,20,961,0.0,0.0,0.0,0.0,0.0,0.0,24
3033,20,962,0.0,0.0,0.0,0.0,0.0,0.0,24
3034,20,963,0.0,0.0,0.0,0.0,0.0,0.0,24
3035,20,964,0.0,0.0,0.0,0.0,0.0,0.0,24
3036,20,966,0.0,0.0,0.0,0.0,0.0,0.0,24
3037,20,967,0.0,0.0,0.0,0.0,0.0,0.0,24
3038,20,968,0.0,0.0,0.0,0.0,0.0,0.0,24
3039,20,969,0.0,0.0,0.0,0.0,0.0,0.0,24
3040,20,970,0.0,0.0,0.0,0.0,0.0,0.0,24
3041,20,923,0.0,0.0,0.0,0.0,0.0,0.0,24
3042,20,904,0.0,0.0,0.0,0.0,0.0,0.0,24
3043,20,905,0.0,0.0,0.0,0.0,0.0,0.0,24
3044,20,907,0.0,0.0,0.0,0.0,0.0,0.0,24
3045,20,908,0.0,0.0,0.0,0.0,0.0,0.0,24
3046,20,909,0.0,0.0,0.0,0.0,0.0,0.0,24
3047,20,911,0.0,0.0,0.0,0.0,0.0,0.0,24
3048,20,912,0.0,0.0,0.0,0.0,0.0,0.0,24
3049,20,913,0.0,0.0,0.0,0.0,0.0,0.0,24
3050,20,914,0.0,0.0,0.0,0.0,0.0,0.0,24
3051,20,916,0.0,0.0,0.0,0.0,0.0,0.0,24
3052,20,917,0.0,0.0,0.0,0.0,0.0,0.0,24
3053,20,919,0.0,0.0,0.0,0.0,0.0,0.0,24
3054,20,920,0.0,0.0,0.0,0.0,0.0,0.0,24
3055,20,921,0.0,0.0,0.0,0.0,0.0,0.0,24
3056,20,922,0.0,0.0,0.0,0.0,0.0,0.0,24
3057,20,971,0.0,0.0,0.0,0.0,0.0,0.0,24
3058,20,924,0.0,0.0,0.0,0.0,0.0,0.0,24
3059,20,925,0.0,0.0,0.0,0.0,0.0,0.0,24
3060,20,926,0.0,0.0,0.0,0.0,0.0,0.0,24
3061,20,927,0.0,0.0,0.0,0.0,0.0,0.0,24
3062,20,928,0.0,0.0,0.0,0.0,0.0,0.0,24
3063,20,930,0.0,0.0,0.0,0.0,0.0,0.0,24
3064,20,931,0.0,0.0,0.0,0.0,0.0,0.0,24
3065,20,932,0.0,0.0,0.0,0.0,0.0,0.0,24
3066,20,933,0.0,0.0,0.0,0.0,0.0,0.0,24
3067,20,934,0.0,0.0,0.0,0.0,0.0,0.0,24
3068,20,935,0.0,0.0,0.0,0.0,0.0,0.0,24
3069,20,936,0.0,0.0,0.0,0.0,0.0,0.0,24
3070,20,937,0.0,0.0,0.0,0.0,0.0,0.0,24
3071,20,938,0.0,0.0,0.0,0.0,0.0,0.0,24
3072,20,1019,0.0,0.0,0.0,0.0,0.0,0.0,24
3073,20,1004,0.0,0.0,0.0,0.0,0.0,0.0,24
3074,20,1005,0.0,0.0,0.0,0.0,0.0,0.0,24
3075,20,1006,0.0,0.0,0.0,0.0,0.0,0.0,24
3076,20,1007,0.0,0.0,0.0,0.0,0.0,0.0,24
3077,20,1008,0.0,0.0,0.0,0.0,0.0,0.0,24
3078,20,1009,0.0,0.0,0.0,0.0,0.0,0.0,24
3079,20,1010,0.0,0.0,0.0,0.0,0.0,0.0,24
3080,20,1011,0.0,0.0,0.0,0.0,0.0,0.0,24
3081,20,1012,0.0,0.0,0.0,0.0,0.0,0.0,24
3082,20,1013,0.0,0.0,0.0,0.0,0.0,0.0,24
3083,20,1014,0.0,0.0,0.0,0.0,0.0,0.0,24
3084,20,1015,0.0,0.0,0.0,0.0,0.0,0.0,24
3085,20,1016,0.0,0.0,0.0,0.0,0.0,0.0,24
3086,20,1017,0.0,0.0,0.0,0.0,0.0,0.0,24
3087,20,1018,0.0,0.0,0.0,0.0,0.0,0.0,24
3088,20,1003,0.0,0.0,0.0,0.0,0.0,0.0,24
3089,20,1020,0.0,0.0,0.0,0.0,0.0,0.0,24
3090,20,1021,0.0,0.0,0.0,0.0,0.0,0.0,24
3091,20,1022,0.0,0.0,0.0,0.0,0.0,0.0,24
3092,20,1023,0.0,0.0,0.0,0.0,0.0,0.0,24
3093,20,1024,0.0,0.0,0.0,0.0,0.0,0.0,24
3094,20,1025,0.0,0.0,0.0,0.0,0.0,0.0,24
3095,20,1026,0.0,0.0,0.0,0.0,0.0,0.0,24
3096,20,1027,0.0,0.0,0.0,0.0,0.0,0.0,24
3097,20,1028,0.0,0.0,0.0,0.0,0.0,0.0,24
3098,20,1029,0.0,0.0,0.0,0.0,0.0,0.0,24
3099,20,1030,0.0,0.0,0.0,0.0,0.0,0.0,24
3100,20,1031,0.0,0.0,0.0,0.0,0.0,0.0,24
3101,20,1032,0.0,0.0,0.0,0.0,0.0,0.0,24
3102,20,1033,0.0,0.0,0.0,0.0,0.0,0.0,24
3103,20,988,0.0,0.0,0.0,0.0,0.0,0.0,24
3104,20,972,0.0,0.0,0.0,0.0,0.0,0.0,24
3105,20,973,0.0,0.0,0.0,0.0,0.0,0.0,24
3106,20,974,0.0,0.0,0.0,0.0,0.0,0.0,24
3107,20,976,0.0,0.0,0.0,0.0,0.0,0.0,24
3108,20,977,0.0,0.0,0.0,0.0,0.0,0.0,24
3109,20,978,0.0,0.0,0.0,0.0,0.0,0.0,24
3110,20,979,0.0,0.0,0.0,0.0,0.0,0.0,24
3111,20,980,0.0,0.0,0.0,0.0,0.0,0.0,24
3112,20,981,0.0,0.0,0.0,0.0,0.0,0.0,24
3113,20,982,0.0,0.0,0.0,0.0,0.0,0.0,24
3114,20,984,0.0,0.0,0.0,0.0,0.0,0.0,24
3115,20,985,0.0,0.0,0.0,0.0,0.0,0.0,24
3116,20,986,0.0,0.0,0.0,0.0,0.0,0.0,24
3117,20,987,0.0,0.0,0.0,0.0,0.0,0.0,24
3118,20,632,0.0,0.0,0.0,0.0,0.0,0.0,24
3119,20,989,0.0,0.0,0.0,0.0,0.0,0.0,24
3120,20,990,0.0,0.0,0.0,0.0,0.0,0.0,24
3121,20,991,0.0,0.0,0.0,0.0,0.0,0.0,24
3122,20,992,0.0,0.0,0.0,0.0,0.0,0.0,24
3123,20,993,0.0,0.0,0.0,0.0,0.0,0.0,24
3124,20,994,0.0,0.0,0.0,0.0,0.0,0.0,24
3125,20,995,0.0,0.0,0.0,0.0,0.0,0.0,24
3126,20,996,0.0,0.0,0.0,0.0,0.0,0.0,24
3127,20,997,0.0,0.0,0.0,0.0,0.0,0.0,24
3128,20,998,0.0,0.0,0.0,0.0,0.0,0.0,24
3129,20,999,0.0,0.0,0.0,0.0,0.0,0.0,24
3130,20,1000,0.0,0.0,0.0,0.0,0.0,0.0,24
3131,20,1001,0.0,0.0,0.0,0.0,0.0,0.0,24
3132,20,1002,0.0,0.0,0.0,0.0,0.0,0.0,24
3133,20,288,0.0,0.0,0.0,0.0,0.0,0.0,24
3134,20,272,0.0,0.0,0.0,0.0,0.0,0.0,24
3135,20,273,0.0,0.0,0.0,0.0,0.0,0.0,24
3136,20,274,0.0,0.0,0.0,0.0,0.0,0.0,24
3137,20,275,0.0,0.0,0.0,0.0,0.0,0.0,24
3138,20,276,0.0,0.0,0.0,0.0,0.0,0.0,24
3139,20,277,0.0,0.0,0.0,0.0,0.0,0.0,24
3140,20,278,0.0,0.0,0.0,0.0,0.0,0.0,24
3141,20,279,0.0,0.0,0.0,0.0,0.0,0.0,24
3142,20,280,0.0,0.0,0.0,0.0,0.0,0.0,24
3143,20,281,0.0,0.0,0.0,0.0,0.0,0.0,24
3144,20,282,0.0,0.0,0.0,0.0,0.0,0.0,24
3145,20,283,0.0,0.0,0.0,0.0,0.0,0.0,24
3146,20,284,0.0,0.0,0.0,0.0,0.0,0.0,24
3147,20,285,0.0,0.0,0.0,0.0,0.0,0.0,24
3148,20,287,0.0,0.0,0.0,0.0,0.0,0.0,24
3149,20,271,0.0,0.0,0.0,0.0,0.0,0.0,24
3150,20,289,0.0,0.0,0.0,0.0,0.0,0.0,24
3151,20,290,0.0,0.0,0.0,0.0,0.0,0.0,24
3152,20,291,0.0,0.0,0.0,0.0,0.0,0.0,24
3153,20,292,0.0,0.0,0.0,0.0,0.0,0.0,24
3154,20,293,0.0,0.0,0.0,0.0,0.0,0.0,24
3155,20,294,0.0,0.0,0.0,0.0,0.0,0.0,24
3156,20,295,0.0,0.0,0.0,0.0,0.0,0.0,24
3157,20,296,0.0,0.0,0.0,0.0,0.0,0.0,24
3158,20,297,0.0,0.0,0.0,0.0,0.0,0.0,24
3159,20,300,0.0,0.0,0.0,0.0,0.0,0.0,24
3160,20,301,0.0,0.0,0.0,0.0,0.0,0.0,24
3161,20,302,0.0,0.0,0.0,0.0,0.0,0.0,24
3162,20,303,0.0,0.0,0.0,0.0,0.0,0.0,24
3163,20,304,0.0,0.0,0.0,0.0,0.0,0.0,24
3164,20,253,0.0,0.0,0.0,0.0,0.0,0.0,24
3165,20,238,0.0,0.0,0.0,0.0,0.0,0.0,24
3166,20,239,0.0,0.0,0.0,0.0,0.0,0.0,24
3167,20,240,0.0,0.0,0.0,0.0,0.0,0.0,24
3168,20,241,0.0,0.0,0.0,0.0,0.0,0.0,24
3169,20,242,0.0,0.0,0.0,0.0,0.0,0.0,24
3170,20,243,0.0,0.0,0.0,0.0,0.0,0.0,24
3171,20,244,0.0,0.0,0.0,0.0,0.0,0.0,24
3172,20,245,0.0,0.0,0.0,0.0,0.0,0.0,24
3173,20,246,0.0,0.0,0.0,0.0,0.0,0.0,24
3174,20,247,0.0,0.0,0.0,0.0,0.0,0.0,24
3175,20,248,0.0,0.0,0.0,0.0,0.0,0.0,24
3176,20,249,0.0,0.0,0.0,0.0,0.0,0.0,24
3177,20,250,0.0,0.0,0.0,0.0,0.0,0.0,24
3178,20,251,0.0,0.0,0.0,0.0,0.0,0.0,24
3179,20,252,0.0,0.0,0.0,0.0,0.0,0.0,24
3180,20,305,0.0,0.0,0.0,0.0,0.0,0.0,24
3181,20,254,0.0,0.0,0.0,0.0,0.0,0.0,24
3182,20,255,0.0,0.0,0.0,0.0,0.0,0.0,24
3183,20,256,0.0,0.0,0.0,0.0,0.0,0.0,24
3184,20,257,0.0,0.0,0.0,0.0,0.0,0.0,24
3185,20,258,0.0,0.0,0.0,0.0,0.0,0.0,24
3186,20,259,0.0,0.0,0.0,0.0,0.0,0.0,24
3187,20,260,0.0,0.0,0.0,0.0,0.0,0.0,24
3188,20,262,0.0,0.0,0.0,0.0,0.0,0.0,24
3189,20,263,0.0,0.0,0.0,0.0,0.0,0.0,24
3190,20,264,0.0,0.0,0.0,0.0,0.0,0.0,24
3191,20,266,0.0,0.0,0.0,0.0,0.0,0.0,24
3192,20,267,0.0,0.0,0.0,0.0,0.0,0.0,24
3193,20,269,0.0,0.0,0.0,0.0,0.0,0.0,24
3194,20,270,0.0,0.0,0.0,0.0,0.0,0.0,24
3195,20,353,0.0,0.0,0.0,0.0,0.0,0.0,24
3196,20,338,0.0,0.0,0.0,0.0,0.0,0.0,24
3197,20,339,0.0,0.0,0.0,0.0,0.0,0.0,24
3198,20,340,0.0,0.0,0.0,0.0,0.0,0.0,24
3199,20,341,0.0,0.0,0.0,0.0,0.0,0.0,24
3200,20,342,0.0,0.0,0.0,0.0,0.0,0.0,24
3201,20,343,0.0,0.0,0.0,0.0,0.0,0.0,24
3202,20,344,0.0,0.0,0.0,0.0,0.0,0.0,24
3203,20,345,0.0,0.0,0.0,0.0,0.0,0.0,24
3204,20,346,0.0,0.0,0.0,0.0,0.0,0.0,24
3205,20,347,0.0,0.0,0.0,0.0,0.0,0.0,24
3206,20,348,0.0,0.0,0.0,0.0,0.0,0.0,24
3207,20,349,0.0,0.0,0.0,0.0,0.0,0.0,24
3208,20,350,0.0,0.0,0.0,0.0,0.0,0.0,24
3209,20,351,0.0,0.0,0.0,0.0,0.0,0.0,24
3210,20,352,0.0,0.0,0.0,0.0,0.0,0.0,24
3211,20,337,0.0,0.0,0.0,0.0,0.0,0.0,24
3212,20,354,0.0,0.0,0.0,0.0,0.0,0.0,24
3213,20,355,0.0,0.0,0.0,0.0,0.0,0.0,24
3214,20,356,0.0,0.0,0.0,0.0,0.0,0.0,24
3215,20,357,0.0,0.0,0.0,0.0,0.0,0.0,24
3216,20,358,0.0,0.0,0.0,0.0,0.0,0.0,24
3217,20,361,0.0,0.0,0.0,0.0,0.0,0.0,24
3218,20,362,0.0,0.0,0.0,0.0,0.0,0.0,24
3219,20,363,0.0,0.0,0.0,0.0,0.0,0.0,24
3220,20,364,0.0,0.0,0.0,0.0,0.0,0.0,24
3221,20,365,0.0,0.0,0.0,0.0,0.0,0.0,24
3222,20,366,0.0,0.0,0.0,0.0,0.0,0.0,24
3223,20,367,0.0,0.0,0.0,0.0,0.0,0.0,24
3224,20,368,0.0,0.0,0.0,0.0,0.0,0.0,24
3225,20,369,0.0,0.0,0.0,0.0,0.0,0.0,24
3226,20,322,0.0,0.0,0.0,0.0,0.0,0.0,24
3227,20,306,0.0,0.0,0.0,0.0,0.0,0.0,24
3228,20,307,0.0,0.0,0.0,0.0,0.0,0.0,24
3229,20,308,0.0,0.0,0.0,0.0,0.0,0.0,24
3230,20,309,0.0,0.0,0.0,0.0,0.0,0.0,24
3231,20,310,0.0,0.0,0.0,0.0,0.0,0.0,24
3232,20,311,0.0,0.0,0.0,0.0,0.0,0.0,24
3233,20,312,0.0,0.0,0.0,0.0,0.0,0.0,24
3234,20,313,0.0,0.0,0.0,0.0,0.0,0.0,24
3235,20,314,0.0,0.0,0.0,0.0,0.0,0.0,24
3236,20,315,0.0,0.0,0.0,0.0,0.0,0.0,24
3237,20,316,0.0,0.0,0.0,0.0,0.0,0.0,24
3238,20,317,0.0,0.0,0.0,0.0,0.0,0.0,24
3239,20,318,0.0,0.0,0.0,0.0,0.0,0.0,24
3240,20,319,0.0,0.0,0.0,0.0,0.0,0.0,24
3241,20,320,0.0,0.0,0.0,0.0,0.0,0.0,24
3242,20,237,0.0,0.0,0.0,0.0,0.0,0.0,24
3243,20,323,0.0,0.0,0.0,0.0,0.0,0.0,24
3244,20,324,0.0,0.0,0.0,0.0,0.0,0.0,24
3245,20,325,0.0,0.0,0.0,0.0,0.0,0.0,24
3246,20,326,0.0,0.0,0.0,0.0,0.0,0.0,24
3247,20,327,0.0,0.0,0.0,0.0,0.0,0.0,24
3248,20,328,0.0,0.0,0.0,0.0,0.0,0.0,24
3249,20,329,0.0,0.0,0.0,0.0,0.0,0.0,24
3250,20,330,0.0,0.0,0.0,0.0,0.0,0.0,24
3251,20,331,0.0,0.0,0.0,0.0,0.0,0.0,24
3252,20,332,0.0,0.0,0.0,0.0,0.0,0.0,24
3253,20,333,0.0,0.0,0.0,0.0,0.0,0.0,24
3254,20,334,0.0,0.0,0.0,0.0,0.0,0.0,24
3255,20,335,0.0,0.0,0.0,0.0,0.0,0.0,24
3256,20,336,0.0,0.0,0.0,0.0,0.0,0.0,24
3257,20,151,0.0,0.0,0.0,0.0,0.0,0.0,24
3258,20,136,0.0,0.0,0.0,0.0,0.0,0.0,24
3259,20,137,0.0,0.0,0.0,0.0,0.0,0.0,24
3260,20,138,0.0,0.0,0.0,0.0,0.0,0.0,24
3261,20,139,0.0,0.0,0.0,0.0,0.0,0.0,24
3262,20,140,0.0,0.0,0.0,0.0,0.0,0.0,24
3263,20,141,0.0,0.0,0.0,0.0,0.0,0.0,24
3264,20,142,0.0,0.0,0.0,0.0,0.0,0.0,24
3265,20,143,0.0,0.0,0.0,0.0,0.0,0.0,24
3266,20,144,0.0,0.0,0.0,0.0,0.0,0.0,24
3267,20,145,0.0,0.0,0.0,0.0,0.0,0.0,24
3268,20,146,0.0,0.0,0.0,0.0,0.0,0.0,24
3269,20,147,0.0,0.0,0.0,0.0,0.0,0.0,24
3270,20,148,0.0,0.0,0.0,0.0,0.0,0.0,24
3271,20,149,0.0,0.0,0.0,0.0,0.0,0.0,24
3272,20,150,0.0,0.0,0.0,0.0,0.0,0.0,24
3273,20,135,0.0,0.0,0.0,0.0,0.0,0.0,24
3274,20,152,0.0,0.0,0.0,0.0,0.0,0.0,24
3275,20,153,0.0,0.0,0.0,0.0,0.0,0.0,24
3276,20,154,0.0,0.0,0.0,0.0,0.0,0.0,24
3277,20,155,0.0,0.0,0.0,0.0,0.0,0.0,24
3278,20,158,0.0,0.0,0.0,0.0,0.0,0.0,24
3279,20,159,0.0,0.0,0.0,0.0,0.0,0.0,24
3280,20,160,0.0,0.0,0.0,0.0,0.0,0.0,24
3281,20,161,0.0,0.0,0.0,0.0,0.0,0.0,24
3282,20,162,0.0,0.0,0.0,0.0,0.0,0.0,24
3283,20,163,0.0,0.0,0.0,0.0,0.0,0.0,24
3284,20,164,0.0,0.0,0.0,0.0,0.0,0.0,24
3285,20,165,0.0,0.0,0.0,0.0,0.0,0.0,24
3286,20,166,0.0,0.0,0.0,0.0,0.0,0.0,24
3287,20,167,0.0,0.0,0.0,0.0,0.0,0.0,24
3288,20,117,0.0,0.0,0.0,0.0,0.0,0.0,24
3289,20,101,0.0,0.0,0.0,0.0,0.0,0.0,24
3290,20,102,0.0,0.0,0.0,0.0,0.0,0.0,24
3291,20,103,0.0,0.0,0.0,0.0,0.0,0.0,24
3292,20,104,0.0,0.0,0.0,0.0,0.0,0.0,24
3293,20,105,0.0,0.0,0.0,0.0,0.0,0.0,24
3294,20,106,0.0,0.0,0.0,0.0,0.0,0.0,24
3295,20,107,0.0,0.0,0.0,0.0,0.0,0.0,24
3296,20,108,0.0,0.0,0.0,0.0,0.0,0.0,24
3297,20,109,0.0,0.0,0.0,0.0,0.0,0.0,24
3298,20,110,0.0,0.0,0.0,0.0,0.0,0.0,24
3299,20,111,0.0,0.0,0.0,0.0,0.0,0.0,24
3300,20,112,0.0,0.0,0.0,0.0,0.0,0.0,24
3301,20,113,0.0,0.0,0.0,0.0,0.0,0.0,24
3302,20,115,0.0,0.0,0.0,0.0,0.0,0.0,24
3303,20,116,0.0,0.0,0.0,0.0,0.0,0.0,24
3304,20,168,0.0,0.0,0.0,0.0,0.0,0.0,24
3305,20,118,0.0,0.0,0.0,0.0,0.0,0.0,24
3306,20,119,0.0,0.0,0.0,0.0,0.0,0.0,24
3307,20,120,0.0,0.0,0.0,0.0,0.0,0.0,24
3308,20,121,0.0,0.0,0.0,0.0,0.0,0.0,24
3309,20,122,0.0,0.0,0.0,0.0,0.0,0.0,24
3310,20,125,0.0,0.0,0.0,0.0,0.0,0.0,24
3311,20,126,0.0,0.0,0.0,0.0,0.0,0.0,24
3312,20,127,0.0,0.0,0.0,0.0,0.0,0.0,24
3313,20,128,0.0,0.0,0.0,0.0,0.0,0.0,24
3314,20,129,0.0,0.0,0.0,0.0,0.0,0.0,24
3315,20,131,0.0,0.0,0.0,0.0,0.0,0.0,24
3316,20,132,0.0,0.0,0.0,0.0,0.0,0.0,24
3317,20,133,0.0,0.0,0.0,0.0,0.0,0.0,24
3318,20,134,0.0,0.0,0.0,0.0,0.0,0.0,24
3319,20,222,0.0,0.0,0.0,0.0,0.0,0.0,24
3320,20,205,0.0,0.0,0.0,0.0,0.0,0.0,24
3321,20,208,0.0,0.0,0.0,0.0,0.0,0.0,24
3322,20,209,0.0,0.0,0.0,0.0,0.0,0.0,24
3323,20,210,0.0,0.0,0.0,0.0,0.0,0.0,24
3324,20,211,0.0,0.0,0.0,0.0,0.0,0.0,24
3325,20,212,0.0,0.0,0.0,0.0,0.0,0.0,24
3326,20,213,0.0,0.0,0.0,0.0,0.0,0.0,24
3327,20,214,0.0,0.0,0.0,0.0,0.0,0.0,24
3328,20,215,0.0,0.0,0.0,0.0,0.0,0.0,24
3329,20,216,0.0,0.0,0.0,0.0,0.0,0.0,24
3330,20,217,0.0,0.0,0.0,0.0,0.0,0.0,24
3331,20,218,0.0,0.0,0.0,0.0,0.0,0.0,24
3332,20,219,0.0,0.0,0.0,0.0,0.0,0.0,24
3333,20,220,0.0,0.0,0.0,0.0,0.0,0.0,24
3334,20,221,0.0,0.0,0.0,0.0,0.0,0.0,24
3335,20,204,0.0,0.0,0.0,0.0,0.0,0.0,24
3336,20,223,0.0,0.0,0.0,0.0,0.0,0.0,24
3337,20,224,0.0,0.0,0.0,0.0,0.0,0.0,24
3338,20,225,0.0,0.0,0.0,0.0,0.0,0.0,24
3339,20,226,0.0,0.0,0.0,0.0,0.0,0.0,24
3340,20,227,0.0,0.0,0.0,0.0,0.0,0.0,24
3341,20,228,0.0,0.0,0.0,0.0,0.0,0.0,24
3342,20,229,0.0,0.0,0.0,0.0,0.0,0.0,24
3343,20,230,0.0,0.0,0.0,0.0,0.0,0.0,24
3344,20,231,0.0,0.0,0.0,0.0,0.0,0.0,24
3345,20,232,0.0,0.0,0.0,0.0,0.0,0.0,24
3346,20,233,0.0,0.0,0.0,0.0,0.0,0.0,24
3347,20,234,0.0,0.0,0.0,0.0,0.0,0.0,24
3348,20,235,0.0,0.0,0.0,0.0,0.0,0.0,24
3349,20,236,0.0,0.0,0.0,0.0,0.0,0.0,24
3350,20,188,0.0,0.0,0.0,0.0,0.0,0.0,24
3351,20,170,0.0,0.0,0.0,0.0,0.0,0.0,24
3352,20,172,0.0,0.0,0.0,0.0,0.0,0.0,24
3353,20,174,0.0,0.0,0.0,0.0,0.0,0.0,24
3354,20,175,0.0,0.0,0.0,0.0,0.0,0.0,24
3355,20,176,0.0,0.0,0.0,0.0,0.0,0.0,24
3356,20,177,0.0,0.0,0.0,0.0,0.0,0.0,24
3357,20,178,0.0,0.0,0.0,0.0,0.0,0.0,24
3358,20,179,0.0,0.0,0.0,0.0,0.0,0.0,24
3359,20,181,0.0,0.0,0.0,0.0,0.0,0.0,24
3360,20,182,0.0,0.0,0.0,0.0,0.0,0.0,24
3361,20,183,0.0,0.0,0.0,0.0,0.0,0.0,24
3362,20,184,0.0,0.0,0.0,0.0,0.0,0.0,24
3363,20,185,0.0,0.0,0.0,0.0,0.0,0.0,24
3364,20,186,0.0,0.0,0.0,0.0,0.0,0.0,24
3365,20,187,0.0,0.0,0.0,0.0,0.0,0.0,24
3366,20,370,0.0,0.0,0.0,0.0,0.0,0.0,24
3367,20,189,0.0,0.0,0.0,0.0,0.0,0.0,24
3368,20,190,0.0,0.0,0.0,0.0,0.0,0.0,24
3369,20,191,0.0,0.0,0.0,0.0,0.0,0.0,24
3370,20,192,0.0,0.0,0.0,0.0,0.0,0.0,24
3371,20,193,0.0,0.0,0.0,0.0,0.0,0.0,24
3372,20,195,0.0,0.0,0.0,0.0,0.0,0.0,24
3373,20,196,0.0,0.0,0.0,0.0,0.0,0.0,24
3374,20,197,0.0,0.0,0.0,0.0,0.0,0.0,24
3375,20,198,0.0,0.0,0.0,0.0,0.0,0.0,24
3376,20,199,0.0,0.0,0.0,0.0,0.0,0.0,24
3377,20,200,0.0,0.0,0.0,0.0,0.0,0.0,24
3378,20,201,0.0,0.0,0.0,0.0,0.0,0.0,24
3379,20,202,0.0,0.0,0.0,0.0,0.0,0.0,24
3380,20,203,0.0,0.0,0.0,0.0,0.0,0.0,24
3381,20,550,0.0,0.0,0.0,0.0,0.0,0.0,24
3382,20,535,0.0,0.0,0.0,0.0,0.0,0.0,24
3383,20,536,0.0,0.0,0.0,0.0,0.0,0.0,24
3384,20,537,0.0,0.0,0.0,0.0,0.0,0.0,24
3385,20,538,0.0,0.0,0.0,0.0,0.0,0.0,24
3386,20,539,0.0,0.0,0.0,0.0,0.0,0.0,24
3387,20,540,0.0,0.0,0.0,0.0,0.0,0.0,24
3388,20,541,0.0,0.0,0.0,0.0,0.0,0.0,24
3389,20,542,0.0,0.0,0.0,0.0,0.0,0.0,24
3390,20,543,0.0,0.0,0.0,0.0,0.0,0.0,24
3391,20,544,0.0,0.0,0.0,0.0,0.0,0.0,24
3392,20,545,0.0,0.0,0.0,0.0,0.0,0.0,24
3393,20,546,0.0,0.0,0.0,0.0,0.0,0.0,24
3394,20,547,0.0,0.0,0.0,0.0,0.0,0.0,24
3395,20,548,0.0,0.0,0.0,0.0,0.0,0.0,24
3396,20,549,0.0,0.0,0.0,0.0,0.0,0.0,24
3397,20,534,0.0,0.0,0.0,0.0,0.0,0.0,24
3398,20,551,0.0,0.0,0.0,0.0,0.0,0.0,24
3399,20,552,0.0,0.0,0.0,0.0,0.0,0.0,24
3400,20,553,0.0,0.0,0.0,0.0,0.0,0.0,24
3401,20,554,0.0,0.0,0.0,0.0,0.0,0.0,24
3402,20,556,0.0,0.0,0.0,0.0,0.0,0.0,24
3403,20,557,0.0,0.0,0.0,0.0,0.0,0.0,24
3404,20,558,0.0,0.0,0.0,0.0,0.0,0.0,24
3405,20,559,0.0,0.0,0.0,0.0,0.0,0.0,24
3406,20,560,0.0,0.0,0.0,0.0,0.0,0.0,24
3407,20,561,0.0,0.0,0.0,0.0,0.0,0.0,24
3408,20,562,0.0,0.0,0.0,0.0,0.0,0.0,24
3409,20,563,0.0,0.0,0.0,0.0,0.0,0.0,24
3410,20,564,0.0,0.0,0.0,0.0,0.0,0.0,24
3411,20,565,0.0,0.0,0.0,0.0,0.0,0.0,24
3412,20,518,0.0,0.0,0.0,0.0,0.0,0.0,24
3413,20,503,0.0,0.0,0.0,0.0,0.0,0.0,24
3414,20,504,0.0,0.0,0.0,0.0,0.0,0.0,24
3415,20,505,0.0,0.0,0.0,0.0,0.0,0.0,24
3416,20,506,0.0,0.0,0.0,0.0,0.0,0.0,24
3417,20,507,0.0,0.0,0.0,0.0,0.0,0.0,24
3418,20,508,0.0,0.0,0.0,0.0,0.0,0.0,24
3419,20,509,0.0,0.0,0.0,0.0,0.0,0.0,24
3420,20,510,0.0,0.0,0.0,0.0,0.0,0.0,24
3421,20,511,0.0,0.0,0.0,0.0,0.0,0.0,24
3422,20,512,0.0,0.0,0.0,0.0,0.0,0.0,24
3423,20,513,0.0,0.0,0.0,0.0,0.0,0.0,24
3424,20,514,0.0,0.0,0.0,0.0,0.0,0.0,24
3425,20,515,0.0,0.0,0.0,0.0,0.0,0.0,24
3426,20,516,0.0,0.0,0.0,0.0,0.0,0.0,24
3427,20,517,0.0,0.0,0.0,0.0,0.0,0.0,24
3428,20,566,0.0,0.0,0.0,0.0,0.0,0.0,24
3429,20,519,0.0,0.0,0.0,0.0,0.0,0.0,24
3430,20,520,0.0,0.0,0.0,0.0,0.0,0.0,24
3431,20,521,0.0,0.0,0.0,0.0,0.0,0.0,24
3432,20,522,0.0,0.0,0.0,0.0,0.0,0.0,24
3433,20,523,0.0,0.0,0.0,0.0,0.0,0.0,24
3434,20,524,0.0,0.0,0.0,0.0,0.0,0.0,24
3435,20,525,0.0,0.0,0.0,0.0,0.0,0.0,24
3436,20,526,0.0,0.0,0.0,0.0,0.0,0.0,24
3437,20,528,0.0,0.0,0.0,0.0,0.0,0.0,24
3438,20,529,0.0,0.0,0.0,0.0,0.0,0.0,24
3439,20,530,0.0,0.0,0.0,0.0,0.0,0.0,24
3440,20,531,0.0,0.0,0.0,0.0,0.0,0.0,24
3441,20,532,0.0,0.0,0.0,0.0,0.0,0.0,24
3442,20,533,0.0,0.0,0.0,0.0,0.0,0.0,24
3443,20,616,0.0,0.0,0.0,0.0,0.0,0.0,24
3444,20,601,0.0,0.0,0.0,0.0,0.0,0.0,24
3445,20,602,0.0,0.0,0.0,0.0,0.0,0.0,24
3446,20,603,0.0,0.0,0.0,0.0,0.0,0.0,24
3447,20,604,0.0,0.0,0.0,0.0,0.0,0.0,24
3448,20,605,0.0,0.0,0.0,0.0,0.0,0.0,24
3449,20,606,0.0,0.0,0.0,0.0,0.0,0.0,24
3450,20,607,0.0,0.0,0.0,0.0,0.0,0.0,24
3451,20,608,0.0,0.0,0.0,0.0,0.0,0.0,24
3452,20,609,0.0,0.0,0.0,0.0,0.0,0.0,24
3453,20,610,0.0,0.0,0.0,0.0,0.0,0.0,24
3454,20,611,0.0,0.0,0.0,0.0,0.0,0.0,24
3455,20,612,0.0,0.0,0.0,0.0,0.0,0.0,24
3456,20,613,0.0,0.0,0.0,0.0,0.0,0.0,24
3457,20,614,0.0,0.0,0.0,0.0,0.0,0.0,24
3458,20,615,0.0,0.0,0.0,0.0,0.0,0.0,24
3459,20,600,0.0,0.0,0.0,0.0,0.0,0.0,24
3460,20,617,0.0,0.0,0.0,0.0,0.0,0.0,24
3461,20,618,0.0,0.0,0.0,0.0,0.0,0.0,24
3462,20,619,0.0,0.0,0.0,0.0,0.0,0.0,24
3463,20,620,0.0,0.0,0.0,0.0,0.0,0.0,24
3464,20,621,0.0,0.0,0.0,0.0,0.0,0.0,24
3465,20,622,0.0,0.0,0.0,0.0,0.0,0.0,24
3466,20,623,0.0,0.0,0.0,0.0,0.0,0.0,24
3467,20,624,0.0,0.0,0.0,0.0,0.0,0.0,24
3468,20,625,0.0,0.0,0.0,0.0,0.0,0.0,24
3469,20,626,0.0,0.0,0.0,0.0,0.0,0.0,24
3470,20,628,0.0,0.0,0.0,0.0,0.0,0.0,24
3471,20,629,0.0,0.0,0.0,0.0,0.0,0.0,24
3472,20,630,0.0,0.0,0.0,0.0,0.0,0.0,24
3473,20,631,0.0,0.0,0.0,0.0,0.0,0.0,24
3474,20,584,0.0,0.0,0.0,0.0,0.0,0.0,24
3475,20,567,0.0,0.0,0.0,0.0,0.0,0.0,24
3476,20,568,0.0,0.0,0.0,0.0,0.0,0.0,24
3477,20,569,0.0,0.0,0.0,0.0,0.0,0.0,24
3478,20,570,0.0,0.0,0.0,0.0,0.0,0.0,24
3479,20,573,0.0,0.0,0.0,0.0,0.0,0.0,24
3480,20,574,0.0,0.0,0.0,0.0,0.0,0.0,24
3481,20,575,0.0,0.0,0.0,0.0,0.0,0.0,24
3482,20,576,0.0,0.0,0.0,0.0,0.0,0.0,24
3483,20,577,0.0,0.0,0.0,0.0,0.0,0.0,24
3484,20,578,0.0,0.0,0.0,0.0,0.0,0.0,24
3485,20,579,0.0,0.0,0.0,0.0,0.0,0.0,24
3486,20,580,0.0,0.0,0.0,0.0,0.0,0.0,24
3487,20,581,0.0,0.0,0.0,0.0,0.0,0.0,24
3488,20,582,0.0,0.0,0.0,0.0,0.0,0.0,24
3489,20,583,0.0,0.0,0.0,0.0,0.0,0.0,24
3490,20,502,0.0,0.0,0.0,0.0,0.0,0.0,24
3491,20,585,0.0,0.0,0.0,0.0,0.0,0.0,24
3492,20,586,0.0,0.0,0.0,0.0,0.0,0.0,24
3493,20,587,0.0,0.0,0.0,0.0,0.0,0.0,24
3494,20,588,0.0,0.0,0.0,0.0,0.0,0.0,24
3495,20,589,0.0,0.0,0.0,0.0,0.0,0.0,24
3496,20,590,0.0,0.0,0.0,0.0,0.0,0.0,24
3497,20,591,0.0,0.0,0.0,0.0,0.0,0.0,24
3498,20,593,0.0,0.0,0.0,0.0,0.0,0.0,24
3499,20,594,0.0,0.0,0.0,0.0,0.0,0.0,24
3500,20,595,0.0,0.0,0.0,0.0,0.0,0.0,24
3501,20,596,0.0,0.0,0.0,0.0,0.0,0.0,24
3502,20,597,0.0,0.0,0.0,0.0,0.0,0.0,24
3503,20,598,0.0,0.0,0.0,0.0,0.0,0.0,24
3504,20,599,0.0,0.0,0.0,0.0,0.0,0.0,24
3505,20,420,0.0,0.0,0.0,0.0,0.0,0.0,24
3506,20,405,0.0,0.0,0.0,0.0,0.0,0.0,24
3507,20,406,0.0,0.0,0.0,0.0,0.0,0.0,24
3508,20,407,0.0,0.0,0.0,0.0,0.0,0.0,24
3509,20,408,0.0,0.0,0.0,0.0,0.0,0.0,24
3510,20,409,0.0,0.0,0.0,0.0,0.0,0.0,24
3511,20,410,0.0,0.0,0.0,0.0,0.0,0.0,24
3512,20,411,0.0,0.0,0.0,0.0,0.0,0.0,24
3513,20,412,0.0,0.0,0.0,0.0,0.0,0.0,24
3514,20,413,0.0,0.0,0.0,0.0,0.0,0.0,24
3515,20,414,0.0,0.0,0.0,0.0,0.0,0.0,24
3516,20,415,0.0,0.0,0.0,0.0,0.0,0.0,24
3517,20,416,0.0,0.0,0.0,0.0,0.0,0.0,24
3518,20,417,0.0,0.0,0.0,0.0,0.0,0.0,24
3519,20,418,0.0,0.0,0.0,0.0,0.0,0.0,24
3520,20,419,0.0,0.0,0.0,0.0,0.0,0.0,24
3521,20,404,0.0,0.0,0.0,0.0,0.0,0.0,24
3522,20,421,0.0,0.0,0.0,0.0,0.0,0.0,24
3523,20,422,0.0,0.0,0.0,0.0,0.0,0.0,24
3524,20,423,0.0,0.0,0.0,0.0,0.0,0.0,24
3525,20,424,0.0,0.0,0.0,0.0,0.0,0.0,24
3526,20,425,0.0,0.0,0.0,0.0,0.0,0.0,24
3527,20,427,0.0,0.0,0.0,0.0,0.0,0.0,24
3528,20,428,0.0,0.0,0.0,0.0,0.0,0.0,24
3529,20,429,0.0,0.0,0.0,0.0,0.0,0.0,24
3530,20,430,0.0,0.0,0.0,0.0,0.0,0.0,24
3531,20,431,0.0,0.0,0.0,0.0,0.0,0.0,24
3532,20,432,0.0,0.0,0.0,0.0,0.0,0.0,24
3533,20,433,0.0,0.0,0.0,0.0,0.0,0.0,24
3534,20,435,0.0,0.0,0.0,0.0,0.0,0.0,24
3535,20,436,0.0,0.0,0.0,0.0,0.0,0.0,24
3536,20,387,0.0,0.0,0.0,0.0,0.0,0.0,24
3537,20,371,0.0,0.0,0.0,0.0,0.0,0.0,24
3538,20,372,0.0,0.0,0.0,0.0,0.0,0.0,24
3539,20,373,0.0,0.0,0.0,0.0,0.0,0.0,24
3540,20,374,0.0,0.0,0.0,0.0,0.0,0.0,24
3541,20,375,0.0,0.0,0.0,0.0,0.0,0.0,24
3542,20,376,0.0,0.0,0.0,0.0,0.0,0.0,24
3543,20,377,0.0,0.0,0.0,0.0,0.0,0.0,24
3544,20,378,0.0,0.0,0.0,0.0,0.0,0.0,24
3545,20,380,0.0,0.0,0.0,0.0,0.0,0.0,24
3546,20,381,0.0,0.0,0.0,0.0,0.0,0.0,24
3547,20,382,0.0,0.0,0.0,0.0,0.0,0.0,24
3548,20,383,0.0,0.0,0.0,0.0,0.0,0.0,24
3549,20,384,0.0,0.0,0.0,0.0,0.0,0.0,24
3550,20,385,0.0,0.0,0.0,0.0,0.0,0.0,24
3551,20,386,0.0,0.0,0.0,0.0,0.0,0.0,24
3552,20,437,0.0,0.0,0.0,0.0,0.0,0.0,24
3553,20,388,0.0,0.0,0.0,0.0,0.0,0.0,24
3554,20,389,0.0,0.0,0.0,0.0,0.0,0.0,24
3555,20,390,0.0,0.0,0.0,0.0,0.0,0.0,24
3556,20,391,0.0,0.0,0.0,0.0,0.0,0.0,24
3557,20,392,0.0,0.0,0.0,0.0,0.0,0.0,24
3558,20,393,0.0,0.0,0.0,0.0,0.0,0.0,24
3559,20,394,0.0,0.0,0.0,0.0,0.0,0.0,24
3560,20,395,0.0,0.0,0.0,0.0,0.0,0.0,24
3561,20,396,0.0,0.0,0.0,0.0,0.0,0.0,24
3562,20,397,0.0,0.0,0.0,0.0,0.0,0.0,24
3563,20,398,0.0,0.0,0.0,0.0,0.0,0.0,24
3564,20,399,0.0,0.0,0.0,0.0,0.0,0.0,24
3565,20,400,0.0,0.0,0.0,0.0,0.0,0.0,24
3566,20,402,0.0,0.0,0.0,0.0,0.0,0.0,24
3567,20,486,0.0,0.0,0.0,0.0,0.0,0.0,24
3568,20,469,0.0,0.0,0.0,0.0,0.0,0.0,24
3569,20,470,0.0,0.0,0.0,0.0,0.0,0.0,24
3570,20,471,0.0,0.0,0.0,0.0,0.0,0.0,24
3571,20,472,0.0,0.0,0.0,0.0,0.0,0.0,24
3572,20,474,0.0,0.0,0.0,0.0,0.0,0.0,24
3573,20,475,0.0,0.0,0.0,0.0,0.0,0.0,24
3574,20,476,0.0,0.0,0.0,0.0,0.0,0.0,24
3575,20,477,0.0,0.0,0.0,0.0,0.0,0.0,24
3576,20,478,0.0,0.0,0.0,0.0,0.0,0.0,24
3577,20,479,0.0,0.0,0.0,0.0,0.0,0.0,24
3578,20,480,0.0,0.0,0.0,0.0,0.0,0.0,24
3579,20,481,0.0,0.0,0.0,0.0,0.0,0.0,24
3580,20,483,0.0,0.0,0.0,0.0,0.0,0.0,24
3581,20,484,0.0,0.0,0.0,0.0,0.0,0.0,24
3582,20,485,0.0,0.0,0.0,0.0,0.0,0.0,24
3583,20,468,0.0,0.0,0.0,0.0,0.0,0.0,24
3584,20,487,0.0,0.0,0.0,0.0,0.0,0.0,24
3585,20,488,0.0,0.0,0.0,0.0,0.0,0.0,24
3586,20,489,0.0,0.0,0.0,0.0,0.0,0.0,24
3587,20,490,0.0,0.0,0.0,0.0,0.0,0.0,24
3588,20,491,0.0,0.0,0.0,0.0,0.0,0.0,24
3589,20,492,0.0,0.0,0.0,0.0,0.0,0.0,24
3590,20,493,0.0,0.0,0.0,0.0,0.0,0.0,24
3591,20,494,0.0,0.0,0.0,0.0,0.0,0.0,24
3592,20,495,0.0,0.0,0.0,0.0,0.0,0.0,24
3593,20,496,0.0,0.0,0.0,0.0,0.0,0.0,24
3594,20,497,0.0,0.0,0.0,0.0,0.0,0.0,24
3595,20,499,0.0,0.0,0.0,0.0,0.0,0.0,24
3596,20,500,0.0,0.0,0.0,0.0,0.0,0.0,24
3597,20,501,0.0,0.0,0.0,0.0,0.0,0.0,24
3598,20,452,0.0,0.0,0.0,0.0,0.0,0.0,24
3599,20,438,0.0,0.0,0.0,0.0,0.0,0.0,24
3600,20,439,0.0,0.0,0.0,0.0,0.0,0.0,24
3601,20,440,0.0,0.0,0.0,0.0,0.0,0.0,24
3602,20,441,0.0,0.0,0.0,0.0,0.0,0.0,24
3603,20,442,0.0,0.0,0.0,0.0,0.0,0.0,24
3604,20,443,0.0,0.0,0.0,0.0,0.0,0.0,24
3605,20,444,0.0,0.0,0.0,0.0,0.0,0.0,24
3606,20,445,0.0,0.0,0.0,0.0,0.0,0.0,24
3607,20,446,0.0,0.0,0.0,0.0,0.0,0.0,24
3608,20,447,0.0,0.0,0.0,0.0,0.0,0.0,24
3609,20,448,0.0,0.0,0.0,0.0,0.0,0.0,24
3610,20,449,0.0,0.0,0.0,0.0,0.0,0.0,24
3611,20,450,0.0,0.0,0.0,0.0,0.0,0.0,24
3612,20,451,0.0,0.0,0.0,0.0,0.0,0.0,24
3613,20,1169,0.0,0.0,0.0,0.0,0.0,0.0,24
3614,20,453,0.0,0.0,0.0,0.0,0.0,0.0,24
3615,20,454,0.0,0.0,0.0,0.0,0.0,0.0,24
3616,20,455,0.0,0.0,0.0,0.0,0.0,0.0,24
3617,20,456,0.0,0.0,0.0,0.0,0.0,0.0,24
3618,20,457,0.0,0.0,0.0,0.0,0.0,0.0,24
3619,20,458,0.0,0.0,0.0,0.0,0.0,0.0,24
3620,20,459,0.0,0.0,0.0,0.0,0.0,0.0,24
3621,20,460,0.0,0.0,0.0,0.0,0.0,0.0,24
3622,20,461,0.0,0.0,0.0,0.0,0.0,0.0,24
3623,20,462,0.0,0.0,0.0,0.0,0.0,0.0,24
3624,20,463,0.0,0.0,0.0,0.0,0.0,0.0,24
3625,20,464,0.0,0.0,0.0,0.0,0.0,0.0,24
3626,20,466,0.0,0.0,0.0,0.0,0.0,0.0,24
3627,20,467,0.0,0.0,0.0,0.0,0.0,0.0,24
3628,20,1880,0.0,0.0,0.0,0.0,0.0,0.0,24
3629,20,1863,0.0,0.0,0.0,0.0,0.0,0.0,24
3630,20,1864,0.0,0.0,0.0,0.0,0.0,0.0,24
3631,20,1865,0.0,0.0,0.0,0.0,0.0,0.0,24
3632,20,1866,0.0,0.0,0.0,0.0,0.0,0.0,24
3633,20,1867,0.0,0.0,0.0,0.0,0.0,0.0,24
3634,20,1868,0.0,0.0,0.0,0.0,0.0,0.0,24
3635,20,1869,0.0,0.0,0.0,0.0,0.0,0.0,24
3636,20,1870,0.0,0.0,0.0,0.0,0.0,0.0,24
3637,20,1871,0.0,0.0,0.0,0.0,0.0,0.0,24
3638,20,1872,0.0,0.0,0.0,0.0,0.0,0.0,24
3639,20,1873,0.0,0.0,0.0,0.0,0.0,0.0,24
3640,20,1874,0.0,0.0,0.0,0.0,0.0,0.0,24
3641,20,1876,0.0,0.0,0.0,0.0,0.0,0.0,24
3642,20,1877,0.0,0.0,0.0,0.0,0.0,0.0,24
3643,20,1879,0.0,0.0,0.0,0.0,0.0,0.0,24
3644,20,1861,0.0,0.0,0.0,0.0,0.0,0.0,24
3645,20,1881,0.0,0.0,0.0,0.0,0.0,0.0,24
3646,20,1882,0.0,0.0,0.0,0.0,0.0,0.0,24
3647,20,1883,0.0,0.0,0.0,0.0,0.0,0.0,24
3648,20,1884,0.0,0.0,0.0,0.0,0.0,0.0,24
3649,20,1885,0.0,0.0,0.0,0.0,0.0,0.0,24
3650,20,1886,0.0,0.0,0.0,0.0,0.0,0.0,24
3651,20,1887,0.0,0.0,0.0,0.0,0.0,0.0,24
3652,20,1888,0.0,0.0,0.0,0.0,0.0,0.0,24
3653,20,1889,0.0,0.0,0.0,0.0,0.0,0.0,24
3654,20,1890,0.0,0.0,0.0,0.0,0.0,0.0,24
3655,20,1891,0.0,0.0,0.0,0.0,0.0,0.0,24
3656,20,1892,0.0,0.0,0.0,0.0,0.0,0.0,24
3657,20,1893,0.0,0.0,0.0,0.0,0.0,0.0,24
3658,20,1894,0.0,0.0,0.0,0.0,0.0,0.0,24
3659,20,1844,0.0,0.0,0.0,0.0,0.0,0.0,24
3660,20,1828,0.0,0.0,0.0,0.0,0.0,0.0,24
3661,20,1829,0.0,0.0,0.0,0.0,0.0,0.0,24
3662,20,1830,0.0,0.0,0.0,0.0,0.0,0.0,24
3663,20,1831,0.0,0.0,0.0,0.0,0.0,0.0,24
3664,20,1832,0.0,0.0,0.0,0.0,0.0,0.0,24
3665,20,1833,0.0,0.0,0.0,0.0,0.0,0.0,24
3666,20,1834,0.0,0.0,0.0,0.0,0.0,0.0,24
3667,20,1835,0.0,0.0,0.0,0.0,0.0,0.0,24
3668,20,1837,0.0,0.0,0.0,0.0,0.0,0.0,24
3669,20,1838,0.0,0.0,0.0,0.0,0.0,0.0,24
3670,20,1839,0.0,0.0,0.0,0.0,0.0,0.0,24
3671,20,1840,0.0,0.0,0.0,0.0,0.0,0.0,24
3672,20,1841,0.0,0.0,0.0,0.0,0.0,0.0,24
3673,20,1842,0.0,0.0,0.0,0.0,0.0,0.0,24
3674,20,1843,0.0,0.0,0.0,0.0,0.0,0.0,24
3675,20,1895,0.0,0.0,0.0,0.0,0.0,0.0,24
3676,20,1845,0.0,0.0,0.0,0.0,0.0,0.0,24
3677,20,1846,0.0,0.0,0.0,0.0,0.0,0.0,24
3678,20,1847,0.0,0.0,0.0,0.0,0.0,0.0,24
3679,20,1848,0.0,0.0,0.0,0.0,0.0,0.0,24
3680,20,1849,0.0,0.0,0.0,0.0,0.0,0.0,24
3681,20,1850,0.0,0.0,0.0,0.0,0.0,0.0,24
3682,20,1852,0.0,0.0,0.0,0.0,0.0,0.0,24
3683,20,1853,0.0,0.0,0.0,0.0,0.0,0.0,24
3684,20,1854,0.0,0.0,0.0,0.0,0.0,0.0,24
3685,20,1855,0.0,0.0,0.0,0.0,0.0,0.0,24
3686,20,1856,0.0,0.0,0.0,0.0,0.0,0.0,24
3687,20,1858,0.0,0.0,0.0,0.0,0.0,0.0,24
3688,20,1859,0.0,0.0,0.0,0.0,0.0,0.0,24
3689,20,1860,0.0,0.0,0.0,0.0,0.0,0.0,24
3690,20,1943,0.0,0.0,0.0,0.0,0.0,0.0,24
3691,20,1928,0.0,0.0,0.0,0.0,0.0,0.0,24
3692,20,1929,0.0,0.0,0.0,0.0,0.0,0.0,24
3693,20,1930,0.0,0.0,0.0,0.0,0.0,0.0,24
3694,20,1931,0.0,0.0,0.0,0.0,0.0,0.0,24
3695,20,1932,0.0,0.0,0.0,0.0,0.0,0.0,24
3696,20,1933,0.0,0.0,0.0,0.0,0.0,0.0,24
3697,20,1934,0.0,0.0,0.0,0.0,0.0,0.0,24
3698,20,1935,0.0,0.0,0.0,0.0,0.0,0.0,24
3699,20,1936,0.0,0.0,0.0,0.0,0.0,0.0,24
3700,20,1937,0.0,0.0,0.0,0.0,0.0,0.0,24
3701,20,1938,0.0,0.0,0.0,0.0,0.0,0.0,24
3702,20,1939,0.0,0.0,0.0,0.0,0.0,0.0,24
3703,20,1940,0.0,0.0,0.0,0.0,0.0,0.0,24
3704,20,1941,0.0,0.0,0.0,0.0,0.0,0.0,24
3705,20,1942,0.0,0.0,0.0,0.0,0.0,0.0,24
3706,20,1927,0.0,0.0,0.0,0.0,0.0,0.0,24
3707,20,1944,0.0,0.0,0.0,0.0,0.0,0.0,24
3708,20,1945,0.0,0.0,0.0,0.0,0.0,0.0,24
3709,20,1946,0.0,0.0,0.0,0.0,0.0,0.0,24
3710,20,1947,0.0,0.0,0.0,0.0,0.0,0.0,24
3711,20,1948,0.0,0.0,0.0,0.0,0.0,0.0,24
3712,20,1949,0.0,0.0,0.0,0.0,0.0,0.0,24
3713,20,1950,0.0,0.0,0.0,0.0,0.0,0.0,24
3714,20,1951,0.0,0.0,0.0,0.0,0.0,0.0,24
3715,20,1952,0.0,0.0,0.0,0.0,0.0,0.0,24
3716,20,1953,0.0,0.0,0.0,0.0,0.0,0.0,24
3717,20,1954,0.0,0.0,0.0,0.0,0.0,0.0,24
3718,20,1955,0.0,0.0,0.0,0.0,0.0,0.0,24
3719,20,1956,0.0,0.0,0.0,0.0,0.0,0.0,24
3720,20,1957,0.0,0.0,0.0,0.0,0.0,0.0,24
3721,20,1911,0.0,0.0,0.0,0.0,0.0,0.0,24
3722,20,1896,0.0,0.0,0.0,0.0,0.0,0.0,24
3723,20,1897,0.0,0.0,0.0,0.0,0.0,0.0,24
3724,20,1898,0.0,0.0,0.0,0.0,0.0,0.0,24
3725,20,1899,0.0,0.0,0.0,0.0,0.0,0.0,24
3726,20,1900,0.0,0.0,0.0,0.0,0.0,0.0,24
3727,20,1901,0.0,0.0,0.0,0.0,0.0,0.0,24
3728,20,1902,0.0,0.0,0.0,0.0,0.0,0.0,24
3729,20,1903,0.0,0.0,0.0,0.0,0.0,0.0,24
3730,20,1904,0.0,0.0,0.0,0.0,0.0,0.0,24
3731,20,1905,0.0,0.0,0.0,0.0,0.0,0.0,24
3732,20,1906,0.0,0.0,0.0,0.0,0.0,0.0,24
3733,20,1907,0.0,0.0,0.0,0.0,0.0,0.0,24
3734,20,1908,0.0,0.0,0.0,0.0,0.0,0.0,24
3735,20,1909,0.0,0.0,0.0,0.0,0.0,0.0,24
3736,20,1910,0.0,0.0,0.0,0.0,0.0,0.0,24
3737,20,1827,0.0,0.0,0.0,0.0,0.0,0.0,24
3738,20,1912,0.0,0.0,0.0,0.0,0.0,0.0,24
3739,20,1913,0.0,0.0,0.0,0.0,0.0,0.0,24
3740,20,1914,0.0,0.0,0.0,0.0,0.0,0.0,24
3741,20,1916,0.0,0.0,0.0,0.0,0.0,0.0,24
3742,20,1917,0.0,0.0,0.0,0.0,0.0,0.0,24
3743,20,1918,0.0,0.0,0.0,0.0,0.0,0.0,24
3744,20,1919,0.0,0.0,0.0,0.0,0.0,0.0,24
3745,20,1920,0.0,0.0,0.0,0.0,0.0,0.0,24
3746,20,1921,0.0,0.0,0.0,0.0,0.0,0.0,24
3747,20,1922,0.0,0.0,0.0,0.0,0.0,0.0,24
3748,20,1923,0.0,0.0,0.0,0.0,0.0,0.0,24
3749,20,1924,0.0,0.0,0.0,0.0,0.0,0.0,24
3750,20,1925,0.0,0.0,0.0,0.0,0.0,0.0,24
3751,20,1926,0.0,0.0,0.0,0.0,0.0,0.0,24
3752,20,1743,0.0,0.0,0.0,0.0,0.0,0.0,24
3753,20,1727,0.0,0.0,0.0,0.0,0.0,0.0,24
3754,20,1728,0.0,0.0,0.0,0.0,0.0,0.0,24
3755,20,1729,0.0,0.0,0.0,0.0,0.0,0.0,24
3756,20,1731,0.0,0.0,0.0,0.0,0.0,0.0,24
3757,20,1732,0.0,0.0,0.0,0.0,0.0,0.0,24
3758,20,1733,0.0,0.0,0.0,0.0,0.0,0.0,24
3759,20,1734,0.0,0.0,0.0,0.0,0.0,0.0,24
3760,20,1735,0.0,0.0,0.0,0.0,0.0,0.0,24
3761,20,1736,0.0,0.0,0.0,0.0,0.0,0.0,24
3762,20,1737,0.0,0.0,0.0,0.0,0.0,0.0,24
3763,20,1738,0.0,0.0,0.0,0.0,0.0,0.0,24
3764,20,1739,0.0,0.0,0.0,0.0,0.0,0.0,24
3765,20,1740,0.0,0.0,0.0,0.0,0.0,0.0,24
3766,20,1741,0.0,0.0,0.0,0.0,0.0,0.0,24
3767,20,1742,0.0,0.0,0.0,0.0,0.0,0.0,24
3768,20,1726,0.0,0.0,0.0,0.0,0.0,0.0,24
3769,20,1744,0.0,0.0,0.0,0.0,0.0,0.0,24
3770,20,1745,0.0,0.0,0.0,0.0,0.0,0.0,24
3771,20,1746,0.0,0.0,0.0,0.0,0.0,0.0,24
3772,20,1747,0.0,0.0,0.0,0.0,0.0,0.0,24
3773,20,1748,0.0,0.0,0.0,0.0,0.0,0.0,24
3774,20,1749,0.0,0.0,0.0,0.0,0.0,0.0,24
3775,20,1750,0.0,0.0,0.0,0.0,0.0,0.0,24
3776,20,1751,0.0,0.0,0.0,0.0,0.0,0.0,24
3777,20,1752,0.0,0.0,0.0,0.0,0.0,0.0,24
3778,20,1753,0.0,0.0,0.0,0.0,0.0,0.0,24
3779,20,1754,0.0,0.0,0.0,0.0,0.0,0.0,24
3780,20,1755,0.0,0.0,0.0,0.0,0.0,0.0,24
3781,20,1756,0.0,0.0,0.0,0.0,0.0,0.0,24
3782,20,1759,0.0,0.0,0.0,0.0,0.0,0.0,24
3783,20,1708,0.0,0.0,0.0,0.0,0.0,0.0,24
3784,20,1692,0.0,0.0,0.0,0.0,0.0,0.0,24
3785,20,1693,0.0,0.0,0.0,0.0,0.0,0.0,24
3786,20,1694,0.0,0.0,0.0,0.0,0.0,0.0,24
3787,20,1695,0.0,0.0,0.0,0.0,0.0,0.0,24
3788,20,1696,0.0,0.0,0.0,0.0,0.0,0.0,24
3789,20,1697,0.0,0.0,0.0,0.0,0.0,0.0,24
3790,20,1698,0.0,0.0,0.0,0.0,0.0,0.0,24
3791,20,1699,0.0,0.0,0.0,0.0,0.0,0.0,24
3792,20,1700,0.0,0.0,0.0,0.0,0.0,0.0,24
3793,20,1701,0.0,0.0,0.0,0.0,0.0,0.0,24
3794,20,1702,0.0,0.0,0.0,0.0,0.0,0.0,24
3795,20,1703,0.0,0.0,0.0,0.0,0.0,0.0,24
3796,20,1704,0.0,0.0,0.0,0.0,0.0,0.0,24
3797,20,1705,0.0,0.0,0.0,0.0,0.0,0.0,24
3798,20,1707,0.0,0.0,0.0,0.0,0.0,0.0,24
3799,20,1760,0.0,0.0,0.0,0.0,0.0,0.0,24
3800,20,1709,0.0,0.0,0.0,0.0,0.0,0.0,24
3801,20,1710,0.0,0.0,0.0,0.0,0.0,0.0,24
3802,20,1711,0.0,0.0,0.0,0.0,0.0,0.0,24
3803,20,1713,0.0,0.0,0.0,0.0,0.0,0.0,24
3804,20,1714,0.0,0.0,0.0,0.0,0.0,0.0,24
3805,20,1715,0.0,0.0,0.0,0.0,0.0,0.0,24
3806,20,1716,0.0,0.0,0.0,0.0,0.0,0.0,24
3807,20,1718,0.0,0.0,0.0,0.0,0.0,0.0,24
3808,20,1719,0.0,0.0,0.0,0.0,0.0,0.0,24
3809,20,1720,0.0,0.0,0.0,0.0,0.0,0.0,24
3810,20,1721,0.0,0.0,0.0,0.0,0.0,0.0,24
3811,20,1723,0.0,0.0,0.0,0.0,0.0,0.0,24
3812,20,1724,0.0,0.0,0.0,0.0,0.0,0.0,24
3813,20,1725,0.0,0.0,0.0,0.0,0.0,0.0,24
3814,20,1809,0.0,0.0,0.0,0.0,0.0,0.0,24
3815,20,1794,0.0,0.0,0.0,0.0,0.0,0.0,24
3816,20,1795,0.0,0.0,0.0,0.0,0.0,0.0,24
3817,20,1796,0.0,0.0,0.0,0.0,0.0,0.0,24
3818,20,1797,0.0,0.0,0.0,0.0,0.0,0.0,24
3819,20,1798,0.0,0.0,0.0,0.0,0.0,0.0,24
3820,20,1799,0.0,0.0,0.0,0.0,0.0,0.0,24
3821,20,1800,0.0,0.0,0.0,0.0,0.0,0.0,24
3822,20,1801,0.0,0.0,0.0,0.0,0.0,0.0,24
3823,20,1802,0.0,0.0,0.0,0.0,0.0,0.0,24
3824,20,1803,0.0,0.0,0.0,0.0,0.0,0.0,24
3825,20,1804,0.0,0.0,0.0,0.0,0.0,0.0,24
3826,20,1805,0.0,0.0,0.0,0.0,0.0,0.0,24
3827,20,1806,0.0,0.0,0.0,0.0,0.0,0.0,24
3828,20,1807,0.0,0.0,0.0,0.0,0.0,0.0,24
3829,20,1808,0.0,0.0,0.0,0.0,0.0,0.0,24
3830,20,1793,0.0,0.0,0.0,0.0,0.0,0.0,24
3831,20,1810,0.0,0.0,0.0,0.0,0.0,0.0,24
3832,20,1811,0.0,0.0,0.0,0.0,0.0,0.0,24
3833,20,1812,0.0,0.0,0.0,0.0,0.0,0.0,24
3834,20,1814,0.0,0.0,0.0,0.0,0.0,0.0,24
3835,20,1815,0.0,0.0,0.0,0.0,0.0,0.0,24
3836,20,1817,0.0,0.0,0.0,0.0,0.0,0.0,24
3837,20,1818,0.0,0.0,0.0,0.0,0.0,0.0,24
3838,20,1819,0.0,0.0,0.0,0.0,0.0,0.0,24
3839,20,1821,0.0,0.0,0.0,0.0,0.0,0.0,24
3840,20,1822,0.0,0.0,0.0,0.0,0.0,0.0,24
3841,20,1823,0.0,0.0,0.0,0.0,0.0,0.0,24
3842,20,1824,0.0,0.0,0.0,0.0,0.0,0.0,24
3843,20,1825,0.0,0.0,0.0,0.0,0.0,0.0,24
3844,20,1826,0.0,0.0,0.0,0.0,0.0,0.0,24
3845,20,1777,0.0,0.0,0.0,0.0,0.0,0.0,24
3846,20,1761,0.0,0.0,0.0,0.0,0.0,0.0,24
3847,20,1762,0.0,0.0,0.0,0.0,0.0,0.0,24
3848,20,1763,0.0,0.0,0.0,0.0,0.0,0.0,24
3849,20,1764,0.0,0.0,0.0,0.0,0.0,0.0,24
3850,20,1765,0.0,0.0,0.0,0.0,0.0,0.0,24
3851,20,1766,0.0,0.0,0.0,0.0,0.0,0.0,24
3852,20,1767,0.0,0.0,0.0,0.0,0.0,0.0,24
3853,20,1768,0.0,0.0,0.0,0.0,0.0,0.0,24
3854,20,1769,0.0,0.0,0.0,0.0,0.0,0.0,24
3855,20,1770,0.0,0.0,0.0,0.0,0.0,0.0,24
3856,20,1771,0.0,0.0,0.0,0.0,0.0,0.0,24
3857,20,1773,0.0,0.0,0.0,0.0,0.0,0.0,24
3858,20,1774,0.0,0.0,0.0,0.0,0.0,0.0,24
3859,20,1775,0.0,0.0,0.0,0.0,0.0,0.0,24
3860,20,1776,0.0,0.0,0.0,0.0,0.0,0.0,24
3861,20,4106,0.0,0.0,0.0,0.0,0.0,0.0,24
3862,20,1778,0.0,0.0,0.0,0.0,0.0,0.0,24
3863,20,1779,0.0,0.0,0.0,0.0,0.0,0.0,24
3864,20,1781,0.0,0.0,0.0,0.0,0.0,0.0,24
3865,20,1782,0.0,0.0,0.0,0.0,0.0,0.0,24
3866,20,1783,0.0,0.0,0.0,0.0,0.0,0.0,24
3867,20,1784,0.0,0.0,0.0,0.0,0.0,0.0,24
3868,20,1785,0.0,0.0,0.0,0.0,0.0,0.0,24
3869,20,1786,0.0,0.0,0.0,0.0,0.0,0.0,24
3870,20,1787,0.0,0.0,0.0,0.0,0.0,0.0,24
3871,20,1788,0.0,0.0,0.0,0.0,0.0,0.0,24
3872,20,1789,0.0,0.0,0.0,0.0,0.0,0.0,24
3873,20,1790,0.0,0.0,0.0,0.0,0.0,0.0,24
3874,20,1791,0.0,0.0,0.0,0.0,0.0,0.0,24
3875,20,1792,0.0,0.0,0.0,0.0,0.0,0.0,24
3876,20,2133,0.0,0.0,0.0,0.0,0.0,0.0,24
3877,20,2118,0.0,0.0,0.0,0.0,0.0,0.0,24
3878,20,2119,0.0,0.0,0.0,0.0,0.0,0.0,24
3879,20,2120,0.0,0.0,0.0,0.0,0.0,0.0,24
3880,20,2121,0.0,0.0,0.0,0.0,0.0,0.0,24
3881,20,2122,0.0,0.0,0.0,0.0,0.0,0.0,24
3882,20,2123,0.0,0.0,0.0,0.0,0.0,0.0,24
3883,20,2124,0.0,0.0,0.0,0.0,0.0,0.0,24
3884,20,2125,0.0,0.0,0.0,0.0,0.0,0.0,24
3885,20,2126,0.0,0.0,0.0,0.0,0.0,0.0,24
3886,20,2127,0.0,0.0,0.0,0.0,0.0,0.0,24
3887,20,2128,0.0,0.0,0.0,0.0,0.0,0.0,24
3888,20,2129,0.0,0.0,0.0,0.0,0.0,0.0,24
3889,20,2130,0.0,0.0,0.0,0.0,0.0,0.0,24
3890,20,2131,0.0,0.0,0.0,0.0,0.0,0.0,24
3891,20,2132,0.0,0.0,0.0,0.0,0.0,0.0,24
3892,20,2117,0.0,0.0,0.0,0.0,0.0,0.0,24
3893,20,2134,0.0,0.0,0.0,0.0,0.0,0.0,24
3894,20,2136,0.0,0.0,0.0,0.0,0.0,0.0,24
3895,20,2137,0.0,0.0,0.0,0.0,0.0,0.0,24
3896,20,2139,0.0,0.0,0.0,0.0,0.0,0.0,24
3897,20,2140,0.0,0.0,0.0,0.0,0.0,0.0,24
3898,20,2141,0.0,0.0,0.0,0.0,0.0,0.0,24
3899,20,2142,0.0,0.0,0.0,0.0,0.0,0.0,24
3900,20,2143,0.0,0.0,0.0,0.0,0.0,0.0,24
3901,20,2146,0.0,0.0,0.0,0.0,0.0,0.0,24
3902,20,2148,0.0,0.0,0.0,0.0,0.0,0.0,24
3903,20,2149,0.0,0.0,0.0,0.0,0.0,0.0,24
3904,20,2150,0.0,0.0,0.0,0.0,0.0,0.0,24
3905,20,2151,0.0,0.0,0.0,0.0,0.0,0.0,24
3906,20,2152,0.0,0.0,0.0,0.0,0.0,0.0,24
3907,20,2102,0.0,0.0,0.0,0.0,0.0,0.0,24
3908,20,2087,0.0,0.0,0.0,0.0,0.0,0.0,24
3909,20,2088,0.0,0.0,0.0,0.0,0.0,0.0,24
3910,20,2089,0.0,0.0,0.0,0.0,0.0,0.0,24
3911,20,2090,0.0,0.0,0.0,0.0,0.0,0.0,24
3912,20,2091,0.0,0.0,0.0,0.0,0.0,0.0,24
3913,20,2092,0.0,0.0,0.0,0.0,0.0,0.0,24
3914,20,2093,0.0,0.0,0.0,0.0,0.0,0.0,24
3915,20,2094,0.0,0.0,0.0,0.0,0.0,0.0,24
3916,20,2095,0.0,0.0,0.0,0.0,0.0,0.0,24
3917,20,2096,0.0,0.0,0.0,0.0,0.0,0.0,24
3918,20,2097,0.0,0.0,0.0,0.0,0.0,0.0,24
3919,20,2098,0.0,0.0,0.0,0.0,0.0,0.0,24
3920,20,2099,0.0,0.0,0.0,0.0,0.0,0.0,24
3921,20,2100,0.0,0.0,0.0,0.0,0.0,0.0,24
3922,20,2101,0.0,0.0,0.0,0.0,0.0,0.0,24
3923,20,2153,0.0,0.0,0.0,0.0,0.0,0.0,24
3924,20,2103,0.0,0.0,0.0,0.0,0.0,0.0,24
3925,20,2104,0.0,0.0,0.0,0.0,0.0,0.0,24
3926,20,2105,0.0,0.0,0.0,0.0,0.0,0.0,24
3927,20,2106,0.0,0.0,0.0,0.0,0.0,0.0,24
3928,20,2107,0.0,0.0,0.0,0.0,0.0,0.0,24
3929,20,2108,0.0,0.0,0.0,0.0,0.0,0.0,24
3930,20,2109,0.0,0.0,0.0,0.0,0.0,0.0,24
3931,20,2110,0.0,0.0,0.0,0.0,0.0,0.0,24
3932,20,2111,0.0,0.0,0.0,0.0,0.0,0.0,24
3933,20,2112,0.0,0.0,0.0,0.0,0.0,0.0,24
3934,20,2113,0.0,0.0,0.0,0.0,0.0,0.0,24
3935,20,2114,0.0,0.0,0.0,0.0,0.0,0.0,24
3936,20,2115,0.0,0.0,0.0,0.0,0.0,0.0,24
3937,20,2116,0.0,0.0,0.0,0.0,0.0,0.0,24
3938,20,2203,0.0,0.0,0.0,0.0,0.0,0.0,24
3939,20,2188,0.0,0.0,0.0,0.0,0.0,0.0,24
3940,20,2189,0.0,0.0,0.0,0.0,0.0,0.0,24
3941,20,2190,0.0,0.0,0.0,0.0,0.0,0.0,24
3942,20,2191,0.0,0.0,0.0,0.0,0.0,0.0,24
3943,20,2192,0.0,0.0,0.0,0.0,0.0,0.0,24
3944,20,2193,0.0,0.0,0.0,0.0,0.0,0.0,24
3945,20,2194,0.0,0.0,0.0,0.0,0.0,0.0,24
3946,20,2195,0.0,0.0,0.0,0.0,0.0,0.0,24
3947,20,2196,0.0,0.0,0.0,0.0,0.0,0.0,24
3948,20,2197,0.0,0.0,0.0,0.0,0.0,0.0,24
3949,20,2198,0.0,0.0,0.0,0.0,0.0,0.0,24
3950,20,2199,0.0,0.0,0.0,0.0,0.0,0.0,24
3951,20,2200,0.0,0.0,0.0,0.0,0.0,0.0,24
3952,20,2201,0.0,0.0,0.0,0.0,0.0,0.0,24
3953,20,2202,0.0,0.0,0.0,0.0,0.0,0.0,24
3954,20,2187,0.0,0.0,0.0,0.0,0.0,0.0,24
3955,20,2204,0.0,0.0,0.0,0.0,0.0,0.0,24
3956,20,2205,0.0,0.0,0.0,0.0,0.0,0.0,24
3957,20,2206,0.0,0.0,0.0,0.0,0.0,0.0,24
3958,20,2207,0.0,0.0,0.0,0.0,0.0,0.0,24
3959,20,2208,0.0,0.0,0.0,0.0,0.0,0.0,24
3960,20,2209,0.0,0.0,0.0,0.0,0.0,0.0,24
3961,20,2210,0.0,0.0,0.0,0.0,0.0,0.0,24
3962,20,2211,0.0,0.0,0.0,0.0,0.0,0.0,24
3963,20,2212,0.0,0.0,0.0,0.0,0.0,0.0,24
3964,20,2213,0.0,0.0,0.0,0.0,0.0,0.0,24
3965,20,2214,0.0,0.0,0.0,0.0,0.0,0.0,24
3966,20,2215,0.0,0.0,0.0,0.0,0.0,0.0,24
3967,20,2216,0.0,0.0,0.0,0.0,0.0,0.0,24
3968,20,2217,0.0,0.0,0.0,0.0,0.0,0.0,24
3969,20,2171,0.0,0.0,0.0,0.0,0.0,0.0,24
3970,20,2154,0.0,0.0,0.0,0.0,0.0,0.0,24
3971,20,2155,0.0,0.0,0.0,0.0,0.0,0.0,24
3972,20,2156,0.0,0.0,0.0,0.0,0.0,0.0,24
3973,20,2157,0.0,0.0,0.0,0.0,0.0,0.0,24
3974,20,2159,0.0,0.0,0.0,0.0,0.0,0.0,24
3975,20,2160,0.0,0.0,0.0,0.0,0.0,0.0,24
3976,20,2161,0.0,0.0,0.0,0.0,0.0,0.0,24
3977,20,2162,0.0,0.0,0.0,0.0,0.0,0.0,24
3978,20,2163,0.0,0.0,0.0,0.0,0.0,0.0,24
3979,20,2165,0.0,0.0,0.0,0.0,0.0,0.0,24
3980,20,2166,0.0,0.0,0.0,0.0,0.0,0.0,24
3981,20,2167,0.0,0.0,0.0,0.0,0.0,0.0,24
3982,20,2168,0.0,0.0,0.0,0.0,0.0,0.0,24
3983,20,2169,0.0,0.0,0.0,0.0,0.0,0.0,24
3984,20,2170,0.0,0.0,0.0,0.0,0.0,0.0,24
3985,20,2086,0.0,0.0,0.0,0.0,0.0,0.0,24
3986,20,2172,0.0,0.0,0.0,0.0,0.0,0.0,24
3987,20,2173,0.0,0.0,0.0,0.0,0.0,0.0,24
3988,20,2174,0.0,0.0,0.0,0.0,0.0,0.0,24
3989,20,2175,0.0,0.0,0.0,0.0,0.0,0.0,24
3990,20,2176,0.0,0.0,0.0,0.0,0.0,0.0,24
3991,20,2177,0.0,0.0,0.0,0.0,0.0,0.0,24
3992,20,2178,0.0,0.0,0.0,0.0,0.0,0.0,24
3993,20,2179,0.0,0.0,0.0,0.0,0.0,0.0,24
3994,20,2180,0.0,0.0,0.0,0.0,0.0,0.0,24
3995,20,2181,0.0,0.0,0.0,0.0,0.0,0.0,24
3996,20,2182,0.0,0.0,0.0,0.0,0.0,0.0,24
3997,20,2183,0.0,0.0,0.0,0.0,0.0,0.0,24
3998,20,2184,0.0,0.0,0.0,0.0,0.0,0.0,24
3999,20,2186,0.0,0.0,0.0,0.0,0.0,0.0,24
4000,20,2008,0.0,0.0,0.0,0.0,0.0,0.0,24
4001,20,1993,0.0,0.0,0.0,0.0,0.0,0.0,24
4002,20,1994,0.0,0.0,0.0,0.0,0.0,0.0,24
4003,20,1995,0.0,0.0,0.0,0.0,0.0,0.0,24
4004,20,1996,0.0,0.0,0.0,0.0,0.0,0.0,24
4005,20,1997,0.0,0.0,0.0,0.0,0.0,0.0,24
4006,20,1998,0.0,0.0,0.0,0.0,0.0,0.0,24
4007,20,1999,0.0,0.0,0.0,0.0,0.0,0.0,24
4008,20,2000,0.0,0.0,0.0,0.0,0.0,0.0,24
4009,20,2001,0.0,0.0,0.0,0.0,0.0,0.0,24
4010,20,2002,0.0,0.0,0.0,0.0,0.0,0.0,24
4011,20,2003,0.0,0.0,0.0,0.0,0.0,0.0,24
4012,20,2004,0.0,0.0,0.0,0.0,0.0,0.0,24
4013,20,2005,0.0,0.0,0.0,0.0,0.0,0.0,24
4014,20,2006,0.0,0.0,0.0,0.0,0.0,0.0,24
4015,20,2007,0.0,0.0,0.0,0.0,0.0,0.0,24
4016,20,1992,0.0,0.0,0.0,0.0,0.0,0.0,24
4017,20,2009,0.0,0.0,0.0,0.0,0.0,0.0,24
4018,20,2010,0.0,0.0,0.0,0.0,0.0,0.0,24
4019,20,2011,0.0,0.0,0.0,0.0,0.0,0.0,24
4020,20,2012,0.0,0.0,0.0,0.0,0.0,0.0,24
4021,20,2013,0.0,0.0,0.0,0.0,0.0,0.0,24
4022,20,2014,0.0,0.0,0.0,0.0,0.0,0.0,24
4023,20,2015,0.0,0.0,0.0,0.0,0.0,0.0,24
4024,20,2016,0.0,0.0,0.0,0.0,0.0,0.0,24
4025,20,2017,0.0,0.0,0.0,0.0,0.0,0.0,24
4026,20,2018,0.0,0.0,0.0,0.0,0.0,0.0,24
4027,20,2019,0.0,0.0,0.0,0.0,0.0,0.0,24
4028,20,2020,0.0,0.0,0.0,0.0,0.0,0.0,24
4029,20,2021,0.0,0.0,0.0,0.0,0.0,0.0,24
4030,20,2022,0.0,0.0,0.0,0.0,0.0,0.0,24
4031,20,1975,0.0,0.0,0.0,0.0,0.0,0.0,24
4032,20,1959,0.0,0.0,0.0,0.0,0.0,0.0,24
4033,20,1960,0.0,0.0,0.0,0.0,0.0,0.0,24
4034,20,1961,0.0,0.0,0.0,0.0,0.0,0.0,24
4035,20,1962,0.0,0.0,0.0,0.0,0.0,0.0,24
4036,20,1964,0.0,0.0,0.0,0.0,0.0,0.0,24
4037,20,1965,0.0,0.0,0.0,0.0,0.0,0.0,24
4038,20,1966,0.0,0.0,0.0,0.0,0.0,0.0,24
4039,20,1967,0.0,0.0,0.0,0.0,0.0,0.0,24
4040,20,1968,0.0,0.0,0.0,0.0,0.0,0.0,24
4041,20,1969,0.0,0.0,0.0,0.0,0.0,0.0,24
4042,20,1970,0.0,0.0,0.0,0.0,0.0,0.0,24
4043,20,1971,0.0,0.0,0.0,0.0,0.0,0.0,24
4044,20,1972,0.0,0.0,0.0,0.0,0.0,0.0,24
4045,20,1973,0.0,0.0,0.0,0.0,0.0,0.0,24
4046,20,1974,0.0,0.0,0.0,0.0,0.0,0.0,24
4047,20,2023,0.0,0.0,0.0,0.0,0.0,0.0,24
4048,20,1976,0.0,0.0,0.0,0.0,0.0,0.0,24
4049,20,1977,0.0,0.0,0.0,0.0,0.0,0.0,24
4050,20,1978,0.0,0.0,0.0,0.0,0.0,0.0,24
4051,20,1979,0.0,0.0,0.0,0.0,0.0,0.0,24
4052,20,1980,0.0,0.0,0.0,0.0,0.0,0.0,24
4053,20,1981,0.0,0.0,0.0,0.0,0.0,0.0,24
4054,20,1982,0.0,0.0,0.0,0.0,0.0,0.0,24
4055,20,1983,0.0,0.0,0.0,0.0,0.0,0.0,24
4056,20,1984,0.0,0.0,0.0,0.0,0.0,0.0,24
4057,20,1986,0.0,0.0,0.0,0.0,0.0,0.0,24
4058,20,1987,0.0,0.0,0.0,0.0,0.0,0.0,24
4059,20,1988,0.0,0.0,0.0,0.0,0.0,0.0,24
4060,20,1989,0.0,0.0,0.0,0.0,0.0,0.0,24
4061,20,1990,0.0,0.0,0.0,0.0,0.0,0.0,24
4062,20,2070,0.0,0.0,0.0,0.0,0.0,0.0,24
4063,20,2054,0.0,0.0,0.0,0.0,0.0,0.0,24
4064,20,2055,0.0,0.0,0.0,0.0,0.0,0.0,24
4065,20,2056,0.0,0.0,0.0,0.0,0.0,0.0,24
4066,20,2057,0.0,0.0,0.0,0.0,0.0,0.0,24
4067,20,2058,0.0,0.0,0.0,0.0,0.0,0.0,24
4068,20,2060,0.0,0.0,0.0,0.0,0.0,0.0,24
4069,20,2061,0.0,0.0,0.0,0.0,0.0,0.0,24
4070,20,2062,0.0,0.0,0.0,0.0,0.0,0.0,24
4071,20,2063,0.0,0.0,0.0,0.0,0.0,0.0,24
4072,20,2064,0.0,0.0,0.0,0.0,0.0,0.0,24
4073,20,2065,0.0,0.0,0.0,0.0,0.0,0.0,24
4074,20,2066,0.0,0.0,0.0,0.0,0.0,0.0,24
4075,20,2067,0.0,0.0,0.0,0.0,0.0,0.0,24
4076,20,2068,0.0,0.0,0.0,0.0,0.0,0.0,24
4077,20,2069,0.0,0.0,0.0,0.0,0.0,0.0,24
4078,20,2053,0.0,0.0,0.0,0.0,0.0,0.0,24
4079,20,2071,0.0,0.0,0.0,0.0,0.0,0.0,24
4080,20,2072,0.0,0.0,0.0,0.0,0.0,0.0,24
4081,20,2073,0.0,0.0,0.0,0.0,0.0,0.0,24
4082,20,2074,0.0,0.0,0.0,0.0,0.0,0.0,24
4083,20,2075,0.0,0.0,0.0,0.0,0.0,0.0,24
4084,20,2077,0.0,0.0,0.0,0.0,0.0,0.0,24
4085,20,2078,0.0,0.0,0.0,0.0,0.0,0.0,24
4086,20,2079,0.0,0.0,0.0,0.0,0.0,0.0,24
4087,20,2080,0.0,0.0,0.0,0.0,0.0,0.0,24
4088,20,2081,0.0,0.0,0.0,0.0,0.0,0.0,24
4089,20,2082,0.0,0.0,0.0,0.0,0.0,0.0,24
4090,20,2083,0.0,0.0,0.0,0.0,0.0,0.0,24
4091,20,2084,0.0,0.0,0.0,0.0,0.0,0.0,24
4092,20,2085,0.0,0.0,0.0,0.0,0.0,0.0,24
4093,20,2038,0.0,0.0,0.0,0.0,0.0,0.0,24
4094,20,2024,0.0,0.0,0.0,0.0,0.0,0.0,24
4095,20,2025,0.0,0.0,0.0,0.0,0.0,0.0,24
4096,20,2026,0.0,0.0,0.0,0.0,0.0,0.0,24
4097,20,2027,0.0,0.0,0.0,0.0,0.0,0.0,24
4098,20,2028,0.0,0.0,0.0,0.0,0.0,0.0,24
4099,20,2029,0.0,0.0,0.0,0.0,0.0,0.0,24
4100,20,2030,0.0,0.0,0.0,0.0,0.0,0.0,24
4101,20,2031,0.0,0.0,0.0,0.0,0.0,0.0,24
4102,20,2032,0.0,0.0,0.0,0.0,0.0,0.0,24
4103,20,2033,0.0,0.0,0.0,0.0,0.0,0.0,24
4104,20,2034,0.0,0.0,0.0,0.0,0.0,0.0,24
4105,20,2035,0.0,0.0,0.0,0.0,0.0,0.0,24
4106,20,2036,0.0,0.0,0.0,0.0,0.0,0.0,24
4107,20,2037,0.0,0.0,0.0,0.0,0.0,0.0,24
4108,20,1691,0.0,0.0,0.0,0.0,0.0,0.0,24
4109,20,2039,0.0,0.0,0.0,0.0,0.0,0.0,24
4110,20,2040,0.0,0.0,0.0,0.0,0.0,0.0,24
4111,20,2041,0.0,0.0,0.0,0.0,0.0,0.0,24
4112,20,2042,0.0,0.0,0.0,0.0,0.0,0.0,24
4113,20,2043,0.0,0.0,0.0,0.0,0.0,0.0,24
4114,20,2044,0.0,0.0,0.0,0.0,0.0,0.0,24
4115,20,2045,0.0,0.0,0.0,0.0,0.0,0.0,24
4116,20,2046,0.0,0.0,0.0,0.0,0.0,0.0,24
4117,20,2047,0.0,0.0,0.0,0.0,0.0,0.0,24
4118,20,2048,0.0,0.0,0.0,0.0,0.0,0.0,24
4119,20,2049,0.0,0.0,0.0,0.0,0.0,0.0,24
4120,20,2050,0.0,0.0,0.0,0.0,0.0,0.0,24
4121,20,2051,0.0,0.0,0.0,0.0,0.0,0.0,24
4122,20,2052,0.0,0.0,0.0,0.0,0.0,0.0,24
4123,20,1349,0.0,0.0,0.0,0.0,0.0,0.0,24
4124,20,1331,0.0,0.0,0.0,0.0,0.0,0.0,24
4125,20,1332,0.0,0.0,0.0,0.0,0.0,0.0,24
4126,20,1333,0.0,0.0,0.0,0.0,0.0,0.0,24
4127,20,1334,0.0,0.0,0.0,0.0,0.0,0.0,24
4128,20,1335,0.0,0.0,0.0,0.0,0.0,0.0,24
4129,20,1336,0.0,0.0,0.0,0.0,0.0,0.0,24
4130,20,1337,0.0,0.0,0.0,0.0,0.0,0.0,24
4131,20,1339,0.0,0.0,0.0,0.0,0.0,0.0,24
4132,20,1340,0.0,0.0,0.0,0.0,0.0,0.0,24
4133,20,1342,0.0,0.0,0.0,0.0,0.0,0.0,24
4134,20,1343,0.0,0.0,0.0,0.0,0.0,0.0,24
4135,20,1344,0.0,0.0,0.0,0.0,0.0,0.0,24
4136,20,1345,0.0,0.0,0.0,0.0,0.0,0.0,24
4137,20,1346,0.0,0.0,0.0,0.0,0.0,0.0,24
4138,20,1347,0.0,0.0,0.0,0.0,0.0,0.0,24
4139,20,1330,0.0,0.0,0.0,0.0,0.0,0.0,24
4140,20,1350,0.0,0.0,0.0,0.0,0.0,0.0,24
4141,20,1351,0.0,0.0,0.0,0.0,0.0,0.0,24
4142,20,1352,0.0,0.0,0.0,0.0,0.0,0.0,24
4143,20,1353,0.0,0.0,0.0,0.0,0.0,0.0,24
4144,20,1354,0.0,0.0,0.0,0.0,0.0,0.0,24
4145,20,1355,0.0,0.0,0.0,0.0,0.0,0.0,24
4146,20,1356,0.0,0.0,0.0,0.0,0.0,0.0,24
4147,20,1357,0.0,0.0,0.0,0.0,0.0,0.0,24
4148,20,1358,0.0,0.0,0.0,0.0,0.0,0.0,24
4149,20,1359,0.0,0.0,0.0,0.0,0.0,0.0,24
4150,20,1360,0.0,0.0,0.0,0.0,0.0,0.0,24
4151,20,1361,0.0,0.0,0.0,0.0,0.0,0.0,24
4152,20,1362,0.0,0.0,0.0,0.0,0.0,0.0,24
4153,20,1363,0.0,0.0,0.0,0.0,0.0,0.0,24
4154,20,1315,0.0,0.0,0.0,0.0,0.0,0.0,24
4155,20,1300,0.0,0.0,0.0,0.0,0.0,0.0,24
4156,20,1301,0.0,0.0,0.0,0.0,0.0,0.0,24
4157,20,1302,0.0,0.0,0.0,0.0,0.0,0.0,24
4158,20,1303,0.0,0.0,0.0,0.0,0.0,0.0,24
4159,20,1304,0.0,0.0,0.0,0.0,0.0,0.0,24
4160,20,1305,0.0,0.0,0.0,0.0,0.0,0.0,24
4161,20,1306,0.0,0.0,0.0,0.0,0.0,0.0,24
4162,20,1307,0.0,0.0,0.0,0.0,0.0,0.0,24
4163,20,1308,0.0,0.0,0.0,0.0,0.0,0.0,24
4164,20,1309,0.0,0.0,0.0,0.0,0.0,0.0,24
4165,20,1310,0.0,0.0,0.0,0.0,0.0,0.0,24
4166,20,1311,0.0,0.0,0.0,0.0,0.0,0.0,24
4167,20,1312,0.0,0.0,0.0,0.0,0.0,0.0,24
4168,20,1313,0.0,0.0,0.0,0.0,0.0,0.0,24
4169,20,1314,0.0,0.0,0.0,0.0,0.0,0.0,24
4170,20,1364,0.0,0.0,0.0,0.0,0.0,0.0,24
4171,20,1316,0.0,0.0,0.0,0.0,0.0,0.0,24
4172,20,1317,0.0,0.0,0.0,0.0,0.0,0.0,24
4173,20,1318,0.0,0.0,0.0,0.0,0.0,0.0,24
4174,20,1319,0.0,0.0,0.0,0.0,0.0,0.0,24
4175,20,1320,0.0,0.0,0.0,0.0,0.0,0.0,24
4176,20,1321,0.0,0.0,0.0,0.0,0.0,0.0,24
4177,20,1322,0.0,0.0,0.0,0.0,0.0,0.0,24
4178,20,1323,0.0,0.0,0.0,0.0,0.0,0.0,24
4179,20,1324,0.0,0.0,0.0,0.0,0.0,0.0,24
4180,20,1325,0.0,0.0,0.0,0.0,0.0,0.0,24
4181,20,1326,0.0,0.0,0.0,0.0,0.0,0.0,24
4182,20,1327,0.0,0.0,0.0,0.0,0.0,0.0,24
4183,20,1328,0.0,0.0,0.0,0.0,0.0,0.0,24
4184,20,1329,0.0,0.0,0.0,0.0,0.0,0.0,24
4185,20,1412,0.0,0.0,0.0,0.0,0.0,0.0,24
4186,20,1396,0.0,0.0,0.0,0.0,0.0,0.0,24
4187,20,1397,0.0,0.0,0.0,0.0,0.0,0.0,24
4188,20,1398,0.0,0.0,0.0,0.0,0.0,0.0,24
4189,20,1399,0.0,0.0,0.0,0.0,0.0,0.0,24
4190,20,1400,0.0,0.0,0.0,0.0,0.0,0.0,24
4191,20,1401,0.0,0.0,0.0,0.0,0.0,0.0,24
4192,20,1402,0.0,0.0,0.0,0.0,0.0,0.0,24
4193,20,1403,0.0,0.0,0.0,0.0,0.0,0.0,24
4194,20,1405,0.0,0.0,0.0,0.0,0.0,0.0,24
4195,20,1406,0.0,0.0,0.0,0.0,0.0,0.0,24
4196,20,1407,0.0,0.0,0.0,0.0,0.0,0.0,24
4197,20,1408,0.0,0.0,0.0,0.0,0.0,0.0,24
4198,20,1409,0.0,0.0,0.0,0.0,0.0,0.0,24
4199,20,1410,0.0,0.0,0.0,0.0,0.0,0.0,24
4200,20,1411,0.0,0.0,0.0,0.0,0.0,0.0,24
4201,20,1395,0.0,0.0,0.0,0.0,0.0,0.0,24
4202,20,1413,0.0,0.0,0.0,0.0,0.0,0.0,24
4203,20,1414,0.0,0.0,0.0,0.0,0.0,0.0,24
4204,20,1415,0.0,0.0,0.0,0.0,0.0,0.0,24
4205,20,1416,0.0,0.0,0.0,0.0,0.0,0.0,24
4206,20,1417,0.0,0.0,0.0,0.0,0.0,0.0,24
4207,20,1418,0.0,0.0,0.0,0.0,0.0,0.0,24
4208,20,1419,0.0,0.0,0.0,0.0,0.0,0.0,24
4209,20,1420,0.0,0.0,0.0,0.0,0.0,0.0,24
4210,20,1421,0.0,0.0,0.0,0.0,0.0,0.0,24
4211,20,1423,0.0,0.0,0.0,0.0,0.0,0.0,24
4212,20,1424,0.0,0.0,0.0,0.0,0.0,0.0,24
4213,20,1425,0.0,0.0,0.0,0.0,0.0,0.0,24
4214,20,1426,0.0,0.0,0.0,0.0,0.0,0.0,24
4215,20,1427,0.0,0.0,0.0,0.0,0.0,0.0,24
4216,20,1380,0.0,0.0,0.0,0.0,0.0,0.0,24
4217,20,1365,0.0,0.0,0.0,0.0,0.0,0.0,24
4218,20,1366,0.0,0.0,0.0,0.0,0.0,0.0,24
4219,20,1367,0.0,0.0,0.0,0.0,0.0,0.0,24
4220,20,1368,0.0,0.0,0.0,0.0,0.0,0.0,24
4221,20,1369,0.0,0.0,0.0,0.0,0.0,0.0,24
4222,20,1370,0.0,0.0,0.0,0.0,0.0,0.0,24
4223,20,1371,0.0,0.0,0.0,0.0,0.0,0.0,24
4224,20,1372,0.0,0.0,0.0,0.0,0.0,0.0,24
4225,20,1373,0.0,0.0,0.0,0.0,0.0,0.0,24
4226,20,1374,0.0,0.0,0.0,0.0,0.0,0.0,24
4227,20,1375,0.0,0.0,0.0,0.0,0.0,0.0,24
4228,20,1376,0.0,0.0,0.0,0.0,0.0,0.0,24
4229,20,1377,0.0,0.0,0.0,0.0,0.0,0.0,24
4230,20,1378,0.0,0.0,0.0,0.0,0.0,0.0,24
4231,20,1379,0.0,0.0,0.0,0.0,0.0,0.0,24
4232,20,1299,0.0,0.0,0.0,0.0,0.0,0.0,24
4233,20,1381,0.0,0.0,0.0,0.0,0.0,0.0,24
4234,20,1382,0.0,0.0,0.0,0.0,0.0,0.0,24
4235,20,1383,0.0,0.0,0.0,0.0,0.0,0.0,24
4236,20,1384,0.0,0.0,0.0,0.0,0.0,0.0,24
4237,20,1385,0.0,0.0,0.0,0.0,0.0,0.0,24
4238,20,1386,0.0,0.0,0.0,0.0,0.0,0.0,24
4239,20,1387,0.0,0.0,0.0,0.0,0.0,0.0,24
4240,20,1388,0.0,0.0,0.0,0.0,0.0,0.0,24
4241,20,1389,0.0,0.0,0.0,0.0,0.0,0.0,24
4242,20,1390,0.0,0.0,0.0,0.0,0.0,0.0,24
4243,20,1391,0.0,0.0,0.0,0.0,0.0,0.0,24
4244,20,1392,0.0,0.0,0.0,0.0,0.0,0.0,24
4245,20,1393,0.0,0.0,0.0,0.0,0.0,0.0,24
4246,20,1394,0.0,0.0,0.0,0.0,0.0,0.0,24
4247,20,1219,0.0,0.0,0.0,0.0,0.0,0.0,24
4248,20,1203,0.0,0.0,0.0,0.0,0.0,0.0,24
4249,20,1204,0.0,0.0,0.0,0.0,0.0,0.0,24
4250,20,1205,0.0,0.0,0.0,0.0,0.0,0.0,24
4251,20,1206,0.0,0.0,0.0,0.0,0.0,0.0,24
4252,20,1207,0.0,0.0,0.0,0.0,0.0,0.0,24
4253,20,1208,0.0,0.0,0.0,0.0,0.0,0.0,24
4254,20,1209,0.0,0.0,0.0,0.0,0.0,0.0,24
4255,20,1210,0.0,0.0,0.0,0.0,0.0,0.0,24
4256,20,1211,0.0,0.0,0.0,0.0,0.0,0.0,24
4257,20,1213,0.0,0.0,0.0,0.0,0.0,0.0,24
4258,20,1214,0.0,0.0,0.0,0.0,0.0,0.0,24
4259,20,1215,0.0,0.0,0.0,0.0,0.0,0.0,24
4260,20,1216,0.0,0.0,0.0,0.0,0.0,0.0,24
4261,20,1217,0.0,0.0,0.0,0.0,0.0,0.0,24
4262,20,1218,0.0,0.0,0.0,0.0,0.0,0.0,24
4263,20,1202,0.0,0.0,0.0,0.0,0.0,0.0,24
4264,20,1220,0.0,0.0,0.0,0.0,0.0,0.0,24
4265,20,1221,0.0,0.0,0.0,0.0,0.0,0.0,24
4266,20,1222,0.0,0.0,0.0,0.0,0.0,0.0,24
4267,20,1223,0.0,0.0,0.0,0.0,0.0,0.0,24
4268,20,1224,0.0,0.0,0.0,0.0,0.0,0.0,24
4269,20,1225,0.0,0.0,0.0,0.0,0.0,0.0,24
4270,20,1226,0.0,0.0,0.0,0.0,0.0,0.0,24
4271,20,1227,0.0,0.0,0.0,0.0,0.0,0.0,24
4272,20,1228,0.0,0.0,0.0,0.0,0.0,0.0,24
4273,20,1229,0.0,0.0,0.0,0.0,0.0,0.0,24
4274,20,1230,0.0,0.0,0.0,0.0,0.0,0.0,24
4275,20,1231,0.0,0.0,0.0,0.0,0.0,0.0,24
4276,20,1232,0.0,0.0,0.0,0.0,0.0,0.0,24
4277,20,1233,0.0,0.0,0.0,0.0,0.0,0.0,24
4278,20,1186,0.0,0.0,0.0,0.0,0.0,0.0,24
4279,20,1171,0.0,0.0,0.0,0.0,0.0,0.0,24
4280,20,1172,0.0,0.0,0.0,0.0,0.0,0.0,24
4281,20,1173,0.0,0.0,0.0,0.0,0.0,0.0,24
4282,20,1174,0.0,0.0,0.0,0.0,0.0,0.0,24
4283,20,1175,0.0,0.0,0.0,0.0,0.0,0.0,24
4284,20,1176,0.0,0.0,0.0,0.0,0.0,0.0,24
4285,20,1177,0.0,0.0,0.0,0.0,0.0,0.0,24
4286,20,1178,0.0,0.0,0.0,0.0,0.0,0.0,24
4287,20,1179,0.0,0.0,0.0,0.0,0.0,0.0,24
4288,20,1180,0.0,0.0,0.0,0.0,0.0,0.0,24
4289,20,1181,0.0,0.0,0.0,0.0,0.0,0.0,24
4290,20,1182,0.0,0.0,0.0,0.0,0.0,0.0,24
4291,20,1183,0.0,0.0,0.0,0.0,0.0,0.0,24
4292,20,1184,0.0,0.0,0.0,0.0,0.0,0.0,24
4293,20,1185,0.0,0.0,0.0,0.0,0.0,0.0,24
4294,20,1235,0.0,0.0,0.0,0.0,0.0,0.0,24
4295,20,1187,0.0,0.0,0.0,0.0,0.0,0.0,24
4296,20,1188,0.0,0.0,0.0,0.0,0.0,0.0,24
4297,20,1189,0.0,0.0,0.0,0.0,0.0,0.0,24
4298,20,1190,0.0,0.0,0.0,0.0,0.0,0.0,24
4299,20,1191,0.0,0.0,0.0,0.0,0.0,0.0,24
4300,20,1192,0.0,0.0,0.0,0.0,0.0,0.0,24
4301,20,1193,0.0,0.0,0.0,0.0,0.0,0.0,24
4302,20,1194,0.0,0.0,0.0,0.0,0.0,0.0,24
4303,20,1195,0.0,0.0,0.0,0.0,0.0,0.0,24
4304,20,1196,0.0,0.0,0.0,0.0,0.0,0.0,24
4305,20,1198,0.0,0.0,0.0,0.0,0.0,0.0,24
4306,20,1199,0.0,0.0,0.0,0.0,0.0,0.0,24
4307,20,1200,0.0,0.0,0.0,0.0,0.0,0.0,24
4308,20,1201,0.0,0.0,0.0,0.0,0.0,0.0,24
4309,20,1283,0.0,0.0,0.0,0.0,0.0,0.0,24
4310,20,1267,0.0,0.0,0.0,0.0,0.0,0.0,24
4311,20,1268,0.0,0.0,0.0,0.0,0.0,0.0,24
4312,20,1269,0.0,0.0,0.0,0.0,0.0,0.0,24
4313,20,1271,0.0,0.0,0.0,0.0,0.0,0.0,24
4314,20,1272,0.0,0.0,0.0,0.0,0.0,0.0,24
4315,20,1273,0.0,0.0,0.0,0.0,0.0,0.0,24
4316,20,1274,0.0,0.0,0.0,0.0,0.0,0.0,24
4317,20,1275,0.0,0.0,0.0,0.0,0.0,0.0,24
4318,20,1276,0.0,0.0,0.0,0.0,0.0,0.0,24
4319,20,1277,0.0,0.0,0.0,0.0,0.0,0.0,24
4320,20,1278,0.0,0.0,0.0,0.0,0.0,0.0,24
4321,20,1279,0.0,0.0,0.0,0.0,0.0,0.0,24
4322,20,1280,0.0,0.0,0.0,0.0,0.0,0.0,24
4323,20,1281,0.0,0.0,0.0,0.0,0.0,0.0,24
4324,20,1282,0.0,0.0,0.0,0.0,0.0,0.0,24
4325,20,1266,0.0,0.0,0.0,0.0,0.0,0.0,24
4326,20,1284,0.0,0.0,0.0,0.0,0.0,0.0,24
4327,20,1285,0.0,0.0,0.0,0.0,0.0,0.0,24
4328,20,1286,0.0,0.0,0.0,0.0,0.0,0.0,24
4329,20,1287,0.0,0.0,0.0,0.0,0.0,0.0,24
4330,20,1288,0.0,0.0,0.0,0.0,0.0,0.0,24
4331,20,1289,0.0,0.0,0.0,0.0,0.0,0.0,24
4332,20,1290,0.0,0.0,0.0,0.0,0.0,0.0,24
4333,20,1291,0.0,0.0,0.0,0.0,0.0,0.0,24
4334,20,1292,0.0,0.0,0.0,0.0,0.0,0.0,24
4335,20,1294,0.0,0.0,0.0,0.0,0.0,0.0,24
4336,20,1295,0.0,0.0,0.0,0.0,0.0,0.0,24
4337,20,1296,0.0,0.0,0.0,0.0,0.0,0.0,24
4338,20,1297,0.0,0.0,0.0,0.0,0.0,0.0,24
4339,20,1298,0.0,0.0,0.0,0.0,0.0,0.0,24
4340,20,1251,0.0,0.0,0.0,0.0,0.0,0.0,24
4341,20,1236,0.0,0.0,0.0,0.0,0.0,0.0,24
4342,20,1237,0.0,0.0,0.0,0.0,0.0,0.0,24
4343,20,1239,0.0,0.0,0.0,0.0,0.0,0.0,24
4344,20,1240,0.0,0.0,0.0,0.0,0.0,0.0,24
4345,20,1241,0.0,0.0,0.0,0.0,0.0,0.0,24
4346,20,1242,0.0,0.0,0.0,0.0,0.0,0.0,24
4347,20,1243,0.0,0.0,0.0,0.0,0.0,0.0,24
4348,20,1244,0.0,0.0,0.0,0.0,0.0,0.0,24
4349,20,1245,0.0,0.0,0.0,0.0,0.0,0.0,24
4350,20,1246,0.0,0.0,0.0,0.0,0.0,0.0,24
4351,20,1247,0.0,0.0,0.0,0.0,0.0,0.0,24
4352,20,1248,0.0,0.0,0.0,0.0,0.0,0.0,24
4353,20,1249,0.0,0.0,0.0,0.0,0.0,0.0,24
4354,20,1250,0.0,0.0,0.0,0.0,0.0,0.0,24
4355,20,1428,0.0,0.0,0.0,0.0,0.0,0.0,24
4356,20,1252,0.0,0.0,0.0,0.0,0.0,0.0,24
4357,20,1253,0.0,0.0,0.0,0.0,0.0,0.0,24
4358,20,1254,0.0,0.0,0.0,0.0,0.0,0.0,24
4359,20,1255,0.0,0.0,0.0,0.0,0.0,0.0,24
4360,20,1256,0.0,0.0,0.0,0.0,0.0,0.0,24
4361,20,1257,0.0,0.0,0.0,0.0,0.0,0.0,24
4362,20,1258,0.0,0.0,0.0,0.0,0.0,0.0,24
4363,20,1259,0.0,0.0,0.0,0.0,0.0,0.0,24
4364,20,1260,0.0,0.0,0.0,0.0,0.0,0.0,24
4365,20,1261,0.0,0.0,0.0,0.0,0.0,0.0,24
4366,20,1262,0.0,0.0,0.0,0.0,0.0,0.0,24
4367,20,1263,0.0,0.0,0.0,0.0,0.0,0.0,24
4368,20,1264,0.0,0.0,0.0,0.0,0.0,0.0,24
4369,20,1265,0.0,0.0,0.0,0.0,0.0,0.0,24
4370,20,1608,0.0,0.0,0.0,0.0,0.0,0.0,24
4371,20,1591,0.0,0.0,0.0,0.0,0.0,0.0,24
4372,20,1592,0.0,0.0,0.0,0.0,0.0,0.0,24
4373,20,1593,0.0,0.0,0.0,0.0,0.0,0.0,24
4374,20,1594,0.0,0.0,0.0,0.0,0.0,0.0,24
4375,20,1595,0.0,0.0,0.0,0.0,0.0,0.0,24
4376,20,1597,0.0,0.0,0.0,0.0,0.0,0.0,24
4377,20,1598,0.0,0.0,0.0,0.0,0.0,0.0,24
4378,20,1599,0.0,0.0,0.0,0.0,0.0,0.0,24
4379,20,1600,0.0,0.0,0.0,0.0,0.0,0.0,24
4380,20,1602,0.0,0.0,0.0,0.0,0.0,0.0,24
4381,20,1603,0.0,0.0,0.0,0.0,0.0,0.0,24
4382,20,1604,0.0,0.0,0.0,0.0,0.0,0.0,24
4383,20,1605,0.0,0.0,0.0,0.0,0.0,0.0,24
4384,20,1606,0.0,0.0,0.0,0.0,0.0,0.0,24
4385,20,1607,0.0,0.0,0.0,0.0,0.0,0.0,24
4386,20,1590,0.0,0.0,0.0,0.0,0.0,0.0,24
4387,20,1609,0.0,0.0,0.0,0.0,0.0,0.0,24
4388,20,1610,0.0,0.0,0.0,0.0,0.0,0.0,24
4389,20,1611,0.0,0.0,0.0,0.0,0.0,0.0,24
4390,20,1612,0.0,0.0,0.0,0.0,0.0,0.0,24
4391,20,1613,0.0,0.0,0.0,0.0,0.0,0.0,24
4392,20,1614,0.0,0.0,0.0,0.0,0.0,0.0,24
4393,20,1616,0.0,0.0,0.0,0.0,0.0,0.0,24
4394,20,1617,0.0,0.0,0.0,0.0,0.0,0.0,24
4395,20,1618,0.0,0.0,0.0,0.0,0.0,0.0,24
4396,20,1620,0.0,0.0,0.0,0.0,0.0,0.0,24
4397,20,1621,0.0,0.0,0.0,0.0,0.0,0.0,24
4398,20,1622,0.0,0.0,0.0,0.0,0.0,0.0,24
4399,20,1623,0.0,0.0,0.0,0.0,0.0,0.0,24
4400,20,1624,0.0,0.0,0.0,0.0,0.0,0.0,24
4401,20,1575,0.0,0.0,0.0,0.0,0.0,0.0,24
4402,20,1559,0.0,0.0,0.0,0.0,0.0,0.0,24
4403,20,1560,0.0,0.0,0.0,0.0,0.0,0.0,24
4404,20,1561,0.0,0.0,0.0,0.0,0.0,0.0,24
4405,20,1562,0.0,0.0,0.0,0.0,0.0,0.0,24
4406,20,1563,0.0,0.0,0.0,0.0,0.0,0.0,24
4407,20,1564,0.0,0.0,0.0,0.0,0.0,0.0,24
4408,20,1565,0.0,0.0,0.0,0.0,0.0,0.0,24
4409,20,1567,0.0,0.0,0.0,0.0,0.0,0.0,24
4410,20,1568,0.0,0.0,0.0,0.0,0.0,0.0,24
4411,20,1569,0.0,0.0,0.0,0.0,0.0,0.0,24
4412,20,1570,0.0,0.0,0.0,0.0,0.0,0.0,24
4413,20,1571,0.0,0.0,0.0,0.0,0.0,0.0,24
4414,20,1572,0.0,0.0,0.0,0.0,0.0,0.0,24
4415,20,1573,0.0,0.0,0.0,0.0,0.0,0.0,24
4416,20,1574,0.0,0.0,0.0,0.0,0.0,0.0,24
4417,20,1625,0.0,0.0,0.0,0.0,0.0,0.0,24
4418,20,1576,0.0,0.0,0.0,0.0,0.0,0.0,24
4419,20,1577,0.0,0.0,0.0,0.0,0.0,0.0,24
4420,20,1578,0.0,0.0,0.0,0.0,0.0,0.0,24
4421,20,1579,0.0,0.0,0.0,0.0,0.0,0.0,24
4422,20,1580,0.0,0.0,0.0,0.0,0.0,0.0,24
4423,20,1581,0.0,0.0,0.0,0.0,0.0,0.0,24
4424,20,1582,0.0,0.0,0.0,0.0,0.0,0.0,24
4425,20,1583,0.0,0.0,0.0,0.0,0.0,0.0,24
4426,20,1584,0.0,0.0,0.0,0.0,0.0,0.0,24
4427,20,1585,0.0,0.0,0.0,0.0,0.0,0.0,24
4428,20,1586,0.0,0.0,0.0,0.0,0.0,0.0,24
4429,20,1587,0.0,0.0,0.0,0.0,0.0,0.0,24
4430,20,1588,0.0,0.0,0.0,0.0,0.0,0.0,24
4431,20,1589,0.0,0.0,0.0,0.0,0.0,0.0,24
4432,20,1676,0.0,0.0,0.0,0.0,0.0,0.0,24
4433,20,1660,0.0,0.0,0.0,0.0,0.0,0.0,24
4434,20,1661,0.0,0.0,0.0,0.0,0.0,0.0,24
4435,20,1662,0.0,0.0,0.0,0.0,0.0,0.0,24
4436,20,1663,0.0,0.0,0.0,0.0,0.0,0.0,24
4437,20,1664,0.0,0.0,0.0,0.0,0.0,0.0,24
4438,20,1665,0.0,0.0,0.0,0.0,0.0,0.0,24
4439,20,1666,0.0,0.0,0.0,0.0,0.0,0.0,24
4440,20,1667,0.0,0.0,0.0,0.0,0.0,0.0,24
4441,20,1668,0.0,0.0,0.0,0.0,0.0,0.0,24
4442,20,1669,0.0,0.0,0.0,0.0,0.0,0.0,24
4443,20,1670,0.0,0.0,0.0,0.0,0.0,0.0,24
4444,20,1672,0.0,0.0,0.0,0.0,0.0,0.0,24
4445,20,1673,0.0,0.0,0.0,0.0,0.0,0.0,24
4446,20,1674,0.0,0.0,0.0,0.0,0.0,0.0,24
4447,20,1675,0.0,0.0,0.0,0.0,0.0,0.0,24
4448,20,1658,0.0,0.0,0.0,0.0,0.0,0.0,24
4449,20,1677,0.0,0.0,0.0,0.0,0.0,0.0,24
4450,20,1678,0.0,0.0,0.0,0.0,0.0,0.0,24
4451,20,1679,0.0,0.0,0.0,0.0,0.0,0.0,24
4452,20,1680,0.0,0.0,0.0,0.0,0.0,0.0,24
4453,20,1681,0.0,0.0,0.0,0.0,0.0,0.0,24
4454,20,1682,0.0,0.0,0.0,0.0,0.0,0.0,24
4455,20,1683,0.0,0.0,0.0,0.0,0.0,0.0,24
4456,20,1684,0.0,0.0,0.0,0.0,0.0,0.0,24
4457,20,1685,0.0,0.0,0.0,0.0,0.0,0.0,24
4458,20,1686,0.0,0.0,0.0,0.0,0.0,0.0,24
4459,20,1687,0.0,0.0,0.0,0.0,0.0,0.0,24
4460,20,1688,0.0,0.0,0.0,0.0,0.0,0.0,24
4461,20,1689,0.0,0.0,0.0,0.0,0.0,0.0,24
4462,20,1690,0.0,0.0,0.0,0.0,0.0,0.0,24
4463,20,1642,0.0,0.0,0.0,0.0,0.0,0.0,24
4464,20,1626,0.0,0.0,0.0,0.0,0.0,0.0,24
4465,20,1627,0.0,0.0,0.0,0.0,0.0,0.0,24
4466,20,1628,0.0,0.0,0.0,0.0,0.0,0.0,24
4467,20,1629,0.0,0.0,0.0,0.0,0.0,0.0,24
4468,20,1630,0.0,0.0,0.0,0.0,0.0,0.0,24
4469,20,1631,0.0,0.0,0.0,0.0,0.0,0.0,24
4470,20,1632,0.0,0.0,0.0,0.0,0.0,0.0,24
4471,20,1633,0.0,0.0,0.0,0.0,0.0,0.0,24
4472,20,1635,0.0,0.0,0.0,0.0,0.0,0.0,24
4473,20,1636,0.0,0.0,0.0,0.0,0.0,0.0,24
4474,20,1637,0.0,0.0,0.0,0.0,0.0,0.0,24
4475,20,1638,0.0,0.0,0.0,0.0,0.0,0.0,24
4476,20,1639,0.0,0.0,0.0,0.0,0.0,0.0,24
4477,20,1640,0.0,0.0,0.0,0.0,0.0,0.0,24
4478,20,1641,0.0,0.0,0.0,0.0,0.0,0.0,24
4479,20,1558,0.0,0.0,0.0,0.0,0.0,0.0,24
4480,20,1643,0.0,0.0,0.0,0.0,0.0,0.0,24
4481,20,1644,0.0,0.0,0.0,0.0,0.0,0.0,24
4482,20,1645,0.0,0.0,0.0,0.0,0.0,0.0,24
4483,20,1646,0.0,0.0,0.0,0.0,0.0,0.0,24
4484,20,1648,0.0,0.0,0.0,0.0,0.0,0.0,24
4485,20,1649,0.0,0.0,0.0,0.0,0.0,0.0,24
4486,20,1650,0.0,0.0,0.0,0.0,0.0,0.0,24
4487,20,1651,0.0,0.0,0.0,0.0,0.0,0.0,24
4488,20,1652,0.0,0.0,0.0,0.0,0.0,0.0,24
4489,20,1653,0.0,0.0,0.0,0.0,0.0,0.0,24
4490,20,1654,0.0,0.0,0.0,0.0,0.0,0.0,24
4491,20,1655,0.0,0.0,0.0,0.0,0.0,0.0,24
4492,20,1656,0.0,0.0,0.0,0.0,0.0,0.0,24
4493,20,1657,0.0,0.0,0.0,0.0,0.0,0.0,24
4494,20,1480,0.0,0.0,0.0,0.0,0.0,0.0,24
4495,20,1464,0.0,0.0,0.0,0.0,0.0,0.0,24
4496,20,1465,0.0,0.0,0.0,0.0,0.0,0.0,24
4497,20,1466,0.0,0.0,0.0,0.0,0.0,0.0,24
4498,20,1468,0.0,0.0,0.0,0.0,0.0,0.0,24
4499,20,1469,0.0,0.0,0.0,0.0,0.0,0.0,24
4500,20,1470,0.0,0.0,0.0,0.0,0.0,0.0,24
4501,20,1471,0.0,0.0,0.0,0.0,0.0,0.0,24
4502,20,1472,0.0,0.0,0.0,0.0,0.0,0.0,24
4503,20,1473,0.0,0.0,0.0,0.0,0.0,0.0,24
4504,20,1474,0.0,0.0,0.0,0.0,0.0,0.0,24
4505,20,1475,0.0,0.0,0.0,0.0,0.0,0.0,24
4506,20,1476,0.0,0.0,0.0,0.0,0.0,0.0,24
4507,20,1477,0.0,0.0,0.0,0.0,0.0,0.0,24
4508,20,1478,0.0,0.0,0.0,0.0,0.0,0.0,24
4509,20,1479,0.0,0.0,0.0,0.0,0.0,0.0,24
4510,20,1463,0.0,0.0,0.0,0.0,0.0,0.0,24
4511,20,1481,0.0,0.0,0.0,0.0,0.0,0.0,24
4512,20,1482,0.0,0.0,0.0,0.0,0.0,0.0,24
4513,20,1483,0.0,0.0,0.0,0.0,0.0,0.0,24
4514,20,1484,0.0,0.0,0.0,0.0,0.0,0.0,24
4515,20,1485,0.0,0.0,0.0,0.0,0.0,0.0,24
4516,20,1486,0.0,0.0,0.0,0.0,0.0,0.0,24
4517,20,1487,0.0,0.0,0.0,0.0,0.0,0.0,24
4518,20,1488,0.0,0.0,0.0,0.0,0.0,0.0,24
4519,20,1490,0.0,0.0,0.0,0.0,0.0,0.0,24
4520,20,1491,0.0,0.0,0.0,0.0,0.0,0.0,24
4521,20,1492,0.0,0.0,0.0,0.0,0.0,0.0,24
4522,20,1493,0.0,0.0,0.0,0.0,0.0,0.0,24
4523,20,1494,0.0,0.0,0.0,0.0,0.0,0.0,24
4524,20,1495,0.0,0.0,0.0,0.0,0.0,0.0,24
4525,20,1446,0.0,0.0,0.0,0.0,0.0,0.0,24
4526,20,1429,0.0,0.0,0.0,0.0,0.0,0.0,24
4527,20,1430,0.0,0.0,0.0,0.0,0.0,0.0,24
4528,20,1431,0.0,0.0,0.0,0.0,0.0,0.0,24
4529,20,1432,0.0,0.0,0.0,0.0,0.0,0.0,24
4530,20,1433,0.0,0.0,0.0,0.0,0.0,0.0,24
4531,20,1434,0.0,0.0,0.0,0.0,0.0,0.0,24
4532,20,1436,0.0,0.0,0.0,0.0,0.0,0.0,24
4533,20,1437,0.0,0.0,0.0,0.0,0.0,0.0,24
4534,20,1438,0.0,0.0,0.0,0.0,0.0,0.0,24
4535,20,1439,0.0,0.0,0.0,0.0,0.0,0.0,24
4536,20,1441,0.0,0.0,0.0,0.0,0.0,0.0,24
4537,20,1442,0.0,0.0,0.0,0.0,0.0,0.0,24
4538,20,1443,0.0,0.0,0.0,0.0,0.0,0.0,24
4539,20,1444,0.0,0.0,0.0,0.0,0.0,0.0,24
4540,20,1445,0.0,0.0,0.0,0.0,0.0,0.0,24
4541,20,1496,0.0,0.0,0.0,0.0,0.0,0.0,24
4542,20,1447,0.0,0.0,0.0,0.0,0.0,0.0,24
4543,20,1448,0.0,0.0,0.0,0.0,0.0,0.0,24
4544,20,1449,0.0,0.0,0.0,0.0,0.0,0.0,24
4545,20,1450,0.0,0.0,0.0,0.0,0.0,0.0,24
4546,20,1451,0.0,0.0,0.0,0.0,0.0,0.0,24
4547,20,1452,0.0,0.0,0.0,0.0,0.0,0.0,24
4548,20,1453,0.0,0.0,0.0,0.0,0.0,0.0,24
4549,20,1454,0.0,0.0,0.0,0.0,0.0,0.0,24
4550,20,1455,0.0,0.0,0.0,0.0,0.0,0.0,24
4551,20,1456,0.0,0.0,0.0,0.0,0.0,0.0,24
4552,20,1457,0.0,0.0,0.0,0.0,0.0,0.0,24
4553,20,1458,0.0,0.0,0.0,0.0,0.0,0.0,24
4554,20,1460,0.0,0.0,0.0,0.0,0.0,0.0,24
4555,20,1461,0.0,0.0,0.0,0.0,0.0,0.0,24
4556,20,1543,0.0,0.0,0.0,0.0,0.0,0.0,24
4557,20,1528,0.0,0.0,0.0,0.0,0.0,0.0,24
4558,20,1529,0.0,0.0,0.0,0.0,0.0,0.0,24
4559,20,1530,0.0,0.0,0.0,0.0,0.0,0.0,24
4560,20,1531,0.0,0.0,0.0,0.0,0.0,0.0,24
4561,20,1532,0.0,0.0,0.0,0.0,0.0,0.0,24
4562,20,1533,0.0,0.0,0.0,0.0,0.0,0.0,24
4563,20,1534,0.0,0.0,0.0,0.0,0.0,0.0,24
4564,20,1535,0.0,0.0,0.0,0.0,0.0,0.0,24
4565,20,1536,0.0,0.0,0.0,0.0,0.0,0.0,24
4566,20,1537,0.0,0.0,0.0,0.0,0.0,0.0,24
4567,20,1538,0.0,0.0,0.0,0.0,0.0,0.0,24
4568,20,1539,0.0,0.0,0.0,0.0,0.0,0.0,24
4569,20,1540,0.0,0.0,0.0,0.0,0.0,0.0,24
4570,20,1541,0.0,0.0,0.0,0.0,0.0,0.0,24
4571,20,1542,0.0,0.0,0.0,0.0,0.0,0.0,24
4572,20,1527,0.0,0.0,0.0,0.0,0.0,0.0,24
4573,20,1544,0.0,0.0,0.0,0.0,0.0,0.0,24
4574,20,1545,0.0,0.0,0.0,0.0,0.0,0.0,24
4575,20,1546,0.0,0.0,0.0,0.0,0.0,0.0,24
4576,20,1547,0.0,0.0,0.0,0.0,0.0,0.0,24
4577,20,1548,0.0,0.0,0.0,0.0,0.0,0.0,24
4578,20,1549,0.0,0.0,0.0,0.0,0.0,0.0,24
4579,20,1550,0.0,0.0,0.0,0.0,0.0,0.0,24
4580,20,1551,0.0,0.0,0.0,0.0,0.0,0.0,24
4581,20,1552,0.0,0.0,0.0,0.0,0.0,0.0,24
4582,20,1553,0.0,0.0,0.0,0.0,0.0,0.0,24
4583,20,1554,0.0,0.0,0.0,0.0,0.0,0.0,24
4584,20,1555,0.0,0.0,0.0,0.0,0.0,0.0,24
4585,20,1556,0.0,0.0,0.0,0.0,0.0,0.0,24
4586,20,1557,0.0,0.0,0.0,0.0,0.0,0.0,24
4587,20,1511,0.0,0.0,0.0,0.0,0.0,0.0,24
4588,20,1497,0.0,0.0,0.0,0.0,0.0,0.0,24
4589,20,1498,0.0,0.0,0.0,0.0,0.0,0.0,24
4590,20,1499,0.0,0.0,0.0,0.0,0.0,0.0,24
4591,20,1500,0.0,0.0,0.0,0.0,0.0,0.0,24
4592,20,1501,0.0,0.0,0.0,0.0,0.0,0.0,24
4593,20,1502,0.0,0.0,0.0,0.0,0.0,0.0,24
4594,20,1503,0.0,0.0,0.0,0.0,0.0,0.0,24
4595,20,1504,0.0,0.0,0.0,0.0,0.0,0.0,24
4596,20,1505,0.0,0.0,0.0,0.0,0.0,0.0,24
4597,20,1506,0.0,0.0,0.0,0.0,0.0,0.0,24
4598,20,1507,0.0,0.0,0.0,0.0,0.0,0.0,24
4599,20,1508,0.0,0.0,0.0,0.0,0.0,0.0,24
4600,20,1509,0.0,0.0,0.0,0.0,0.0,0.0,24
4601,20,1510,0.0,0.0,0.0,0.0,0.0,0.0,24
4602,20,2218,0.0,0.0,0.0,0.0,0.0,0.0,24
4603,20,1512,0.0,0.0,0.0,0.0,0.0,0.0,24
4604,20,1513,0.0,0.0,0.0,0.0,0.0,0.0,24
4605,20,1514,0.0,0.0,0.0,0.0,0.0,0.0,24
4606,20,1516,0.0,0.0,0.0,0.0,0.0,0.0,24
4607,20,1517,0.0,0.0,0.0,0.0,0.0,0.0,24
4608,20,1518,0.0,0.0,0.0,0.0,0.0,0.0,24
4609,20,1519,0.0,0.0,0.0,0.0,0.0,0.0,24
4610,20,1520,0.0,0.0,0.0,0.0,0.0,0.0,24
4611,20,1521,0.0,0.0,0.0,0.0,0.0,0.0,24
4612,20,1522,0.0,0.0,0.0,0.0,0.0,0.0,24
4613,20,1523,0.0,0.0,0.0,0.0,0.0,0.0,24
4614,20,1524,0.0,0.0,0.0,0.0,0.0,0.0,24
4615,20,1525,0.0,0.0,0.0,0.0,0.0,0.0,24
4616,20,1526,0.0,0.0,0.0,0.0,0.0,0.0,24
4617,20,4541,0.0,0.0,0.0,0.0,0.0,0.0,24
4618,20,4523,0.0,0.0,0.0,0.0,0.0,0.0,24
4619,20,4524,0.0,0.0,0.0,0.0,0.0,0.0,24
4620,20,4525,0.0,0.0,0.0,0.0,0.0,0.0,24
4621,20,4527,0.0,0.0,0.0,0.0,0.0,0.0,24
4622,20,4528,0.0,0.0,0.0,0.0,0.0,0.0,24
4623,20,4529,0.0,0.0,0.0,0.0,0.0,0.0,24
4624,20,4530,0.0,0.0,0.0,0.0,0.0,0.0,24
4625,20,4531,0.0,0.0,0.0,0.0,0.0,0.0,24
4626,20,4532,0.0,0.0,0.0,0.0,0.0,0.0,24
4627,20,4533,0.0,0.0,0.0,0.0,0.0,0.0,24
4628,20,4535,0.0,0.0,0.0,0.0,0.0,0.0,24
4629,20,4536,0.0,0.0,0.0,0.0,0.0,0.0,24
4630,20,4537,0.0,0.0,0.0,0.0,0.0,0.0,24
4631,20,4538,0.0,0.0,0.0,0.0,0.0,0.0,24
4632,20,4540,0.0,0.0,0.0,0.0,0.0,0.0,24
4633,20,4520,0.0,0.0,0.0,0.0,0.0,0.0,24
4634,20,4542,0.0,0.0,0.0,0.0,0.0,0.0,24
4635,20,4543,0.0,0.0,0.0,0.0,0.0,0.0,24
4636,20,4544,0.0,0.0,0.0,0.0,0.0,0.0,24
4637,20,4547,0.0,0.0,0.0,0.0,0.0,0.0,24
4638,20,4548,0.0,0.0,0.0,0.0,0.0,0.0,24
4639,20,4549,0.0,0.0,0.0,0.0,0.0,0.0,24
4640,20,4550,0.0,0.0,0.0,0.0,0.0,0.0,24
4641,20,4551,0.0,0.0,0.0,0.0,0.0,0.0,24
4642,20,4552,0.0,0.0,0.0,0.0,0.0,0.0,24
4643,20,4553,0.0,0.0,0.0,0.0,0.0,0.0,24
4644,20,4555,0.0,0.0,0.0,0.0,0.0,0.0,24
4645,20,4556,0.0,0.0,0.0,0.0,0.0,0.0,24
4646,20,4557,0.0,0.0,0.0,0.0,0.0,0.0,24
4647,20,4558,0.0,0.0,0.0,0.0,0.0,0.0,24
4648,20,4505,0.0,0.0,0.0,0.0,0.0,0.0,24
4649,20,4489,0.0,0.0,0.0,0.0,0.0,0.0,24
4650,20,4490,0.0,0.0,0.0,0.0,0.0,0.0,24
4651,20,4491,0.0,0.0,0.0,0.0,0.0,0.0,24
4652,20,4492,0.0,0.0,0.0,0.0,0.0,0.0,24
4653,20,4493,0.0,0.0,0.0,0.0,0.0,0.0,24
4654,20,4494,0.0,0.0,0.0,0.0,0.0,0.0,24
4655,20,4495,0.0,0.0,0.0,0.0,0.0,0.0,24
4656,20,4496,0.0,0.0,0.0,0.0,0.0,0.0,24
4657,20,4498,0.0,0.0,0.0,0.0,0.0,0.0,24
4658,20,4499,0.0,0.0,0.0,0.0,0.0,0.0,24
4659,20,4500,0.0,0.0,0.0,0.0,0.0,0.0,24
4660,20,4501,0.0,0.0,0.0,0.0,0.0,0.0,24
4661,20,4502,0.0,0.0,0.0,0.0,0.0,0.0,24
4662,20,4503,0.0,0.0,0.0,0.0,0.0,0.0,24
4663,20,4504,0.0,0.0,0.0,0.0,0.0,0.0,24
4664,20,4559,0.0,0.0,0.0,0.0,0.0,0.0,24
4665,20,4506,0.0,0.0,0.0,0.0,0.0,0.0,24
4666,20,4507,0.0,0.0,0.0,0.0,0.0,0.0,24
4667,20,4508,0.0,0.0,0.0,0.0,0.0,0.0,24
4668,20,4509,0.0,0.0,0.0,0.0,0.0,0.0,24
4669,20,4510,0.0,0.0,0.0,0.0,0.0,0.0,24
4670,20,4511,0.0,0.0,0.0,0.0,0.0,0.0,24
4671,20,4512,0.0,0.0,0.0,0.0,0.0,0.0,24
4672,20,4513,0.0,0.0,0.0,0.0,0.0,0.0,24
4673,20,4514,0.0,0.0,0.0,0.0,0.0,0.0,24
4674,20,4515,0.0,0.0,0.0,0.0,0.0,0.0,24
4675,20,4516,0.0,0.0,0.0,0.0,0.0,0.0,24
4676,20,4517,0.0,0.0,0.0,0.0,0.0,0.0,24
4677,20,4518,0.0,0.0,0.0,0.0,0.0,0.0,24
4678,20,4519,0.0,0.0,0.0,0.0,0.0,0.0,24
4679,20,4610,0.0,0.0,0.0,0.0,0.0,0.0,24
4680,20,4593,0.0,0.0,0.0,0.0,0.0,0.0,24
4681,20,4594,0.0,0.0,0.0,0.0,0.0,0.0,24
4682,20,4596,0.0,0.0,0.0,0.0,0.0,0.0,24
4683,20,4597,0.0,0.0,0.0,0.0,0.0,0.0,24
4684,20,4598,0.0,0.0,0.0,0.0,0.0,0.0,24
4685,20,4599,0.0,0.0,0.0,0.0,0.0,0.0,24
4686,20,4601,0.0,0.0,0.0,0.0,0.0,0.0,24
4687,20,4602,0.0,0.0,0.0,0.0,0.0,0.0,24
4688,20,4603,0.0,0.0,0.0,0.0,0.0,0.0,24
4689,20,4604,0.0,0.0,0.0,0.0,0.0,0.0,24
4690,20,4605,0.0,0.0,0.0,0.0,0.0,0.0,24
4691,20,4606,0.0,0.0,0.0,0.0,0.0,0.0,24
4692,20,4607,0.0,0.0,0.0,0.0,0.0,0.0,24
4693,20,4608,0.0,0.0,0.0,0.0,0.0,0.0,24
4694,20,4609,0.0,0.0,0.0,0.0,0.0,0.0,24
4695,20,4592,0.0,0.0,0.0,0.0,0.0,0.0,24
4696,20,4611,0.0,0.0,0.0,0.0,0.0,0.0,24
4697,20,4612,0.0,0.0,0.0,0.0,0.0,0.0,24
4698,20,4613,0.0,0.0,0.0,0.0,0.0,0.0,24
4699,20,4614,0.0,0.0,0.0,0.0,0.0,0.0,24
4700,20,4615,0.0,0.0,0.0,0.0,0.0,0.0,24
4701,20,4616,0.0,0.0,0.0,0.0,0.0,0.0,24
4702,20,4617,0.0,0.0,0.0,0.0,0.0,0.0,24
4703,20,4618,0.0,0.0,0.0,0.0,0.0,0.0,24
4704,20,4619,0.0,0.0,0.0,0.0,0.0,0.0,24
4705,20,4620,0.0,0.0,0.0,0.0,0.0,0.0,24
4706,20,4621,0.0,0.0,0.0,0.0,0.0,0.0,24
4707,20,4622,0.0,0.0,0.0,0.0,0.0,0.0,24
4708,20,4623,0.0,0.0,0.0,0.0,0.0,0.0,24
4709,20,4624,0.0,0.0,0.0,0.0,0.0,0.0,24
4710,20,4576,0.0,0.0,0.0,0.0,0.0,0.0,24
4711,20,4560,0.0,0.0,0.0,0.0,0.0,0.0,24
4712,20,4562,0.0,0.0,0.0,0.0,0.0,0.0,24
4713,20,4563,0.0,0.0,0.0,0.0,0.0,0.0,24
4714,20,4564,0.0,0.0,0.0,0.0,0.0,0.0,24
4715,20,4565,0.0,0.0,0.0,0.0,0.0,0.0,24
4716,20,4566,0.0,0.0,0.0,0.0,0.0,0.0,24
4717,20,4567,0.0,0.0,0.0,0.0,0.0,0.0,24
4718,20,4568,0.0,0.0,0.0,0.0,0.0,0.0,24
4719,20,4569,0.0,0.0,0.0,0.0,0.0,0.0,24
4720,20,4570,0.0,0.0,0.0,0.0,0.0,0.0,24
4721,20,4571,0.0,0.0,0.0,0.0,0.0,0.0,24
4722,20,4572,0.0,0.0,0.0,0.0,0.0,0.0,24
4723,20,4573,0.0,0.0,0.0,0.0,0.0,0.0,24
4724,20,4574,0.0,0.0,0.0,0.0,0.0,0.0,24
4725,20,4575,0.0,0.0,0.0,0.0,0.0,0.0,24
4726,20,4488,0.0,0.0,0.0,0.0,0.0,0.0,24
4727,20,4577,0.0,0.0,0.0,0.0,0.0,0.0,24
4728,20,4578,0.0,0.0,0.0,0.0,0.0,0.0,24
4729,20,4579,0.0,0.0,0.0,0.0,0.0,0.0,24
4730,20,4580,0.0,0.0,0.0,0.0,0.0,0.0,24
4731,20,4581,0.0,0.0,0.0,0.0,0.0,0.0,24
4732,20,4583,0.0,0.0,0.0,0.0,0.0,0.0,24
4733,20,4584,0.0,0.0,0.0,0.0,0.0,0.0,24
4734,20,4585,0.0,0.0,0.0,0.0,0.0,0.0,24
4735,20,4586,0.0,0.0,0.0,0.0,0.0,0.0,24
4736,20,4587,0.0,0.0,0.0,0.0,0.0,0.0,24
4737,20,4588,0.0,0.0,0.0,0.0,0.0,0.0,24
4738,20,4589,0.0,0.0,0.0,0.0,0.0,0.0,24
4739,20,4590,0.0,0.0,0.0,0.0,0.0,0.0,24
4740,20,4591,0.0,0.0,0.0,0.0,0.0,0.0,24
4741,20,4403,0.0,0.0,0.0,0.0,0.0,0.0,24
4742,20,4387,0.0,0.0,0.0,0.0,0.0,0.0,24
4743,20,4388,0.0,0.0,0.0,0.0,0.0,0.0,24
4744,20,4389,0.0,0.0,0.0,0.0,0.0,0.0,24
4745,20,4390,0.0,0.0,0.0,0.0,0.0,0.0,24
4746,20,4391,0.0,0.0,0.0,0.0,0.0,0.0,24
4747,20,4392,0.0,0.0,0.0,0.0,0.0,0.0,24
4748,20,4393,0.0,0.0,0.0,0.0,0.0,0.0,24
4749,20,4395,0.0,0.0,0.0,0.0,0.0,0.0,24
4750,20,4396,0.0,0.0,0.0,0.0,0.0,0.0,24
4751,20,4397,0.0,0.0,0.0,0.0,0.0,0.0,24
4752,20,4398,0.0,0.0,0.0,0.0,0.0,0.0,24
4753,20,4399,0.0,0.0,0.0,0.0,0.0,0.0,24
4754,20,4400,0.0,0.0,0.0,0.0,0.0,0.0,24
4755,20,4401,0.0,0.0,0.0,0.0,0.0,0.0,24
4756,20,4402,0.0,0.0,0.0,0.0,0.0,0.0,24
4757,20,4386,0.0,0.0,0.0,0.0,0.0,0.0,24
4758,20,4404,0.0,0.0,0.0,0.0,0.0,0.0,24
4759,20,4406,0.0,0.0,0.0,0.0,0.0,0.0,24
4760,20,4407,0.0,0.0,0.0,0.0,0.0,0.0,24
4761,20,4408,0.0,0.0,0.0,0.0,0.0,0.0,24
4762,20,4409,0.0,0.0,0.0,0.0,0.0,0.0,24
4763,20,4410,0.0,0.0,0.0,0.0,0.0,0.0,24
4764,20,4411,0.0,0.0,0.0,0.0,0.0,0.0,24
4765,20,4412,0.0,0.0,0.0,0.0,0.0,0.0,24
4766,20,4413,0.0,0.0,0.0,0.0,0.0,0.0,24
4767,20,4414,0.0,0.0,0.0,0.0,0.0,0.0,24
4768,20,4415,0.0,0.0,0.0,0.0,0.0,0.0,24
4769,20,4416,0.0,0.0,0.0,0.0,0.0,0.0,24
4770,20,4417,0.0,0.0,0.0,0.0,0.0,0.0,24
4771,20,4418,0.0,0.0,0.0,0.0,0.0,0.0,24
4772,20,4369,0.0,0.0,0.0,0.0,0.0,0.0,24
4773,20,4354,0.0,0.0,0.0,0.0,0.0,0.0,24
4774,20,4355,0.0,0.0,0.0,0.0,0.0,0.0,24
4775,20,4356,0.0,0.0,0.0,0.0,0.0,0.0,24
4776,20,4357,0.0,0.0,0.0,0.0,0.0,0.0,24
4777,20,4358,0.0,0.0,0.0,0.0,0.0,0.0,24
4778,20,4359,0.0,0.0,0.0,0.0,0.0,0.0,24
4779,20,4360,0.0,0.0,0.0,0.0,0.0,0.0,24
4780,20,4361,0.0,0.0,0.0,0.0,0.0,0.0,24
4781,20,4362,0.0,0.0,0.0,0.0,0.0,0.0,24
4782,20,4363,0.0,0.0,0.0,0.0,0.0,0.0,24
4783,20,4364,0.0,0.0,0.0,0.0,0.0,0.0,24
4784,20,4365,0.0,0.0,0.0,0.0,0.0,0.0,24
4785,20,4366,0.0,0.0,0.0,0.0,0.0,0.0,24
4786,20,4367,0.0,0.0,0.0,0.0,0.0,0.0,24
4787,20,4368,0.0,0.0,0.0,0.0,0.0,0.0,24
4788,20,4419,0.0,0.0,0.0,0.0,0.0,0.0,24
4789,20,4370,0.0,0.0,0.0,0.0,0.0,0.0,24
4790,20,4371,0.0,0.0,0.0,0.0,0.0,0.0,24
4791,20,4372,0.0,0.0,0.0,0.0,0.0,0.0,24
4792,20,4373,0.0,0.0,0.0,0.0,0.0,0.0,24
4793,20,4376,0.0,0.0,0.0,0.0,0.0,0.0,24
4794,20,4377,0.0,0.0,0.0,0.0,0.0,0.0,24
4795,20,4378,0.0,0.0,0.0,0.0,0.0,0.0,24
4796,20,4379,0.0,0.0,0.0,0.0,0.0,0.0,24
4797,20,4380,0.0,0.0,0.0,0.0,0.0,0.0,24
4798,20,4381,0.0,0.0,0.0,0.0,0.0,0.0,24
4799,20,4382,0.0,0.0,0.0,0.0,0.0,0.0,24
4800,20,4383,0.0,0.0,0.0,0.0,0.0,0.0,24
4801,20,4384,0.0,0.0,0.0,0.0,0.0,0.0,24
4802,20,4385,0.0,0.0,0.0,0.0,0.0,0.0,24
4803,20,4471,0.0,0.0,0.0,0.0,0.0,0.0,24
4804,20,4455,0.0,0.0,0.0,0.0,0.0,0.0,24
4805,20,4456,0.0,0.0,0.0,0.0,0.0,0.0,24
4806,20,4457,0.0,0.0,0.0,0.0,0.0,0.0,24
4807,20,4458,0.0,0.0,0.0,0.0,0.0,0.0,24
4808,20,4459,0.0,0.0,0.0,0.0,0.0,0.0,24
4809,20,4460,0.0,0.0,0.0,0.0,0.0,0.0,24
4810,20,4461,0.0,0.0,0.0,0.0,0.0,0.0,24
4811,20,4462,0.0,0.0,0.0,0.0,0.0,0.0,24
4812,20,4463,0.0,0.0,0.0,0.0,0.0,0.0,24
4813,20,4464,0.0,0.0,0.0,0.0,0.0,0.0,24
4814,20,4465,0.0,0.0,0.0,0.0,0.0,0.0,24
4815,20,4466,0.0,0.0,0.0,0.0,0.0,0.0,24
4816,20,4468,0.0,0.0,0.0,0.0,0.0,0.0,24
4817,20,4469,0.0,0.0,0.0,0.0,0.0,0.0,24
4818,20,4470,0.0,0.0,0.0,0.0,0.0,0.0,24
4819,20,4454,0.0,0.0,0.0,0.0,0.0,0.0,24
4820,20,4472,0.0,0.0,0.0,0.0,0.0,0.0,24
4821,20,4473,0.0,0.0,0.0,0.0,0.0,0.0,24
4822,20,4474,0.0,0.0,0.0,0.0,0.0,0.0,24
4823,20,4475,0.0,0.0,0.0,0.0,0.0,0.0,24
4824,20,4476,0.0,0.0,0.0,0.0,0.0,0.0,24
4825,20,4477,0.0,0.0,0.0,0.0,0.0,0.0,24
4826,20,4478,0.0,0.0,0.0,0.0,0.0,0.0,24
4827,20,4479,0.0,0.0,0.0,0.0,0.0,0.0,24
4828,20,4481,0.0,0.0,0.0,0.0,0.0,0.0,24
4829,20,4482,0.0,0.0,0.0,0.0,0.0,0.0,24
4830,20,4484,0.0,0.0,0.0,0.0,0.0,0.0,24
4831,20,4485,0.0,0.0,0.0,0.0,0.0,0.0,24
4832,20,4486,0.0,0.0,0.0,0.0,0.0,0.0,24
4833,20,4487,0.0,0.0,0.0,0.0,0.0,0.0,24
4834,20,4435,0.0,0.0,0.0,0.0,0.0,0.0,24
4835,20,4420,0.0,0.0,0.0,0.0,0.0,0.0,24
4836,20,4421,0.0,0.0,0.0,0.0,0.0,0.0,24
4837,20,4422,0.0,0.0,0.0,0.0,0.0,0.0,24
4838,20,4423,0.0,0.0,0.0,0.0,0.0,0.0,24
4839,20,4424,0.0,0.0,0.0,0.0,0.0,0.0,24
4840,20,4425,0.0,0.0,0.0,0.0,0.0,0.0,24
4841,20,4426,0.0,0.0,0.0,0.0,0.0,0.0,24
4842,20,4427,0.0,0.0,0.0,0.0,0.0,0.0,24
4843,20,4428,0.0,0.0,0.0,0.0,0.0,0.0,24
4844,20,4429,0.0,0.0,0.0,0.0,0.0,0.0,24
4845,20,4430,0.0,0.0,0.0,0.0,0.0,0.0,24
4846,20,4431,0.0,0.0,0.0,0.0,0.0,0.0,24
4847,20,4432,0.0,0.0,0.0,0.0,0.0,0.0,24
4848,20,4433,0.0,0.0,0.0,0.0,0.0,0.0,24
4849,20,4434,0.0,0.0,0.0,0.0,0.0,0.0,24
4850,20,4626,0.0,0.0,0.0,0.0,0.0,0.0,24
4851,20,4436,0.0,0.0,0.0,0.0,0.0,0.0,24
4852,20,4437,0.0,0.0,0.0,0.0,0.0,0.0,24
4853,20,4438,0.0,0.0,0.0,0.0,0.0,0.0,24
4854,20,4440,0.0,0.0,0.0,0.0,0.0,0.0,24
4855,20,4441,0.0,0.0,0.0,0.0,0.0,0.0,24
4856,20,4442,0.0,0.0,0.0,0.0,0.0,0.0,24
4857,20,4443,0.0,0.0,0.0,0.0,0.0,0.0,24
4858,20,4444,0.0,0.0,0.0,0.0,0.0,0.0,24
4859,20,4446,0.0,0.0,0.0,0.0,0.0,0.0,24
4860,20,4447,0.0,0.0,0.0,0.0,0.0,0.0,24
4861,20,4449,0.0,0.0,0.0,0.0,0.0,0.0,24
4862,20,4450,0.0,0.0,0.0,0.0,0.0,0.0,24
4863,20,4451,0.0,0.0,0.0,0.0,0.0,0.0,24
4864,20,4452,0.0,0.0,0.0,0.0,0.0,0.0,24
4865,20,4809,0.0,0.0,0.0,0.0,0.0,0.0,24
4866,20,4792,0.0,0.0,0.0,0.0,0.0,0.0,24
4867,20,4793,0.0,0.0,0.0,0.0,0.0,0.0,24
4868,20,4795,0.0,0.0,0.0,0.0,0.0,0.0,24
4869,20,4796,0.0,0.0,0.0,0.0,0.0,0.0,24
4870,20,4798,0.0,0.0,0.0,0.0,0.0,0.0,24
4871,20,4799,0.0,0.0,0.0,0.0,0.0,0.0,24
4872,20,4800,0.0,0.0,0.0,0.0,0.0,0.0,24
4873,20,4801,0.0,0.0,0.0,0.0,0.0,0.0,24
4874,20,4802,0.0,0.0,0.0,0.0,0.0,0.0,24
4875,20,4803,0.0,0.0,0.0,0.0,0.0,0.0,24
4876,20,4804,0.0,0.0,0.0,0.0,0.0,0.0,24
4877,20,4805,0.0,0.0,0.0,0.0,0.0,0.0,24
4878,20,4806,0.0,0.0,0.0,0.0,0.0,0.0,24
4879,20,4807,0.0,0.0,0.0,0.0,0.0,0.0,24
4880,20,4808,0.0,0.0,0.0,0.0,0.0,0.0,24
4881,20,4791,0.0,0.0,0.0,0.0,0.0,0.0,24
4882,20,4810,0.0,0.0,0.0,0.0,0.0,0.0,24
4883,20,4811,0.0,0.0,0.0,0.0,0.0,0.0,24
4884,20,4812,0.0,0.0,0.0,0.0,0.0,0.0,24
4885,20,4814,0.0,0.0,0.0,0.0,0.0,0.0,24
4886,20,4815,0.0,0.0,0.0,0.0,0.0,0.0,24
4887,20,4816,0.0,0.0,0.0,0.0,0.0,0.0,24
4888,20,4817,0.0,0.0,0.0,0.0,0.0,0.0,24
4889,20,4818,0.0,0.0,0.0,0.0,0.0,0.0,24
4890,20,4820,0.0,0.0,0.0,0.0,0.0,0.0,24
4891,20,4821,0.0,0.0,0.0,0.0,0.0,0.0,24
4892,20,4822,0.0,0.0,0.0,0.0,0.0,0.0,24
4893,20,4823,0.0,0.0,0.0,0.0,0.0,0.0,24
4894,20,4824,0.0,0.0,0.0,0.0,0.0,0.0,24
4895,20,4825,0.0,0.0,0.0,0.0,0.0,0.0,24
4896,20,4775,0.0,0.0,0.0,0.0,0.0,0.0,24
4897,20,4759,0.0,0.0,0.0,0.0,0.0,0.0,24
4898,20,4760,0.0,0.0,0.0,0.0,0.0,0.0,24
4899,20,4761,0.0,0.0,0.0,0.0,0.0,0.0,24
4900,20,4762,0.0,0.0,0.0,0.0,0.0,0.0,24
4901,20,4763,0.0,0.0,0.0,0.0,0.0,0.0,24
4902,20,4764,0.0,0.0,0.0,0.0,0.0,0.0,24
4903,20,4765,0.0,0.0,0.0,0.0,0.0,0.0,24
4904,20,4766,0.0,0.0,0.0,0.0,0.0,0.0,24
4905,20,4767,0.0,0.0,0.0,0.0,0.0,0.0,24
4906,20,4769,0.0,0.0,0.0,0.0,0.0,0.0,24
4907,20,4770,0.0,0.0,0.0,0.0,0.0,0.0,24
4908,20,4771,0.0,0.0,0.0,0.0,0.0,0.0,24
4909,20,4772,0.0,0.0,0.0,0.0,0.0,0.0,24
4910,20,4773,0.0,0.0,0.0,0.0,0.0,0.0,24
4911,20,4774,0.0,0.0,0.0,0.0,0.0,0.0,24
4912,20,4826,0.0,0.0,0.0,0.0,0.0,0.0,24
4913,20,4776,0.0,0.0,0.0,0.0,0.0,0.0,24
4914,20,4777,0.0,0.0,0.0,0.0,0.0,0.0,24
4915,20,4779,0.0,0.0,0.0,0.0,0.0,0.0,24
4916,20,4780,0.0,0.0,0.0,0.0,0.0,0.0,24
4917,20,4781,0.0,0.0,0.0,0.0,0.0,0.0,24
4918,20,4782,0.0,0.0,0.0,0.0,0.0,0.0,24
4919,20,4783,0.0,0.0,0.0,0.0,0.0,0.0,24
4920,20,4784,0.0,0.0,0.0,0.0,0.0,0.0,24
4921,20,4785,0.0,0.0,0.0,0.0,0.0,0.0,24
4922,20,4786,0.0,0.0,0.0,0.0,0.0,0.0,24
4923,20,4787,0.0,0.0,0.0,0.0,0.0,0.0,24
4924,20,4788,0.0,0.0,0.0,0.0,0.0,0.0,24
4925,20,4789,0.0,0.0,0.0,0.0,0.0,0.0,24
4926,20,4790,0.0,0.0,0.0,0.0,0.0,0.0,24
4927,20,4875,0.0,0.0,0.0,0.0,0.0,0.0,24
4928,20,4859,0.0,0.0,0.0,0.0,0.0,0.0,24
4929,20,4860,0.0,0.0,0.0,0.0,0.0,0.0,24
4930,20,4861,0.0,0.0,0.0,0.0,0.0,0.0,24
4931,20,4862,0.0,0.0,0.0,0.0,0.0,0.0,24
4932,20,4863,0.0,0.0,0.0,0.0,0.0,0.0,24
4933,20,4864,0.0,0.0,0.0,0.0,0.0,0.0,24
4934,20,4865,0.0,0.0,0.0,0.0,0.0,0.0,24
4935,20,4866,0.0,0.0,0.0,0.0,0.0,0.0,24
4936,20,4867,0.0,0.0,0.0,0.0,0.0,0.0,24
4937,20,4868,0.0,0.0,0.0,0.0,0.0,0.0,24
4938,20,4869,0.0,0.0,0.0,0.0,0.0,0.0,24
4939,20,4870,0.0,0.0,0.0,0.0,0.0,0.0,24
4940,20,4871,0.0,0.0,0.0,0.0,0.0,0.0,24
4941,20,4872,0.0,0.0,0.0,0.0,0.0,0.0,24
4942,20,4873,0.0,0.0,0.0,0.0,0.0,0.0,24
4943,20,4858,0.0,0.0,0.0,0.0,0.0,0.0,24
4944,20,4876,0.0,0.0,0.0,0.0,0.0,0.0,24
4945,20,4877,0.0,0.0,0.0,0.0,0.0,0.0,24
4946,20,4878,0.0,0.0,0.0,0.0,0.0,0.0,24
4947,20,4879,0.0,0.0,0.0,0.0,0.0,0.0,24
4948,20,4880,0.0,0.0,0.0,0.0,0.0,0.0,24
4949,20,4881,0.0,0.0,0.0,0.0,0.0,0.0,24
4950,20,4882,0.0,0.0,0.0,0.0,0.0,0.0,24
4951,20,4883,0.0,0.0,0.0,0.0,0.0,0.0,24
4952,20,4884,0.0,0.0,0.0,0.0,0.0,0.0,24
4953,20,4885,0.0,0.0,0.0,0.0,0.0,0.0,24
4954,20,4886,0.0,0.0,0.0,0.0,0.0,0.0,24
4955,20,4887,0.0,0.0,0.0,0.0,0.0,0.0,24
4956,20,4888,0.0,0.0,0.0,0.0,0.0,0.0,24
4957,20,4889,0.0,0.0,0.0,0.0,0.0,0.0,24
4958,20,4842,0.0,0.0,0.0,0.0,0.0,0.0,24
4959,20,4827,0.0,0.0,0.0,0.0,0.0,0.0,24
4960,20,4828,0.0,0.0,0.0,0.0,0.0,0.0,24
4961,20,4829,0.0,0.0,0.0,0.0,0.0,0.0,24
4962,20,4830,0.0,0.0,0.0,0.0,0.0,0.0,24
4963,20,4831,0.0,0.0,0.0,0.0,0.0,0.0,24
4964,20,4832,0.0,0.0,0.0,0.0,0.0,0.0,24
4965,20,4833,0.0,0.0,0.0,0.0,0.0,0.0,24
4966,20,4834,0.0,0.0,0.0,0.0,0.0,0.0,24
4967,20,4835,0.0,0.0,0.0,0.0,0.0,0.0,24
4968,20,4836,0.0,0.0,0.0,0.0,0.0,0.0,24
4969,20,4837,0.0,0.0,0.0,0.0,0.0,0.0,24
4970,20,4838,0.0,0.0,0.0,0.0,0.0,0.0,24
4971,20,4839,0.0,0.0,0.0,0.0,0.0,0.0,24
4972,20,4840,0.0,0.0,0.0,0.0,0.0,0.0,24
4973,20,4841,0.0,0.0,0.0,0.0,0.0,0.0,24
4974,20,4757,0.0,0.0,0.0,0.0,0.0,0.0,24
4975,20,4843,0.0,0.0,0.0,0.0,0.0,0.0,24
4976,20,4845,0.0,0.0,0.0,0.0,0.0,0.0,24
4977,20,4846,0.0,0.0,0.0,0.0,0.0,0.0,24
4978,20,4847,0.0,0.0,0.0,0.0,0.0,0.0,24
4979,20,4848,0.0,0.0,0.0,0.0,0.0,0.0,24
4980,20,4849,0.0,0.0,0.0,0.0,0.0,0.0,24
4981,20,4850,0.0,0.0,0.0,0.0,0.0,0.0,24
4982,20,4851,0.0,0.0,0.0,0.0,0.0,0.0,24
4983,20,4852,0.0,0.0,0.0,0.0,0.0,0.0,24
4984,20,4853,0.0,0.0,0.0,0.0,0.0,0.0,24
4985,20,4854,0.0,0.0,0.0,0.0,0.0,0.0,24
4986,20,4855,0.0,0.0,0.0,0.0,0.0,0.0,24
4987,20,4856,0.0,0.0,0.0,0.0,0.0,0.0,24
4988,20,4857,0.0,0.0,0.0,0.0,0.0,0.0,24
4989,20,4677,0.0,0.0,0.0,0.0,0.0,0.0,24
4990,20,4661,0.0,0.0,0.0,0.0,0.0,0.0,24
4991,20,4662,0.0,0.0,0.0,0.0,0.0,0.0,24
4992,20,4663,0.0,0.0,0.0,0.0,0.0,0.0,24
4993,20,4664,0.0,0.0,0.0,0.0,0.0,0.0,24
4994,20,4665,0.0,0.0,0.0,0.0,0.0,0.0,24
4995,20,4666,0.0,0.0,0.0,0.0,0.0,0.0,24
4996,20,4667,0.0,0.0,0.0,0.0,0.0,0.0,24
4997,20,4668,0.0,0.0,0.0,0.0,0.0,0.0,24
4998,20,4669,0.0,0.0,0.0,0.0,0.0,0.0,24
4999,20,4670,0.0,0.0,0.0,0.0,0.0,0.0,24
5000,20,4671,0.0,0.0,0.0,0.0,0.0,0.0,24
5001,20,4672,0.0,0.0,0.0,0.0,0.0,0.0,24
5002,20,4673,0.0,0.0,0.0,0.0,0.0,0.0,24
5003,20,4675,0.0,0.0,0.0,0.0,0.0,0.0,24
5004,20,4676,0.0,0.0,0.0,0.0,0.0,0.0,24
5005,20,4660,0.0,0.0,0.0,0.0,0.0,0.0,24
5006,20,4678,0.0,0.0,0.0,0.0,0.0,0.0,24
5007,20,4679,0.0,0.0,0.0,0.0,0.0,0.0,24
5008,20,4680,0.0,0.0,0.0,0.0,0.0,0.0,24
5009,20,4681,0.0,0.0,0.0,0.0,0.0,0.0,24
5010,20,4682,0.0,0.0,0.0,0.0,0.0,0.0,24
5011,20,4683,0.0,0.0,0.0,0.0,0.0,0.0,24
5012,20,4684,0.0,0.0,0.0,0.0,0.0,0.0,24
5013,20,4685,0.0,0.0,0.0,0.0,0.0,0.0,24
5014,20,4686,0.0,0.0,0.0,0.0,0.0,0.0,24
5015,20,4687,0.0,0.0,0.0,0.0,0.0,0.0,24
5016,20,4688,0.0,0.0,0.0,0.0,0.0,0.0,24
5017,20,4689,0.0,0.0,0.0,0.0,0.0,0.0,24
5018,20,4690,0.0,0.0,0.0,0.0,0.0,0.0,24
5019,20,4691,0.0,0.0,0.0,0.0,0.0,0.0,24
5020,20,4643,0.0,0.0,0.0,0.0,0.0,0.0,24
5021,20,4627,0.0,0.0,0.0,0.0,0.0,0.0,24
5022,20,4628,0.0,0.0,0.0,0.0,0.0,0.0,24
5023,20,4630,0.0,0.0,0.0,0.0,0.0,0.0,24
5024,20,4631,0.0,0.0,0.0,0.0,0.0,0.0,24
5025,20,4632,0.0,0.0,0.0,0.0,0.0,0.0,24
5026,20,4633,0.0,0.0,0.0,0.0,0.0,0.0,24
5027,20,4634,0.0,0.0,0.0,0.0,0.0,0.0,24
5028,20,4635,0.0,0.0,0.0,0.0,0.0,0.0,24
5029,20,4636,0.0,0.0,0.0,0.0,0.0,0.0,24
5030,20,4637,0.0,0.0,0.0,0.0,0.0,0.0,24
5031,20,4638,0.0,0.0,0.0,0.0,0.0,0.0,24
5032,20,4639,0.0,0.0,0.0,0.0,0.0,0.0,24
5033,20,4640,0.0,0.0,0.0,0.0,0.0,0.0,24
5034,20,4641,0.0,0.0,0.0,0.0,0.0,0.0,24
5035,20,4642,0.0,0.0,0.0,0.0,0.0,0.0,24
5036,20,4692,0.0,0.0,0.0,0.0,0.0,0.0,24
5037,20,4644,0.0,0.0,0.0,0.0,0.0,0.0,24
5038,20,4645,0.0,0.0,0.0,0.0,0.0,0.0,24
5039,20,4646,0.0,0.0,0.0,0.0,0.0,0.0,24
5040,20,4647,0.0,0.0,0.0,0.0,0.0,0.0,24
5041,20,4648,0.0,0.0,0.0,0.0,0.0,0.0,24
5042,20,4649,0.0,0.0,0.0,0.0,0.0,0.0,24
5043,20,4650,0.0,0.0,0.0,0.0,0.0,0.0,24
5044,20,4651,0.0,0.0,0.0,0.0,0.0,0.0,24
5045,20,4652,0.0,0.0,0.0,0.0,0.0,0.0,24
5046,20,4653,0.0,0.0,0.0,0.0,0.0,0.0,24
5047,20,4654,0.0,0.0,0.0,0.0,0.0,0.0,24
5048,20,4657,0.0,0.0,0.0,0.0,0.0,0.0,24
5049,20,4658,0.0,0.0,0.0,0.0,0.0,0.0,24
5050,20,4659,0.0,0.0,0.0,0.0,0.0,0.0,24
5051,20,4741,0.0,0.0,0.0,0.0,0.0,0.0,24
5052,20,4726,0.0,0.0,0.0,0.0,0.0,0.0,24
5053,20,4727,0.0,0.0,0.0,0.0,0.0,0.0,24
5054,20,4728,0.0,0.0,0.0,0.0,0.0,0.0,24
5055,20,4729,0.0,0.0,0.0,0.0,0.0,0.0,24
5056,20,4730,0.0,0.0,0.0,0.0,0.0,0.0,24
5057,20,4731,0.0,0.0,0.0,0.0,0.0,0.0,24
5058,20,4732,0.0,0.0,0.0,0.0,0.0,0.0,24
5059,20,4733,0.0,0.0,0.0,0.0,0.0,0.0,24
5060,20,4734,0.0,0.0,0.0,0.0,0.0,0.0,24
5061,20,4735,0.0,0.0,0.0,0.0,0.0,0.0,24
5062,20,4736,0.0,0.0,0.0,0.0,0.0,0.0,24
5063,20,4737,0.0,0.0,0.0,0.0,0.0,0.0,24
5064,20,4738,0.0,0.0,0.0,0.0,0.0,0.0,24
5065,20,4739,0.0,0.0,0.0,0.0,0.0,0.0,24
5066,20,4740,0.0,0.0,0.0,0.0,0.0,0.0,24
5067,20,4725,0.0,0.0,0.0,0.0,0.0,0.0,24
5068,20,4742,0.0,0.0,0.0,0.0,0.0,0.0,24
5069,20,4743,0.0,0.0,0.0,0.0,0.0,0.0,24
5070,20,4744,0.0,0.0,0.0,0.0,0.0,0.0,24
5071,20,4746,0.0,0.0,0.0,0.0,0.0,0.0,24
5072,20,4747,0.0,0.0,0.0,0.0,0.0,0.0,24
5073,20,4748,0.0,0.0,0.0,0.0,0.0,0.0,24
5074,20,4749,0.0,0.0,0.0,0.0,0.0,0.0,24
5075,20,4750,0.0,0.0,0.0,0.0,0.0,0.0,24
5076,20,4751,0.0,0.0,0.0,0.0,0.0,0.0,24
5077,20,4752,0.0,0.0,0.0,0.0,0.0,0.0,24
5078,20,4753,0.0,0.0,0.0,0.0,0.0,0.0,24
5079,20,4754,0.0,0.0,0.0,0.0,0.0,0.0,24
5080,20,4755,0.0,0.0,0.0,0.0,0.0,0.0,24
5081,20,4756,0.0,0.0,0.0,0.0,0.0,0.0,24
5082,20,4709,0.0,0.0,0.0,0.0,0.0,0.0,24
5083,20,4693,0.0,0.0,0.0,0.0,0.0,0.0,24
5084,20,4694,0.0,0.0,0.0,0.0,0.0,0.0,24
5085,20,4695,0.0,0.0,0.0,0.0,0.0,0.0,24
5086,20,4696,0.0,0.0,0.0,0.0,0.0,0.0,24
5087,20,4698,0.0,0.0,0.0,0.0,0.0,0.0,24
5088,20,4699,0.0,0.0,0.0,0.0,0.0,0.0,24
5089,20,4700,0.0,0.0,0.0,0.0,0.0,0.0,24
5090,20,4701,0.0,0.0,0.0,0.0,0.0,0.0,24
5091,20,4702,0.0,0.0,0.0,0.0,0.0,0.0,24
5092,20,4703,0.0,0.0,0.0,0.0,0.0,0.0,24
5093,20,4704,0.0,0.0,0.0,0.0,0.0,0.0,24
5094,20,4705,0.0,0.0,0.0,0.0,0.0,0.0,24
5095,20,4706,0.0,0.0,0.0,0.0,0.0,0.0,24
5096,20,4707,0.0,0.0,0.0,0.0,0.0,0.0,24
5097,20,4708,0.0,0.0,0.0,0.0,0.0,0.0,24
5098,20,4353,0.0,0.0,0.0,0.0,0.0,0.0,24
5099,20,4710,0.0,0.0,0.0,0.0,0.0,0.0,24
5100,20,4711,0.0,0.0,0.0,0.0,0.0,0.0,24
5101,20,4712,0.0,0.0,0.0,0.0,0.0,0.0,24
5102,20,4713,0.0,0.0,0.0,0.0,0.0,0.0,24
5103,20,4714,0.0,0.0,0.0,0.0,0.0,0.0,24
5104,20,4715,0.0,0.0,0.0,0.0,0.0,0.0,24
5105,20,4717,0.0,0.0,0.0,0.0,0.0,0.0,24
5106,20,4718,0.0,0.0,0.0,0.0,0.0,0.0,24
5107,20,4719,0.0,0.0,0.0,0.0,0.0,0.0,24
5108,20,4720,0.0,0.0,0.0,0.0,0.0,0.0,24
5109,20,4721,0.0,0.0,0.0,0.0,0.0,0.0,24
5110,20,4722,0.0,0.0,0.0,0.0,0.0,0.0,24
5111,20,4723,0.0,0.0,0.0,0.0,0.0,0.0,24
5112,20,4724,0.0,0.0,0.0,0.0,0.0,0.0,24
5113,20,6597,0.0,0.0,0.0,0.0,0.0,0.0,24
5114,20,6614,0.0,0.0,0.0,0.0,0.0,0.0,24
5115,20,6612,0.0,0.0,0.0,0.0,0.0,0.0,24
5116,20,6610,0.0,0.0,0.0,0.0,0.0,0.0,24
5117,20,6609,0.0,0.0,0.0,0.0,0.0,0.0,24
5118,20,6608,0.0,0.0,0.0,0.0,0.0,0.0,24
5119,20,6607,0.0,0.0,0.0,0.0,0.0,0.0,24
5120,20,6606,0.0,0.0,0.0,0.0,0.0,0.0,24
5121,20,6605,0.0,0.0,0.0,0.0,0.0,0.0,24
5122,20,6604,0.0,0.0,0.0,0.0,0.0,0.0,24
5123,20,6603,0.0,0.0,0.0,0.0,0.0,0.0,24
5124,20,6602,0.0,0.0,0.0,0.0,0.0,0.0,24
5125,20,6601,0.0,0.0,0.0,0.0,0.0,0.0,24
5126,20,6600,0.0,0.0,0.0,0.0,0.0,0.0,24
5127,20,6599,0.0,0.0,0.0,0.0,0.0,0.0,24
5128,20,6598,0.0,0.0,0.0,0.0,0.0,0.0,24
5129,20,6615,0.0,0.0,0.0,0.0,0.0,0.0,24
5130,20,6595,0.0,0.0,0.0,0.0,0.0,0.0,24
5131,20,6594,0.0,0.0,0.0,0.0,0.0,0.0,24
5132,20,6593,0.0,0.0,0.0,0.0,0.0,0.0,24
5133,20,6592,0.0,0.0,0.0,0.0,0.0,0.0,24
5134,20,6591,0.0,0.0,0.0,0.0,0.0,0.0,24
5135,20,6590,0.0,0.0,0.0,0.0,0.0,0.0,24
5136,20,6589,0.0,0.0,0.0,0.0,0.0,0.0,24
5137,20,6588,0.0,0.0,0.0,0.0,0.0,0.0,24
5138,20,6587,0.0,0.0,0.0,0.0,0.0,0.0,24
5139,20,6586,0.0,0.0,0.0,0.0,0.0,0.0,24
5140,20,6585,0.0,0.0,0.0,0.0,0.0,0.0,24
5141,20,6584,0.0,0.0,0.0,0.0,0.0,0.0,24
5142,20,6583,0.0,0.0,0.0,0.0,0.0,0.0,24
5143,20,6582,0.0,0.0,0.0,0.0,0.0,0.0,24
5144,20,6631,0.0,0.0,0.0,0.0,0.0,0.0,24
5145,20,6648,0.0,0.0,0.0,0.0,0.0,0.0,24
5146,20,6647,0.0,0.0,0.0,0.0,0.0,0.0,24
5147,20,6646,0.0,0.0,0.0,0.0,0.0,0.0,24
5148,20,6645,0.0,0.0,0.0,0.0,0.0,0.0,24
5149,20,6644,0.0,0.0,0.0,0.0,0.0,0.0,24
5150,20,6643,0.0,0.0,0.0,0.0,0.0,0.0,24
5151,20,6642,0.0,0.0,0.0,0.0,0.0,0.0,24
5152,20,6641,0.0,0.0,0.0,0.0,0.0,0.0,24
5153,20,6640,0.0,0.0,0.0,0.0,0.0,0.0,24
5154,20,6639,0.0,0.0,0.0,0.0,0.0,0.0,24
5155,20,6638,0.0,0.0,0.0,0.0,0.0,0.0,24
5156,20,6637,0.0,0.0,0.0,0.0,0.0,0.0,24
5157,20,6636,0.0,0.0,0.0,0.0,0.0,0.0,24
5158,20,6635,0.0,0.0,0.0,0.0,0.0,0.0,24
5159,20,6632,0.0,0.0,0.0,0.0,0.0,0.0,24
5160,20,6581,0.0,0.0,0.0,0.0,0.0,0.0,24
5161,20,6630,0.0,0.0,0.0,0.0,0.0,0.0,24
5162,20,6629,0.0,0.0,0.0,0.0,0.0,0.0,24
5163,20,6628,0.0,0.0,0.0,0.0,0.0,0.0,24
5164,20,6627,0.0,0.0,0.0,0.0,0.0,0.0,24
5165,20,6626,0.0,0.0,0.0,0.0,0.0,0.0,24
5166,20,6625,0.0,0.0,0.0,0.0,0.0,0.0,24
5167,20,6624,0.0,0.0,0.0,0.0,0.0,0.0,24
5168,20,6623,0.0,0.0,0.0,0.0,0.0,0.0,24
5169,20,6622,0.0,0.0,0.0,0.0,0.0,0.0,24
5170,20,6621,0.0,0.0,0.0,0.0,0.0,0.0,24
5171,20,6620,0.0,0.0,0.0,0.0,0.0,0.0,24
5172,20,6618,0.0,0.0,0.0,0.0,0.0,0.0,24
5173,20,6617,0.0,0.0,0.0,0.0,0.0,0.0,24
5174,20,6616,0.0,0.0,0.0,0.0,0.0,0.0,24
5175,20,6531,0.0,0.0,0.0,0.0,0.0,0.0,24
5176,20,6547,0.0,0.0,0.0,0.0,0.0,0.0,24
5177,20,6546,0.0,0.0,0.0,0.0,0.0,0.0,24
5178,20,6545,0.0,0.0,0.0,0.0,0.0,0.0,24
5179,20,6543,0.0,0.0,0.0,0.0,0.0,0.0,24
5180,20,6542,0.0,0.0,0.0,0.0,0.0,0.0,24
5181,20,6541,0.0,0.0,0.0,0.0,0.0,0.0,24
5182,20,6540,0.0,0.0,0.0,0.0,0.0,0.0,24
5183,20,6539,0.0,0.0,0.0,0.0,0.0,0.0,24
5184,20,6538,0.0,0.0,0.0,0.0,0.0,0.0,24
5185,20,6537,0.0,0.0,0.0,0.0,0.0,0.0,24
5186,20,6536,0.0,0.0,0.0,0.0,0.0,0.0,24
5187,20,6535,0.0,0.0,0.0,0.0,0.0,0.0,24
5188,20,6534,0.0,0.0,0.0,0.0,0.0,0.0,24
5189,20,6533,0.0,0.0,0.0,0.0,0.0,0.0,24
5190,20,6532,0.0,0.0,0.0,0.0,0.0,0.0,24
5191,20,6548,0.0,0.0,0.0,0.0,0.0,0.0,24
5192,20,6530,0.0,0.0,0.0,0.0,0.0,0.0,24
5193,20,6529,0.0,0.0,0.0,0.0,0.0,0.0,24
5194,20,6528,0.0,0.0,0.0,0.0,0.0,0.0,24
5195,20,6527,0.0,0.0,0.0,0.0,0.0,0.0,24
5196,20,6526,0.0,0.0,0.0,0.0,0.0,0.0,24
5197,20,6525,0.0,0.0,0.0,0.0,0.0,0.0,24
5198,20,6524,0.0,0.0,0.0,0.0,0.0,0.0,24
5199,20,6523,0.0,0.0,0.0,0.0,0.0,0.0,24
5200,20,6522,0.0,0.0,0.0,0.0,0.0,0.0,24
5201,20,6521,0.0,0.0,0.0,0.0,0.0,0.0,24
5202,20,6520,0.0,0.0,0.0,0.0,0.0,0.0,24
5203,20,6518,0.0,0.0,0.0,0.0,0.0,0.0,24
5204,20,6517,0.0,0.0,0.0,0.0,0.0,0.0,24
5205,20,6516,0.0,0.0,0.0,0.0,0.0,0.0,24
5206,20,6563,0.0,0.0,0.0,0.0,0.0,0.0,24
5207,20,6580,0.0,0.0,0.0,0.0,0.0,0.0,24
5208,20,6578,0.0,0.0,0.0,0.0,0.0,0.0,24
5209,20,6577,0.0,0.0,0.0,0.0,0.0,0.0,24
5210,20,6576,0.0,0.0,0.0,0.0,0.0,0.0,24
5211,20,6575,0.0,0.0,0.0,0.0,0.0,0.0,24
5212,20,6573,0.0,0.0,0.0,0.0,0.0,0.0,24
5213,20,6572,0.0,0.0,0.0,0.0,0.0,0.0,24
5214,20,6571,0.0,0.0,0.0,0.0,0.0,0.0,24
5215,20,6570,0.0,0.0,0.0,0.0,0.0,0.0,24
5216,20,6569,0.0,0.0,0.0,0.0,0.0,0.0,24
5217,20,6568,0.0,0.0,0.0,0.0,0.0,0.0,24
5218,20,6567,0.0,0.0,0.0,0.0,0.0,0.0,24
5219,20,6566,0.0,0.0,0.0,0.0,0.0,0.0,24
5220,20,6565,0.0,0.0,0.0,0.0,0.0,0.0,24
5221,20,6564,0.0,0.0,0.0,0.0,0.0,0.0,24
5222,20,6649,0.0,0.0,0.0,0.0,0.0,0.0,24
5223,20,6562,0.0,0.0,0.0,0.0,0.0,0.0,24
5224,20,6561,0.0,0.0,0.0,0.0,0.0,0.0,24
5225,20,6560,0.0,0.0,0.0,0.0,0.0,0.0,24
5226,20,6559,0.0,0.0,0.0,0.0,0.0,0.0,24
5227,20,6558,0.0,0.0,0.0,0.0,0.0,0.0,24
5228,20,6557,0.0,0.0,0.0,0.0,0.0,0.0,24
5229,20,6556,0.0,0.0,0.0,0.0,0.0,0.0,24
5230,20,6555,0.0,0.0,0.0,0.0,0.0,0.0,24
5231,20,6554,0.0,0.0,0.0,0.0,0.0,0.0,24
5232,20,6553,0.0,0.0,0.0,0.0,0.0,0.0,24
5233,20,6552,0.0,0.0,0.0,0.0,0.0,0.0,24
5234,20,6551,0.0,0.0,0.0,0.0,0.0,0.0,24
5235,20,6550,0.0,0.0,0.0,0.0,0.0,0.0,24
5236,20,6549,0.0,0.0,0.0,0.0,0.0,0.0,24
5237,20,6733,0.0,0.0,0.0,0.0,0.0,0.0,24
5238,20,6748,0.0,0.0,0.0,0.0,0.0,0.0,24
5239,20,6747,0.0,0.0,0.0,0.0,0.0,0.0,24
5240,20,6746,0.0,0.0,0.0,0.0,0.0,0.0,24
5241,20,6745,0.0,0.0,0.0,0.0,0.0,0.0,24
5242,20,6744,0.0,0.0,0.0,0.0,0.0,0.0,24
5243,20,6743,0.0,0.0,0.0,0.0,0.0,0.0,24
5244,20,6742,0.0,0.0,0.0,0.0,0.0,0.0,24
5245,20,6741,0.0,0.0,0.0,0.0,0.0,0.0,24
5246,20,6740,0.0,0.0,0.0,0.0,0.0,0.0,24
5247,20,6739,0.0,0.0,0.0,0.0,0.0,0.0,24
5248,20,6738,0.0,0.0,0.0,0.0,0.0,0.0,24
5249,20,6737,0.0,0.0,0.0,0.0,0.0,0.0,24
5250,20,6736,0.0,0.0,0.0,0.0,0.0,0.0,24
5251,20,6735,0.0,0.0,0.0,0.0,0.0,0.0,24
5252,20,6734,0.0,0.0,0.0,0.0,0.0,0.0,24
5253,20,6749,0.0,0.0,0.0,0.0,0.0,0.0,24
5254,20,6732,0.0,0.0,0.0,0.0,0.0,0.0,24
5255,20,6731,0.0,0.0,0.0,0.0,0.0,0.0,24
5256,20,6730,0.0,0.0,0.0,0.0,0.0,0.0,24
5257,20,6729,0.0,0.0,0.0,0.0,0.0,0.0,24
5258,20,6727,0.0,0.0,0.0,0.0,0.0,0.0,24
5259,20,6726,0.0,0.0,0.0,0.0,0.0,0.0,24
5260,20,6725,0.0,0.0,0.0,0.0,0.0,0.0,24
5261,20,6724,0.0,0.0,0.0,0.0,0.0,0.0,24
5262,20,6723,0.0,0.0,0.0,0.0,0.0,0.0,24
5263,20,6722,0.0,0.0,0.0,0.0,0.0,0.0,24
5264,20,6721,0.0,0.0,0.0,0.0,0.0,0.0,24
5265,20,6720,0.0,0.0,0.0,0.0,0.0,0.0,24
5266,20,6719,0.0,0.0,0.0,0.0,0.0,0.0,24
5267,20,6718,0.0,0.0,0.0,0.0,0.0,0.0,24
5268,20,6764,0.0,0.0,0.0,0.0,0.0,0.0,24
5269,20,6779,0.0,0.0,0.0,0.0,0.0,0.0,24
5270,20,6778,0.0,0.0,0.0,0.0,0.0,0.0,24
5271,20,6777,0.0,0.0,0.0,0.0,0.0,0.0,24
5272,20,6776,0.0,0.0,0.0,0.0,0.0,0.0,24
5273,20,6775,0.0,0.0,0.0,0.0,0.0,0.0,24
5274,20,6774,0.0,0.0,0.0,0.0,0.0,0.0,24
5275,20,6773,0.0,0.0,0.0,0.0,0.0,0.0,24
5276,20,6772,0.0,0.0,0.0,0.0,0.0,0.0,24
5277,20,6771,0.0,0.0,0.0,0.0,0.0,0.0,24
5278,20,6770,0.0,0.0,0.0,0.0,0.0,0.0,24
5279,20,6769,0.0,0.0,0.0,0.0,0.0,0.0,24
5280,20,6768,0.0,0.0,0.0,0.0,0.0,0.0,24
5281,20,6767,0.0,0.0,0.0,0.0,0.0,0.0,24
5282,20,6766,0.0,0.0,0.0,0.0,0.0,0.0,24
5283,20,6765,0.0,0.0,0.0,0.0,0.0,0.0,24
5284,20,6717,0.0,0.0,0.0,0.0,0.0,0.0,24
5285,20,6763,0.0,0.0,0.0,0.0,0.0,0.0,24
5286,20,6762,0.0,0.0,0.0,0.0,0.0,0.0,24
5287,20,6761,0.0,0.0,0.0,0.0,0.0,0.0,24
5288,20,6760,0.0,0.0,0.0,0.0,0.0,0.0,24
5289,20,6759,0.0,0.0,0.0,0.0,0.0,0.0,24
5290,20,6758,0.0,0.0,0.0,0.0,0.0,0.0,24
5291,20,6757,0.0,0.0,0.0,0.0,0.0,0.0,24
5292,20,6756,0.0,0.0,0.0,0.0,0.0,0.0,24
5293,20,6755,0.0,0.0,0.0,0.0,0.0,0.0,24
5294,20,6754,0.0,0.0,0.0,0.0,0.0,0.0,24
5295,20,6753,0.0,0.0,0.0,0.0,0.0,0.0,24
5296,20,6752,0.0,0.0,0.0,0.0,0.0,0.0,24
5297,20,6751,0.0,0.0,0.0,0.0,0.0,0.0,24
5298,20,6750,0.0,0.0,0.0,0.0,0.0,0.0,24
5299,20,6665,0.0,0.0,0.0,0.0,0.0,0.0,24
5300,20,6681,0.0,0.0,0.0,0.0,0.0,0.0,24
5301,20,6680,0.0,0.0,0.0,0.0,0.0,0.0,24
5302,20,6679,0.0,0.0,0.0,0.0,0.0,0.0,24
5303,20,6678,0.0,0.0,0.0,0.0,0.0,0.0,24
5304,20,6677,0.0,0.0,0.0,0.0,0.0,0.0,24
5305,20,6676,0.0,0.0,0.0,0.0,0.0,0.0,24
5306,20,6675,0.0,0.0,0.0,0.0,0.0,0.0,24
5307,20,6674,0.0,0.0,0.0,0.0,0.0,0.0,24
5308,20,6673,0.0,0.0,0.0,0.0,0.0,0.0,24
5309,20,6672,0.0,0.0,0.0,0.0,0.0,0.0,24
5310,20,6670,0.0,0.0,0.0,0.0,0.0,0.0,24
5311,20,6669,0.0,0.0,0.0,0.0,0.0,0.0,24
5312,20,6668,0.0,0.0,0.0,0.0,0.0,0.0,24
5313,20,6667,0.0,0.0,0.0,0.0,0.0,0.0,24
5314,20,6666,0.0,0.0,0.0,0.0,0.0,0.0,24
5315,20,6682,0.0,0.0,0.0,0.0,0.0,0.0,24
5316,20,6664,0.0,0.0,0.0,0.0,0.0,0.0,24
5317,20,6663,0.0,0.0,0.0,0.0,0.0,0.0,24
5318,20,6662,0.0,0.0,0.0,0.0,0.0,0.0,24
5319,20,6661,0.0,0.0,0.0,0.0,0.0,0.0,24
5320,20,6660,0.0,0.0,0.0,0.0,0.0,0.0,24
5321,20,6659,0.0,0.0,0.0,0.0,0.0,0.0,24
5322,20,6658,0.0,0.0,0.0,0.0,0.0,0.0,24
5323,20,6657,0.0,0.0,0.0,0.0,0.0,0.0,24
5324,20,6656,0.0,0.0,0.0,0.0,0.0,0.0,24
5325,20,6655,0.0,0.0,0.0,0.0,0.0,0.0,24
5326,20,6654,0.0,0.0,0.0,0.0,0.0,0.0,24
5327,20,6652,0.0,0.0,0.0,0.0,0.0,0.0,24
5328,20,6651,0.0,0.0,0.0,0.0,0.0,0.0,24
5329,20,6650,0.0,0.0,0.0,0.0,0.0,0.0,24
5330,20,6699,0.0,0.0,0.0,0.0,0.0,0.0,24
5331,20,6716,0.0,0.0,0.0,0.0,0.0,0.0,24
5332,20,6714,0.0,0.0,0.0,0.0,0.0,0.0,24
5333,20,6713,0.0,0.0,0.0,0.0,0.0,0.0,24
5334,20,6712,0.0,0.0,0.0,0.0,0.0,0.0,24
5335,20,6711,0.0,0.0,0.0,0.0,0.0,0.0,24
5336,20,6710,0.0,0.0,0.0,0.0,0.0,0.0,24
5337,20,6709,0.0,0.0,0.0,0.0,0.0,0.0,24
5338,20,6708,0.0,0.0,0.0,0.0,0.0,0.0,24
5339,20,6707,0.0,0.0,0.0,0.0,0.0,0.0,24
5340,20,6705,0.0,0.0,0.0,0.0,0.0,0.0,24
5341,20,6704,0.0,0.0,0.0,0.0,0.0,0.0,24
5342,20,6703,0.0,0.0,0.0,0.0,0.0,0.0,24
5343,20,6702,0.0,0.0,0.0,0.0,0.0,0.0,24
5344,20,6701,0.0,0.0,0.0,0.0,0.0,0.0,24
5345,20,6700,0.0,0.0,0.0,0.0,0.0,0.0,24
5346,20,6515,0.0,0.0,0.0,0.0,0.0,0.0,24
5347,20,6698,0.0,0.0,0.0,0.0,0.0,0.0,24
5348,20,6697,0.0,0.0,0.0,0.0,0.0,0.0,24
5349,20,6696,0.0,0.0,0.0,0.0,0.0,0.0,24
5350,20,6695,0.0,0.0,0.0,0.0,0.0,0.0,24
5351,20,6694,0.0,0.0,0.0,0.0,0.0,0.0,24
5352,20,6693,0.0,0.0,0.0,0.0,0.0,0.0,24
5353,20,6692,0.0,0.0,0.0,0.0,0.0,0.0,24
5354,20,6691,0.0,0.0,0.0,0.0,0.0,0.0,24
5355,20,6690,0.0,0.0,0.0,0.0,0.0,0.0,24
5356,20,6688,0.0,0.0,0.0,0.0,0.0,0.0,24
5357,20,6687,0.0,0.0,0.0,0.0,0.0,0.0,24
5358,20,6686,0.0,0.0,0.0,0.0,0.0,0.0,24
5359,20,6684,0.0,0.0,0.0,0.0,0.0,0.0,24
5360,20,6683,0.0,0.0,0.0,0.0,0.0,0.0,24
5361,20,4269,0.0,0.0,0.0,0.0,0.0,0.0,24
5362,20,4253,0.0,0.0,0.0,0.0,0.0,0.0,24
5363,20,4254,0.0,0.0,0.0,0.0,0.0,0.0,24
5364,20,4255,0.0,0.0,0.0,0.0,0.0,0.0,24
5365,20,4256,0.0,0.0,0.0,0.0,0.0,0.0,24
5366,20,4257,0.0,0.0,0.0,0.0,0.0,0.0,24
5367,20,4258,0.0,0.0,0.0,0.0,0.0,0.0,24
5368,20,4259,0.0,0.0,0.0,0.0,0.0,0.0,24
5369,20,4260,0.0,0.0,0.0,0.0,0.0,0.0,24
5370,20,4261,0.0,0.0,0.0,0.0,0.0,0.0,24
5371,20,4263,0.0,0.0,0.0,0.0,0.0,0.0,24
5372,20,4264,0.0,0.0,0.0,0.0,0.0,0.0,24
5373,20,4265,0.0,0.0,0.0,0.0,0.0,0.0,24
5374,20,4266,0.0,0.0,0.0,0.0,0.0,0.0,24
5375,20,4267,0.0,0.0,0.0,0.0,0.0,0.0,24
5376,20,4268,0.0,0.0,0.0,0.0,0.0,0.0,24
5377,20,4252,0.0,0.0,0.0,0.0,0.0,0.0,24
5378,20,4270,0.0,0.0,0.0,0.0,0.0,0.0,24
5379,20,4271,0.0,0.0,0.0,0.0,0.0,0.0,24
5380,20,4272,0.0,0.0,0.0,0.0,0.0,0.0,24
5381,20,4273,0.0,0.0,0.0,0.0,0.0,0.0,24
5382,20,4274,0.0,0.0,0.0,0.0,0.0,0.0,24
5383,20,4275,0.0,0.0,0.0,0.0,0.0,0.0,24
5384,20,4276,0.0,0.0,0.0,0.0,0.0,0.0,24
5385,20,4277,0.0,0.0,0.0,0.0,0.0,0.0,24
5386,20,4278,0.0,0.0,0.0,0.0,0.0,0.0,24
5387,20,4279,0.0,0.0,0.0,0.0,0.0,0.0,24
5388,20,4280,0.0,0.0,0.0,0.0,0.0,0.0,24
5389,20,4281,0.0,0.0,0.0,0.0,0.0,0.0,24
5390,20,4282,0.0,0.0,0.0,0.0,0.0,0.0,24
5391,20,4283,0.0,0.0,0.0,0.0,0.0,0.0,24
5392,20,6367,0.0,0.0,0.0,0.0,0.0,0.0,24
5393,20,6385,0.0,0.0,0.0,0.0,0.0,0.0,24
5394,20,6384,0.0,0.0,0.0,0.0,0.0,0.0,24
5395,20,6383,0.0,0.0,0.0,0.0,0.0,0.0,24
5396,20,6382,0.0,0.0,0.0,0.0,0.0,0.0,24
5397,20,6381,0.0,0.0,0.0,0.0,0.0,0.0,24
5398,20,6380,0.0,0.0,0.0,0.0,0.0,0.0,24
5399,20,6379,0.0,0.0,0.0,0.0,0.0,0.0,24
5400,20,6378,0.0,0.0,0.0,0.0,0.0,0.0,24
5401,20,6377,0.0,0.0,0.0,0.0,0.0,0.0,24
5402,20,6376,0.0,0.0,0.0,0.0,0.0,0.0,24
5403,20,6375,0.0,0.0,0.0,0.0,0.0,0.0,24
5404,20,6374,0.0,0.0,0.0,0.0,0.0,0.0,24
5405,20,6373,0.0,0.0,0.0,0.0,0.0,0.0,24
5406,20,6372,0.0,0.0,0.0,0.0,0.0,0.0,24
5407,20,6368,0.0,0.0,0.0,0.0,0.0,0.0,24
5408,20,4284,0.0,0.0,0.0,0.0,0.0,0.0,24
5409,20,6366,0.0,0.0,0.0,0.0,0.0,0.0,24
5410,20,6365,0.0,0.0,0.0,0.0,0.0,0.0,24
5411,20,6364,0.0,0.0,0.0,0.0,0.0,0.0,24
5412,20,6363,0.0,0.0,0.0,0.0,0.0,0.0,24
5413,20,6362,0.0,0.0,0.0,0.0,0.0,0.0,24
5414,20,5309,0.0,0.0,0.0,0.0,0.0,0.0,24
5415,20,4244,0.0,0.0,0.0,0.0,0.0,0.0,24
5416,20,4245,0.0,0.0,0.0,0.0,0.0,0.0,24
5417,20,4246,0.0,0.0,0.0,0.0,0.0,0.0,24
5418,20,4247,0.0,0.0,0.0,0.0,0.0,0.0,24
5419,20,4248,0.0,0.0,0.0,0.0,0.0,0.0,24
5420,20,4249,0.0,0.0,0.0,0.0,0.0,0.0,24
5421,20,4250,0.0,0.0,0.0,0.0,0.0,0.0,24
5422,20,4251,0.0,0.0,0.0,0.0,0.0,0.0,24
5423,20,4335,0.0,0.0,0.0,0.0,0.0,0.0,24
5424,20,4319,0.0,0.0,0.0,0.0,0.0,0.0,24
5425,20,4320,0.0,0.0,0.0,0.0,0.0,0.0,24
5426,20,4321,0.0,0.0,0.0,0.0,0.0,0.0,24
5427,20,4322,0.0,0.0,0.0,0.0,0.0,0.0,24
5428,20,4323,0.0,0.0,0.0,0.0,0.0,0.0,24
5429,20,4324,0.0,0.0,0.0,0.0,0.0,0.0,24
5430,20,4325,0.0,0.0,0.0,0.0,0.0,0.0,24
5431,20,4327,0.0,0.0,0.0,0.0,0.0,0.0,24
5432,20,4328,0.0,0.0,0.0,0.0,0.0,0.0,24
5433,20,4329,0.0,0.0,0.0,0.0,0.0,0.0,24
5434,20,4330,0.0,0.0,0.0,0.0,0.0,0.0,24
5435,20,4331,0.0,0.0,0.0,0.0,0.0,0.0,24
5436,20,4332,0.0,0.0,0.0,0.0,0.0,0.0,24
5437,20,4333,0.0,0.0,0.0,0.0,0.0,0.0,24
5438,20,4334,0.0,0.0,0.0,0.0,0.0,0.0,24
5439,20,4318,0.0,0.0,0.0,0.0,0.0,0.0,24
5440,20,4336,0.0,0.0,0.0,0.0,0.0,0.0,24
5441,20,4338,0.0,0.0,0.0,0.0,0.0,0.0,24
5442,20,4340,0.0,0.0,0.0,0.0,0.0,0.0,24
5443,20,4341,0.0,0.0,0.0,0.0,0.0,0.0,24
5444,20,4342,0.0,0.0,0.0,0.0,0.0,0.0,24
5445,20,4343,0.0,0.0,0.0,0.0,0.0,0.0,24
5446,20,4344,0.0,0.0,0.0,0.0,0.0,0.0,24
5447,20,4346,0.0,0.0,0.0,0.0,0.0,0.0,24
5448,20,4347,0.0,0.0,0.0,0.0,0.0,0.0,24
5449,20,4348,0.0,0.0,0.0,0.0,0.0,0.0,24
5450,20,4349,0.0,0.0,0.0,0.0,0.0,0.0,24
5451,20,4350,0.0,0.0,0.0,0.0,0.0,0.0,24
5452,20,4351,0.0,0.0,0.0,0.0,0.0,0.0,24
5453,20,4352,0.0,0.0,0.0,0.0,0.0,0.0,24
5454,20,4302,0.0,0.0,0.0,0.0,0.0,0.0,24
5455,20,4285,0.0,0.0,0.0,0.0,0.0,0.0,24
5456,20,4286,0.0,0.0,0.0,0.0,0.0,0.0,24
5457,20,4287,0.0,0.0,0.0,0.0,0.0,0.0,24
5458,20,4290,0.0,0.0,0.0,0.0,0.0,0.0,24
5459,20,4291,0.0,0.0,0.0,0.0,0.0,0.0,24
5460,20,4292,0.0,0.0,0.0,0.0,0.0,0.0,24
5461,20,4293,0.0,0.0,0.0,0.0,0.0,0.0,24
5462,20,4294,0.0,0.0,0.0,0.0,0.0,0.0,24
5463,20,4295,0.0,0.0,0.0,0.0,0.0,0.0,24
5464,20,4296,0.0,0.0,0.0,0.0,0.0,0.0,24
5465,20,4297,0.0,0.0,0.0,0.0,0.0,0.0,24
5466,20,4298,0.0,0.0,0.0,0.0,0.0,0.0,24
5467,20,4299,0.0,0.0,0.0,0.0,0.0,0.0,24
5468,20,4300,0.0,0.0,0.0,0.0,0.0,0.0,24
5469,20,4301,0.0,0.0,0.0,0.0,0.0,0.0,24
5470,20,6386,0.0,0.0,0.0,0.0,0.0,0.0,24
5471,20,4303,0.0,0.0,0.0,0.0,0.0,0.0,24
5472,20,4304,0.0,0.0,0.0,0.0,0.0,0.0,24
5473,20,4305,0.0,0.0,0.0,0.0,0.0,0.0,24
5474,20,4306,0.0,0.0,0.0,0.0,0.0,0.0,24
5475,20,4307,0.0,0.0,0.0,0.0,0.0,0.0,24
5476,20,4308,0.0,0.0,0.0,0.0,0.0,0.0,24
5477,20,4310,0.0,0.0,0.0,0.0,0.0,0.0,24
5478,20,4311,0.0,0.0,0.0,0.0,0.0,0.0,24
5479,20,4312,0.0,0.0,0.0,0.0,0.0,0.0,24
5480,20,4313,0.0,0.0,0.0,0.0,0.0,0.0,24
5481,20,4314,0.0,0.0,0.0,0.0,0.0,0.0,24
5482,20,4315,0.0,0.0,0.0,0.0,0.0,0.0,24
5483,20,4316,0.0,0.0,0.0,0.0,0.0,0.0,24
5484,20,4317,0.0,0.0,0.0,0.0,0.0,0.0,24
5485,20,6467,0.0,0.0,0.0,0.0,0.0,0.0,24
5486,20,6482,0.0,0.0,0.0,0.0,0.0,0.0,24
5487,20,6481,0.0,0.0,0.0,0.0,0.0,0.0,24
5488,20,6480,0.0,0.0,0.0,0.0,0.0,0.0,24
5489,20,6479,0.0,0.0,0.0,0.0,0.0,0.0,24
5490,20,6478,0.0,0.0,0.0,0.0,0.0,0.0,24
5491,20,6477,0.0,0.0,0.0,0.0,0.0,0.0,24
5492,20,6476,0.0,0.0,0.0,0.0,0.0,0.0,24
5493,20,6475,0.0,0.0,0.0,0.0,0.0,0.0,24
5494,20,6474,0.0,0.0,0.0,0.0,0.0,0.0,24
5495,20,6473,0.0,0.0,0.0,0.0,0.0,0.0,24
5496,20,6472,0.0,0.0,0.0,0.0,0.0,0.0,24
5497,20,6471,0.0,0.0,0.0,0.0,0.0,0.0,24
5498,20,6470,0.0,0.0,0.0,0.0,0.0,0.0,24
5499,20,6469,0.0,0.0,0.0,0.0,0.0,0.0,24
5500,20,6468,0.0,0.0,0.0,0.0,0.0,0.0,24
5501,20,6483,0.0,0.0,0.0,0.0,0.0,0.0,24
5502,20,6466,0.0,0.0,0.0,0.0,0.0,0.0,24
5503,20,6465,0.0,0.0,0.0,0.0,0.0,0.0,24
5504,20,6464,0.0,0.0,0.0,0.0,0.0,0.0,24
5505,20,6462,0.0,0.0,0.0,0.0,0.0,0.0,24
5506,20,6461,0.0,0.0,0.0,0.0,0.0,0.0,24
5507,20,6460,0.0,0.0,0.0,0.0,0.0,0.0,24
5508,20,6459,0.0,0.0,0.0,0.0,0.0,0.0,24
5509,20,6458,0.0,0.0,0.0,0.0,0.0,0.0,24
5510,20,6457,0.0,0.0,0.0,0.0,0.0,0.0,24
5511,20,6456,0.0,0.0,0.0,0.0,0.0,0.0,24
5512,20,6455,0.0,0.0,0.0,0.0,0.0,0.0,24
5513,20,6453,0.0,0.0,0.0,0.0,0.0,0.0,24
5514,20,6452,0.0,0.0,0.0,0.0,0.0,0.0,24
5515,20,6451,0.0,0.0,0.0,0.0,0.0,0.0,24
5516,20,6499,0.0,0.0,0.0,0.0,0.0,0.0,24
5517,20,6514,0.0,0.0,0.0,0.0,0.0,0.0,24
5518,20,6513,0.0,0.0,0.0,0.0,0.0,0.0,24
5519,20,6512,0.0,0.0,0.0,0.0,0.0,0.0,24
5520,20,6511,0.0,0.0,0.0,0.0,0.0,0.0,24
5521,20,6510,0.0,0.0,0.0,0.0,0.0,0.0,24
5522,20,6509,0.0,0.0,0.0,0.0,0.0,0.0,24
5523,20,6508,0.0,0.0,0.0,0.0,0.0,0.0,24
5524,20,6507,0.0,0.0,0.0,0.0,0.0,0.0,24
5525,20,6506,0.0,0.0,0.0,0.0,0.0,0.0,24
5526,20,6505,0.0,0.0,0.0,0.0,0.0,0.0,24
5527,20,6504,0.0,0.0,0.0,0.0,0.0,0.0,24
5528,20,6503,0.0,0.0,0.0,0.0,0.0,0.0,24
5529,20,6502,0.0,0.0,0.0,0.0,0.0,0.0,24
5530,20,6501,0.0,0.0,0.0,0.0,0.0,0.0,24
5531,20,6500,0.0,0.0,0.0,0.0,0.0,0.0,24
5532,20,6450,0.0,0.0,0.0,0.0,0.0,0.0,24
5533,20,6498,0.0,0.0,0.0,0.0,0.0,0.0,24
5534,20,6497,0.0,0.0,0.0,0.0,0.0,0.0,24
5535,20,6496,0.0,0.0,0.0,0.0,0.0,0.0,24
5536,20,6495,0.0,0.0,0.0,0.0,0.0,0.0,24
5537,20,6494,0.0,0.0,0.0,0.0,0.0,0.0,24
5538,20,6493,0.0,0.0,0.0,0.0,0.0,0.0,24
5539,20,6491,0.0,0.0,0.0,0.0,0.0,0.0,24
5540,20,6490,0.0,0.0,0.0,0.0,0.0,0.0,24
5541,20,6489,0.0,0.0,0.0,0.0,0.0,0.0,24
5542,20,6488,0.0,0.0,0.0,0.0,0.0,0.0,24
5543,20,6487,0.0,0.0,0.0,0.0,0.0,0.0,24
5544,20,6486,0.0,0.0,0.0,0.0,0.0,0.0,24
5545,20,6485,0.0,0.0,0.0,0.0,0.0,0.0,24
5546,20,6484,0.0,0.0,0.0,0.0,0.0,0.0,24
5547,20,6402,0.0,0.0,0.0,0.0,0.0,0.0,24
5548,20,6418,0.0,0.0,0.0,0.0,0.0,0.0,24
5549,20,6417,0.0,0.0,0.0,0.0,0.0,0.0,24
5550,20,6416,0.0,0.0,0.0,0.0,0.0,0.0,24
5551,20,6415,0.0,0.0,0.0,0.0,0.0,0.0,24
5552,20,6414,0.0,0.0,0.0,0.0,0.0,0.0,24
5553,20,6413,0.0,0.0,0.0,0.0,0.0,0.0,24
5554,20,6412,0.0,0.0,0.0,0.0,0.0,0.0,24
5555,20,6411,0.0,0.0,0.0,0.0,0.0,0.0,24
5556,20,6410,0.0,0.0,0.0,0.0,0.0,0.0,24
5557,20,6408,0.0,0.0,0.0,0.0,0.0,0.0,24
5558,20,6407,0.0,0.0,0.0,0.0,0.0,0.0,24
5559,20,6406,0.0,0.0,0.0,0.0,0.0,0.0,24
5560,20,6405,0.0,0.0,0.0,0.0,0.0,0.0,24
5561,20,6404,0.0,0.0,0.0,0.0,0.0,0.0,24
5562,20,6403,0.0,0.0,0.0,0.0,0.0,0.0,24
5563,20,6419,0.0,0.0,0.0,0.0,0.0,0.0,24
5564,20,6401,0.0,0.0,0.0,0.0,0.0,0.0,24
5565,20,6400,0.0,0.0,0.0,0.0,0.0,0.0,24
5566,20,6399,0.0,0.0,0.0,0.0,0.0,0.0,24
5567,20,6398,0.0,0.0,0.0,0.0,0.0,0.0,24
5568,20,6397,0.0,0.0,0.0,0.0,0.0,0.0,24
5569,20,6396,0.0,0.0,0.0,0.0,0.0,0.0,24
5570,20,6395,0.0,0.0,0.0,0.0,0.0,0.0,24
5571,20,6394,0.0,0.0,0.0,0.0,0.0,0.0,24
5572,20,6393,0.0,0.0,0.0,0.0,0.0,0.0,24
5573,20,6392,0.0,0.0,0.0,0.0,0.0,0.0,24
5574,20,6390,0.0,0.0,0.0,0.0,0.0,0.0,24
5575,20,6389,0.0,0.0,0.0,0.0,0.0,0.0,24
5576,20,6388,0.0,0.0,0.0,0.0,0.0,0.0,24
5577,20,6387,0.0,0.0,0.0,0.0,0.0,0.0,24
5578,20,6435,0.0,0.0,0.0,0.0,0.0,0.0,24
5579,20,6449,0.0,0.0,0.0,0.0,0.0,0.0,24
5580,20,6448,0.0,0.0,0.0,0.0,0.0,0.0,24
5581,20,6447,0.0,0.0,0.0,0.0,0.0,0.0,24
5582,20,6446,0.0,0.0,0.0,0.0,0.0,0.0,24
5583,20,6445,0.0,0.0,0.0,0.0,0.0,0.0,24
5584,20,6444,0.0,0.0,0.0,0.0,0.0,0.0,24
5585,20,6443,0.0,0.0,0.0,0.0,0.0,0.0,24
5586,20,6442,0.0,0.0,0.0,0.0,0.0,0.0,24
5587,20,6441,0.0,0.0,0.0,0.0,0.0,0.0,24
5588,20,6440,0.0,0.0,0.0,0.0,0.0,0.0,24
5589,20,6439,0.0,0.0,0.0,0.0,0.0,0.0,24
5590,20,6438,0.0,0.0,0.0,0.0,0.0,0.0,24
5591,20,6437,0.0,0.0,0.0,0.0,0.0,0.0,24
5592,20,6436,0.0,0.0,0.0,0.0,0.0,0.0,24
5593,20,4890,0.0,0.0,0.0,0.0,0.0,0.0,24
5594,20,6434,0.0,0.0,0.0,0.0,0.0,0.0,24
5595,20,6433,0.0,0.0,0.0,0.0,0.0,0.0,24
5596,20,6432,0.0,0.0,0.0,0.0,0.0,0.0,24
5597,20,6431,0.0,0.0,0.0,0.0,0.0,0.0,24
5598,20,6430,0.0,0.0,0.0,0.0,0.0,0.0,24
5599,20,6429,0.0,0.0,0.0,0.0,0.0,0.0,24
5600,20,6428,0.0,0.0,0.0,0.0,0.0,0.0,24
5601,20,6427,0.0,0.0,0.0,0.0,0.0,0.0,24
5602,20,6426,0.0,0.0,0.0,0.0,0.0,0.0,24
5603,20,6425,0.0,0.0,0.0,0.0,0.0,0.0,24
5604,20,6424,0.0,0.0,0.0,0.0,0.0,0.0,24
5605,20,6423,0.0,0.0,0.0,0.0,0.0,0.0,24
5606,20,6422,0.0,0.0,0.0,0.0,0.0,0.0,24
5607,20,6421,0.0,0.0,0.0,0.0,0.0,0.0,24
5608,20,6063,0.0,0.0,0.0,0.0,0.0,0.0,24
5609,20,6079,0.0,0.0,0.0,0.0,0.0,0.0,24
5610,20,6078,0.0,0.0,0.0,0.0,0.0,0.0,24
5611,20,6077,0.0,0.0,0.0,0.0,0.0,0.0,24
5612,20,6076,0.0,0.0,0.0,0.0,0.0,0.0,24
5613,20,6075,0.0,0.0,0.0,0.0,0.0,0.0,24
5614,20,6074,0.0,0.0,0.0,0.0,0.0,0.0,24
5615,20,6073,0.0,0.0,0.0,0.0,0.0,0.0,24
5616,20,6072,0.0,0.0,0.0,0.0,0.0,0.0,24
5617,20,6071,0.0,0.0,0.0,0.0,0.0,0.0,24
5618,20,6070,0.0,0.0,0.0,0.0,0.0,0.0,24
5619,20,6069,0.0,0.0,0.0,0.0,0.0,0.0,24
5620,20,6068,0.0,0.0,0.0,0.0,0.0,0.0,24
5621,20,6067,0.0,0.0,0.0,0.0,0.0,0.0,24
5622,20,6066,0.0,0.0,0.0,0.0,0.0,0.0,24
5623,20,6065,0.0,0.0,0.0,0.0,0.0,0.0,24
5624,20,6080,0.0,0.0,0.0,0.0,0.0,0.0,24
5625,20,6062,0.0,0.0,0.0,0.0,0.0,0.0,24
5626,20,6061,0.0,0.0,0.0,0.0,0.0,0.0,24
5627,20,6060,0.0,0.0,0.0,0.0,0.0,0.0,24
5628,20,6059,0.0,0.0,0.0,0.0,0.0,0.0,24
5629,20,6058,0.0,0.0,0.0,0.0,0.0,0.0,24
5630,20,6057,0.0,0.0,0.0,0.0,0.0,0.0,24
5631,20,6056,0.0,0.0,0.0,0.0,0.0,0.0,24
5632,20,6054,0.0,0.0,0.0,0.0,0.0,0.0,24
5633,20,6053,0.0,0.0,0.0,0.0,0.0,0.0,24
5634,20,6052,0.0,0.0,0.0,0.0,0.0,0.0,24
5635,20,6050,0.0,0.0,0.0,0.0,0.0,0.0,24
5636,20,6048,0.0,0.0,0.0,0.0,0.0,0.0,24
5637,20,6047,0.0,0.0,0.0,0.0,0.0,0.0,24
5638,20,6046,0.0,0.0,0.0,0.0,0.0,0.0,24
5639,20,6096,0.0,0.0,0.0,0.0,0.0,0.0,24
5640,20,6112,0.0,0.0,0.0,0.0,0.0,0.0,24
5641,20,6111,0.0,0.0,0.0,0.0,0.0,0.0,24
5642,20,6109,0.0,0.0,0.0,0.0,0.0,0.0,24
5643,20,6108,0.0,0.0,0.0,0.0,0.0,0.0,24
5644,20,6107,0.0,0.0,0.0,0.0,0.0,0.0,24
5645,20,6106,0.0,0.0,0.0,0.0,0.0,0.0,24
5646,20,6105,0.0,0.0,0.0,0.0,0.0,0.0,24
5647,20,6104,0.0,0.0,0.0,0.0,0.0,0.0,24
5648,20,6103,0.0,0.0,0.0,0.0,0.0,0.0,24
5649,20,6102,0.0,0.0,0.0,0.0,0.0,0.0,24
5650,20,6101,0.0,0.0,0.0,0.0,0.0,0.0,24
5651,20,6100,0.0,0.0,0.0,0.0,0.0,0.0,24
5652,20,6099,0.0,0.0,0.0,0.0,0.0,0.0,24
5653,20,6098,0.0,0.0,0.0,0.0,0.0,0.0,24
5654,20,6097,0.0,0.0,0.0,0.0,0.0,0.0,24
5655,20,6045,0.0,0.0,0.0,0.0,0.0,0.0,24
5656,20,6095,0.0,0.0,0.0,0.0,0.0,0.0,24
5657,20,6094,0.0,0.0,0.0,0.0,0.0,0.0,24
5658,20,6093,0.0,0.0,0.0,0.0,0.0,0.0,24
5659,20,6092,0.0,0.0,0.0,0.0,0.0,0.0,24
5660,20,6091,0.0,0.0,0.0,0.0,0.0,0.0,24
5661,20,6090,0.0,0.0,0.0,0.0,0.0,0.0,24
5662,20,6089,0.0,0.0,0.0,0.0,0.0,0.0,24
5663,20,6088,0.0,0.0,0.0,0.0,0.0,0.0,24
5664,20,6087,0.0,0.0,0.0,0.0,0.0,0.0,24
5665,20,6086,0.0,0.0,0.0,0.0,0.0,0.0,24
5666,20,6085,0.0,0.0,0.0,0.0,0.0,0.0,24
5667,20,6084,0.0,0.0,0.0,0.0,0.0,0.0,24
5668,20,6083,0.0,0.0,0.0,0.0,0.0,0.0,24
5669,20,6081,0.0,0.0,0.0,0.0,0.0,0.0,24
5670,20,5994,0.0,0.0,0.0,0.0,0.0,0.0,24
5671,20,6011,0.0,0.0,0.0,0.0,0.0,0.0,24
5672,20,6010,0.0,0.0,0.0,0.0,0.0,0.0,24
5673,20,6009,0.0,0.0,0.0,0.0,0.0,0.0,24
5674,20,6008,0.0,0.0,0.0,0.0,0.0,0.0,24
5675,20,6007,0.0,0.0,0.0,0.0,0.0,0.0,24
5676,20,6006,0.0,0.0,0.0,0.0,0.0,0.0,24
5677,20,6005,0.0,0.0,0.0,0.0,0.0,0.0,24
5678,20,6004,0.0,0.0,0.0,0.0,0.0,0.0,24
5679,20,6003,0.0,0.0,0.0,0.0,0.0,0.0,24
5680,20,6002,0.0,0.0,0.0,0.0,0.0,0.0,24
5681,20,6000,0.0,0.0,0.0,0.0,0.0,0.0,24
5682,20,5998,0.0,0.0,0.0,0.0,0.0,0.0,24
5683,20,5997,0.0,0.0,0.0,0.0,0.0,0.0,24
5684,20,5996,0.0,0.0,0.0,0.0,0.0,0.0,24
5685,20,5995,0.0,0.0,0.0,0.0,0.0,0.0,24
5686,20,6012,0.0,0.0,0.0,0.0,0.0,0.0,24
5687,20,5993,0.0,0.0,0.0,0.0,0.0,0.0,24
5688,20,5992,0.0,0.0,0.0,0.0,0.0,0.0,24
5689,20,5991,0.0,0.0,0.0,0.0,0.0,0.0,24
5690,20,5989,0.0,0.0,0.0,0.0,0.0,0.0,24
5691,20,5988,0.0,0.0,0.0,0.0,0.0,0.0,24
5692,20,5986,0.0,0.0,0.0,0.0,0.0,0.0,24
5693,20,5985,0.0,0.0,0.0,0.0,0.0,0.0,24
5694,20,5984,0.0,0.0,0.0,0.0,0.0,0.0,24
5695,20,5983,0.0,0.0,0.0,0.0,0.0,0.0,24
5696,20,5982,0.0,0.0,0.0,0.0,0.0,0.0,24
5697,20,5981,0.0,0.0,0.0,0.0,0.0,0.0,24
5698,20,5980,0.0,0.0,0.0,0.0,0.0,0.0,24
5699,20,5979,0.0,0.0,0.0,0.0,0.0,0.0,24
5700,20,5978,0.0,0.0,0.0,0.0,0.0,0.0,24
5701,20,6027,0.0,0.0,0.0,0.0,0.0,0.0,24
5702,20,6044,0.0,0.0,0.0,0.0,0.0,0.0,24
5703,20,6043,0.0,0.0,0.0,0.0,0.0,0.0,24
5704,20,6042,0.0,0.0,0.0,0.0,0.0,0.0,24
5705,20,6041,0.0,0.0,0.0,0.0,0.0,0.0,24
5706,20,6040,0.0,0.0,0.0,0.0,0.0,0.0,24
5707,20,6038,0.0,0.0,0.0,0.0,0.0,0.0,24
5708,20,6037,0.0,0.0,0.0,0.0,0.0,0.0,24
5709,20,6036,0.0,0.0,0.0,0.0,0.0,0.0,24
5710,20,6035,0.0,0.0,0.0,0.0,0.0,0.0,24
5711,20,6034,0.0,0.0,0.0,0.0,0.0,0.0,24
5712,20,6033,0.0,0.0,0.0,0.0,0.0,0.0,24
5713,20,6031,0.0,0.0,0.0,0.0,0.0,0.0,24
5714,20,6030,0.0,0.0,0.0,0.0,0.0,0.0,24
5715,20,6029,0.0,0.0,0.0,0.0,0.0,0.0,24
5716,20,6028,0.0,0.0,0.0,0.0,0.0,0.0,24
5717,20,6113,0.0,0.0,0.0,0.0,0.0,0.0,24
5718,20,6026,0.0,0.0,0.0,0.0,0.0,0.0,24
5719,20,6025,0.0,0.0,0.0,0.0,0.0,0.0,24
5720,20,6024,0.0,0.0,0.0,0.0,0.0,0.0,24
5721,20,6023,0.0,0.0,0.0,0.0,0.0,0.0,24
5722,20,6022,0.0,0.0,0.0,0.0,0.0,0.0,24
5723,20,6021,0.0,0.0,0.0,0.0,0.0,0.0,24
5724,20,6020,0.0,0.0,0.0,0.0,0.0,0.0,24
5725,20,6019,0.0,0.0,0.0,0.0,0.0,0.0,24
5726,20,6018,0.0,0.0,0.0,0.0,0.0,0.0,24
5727,20,6017,0.0,0.0,0.0,0.0,0.0,0.0,24
5728,20,6016,0.0,0.0,0.0,0.0,0.0,0.0,24
5729,20,6015,0.0,0.0,0.0,0.0,0.0,0.0,24
5730,20,6014,0.0,0.0,0.0,0.0,0.0,0.0,24
5731,20,6013,0.0,0.0,0.0,0.0,0.0,0.0,24
5732,20,6198,0.0,0.0,0.0,0.0,0.0,0.0,24
5733,20,6215,0.0,0.0,0.0,0.0,0.0,0.0,24
5734,20,6214,0.0,0.0,0.0,0.0,0.0,0.0,24
5735,20,6213,0.0,0.0,0.0,0.0,0.0,0.0,24
5736,20,6212,0.0,0.0,0.0,0.0,0.0,0.0,24
5737,20,6211,0.0,0.0,0.0,0.0,0.0,0.0,24
5738,20,6209,0.0,0.0,0.0,0.0,0.0,0.0,24
5739,20,6208,0.0,0.0,0.0,0.0,0.0,0.0,24
5740,20,6207,0.0,0.0,0.0,0.0,0.0,0.0,24
5741,20,6206,0.0,0.0,0.0,0.0,0.0,0.0,24
5742,20,6205,0.0,0.0,0.0,0.0,0.0,0.0,24
5743,20,6203,0.0,0.0,0.0,0.0,0.0,0.0,24
5744,20,6202,0.0,0.0,0.0,0.0,0.0,0.0,24
5745,20,6201,0.0,0.0,0.0,0.0,0.0,0.0,24
5746,20,6200,0.0,0.0,0.0,0.0,0.0,0.0,24
5747,20,6199,0.0,0.0,0.0,0.0,0.0,0.0,24
5748,20,6216,0.0,0.0,0.0,0.0,0.0,0.0,24
5749,20,6197,0.0,0.0,0.0,0.0,0.0,0.0,24
5750,20,6196,0.0,0.0,0.0,0.0,0.0,0.0,24
5751,20,6195,0.0,0.0,0.0,0.0,0.0,0.0,24
5752,20,6194,0.0,0.0,0.0,0.0,0.0,0.0,24
5753,20,6193,0.0,0.0,0.0,0.0,0.0,0.0,24
5754,20,6191,0.0,0.0,0.0,0.0,0.0,0.0,24
5755,20,6190,0.0,0.0,0.0,0.0,0.0,0.0,24
5756,20,6189,0.0,0.0,0.0,0.0,0.0,0.0,24
5757,20,6188,0.0,0.0,0.0,0.0,0.0,0.0,24
5758,20,6186,0.0,0.0,0.0,0.0,0.0,0.0,24
5759,20,6185,0.0,0.0,0.0,0.0,0.0,0.0,24
5760,20,6184,0.0,0.0,0.0,0.0,0.0,0.0,24
5761,20,6183,0.0,0.0,0.0,0.0,0.0,0.0,24
5762,20,6182,0.0,0.0,0.0,0.0,0.0,0.0,24
5763,20,6232,0.0,0.0,0.0,0.0,0.0,0.0,24
5764,20,6247,0.0,0.0,0.0,0.0,0.0,0.0,24
5765,20,6246,0.0,0.0,0.0,0.0,0.0,0.0,24
5766,20,6245,0.0,0.0,0.0,0.0,0.0,0.0,24
5767,20,6244,0.0,0.0,0.0,0.0,0.0,0.0,24
5768,20,6243,0.0,0.0,0.0,0.0,0.0,0.0,24
5769,20,6242,0.0,0.0,0.0,0.0,0.0,0.0,24
5770,20,6241,0.0,0.0,0.0,0.0,0.0,0.0,24
5771,20,6240,0.0,0.0,0.0,0.0,0.0,0.0,24
5772,20,6239,0.0,0.0,0.0,0.0,0.0,0.0,24
5773,20,6238,0.0,0.0,0.0,0.0,0.0,0.0,24
5774,20,6237,0.0,0.0,0.0,0.0,0.0,0.0,24
5775,20,6236,0.0,0.0,0.0,0.0,0.0,0.0,24
5776,20,6235,0.0,0.0,0.0,0.0,0.0,0.0,24
5777,20,6234,0.0,0.0,0.0,0.0,0.0,0.0,24
5778,20,6233,0.0,0.0,0.0,0.0,0.0,0.0,24
5779,20,6181,0.0,0.0,0.0,0.0,0.0,0.0,24
5780,20,6231,0.0,0.0,0.0,0.0,0.0,0.0,24
5781,20,6230,0.0,0.0,0.0,0.0,0.0,0.0,24
5782,20,6229,0.0,0.0,0.0,0.0,0.0,0.0,24
5783,20,6228,0.0,0.0,0.0,0.0,0.0,0.0,24
5784,20,6227,0.0,0.0,0.0,0.0,0.0,0.0,24
5785,20,6226,0.0,0.0,0.0,0.0,0.0,0.0,24
5786,20,6225,0.0,0.0,0.0,0.0,0.0,0.0,24
5787,20,6224,0.0,0.0,0.0,0.0,0.0,0.0,24
5788,20,6222,0.0,0.0,0.0,0.0,0.0,0.0,24
5789,20,6221,0.0,0.0,0.0,0.0,0.0,0.0,24
5790,20,6220,0.0,0.0,0.0,0.0,0.0,0.0,24
5791,20,6219,0.0,0.0,0.0,0.0,0.0,0.0,24
5792,20,6218,0.0,0.0,0.0,0.0,0.0,0.0,24
5793,20,6217,0.0,0.0,0.0,0.0,0.0,0.0,24
5794,20,6130,0.0,0.0,0.0,0.0,0.0,0.0,24
5795,20,6146,0.0,0.0,0.0,0.0,0.0,0.0,24
5796,20,6145,0.0,0.0,0.0,0.0,0.0,0.0,24
5797,20,6144,0.0,0.0,0.0,0.0,0.0,0.0,24
5798,20,6143,0.0,0.0,0.0,0.0,0.0,0.0,24
5799,20,6142,0.0,0.0,0.0,0.0,0.0,0.0,24
5800,20,6141,0.0,0.0,0.0,0.0,0.0,0.0,24
5801,20,6140,0.0,0.0,0.0,0.0,0.0,0.0,24
5802,20,6139,0.0,0.0,0.0,0.0,0.0,0.0,24
5803,20,6138,0.0,0.0,0.0,0.0,0.0,0.0,24
5804,20,6137,0.0,0.0,0.0,0.0,0.0,0.0,24
5805,20,6136,0.0,0.0,0.0,0.0,0.0,0.0,24
5806,20,6135,0.0,0.0,0.0,0.0,0.0,0.0,24
5807,20,6134,0.0,0.0,0.0,0.0,0.0,0.0,24
5808,20,6133,0.0,0.0,0.0,0.0,0.0,0.0,24
5809,20,6132,0.0,0.0,0.0,0.0,0.0,0.0,24
5810,20,6147,0.0,0.0,0.0,0.0,0.0,0.0,24
5811,20,6129,0.0,0.0,0.0,0.0,0.0,0.0,24
5812,20,6128,0.0,0.0,0.0,0.0,0.0,0.0,24
5813,20,6127,0.0,0.0,0.0,0.0,0.0,0.0,24
5814,20,6126,0.0,0.0,0.0,0.0,0.0,0.0,24
5815,20,6125,0.0,0.0,0.0,0.0,0.0,0.0,24
5816,20,6122,0.0,0.0,0.0,0.0,0.0,0.0,24
5817,20,6121,0.0,0.0,0.0,0.0,0.0,0.0,24
5818,20,6120,0.0,0.0,0.0,0.0,0.0,0.0,24
5819,20,6119,0.0,0.0,0.0,0.0,0.0,0.0,24
5820,20,6118,0.0,0.0,0.0,0.0,0.0,0.0,24
5821,20,6117,0.0,0.0,0.0,0.0,0.0,0.0,24
5822,20,6116,0.0,0.0,0.0,0.0,0.0,0.0,24
5823,20,6115,0.0,0.0,0.0,0.0,0.0,0.0,24
5824,20,6114,0.0,0.0,0.0,0.0,0.0,0.0,24
5825,20,6164,0.0,0.0,0.0,0.0,0.0,0.0,24
5826,20,6180,0.0,0.0,0.0,0.0,0.0,0.0,24
5827,20,6179,0.0,0.0,0.0,0.0,0.0,0.0,24
5828,20,6178,0.0,0.0,0.0,0.0,0.0,0.0,24
5829,20,6177,0.0,0.0,0.0,0.0,0.0,0.0,24
5830,20,6176,0.0,0.0,0.0,0.0,0.0,0.0,24
5831,20,6175,0.0,0.0,0.0,0.0,0.0,0.0,24
5832,20,6174,0.0,0.0,0.0,0.0,0.0,0.0,24
5833,20,6173,0.0,0.0,0.0,0.0,0.0,0.0,24
5834,20,6172,0.0,0.0,0.0,0.0,0.0,0.0,24
5835,20,6171,0.0,0.0,0.0,0.0,0.0,0.0,24
5836,20,6170,0.0,0.0,0.0,0.0,0.0,0.0,24
5837,20,6168,0.0,0.0,0.0,0.0,0.0,0.0,24
5838,20,6167,0.0,0.0,0.0,0.0,0.0,0.0,24
5839,20,6166,0.0,0.0,0.0,0.0,0.0,0.0,24
5840,20,6165,0.0,0.0,0.0,0.0,0.0,0.0,24
5841,20,5977,0.0,0.0,0.0,0.0,0.0,0.0,24
5842,20,6163,0.0,0.0,0.0,0.0,0.0,0.0,24
5843,20,6162,0.0,0.0,0.0,0.0,0.0,0.0,24
5844,20,6160,0.0,0.0,0.0,0.0,0.0,0.0,24
5845,20,6159,0.0,0.0,0.0,0.0,0.0,0.0,24
5846,20,6158,0.0,0.0,0.0,0.0,0.0,0.0,24
5847,20,6157,0.0,0.0,0.0,0.0,0.0,0.0,24
5848,20,6156,0.0,0.0,0.0,0.0,0.0,0.0,24
5849,20,6155,0.0,0.0,0.0,0.0,0.0,0.0,24
5850,20,6154,0.0,0.0,0.0,0.0,0.0,0.0,24
5851,20,6153,0.0,0.0,0.0,0.0,0.0,0.0,24
5852,20,6151,0.0,0.0,0.0,0.0,0.0,0.0,24
5853,20,6150,0.0,0.0,0.0,0.0,0.0,0.0,24
5854,20,6149,0.0,0.0,0.0,0.0,0.0,0.0,24
5855,20,6148,0.0,0.0,0.0,0.0,0.0,0.0,24
5856,20,5473,0.0,0.0,0.0,0.0,0.0,0.0,24
5857,20,5458,0.0,0.0,0.0,0.0,0.0,0.0,24
5858,20,5459,0.0,0.0,0.0,0.0,0.0,0.0,24
5859,20,5460,0.0,0.0,0.0,0.0,0.0,0.0,24
5860,20,5461,0.0,0.0,0.0,0.0,0.0,0.0,24
5861,20,5462,0.0,0.0,0.0,0.0,0.0,0.0,24
5862,20,5463,0.0,0.0,0.0,0.0,0.0,0.0,24
5863,20,5464,0.0,0.0,0.0,0.0,0.0,0.0,24
5864,20,5465,0.0,0.0,0.0,0.0,0.0,0.0,24
5865,20,5466,0.0,0.0,0.0,0.0,0.0,0.0,24
5866,20,5467,0.0,0.0,0.0,0.0,0.0,0.0,24
5867,20,5468,0.0,0.0,0.0,0.0,0.0,0.0,24
5868,20,5469,0.0,0.0,0.0,0.0,0.0,0.0,24
5869,20,5470,0.0,0.0,0.0,0.0,0.0,0.0,24
5870,20,5471,0.0,0.0,0.0,0.0,0.0,0.0,24
5871,20,5472,0.0,0.0,0.0,0.0,0.0,0.0,24
5872,20,5456,0.0,0.0,0.0,0.0,0.0,0.0,24
5873,20,5474,0.0,0.0,0.0,0.0,0.0,0.0,24
5874,20,5475,0.0,0.0,0.0,0.0,0.0,0.0,24
5875,20,5476,0.0,0.0,0.0,0.0,0.0,0.0,24
5876,20,5477,0.0,0.0,0.0,0.0,0.0,0.0,24
5877,20,5478,0.0,0.0,0.0,0.0,0.0,0.0,24
5878,20,5479,0.0,0.0,0.0,0.0,0.0,0.0,24
5879,20,5481,0.0,0.0,0.0,0.0,0.0,0.0,24
5880,20,5482,0.0,0.0,0.0,0.0,0.0,0.0,24
5881,20,5483,0.0,0.0,0.0,0.0,0.0,0.0,24
5882,20,5484,0.0,0.0,0.0,0.0,0.0,0.0,24
5883,20,5485,0.0,0.0,0.0,0.0,0.0,0.0,24
5884,20,5486,0.0,0.0,0.0,0.0,0.0,0.0,24
5885,20,5487,0.0,0.0,0.0,0.0,0.0,0.0,24
5886,20,5488,0.0,0.0,0.0,0.0,0.0,0.0,24
5887,20,5505,0.0,0.0,0.0,0.0,0.0,0.0,24
5888,20,5841,0.0,0.0,0.0,0.0,0.0,0.0,24
5889,20,5840,0.0,0.0,0.0,0.0,0.0,0.0,24
5890,20,5838,0.0,0.0,0.0,0.0,0.0,0.0,24
5891,20,5837,0.0,0.0,0.0,0.0,0.0,0.0,24
5892,20,5836,0.0,0.0,0.0,0.0,0.0,0.0,24
5893,20,5835,0.0,0.0,0.0,0.0,0.0,0.0,24
5894,20,5834,0.0,0.0,0.0,0.0,0.0,0.0,24
5895,20,5833,0.0,0.0,0.0,0.0,0.0,0.0,24
5896,20,5832,0.0,0.0,0.0,0.0,0.0,0.0,24
5897,20,5831,0.0,0.0,0.0,0.0,0.0,0.0,24
5898,20,5830,0.0,0.0,0.0,0.0,0.0,0.0,24
5899,20,5829,0.0,0.0,0.0,0.0,0.0,0.0,24
5900,20,5828,0.0,0.0,0.0,0.0,0.0,0.0,24
5901,20,5826,0.0,0.0,0.0,0.0,0.0,0.0,24
5902,20,5825,0.0,0.0,0.0,0.0,0.0,0.0,24
5903,20,5489,0.0,0.0,0.0,0.0,0.0,0.0,24
5904,20,5442,0.0,0.0,0.0,0.0,0.0,0.0,24
5905,20,5443,0.0,0.0,0.0,0.0,0.0,0.0,24
5906,20,5444,0.0,0.0,0.0,0.0,0.0,0.0,24
5907,20,5445,0.0,0.0,0.0,0.0,0.0,0.0,24
5908,20,5446,0.0,0.0,0.0,0.0,0.0,0.0,24
5909,20,5447,0.0,0.0,0.0,0.0,0.0,0.0,24
5910,20,5448,0.0,0.0,0.0,0.0,0.0,0.0,24
5911,20,5449,0.0,0.0,0.0,0.0,0.0,0.0,24
5912,20,5450,0.0,0.0,0.0,0.0,0.0,0.0,24
5913,20,5451,0.0,0.0,0.0,0.0,0.0,0.0,24
5914,20,5452,0.0,0.0,0.0,0.0,0.0,0.0,24
5915,20,5453,0.0,0.0,0.0,0.0,0.0,0.0,24
5916,20,5454,0.0,0.0,0.0,0.0,0.0,0.0,24
5917,20,5455,0.0,0.0,0.0,0.0,0.0,0.0,24
5918,20,5513,0.0,0.0,0.0,0.0,0.0,0.0,24
5919,20,5551,0.0,0.0,0.0,0.0,0.0,0.0,24
5920,20,5550,0.0,0.0,0.0,0.0,0.0,0.0,24
5921,20,5549,0.0,0.0,0.0,0.0,0.0,0.0,24
5922,20,5548,0.0,0.0,0.0,0.0,0.0,0.0,24
5923,20,5547,0.0,0.0,0.0,0.0,0.0,0.0,24
5924,20,5546,0.0,0.0,0.0,0.0,0.0,0.0,24
5925,20,5545,0.0,0.0,0.0,0.0,0.0,0.0,24
5926,20,5544,0.0,0.0,0.0,0.0,0.0,0.0,24
5927,20,5543,0.0,0.0,0.0,0.0,0.0,0.0,24
5928,20,5542,0.0,0.0,0.0,0.0,0.0,0.0,24
5929,20,5541,0.0,0.0,0.0,0.0,0.0,0.0,24
5930,20,5540,0.0,0.0,0.0,0.0,0.0,0.0,24
5931,20,5539,0.0,0.0,0.0,0.0,0.0,0.0,24
5932,20,5538,0.0,0.0,0.0,0.0,0.0,0.0,24
5933,20,5537,0.0,0.0,0.0,0.0,0.0,0.0,24
5934,20,5552,0.0,0.0,0.0,0.0,0.0,0.0,24
5935,20,5520,0.0,0.0,0.0,0.0,0.0,0.0,24
5936,20,5519,0.0,0.0,0.0,0.0,0.0,0.0,24
5937,20,5518,0.0,0.0,0.0,0.0,0.0,0.0,24
5938,20,5517,0.0,0.0,0.0,0.0,0.0,0.0,24
5939,20,5516,0.0,0.0,0.0,0.0,0.0,0.0,24
5940,20,5515,0.0,0.0,0.0,0.0,0.0,0.0,24
5941,20,5514,0.0,0.0,0.0,0.0,0.0,0.0,24
5942,20,5509,0.0,0.0,0.0,0.0,0.0,0.0,24
5943,20,5506,0.0,0.0,0.0,0.0,0.0,0.0,24
5944,20,5507,0.0,0.0,0.0,0.0,0.0,0.0,24
5945,20,5508,0.0,0.0,0.0,0.0,0.0,0.0,24
5946,20,5511,0.0,0.0,0.0,0.0,0.0,0.0,24
5947,20,5512,0.0,0.0,0.0,0.0,0.0,0.0,24
5948,20,8192,0.0,0.0,0.0,0.0,0.0,0.0,24
5949,20,5536,0.0,0.0,0.0,0.0,0.0,0.0,24
5950,20,5490,0.0,0.0,0.0,0.0,0.0,0.0,24
5951,20,5491,0.0,0.0,0.0,0.0,0.0,0.0,24
5952,20,5492,0.0,0.0,0.0,0.0,0.0,0.0,24
5953,20,5493,0.0,0.0,0.0,0.0,0.0,0.0,24
5954,20,5494,0.0,0.0,0.0,0.0,0.0,0.0,24
5955,20,5495,0.0,0.0,0.0,0.0,0.0,0.0,24
5956,20,5496,0.0,0.0,0.0,0.0,0.0,0.0,24
5957,20,5497,0.0,0.0,0.0,0.0,0.0,0.0,24
5958,20,5498,0.0,0.0,0.0,0.0,0.0,0.0,24
5959,20,5499,0.0,0.0,0.0,0.0,0.0,0.0,24
5960,20,5500,0.0,0.0,0.0,0.0,0.0,0.0,24
5961,20,5501,0.0,0.0,0.0,0.0,0.0,0.0,24
5962,20,5502,0.0,0.0,0.0,0.0,0.0,0.0,24
5963,20,5503,0.0,0.0,0.0,0.0,0.0,0.0,24
5964,20,5504,0.0,0.0,0.0,0.0,0.0,0.0,24
5965,20,5843,0.0,0.0,0.0,0.0,0.0,0.0,24
5966,20,5567,0.0,0.0,0.0,0.0,0.0,0.0,24
5967,20,5566,0.0,0.0,0.0,0.0,0.0,0.0,24
5968,20,5565,0.0,0.0,0.0,0.0,0.0,0.0,24
5969,20,5564,0.0,0.0,0.0,0.0,0.0,0.0,24
5970,20,5563,0.0,0.0,0.0,0.0,0.0,0.0,24
5971,20,5562,0.0,0.0,0.0,0.0,0.0,0.0,24
5972,20,5561,0.0,0.0,0.0,0.0,0.0,0.0,24
5973,20,5559,0.0,0.0,0.0,0.0,0.0,0.0,24
5974,20,5558,0.0,0.0,0.0,0.0,0.0,0.0,24
5975,20,5557,0.0,0.0,0.0,0.0,0.0,0.0,24
5976,20,5556,0.0,0.0,0.0,0.0,0.0,0.0,24
5977,20,5555,0.0,0.0,0.0,0.0,0.0,0.0,24
5978,20,5554,0.0,0.0,0.0,0.0,0.0,0.0,24
5979,20,5553,0.0,0.0,0.0,0.0,0.0,0.0,24
5980,20,5928,0.0,0.0,0.0,0.0,0.0,0.0,24
5981,20,5943,0.0,0.0,0.0,0.0,0.0,0.0,24
5982,20,5942,0.0,0.0,0.0,0.0,0.0,0.0,24
5983,20,5941,0.0,0.0,0.0,0.0,0.0,0.0,24
5984,20,5940,0.0,0.0,0.0,0.0,0.0,0.0,24
5985,20,5939,0.0,0.0,0.0,0.0,0.0,0.0,24
5986,20,5938,0.0,0.0,0.0,0.0,0.0,0.0,24
5987,20,5937,0.0,0.0,0.0,0.0,0.0,0.0,24
5988,20,5936,0.0,0.0,0.0,0.0,0.0,0.0,24
5989,20,5935,0.0,0.0,0.0,0.0,0.0,0.0,24
5990,20,5934,0.0,0.0,0.0,0.0,0.0,0.0,24
5991,20,5933,0.0,0.0,0.0,0.0,0.0,0.0,24
5992,20,5932,0.0,0.0,0.0,0.0,0.0,0.0,24
5993,20,5931,0.0,0.0,0.0,0.0,0.0,0.0,24
5994,20,5930,0.0,0.0,0.0,0.0,0.0,0.0,24
5995,20,5929,0.0,0.0,0.0,0.0,0.0,0.0,24
5996,20,5944,0.0,0.0,0.0,0.0,0.0,0.0,24
5997,20,5927,0.0,0.0,0.0,0.0,0.0,0.0,24
5998,20,5926,0.0,0.0,0.0,0.0,0.0,0.0,24
5999,20,5924,0.0,0.0,0.0,0.0,0.0,0.0,24
6000,20,5923,0.0,0.0,0.0,0.0,0.0,0.0,24
6001,20,5922,0.0,0.0,0.0,0.0,0.0,0.0,24
6002,20,5921,0.0,0.0,0.0,0.0,0.0,0.0,24
6003,20,5920,0.0,0.0,0.0,0.0,0.0,0.0,24
6004,20,5919,0.0,0.0,0.0,0.0,0.0,0.0,24
6005,20,5917,0.0,0.0,0.0,0.0,0.0,0.0,24
6006,20,5916,0.0,0.0,0.0,0.0,0.0,0.0,24
6007,20,5915,0.0,0.0,0.0,0.0,0.0,0.0,24
6008,20,5914,0.0,0.0,0.0,0.0,0.0,0.0,24
6009,20,5913,0.0,0.0,0.0,0.0,0.0,0.0,24
6010,20,5911,0.0,0.0,0.0,0.0,0.0,0.0,24
6011,20,5960,0.0,0.0,0.0,0.0,0.0,0.0,24
6012,20,5976,0.0,0.0,0.0,0.0,0.0,0.0,24
6013,20,5975,0.0,0.0,0.0,0.0,0.0,0.0,24
6014,20,5974,0.0,0.0,0.0,0.0,0.0,0.0,24
6015,20,5973,0.0,0.0,0.0,0.0,0.0,0.0,24
6016,20,5972,0.0,0.0,0.0,0.0,0.0,0.0,24
6017,20,5971,0.0,0.0,0.0,0.0,0.0,0.0,24
6018,20,5969,0.0,0.0,0.0,0.0,0.0,0.0,24
6019,20,5968,0.0,0.0,0.0,0.0,0.0,0.0,24
6020,20,5967,0.0,0.0,0.0,0.0,0.0,0.0,24
6021,20,5966,0.0,0.0,0.0,0.0,0.0,0.0,24
6022,20,5965,0.0,0.0,0.0,0.0,0.0,0.0,24
6023,20,5964,0.0,0.0,0.0,0.0,0.0,0.0,24
6024,20,5963,0.0,0.0,0.0,0.0,0.0,0.0,24
6025,20,5962,0.0,0.0,0.0,0.0,0.0,0.0,24
6026,20,5961,0.0,0.0,0.0,0.0,0.0,0.0,24
6027,20,5910,0.0,0.0,0.0,0.0,0.0,0.0,24
6028,20,5959,0.0,0.0,0.0,0.0,0.0,0.0,24
6029,20,5958,0.0,0.0,0.0,0.0,0.0,0.0,24
6030,20,5957,0.0,0.0,0.0,0.0,0.0,0.0,24
6031,20,5956,0.0,0.0,0.0,0.0,0.0,0.0,24
6032,20,5955,0.0,0.0,0.0,0.0,0.0,0.0,24
6033,20,5954,0.0,0.0,0.0,0.0,0.0,0.0,24
6034,20,5953,0.0,0.0,0.0,0.0,0.0,0.0,24
6035,20,5952,0.0,0.0,0.0,0.0,0.0,0.0,24
6036,20,5951,0.0,0.0,0.0,0.0,0.0,0.0,24
6037,20,5950,0.0,0.0,0.0,0.0,0.0,0.0,24
6038,20,5949,0.0,0.0,0.0,0.0,0.0,0.0,24
6039,20,5948,0.0,0.0,0.0,0.0,0.0,0.0,24
6040,20,5947,0.0,0.0,0.0,0.0,0.0,0.0,24
6041,20,5946,0.0,0.0,0.0,0.0,0.0,0.0,24
6042,20,5860,0.0,0.0,0.0,0.0,0.0,0.0,24
6043,20,5876,0.0,0.0,0.0,0.0,0.0,0.0,24
6044,20,5875,0.0,0.0,0.0,0.0,0.0,0.0,24
6045,20,5873,0.0,0.0,0.0,0.0,0.0,0.0,24
6046,20,5872,0.0,0.0,0.0,0.0,0.0,0.0,24
6047,20,5871,0.0,0.0,0.0,0.0,0.0,0.0,24
6048,20,5870,0.0,0.0,0.0,0.0,0.0,0.0,24
6049,20,5869,0.0,0.0,0.0,0.0,0.0,0.0,24
6050,20,5868,0.0,0.0,0.0,0.0,0.0,0.0,24
6051,20,5867,0.0,0.0,0.0,0.0,0.0,0.0,24
6052,20,5866,0.0,0.0,0.0,0.0,0.0,0.0,24
6053,20,5865,0.0,0.0,0.0,0.0,0.0,0.0,24
6054,20,5864,0.0,0.0,0.0,0.0,0.0,0.0,24
6055,20,5863,0.0,0.0,0.0,0.0,0.0,0.0,24
6056,20,5862,0.0,0.0,0.0,0.0,0.0,0.0,24
6057,20,5861,0.0,0.0,0.0,0.0,0.0,0.0,24
6058,20,5877,0.0,0.0,0.0,0.0,0.0,0.0,24
6059,20,5859,0.0,0.0,0.0,0.0,0.0,0.0,24
6060,20,5858,0.0,0.0,0.0,0.0,0.0,0.0,24
6061,20,5857,0.0,0.0,0.0,0.0,0.0,0.0,24
6062,20,5856,0.0,0.0,0.0,0.0,0.0,0.0,24
6063,20,5855,0.0,0.0,0.0,0.0,0.0,0.0,24
6064,20,5854,0.0,0.0,0.0,0.0,0.0,0.0,24
6065,20,5853,0.0,0.0,0.0,0.0,0.0,0.0,24
6066,20,5852,0.0,0.0,0.0,0.0,0.0,0.0,24
6067,20,5849,0.0,0.0,0.0,0.0,0.0,0.0,24
6068,20,5848,0.0,0.0,0.0,0.0,0.0,0.0,24
6069,20,5847,0.0,0.0,0.0,0.0,0.0,0.0,24
6070,20,5846,0.0,0.0,0.0,0.0,0.0,0.0,24
6071,20,5845,0.0,0.0,0.0,0.0,0.0,0.0,24
6072,20,5844,0.0,0.0,0.0,0.0,0.0,0.0,24
6073,20,5894,0.0,0.0,0.0,0.0,0.0,0.0,24
6074,20,5909,0.0,0.0,0.0,0.0,0.0,0.0,24
6075,20,5908,0.0,0.0,0.0,0.0,0.0,0.0,24
6076,20,5907,0.0,0.0,0.0,0.0,0.0,0.0,24
6077,20,5906,0.0,0.0,0.0,0.0,0.0,0.0,24
6078,20,5905,0.0,0.0,0.0,0.0,0.0,0.0,24
6079,20,5904,0.0,0.0,0.0,0.0,0.0,0.0,24
6080,20,5903,0.0,0.0,0.0,0.0,0.0,0.0,24
6081,20,5902,0.0,0.0,0.0,0.0,0.0,0.0,24
6082,20,5901,0.0,0.0,0.0,0.0,0.0,0.0,24
6083,20,5900,0.0,0.0,0.0,0.0,0.0,0.0,24
6084,20,5899,0.0,0.0,0.0,0.0,0.0,0.0,24
6085,20,5898,0.0,0.0,0.0,0.0,0.0,0.0,24
6086,20,5897,0.0,0.0,0.0,0.0,0.0,0.0,24
6087,20,5896,0.0,0.0,0.0,0.0,0.0,0.0,24
6088,20,5895,0.0,0.0,0.0,0.0,0.0,0.0,24
6089,20,6248,0.0,0.0,0.0,0.0,0.0,0.0,24
6090,20,5893,0.0,0.0,0.0,0.0,0.0,0.0,24
6091,20,5892,0.0,0.0,0.0,0.0,0.0,0.0,24
6092,20,5891,0.0,0.0,0.0,0.0,0.0,0.0,24
6093,20,5890,0.0,0.0,0.0,0.0,0.0,0.0,24
6094,20,5889,0.0,0.0,0.0,0.0,0.0,0.0,24
6095,20,5888,0.0,0.0,0.0,0.0,0.0,0.0,24
6096,20,5887,0.0,0.0,0.0,0.0,0.0,0.0,24
6097,20,5886,0.0,0.0,0.0,0.0,0.0,0.0,24
6098,20,5884,0.0,0.0,0.0,0.0,0.0,0.0,24
6099,20,5882,0.0,0.0,0.0,0.0,0.0,0.0,24
6100,20,5881,0.0,0.0,0.0,0.0,0.0,0.0,24
6101,20,5880,0.0,0.0,0.0,0.0,0.0,0.0,24
6102,20,5879,0.0,0.0,0.0,0.0,0.0,0.0,24
6103,20,5878,0.0,0.0,0.0,0.0,0.0,0.0,24
6104,20,5074,0.0,0.0,0.0,0.0,0.0,0.0,24
6105,20,5058,0.0,0.0,0.0,0.0,0.0,0.0,24
6106,20,5059,0.0,0.0,0.0,0.0,0.0,0.0,24
6107,20,5060,0.0,0.0,0.0,0.0,0.0,0.0,24
6108,20,5062,0.0,0.0,0.0,0.0,0.0,0.0,24
6109,20,5063,0.0,0.0,0.0,0.0,0.0,0.0,24
6110,20,5064,0.0,0.0,0.0,0.0,0.0,0.0,24
6111,20,5065,0.0,0.0,0.0,0.0,0.0,0.0,24
6112,20,5066,0.0,0.0,0.0,0.0,0.0,0.0,24
6113,20,5067,0.0,0.0,0.0,0.0,0.0,0.0,24
6114,20,5068,0.0,0.0,0.0,0.0,0.0,0.0,24
6115,20,5069,0.0,0.0,0.0,0.0,0.0,0.0,24
6116,20,5070,0.0,0.0,0.0,0.0,0.0,0.0,24
6117,20,5071,0.0,0.0,0.0,0.0,0.0,0.0,24
6118,20,5072,0.0,0.0,0.0,0.0,0.0,0.0,24
6119,20,5073,0.0,0.0,0.0,0.0,0.0,0.0,24
6120,20,5057,0.0,0.0,0.0,0.0,0.0,0.0,24
6121,20,5075,0.0,0.0,0.0,0.0,0.0,0.0,24
6122,20,5076,0.0,0.0,0.0,0.0,0.0,0.0,24
6123,20,5077,0.0,0.0,0.0,0.0,0.0,0.0,24
6124,20,5078,0.0,0.0,0.0,0.0,0.0,0.0,24
6125,20,5079,0.0,0.0,0.0,0.0,0.0,0.0,24
6126,20,5080,0.0,0.0,0.0,0.0,0.0,0.0,24
6127,20,5082,0.0,0.0,0.0,0.0,0.0,0.0,24
6128,20,5083,0.0,0.0,0.0,0.0,0.0,0.0,24
6129,20,5084,0.0,0.0,0.0,0.0,0.0,0.0,24
6130,20,5085,0.0,0.0,0.0,0.0,0.0,0.0,24
6131,20,5086,0.0,0.0,0.0,0.0,0.0,0.0,24
6132,20,5087,0.0,0.0,0.0,0.0,0.0,0.0,24
6133,20,5088,0.0,0.0,0.0,0.0,0.0,0.0,24
6134,20,5089,0.0,0.0,0.0,0.0,0.0,0.0,24
6135,20,5042,0.0,0.0,0.0,0.0,0.0,0.0,24
6136,20,5027,0.0,0.0,0.0,0.0,0.0,0.0,24
6137,20,5028,0.0,0.0,0.0,0.0,0.0,0.0,24
6138,20,5029,0.0,0.0,0.0,0.0,0.0,0.0,24
6139,20,5030,0.0,0.0,0.0,0.0,0.0,0.0,24
6140,20,5031,0.0,0.0,0.0,0.0,0.0,0.0,24
6141,20,5032,0.0,0.0,0.0,0.0,0.0,0.0,24
6142,20,5033,0.0,0.0,0.0,0.0,0.0,0.0,24
6143,20,5034,0.0,0.0,0.0,0.0,0.0,0.0,24
6144,20,5035,0.0,0.0,0.0,0.0,0.0,0.0,24
6145,20,5036,0.0,0.0,0.0,0.0,0.0,0.0,24
6146,20,5037,0.0,0.0,0.0,0.0,0.0,0.0,24
6147,20,5038,0.0,0.0,0.0,0.0,0.0,0.0,24
6148,20,5039,0.0,0.0,0.0,0.0,0.0,0.0,24
6149,20,5040,0.0,0.0,0.0,0.0,0.0,0.0,24
6150,20,5041,0.0,0.0,0.0,0.0,0.0,0.0,24
6151,20,5090,0.0,0.0,0.0,0.0,0.0,0.0,24
6152,20,5043,0.0,0.0,0.0,0.0,0.0,0.0,24
6153,20,5044,0.0,0.0,0.0,0.0,0.0,0.0,24
6154,20,5045,0.0,0.0,0.0,0.0,0.0,0.0,24
6155,20,5046,0.0,0.0,0.0,0.0,0.0,0.0,24
6156,20,5047,0.0,0.0,0.0,0.0,0.0,0.0,24
6157,20,5048,0.0,0.0,0.0,0.0,0.0,0.0,24
6158,20,5049,0.0,0.0,0.0,0.0,0.0,0.0,24
6159,20,5050,0.0,0.0,0.0,0.0,0.0,0.0,24
6160,20,5051,0.0,0.0,0.0,0.0,0.0,0.0,24
6161,20,5052,0.0,0.0,0.0,0.0,0.0,0.0,24
6162,20,5053,0.0,0.0,0.0,0.0,0.0,0.0,24
6163,20,5054,0.0,0.0,0.0,0.0,0.0,0.0,24
6164,20,5055,0.0,0.0,0.0,0.0,0.0,0.0,24
6165,20,5056,0.0,0.0,0.0,0.0,0.0,0.0,24
6166,20,5141,0.0,0.0,0.0,0.0,0.0,0.0,24
6167,20,5125,0.0,0.0,0.0,0.0,0.0,0.0,24
6168,20,5126,0.0,0.0,0.0,0.0,0.0,0.0,24
6169,20,5127,0.0,0.0,0.0,0.0,0.0,0.0,24
6170,20,5129,0.0,0.0,0.0,0.0,0.0,0.0,24
6171,20,5130,0.0,0.0,0.0,0.0,0.0,0.0,24
6172,20,5131,0.0,0.0,0.0,0.0,0.0,0.0,24
6173,20,5132,0.0,0.0,0.0,0.0,0.0,0.0,24
6174,20,5133,0.0,0.0,0.0,0.0,0.0,0.0,24
6175,20,5134,0.0,0.0,0.0,0.0,0.0,0.0,24
6176,20,5135,0.0,0.0,0.0,0.0,0.0,0.0,24
6177,20,5136,0.0,0.0,0.0,0.0,0.0,0.0,24
6178,20,5137,0.0,0.0,0.0,0.0,0.0,0.0,24
6179,20,5138,0.0,0.0,0.0,0.0,0.0,0.0,24
6180,20,5139,0.0,0.0,0.0,0.0,0.0,0.0,24
6181,20,5140,0.0,0.0,0.0,0.0,0.0,0.0,24
6182,20,5124,0.0,0.0,0.0,0.0,0.0,0.0,24
6183,20,5142,0.0,0.0,0.0,0.0,0.0,0.0,24
6184,20,5143,0.0,0.0,0.0,0.0,0.0,0.0,24
6185,20,5144,0.0,0.0,0.0,0.0,0.0,0.0,24
6186,20,5145,0.0,0.0,0.0,0.0,0.0,0.0,24
6187,20,5146,0.0,0.0,0.0,0.0,0.0,0.0,24
6188,20,5148,0.0,0.0,0.0,0.0,0.0,0.0,24
6189,20,5149,0.0,0.0,0.0,0.0,0.0,0.0,24
6190,20,5151,0.0,0.0,0.0,0.0,0.0,0.0,24
6191,20,5152,0.0,0.0,0.0,0.0,0.0,0.0,24
6192,20,5153,0.0,0.0,0.0,0.0,0.0,0.0,24
6193,20,5154,0.0,0.0,0.0,0.0,0.0,0.0,24
6194,20,5155,0.0,0.0,0.0,0.0,0.0,0.0,24
6195,20,5156,0.0,0.0,0.0,0.0,0.0,0.0,24
6196,20,5157,0.0,0.0,0.0,0.0,0.0,0.0,24
6197,20,5107,0.0,0.0,0.0,0.0,0.0,0.0,24
6198,20,5091,0.0,0.0,0.0,0.0,0.0,0.0,24
6199,20,5092,0.0,0.0,0.0,0.0,0.0,0.0,24
6200,20,5094,0.0,0.0,0.0,0.0,0.0,0.0,24
6201,20,5095,0.0,0.0,0.0,0.0,0.0,0.0,24
6202,20,5096,0.0,0.0,0.0,0.0,0.0,0.0,24
6203,20,5097,0.0,0.0,0.0,0.0,0.0,0.0,24
6204,20,5098,0.0,0.0,0.0,0.0,0.0,0.0,24
6205,20,5099,0.0,0.0,0.0,0.0,0.0,0.0,24
6206,20,5100,0.0,0.0,0.0,0.0,0.0,0.0,24
6207,20,5101,0.0,0.0,0.0,0.0,0.0,0.0,24
6208,20,5102,0.0,0.0,0.0,0.0,0.0,0.0,24
6209,20,5103,0.0,0.0,0.0,0.0,0.0,0.0,24
6210,20,5104,0.0,0.0,0.0,0.0,0.0,0.0,24
6211,20,5105,0.0,0.0,0.0,0.0,0.0,0.0,24
6212,20,5106,0.0,0.0,0.0,0.0,0.0,0.0,24
6213,20,5026,0.0,0.0,0.0,0.0,0.0,0.0,24
6214,20,5108,0.0,0.0,0.0,0.0,0.0,0.0,24
6215,20,5109,0.0,0.0,0.0,0.0,0.0,0.0,24
6216,20,5110,0.0,0.0,0.0,0.0,0.0,0.0,24
6217,20,5112,0.0,0.0,0.0,0.0,0.0,0.0,24
6218,20,5113,0.0,0.0,0.0,0.0,0.0,0.0,24
6219,20,5114,0.0,0.0,0.0,0.0,0.0,0.0,24
6220,20,5115,0.0,0.0,0.0,0.0,0.0,0.0,24
6221,20,5116,0.0,0.0,0.0,0.0,0.0,0.0,24
6222,20,5117,0.0,0.0,0.0,0.0,0.0,0.0,24
6223,20,5118,0.0,0.0,0.0,0.0,0.0,0.0,24
6224,20,5119,0.0,0.0,0.0,0.0,0.0,0.0,24
6225,20,5120,0.0,0.0,0.0,0.0,0.0,0.0,24
6226,20,5121,0.0,0.0,0.0,0.0,0.0,0.0,24
6227,20,5122,0.0,0.0,0.0,0.0,0.0,0.0,24
6228,20,4941,0.0,0.0,0.0,0.0,0.0,0.0,24
6229,20,4925,0.0,0.0,0.0,0.0,0.0,0.0,24
6230,20,4926,0.0,0.0,0.0,0.0,0.0,0.0,24
6231,20,4927,0.0,0.0,0.0,0.0,0.0,0.0,24
6232,20,4928,0.0,0.0,0.0,0.0,0.0,0.0,24
6233,20,4929,0.0,0.0,0.0,0.0,0.0,0.0,24
6234,20,4930,0.0,0.0,0.0,0.0,0.0,0.0,24
6235,20,4931,0.0,0.0,0.0,0.0,0.0,0.0,24
6236,20,4933,0.0,0.0,0.0,0.0,0.0,0.0,24
6237,20,4934,0.0,0.0,0.0,0.0,0.0,0.0,24
6238,20,4935,0.0,0.0,0.0,0.0,0.0,0.0,24
6239,20,4936,0.0,0.0,0.0,0.0,0.0,0.0,24
6240,20,4937,0.0,0.0,0.0,0.0,0.0,0.0,24
6241,20,4938,0.0,0.0,0.0,0.0,0.0,0.0,24
6242,20,4939,0.0,0.0,0.0,0.0,0.0,0.0,24
6243,20,4940,0.0,0.0,0.0,0.0,0.0,0.0,24
6244,20,4924,0.0,0.0,0.0,0.0,0.0,0.0,24
6245,20,4942,0.0,0.0,0.0,0.0,0.0,0.0,24
6246,20,4943,0.0,0.0,0.0,0.0,0.0,0.0,24
6247,20,4945,0.0,0.0,0.0,0.0,0.0,0.0,24
6248,20,4947,0.0,0.0,0.0,0.0,0.0,0.0,24
6249,20,4948,0.0,0.0,0.0,0.0,0.0,0.0,24
6250,20,4949,0.0,0.0,0.0,0.0,0.0,0.0,24
6251,20,4950,0.0,0.0,0.0,0.0,0.0,0.0,24
6252,20,4951,0.0,0.0,0.0,0.0,0.0,0.0,24
6253,20,4952,0.0,0.0,0.0,0.0,0.0,0.0,24
6254,20,4954,0.0,0.0,0.0,0.0,0.0,0.0,24
6255,20,4955,0.0,0.0,0.0,0.0,0.0,0.0,24
6256,20,4956,0.0,0.0,0.0,0.0,0.0,0.0,24
6257,20,4957,0.0,0.0,0.0,0.0,0.0,0.0,24
6258,20,4958,0.0,0.0,0.0,0.0,0.0,0.0,24
6259,20,4909,0.0,0.0,0.0,0.0,0.0,0.0,24
6260,20,4892,0.0,0.0,0.0,0.0,0.0,0.0,24
6261,20,4893,0.0,0.0,0.0,0.0,0.0,0.0,24
6262,20,4894,0.0,0.0,0.0,0.0,0.0,0.0,24
6263,20,4895,0.0,0.0,0.0,0.0,0.0,0.0,24
6264,20,4896,0.0,0.0,0.0,0.0,0.0,0.0,24
6265,20,4898,0.0,0.0,0.0,0.0,0.0,0.0,24
6266,20,4899,0.0,0.0,0.0,0.0,0.0,0.0,24
6267,20,4901,0.0,0.0,0.0,0.0,0.0,0.0,24
6268,20,4902,0.0,0.0,0.0,0.0,0.0,0.0,24
6269,20,4903,0.0,0.0,0.0,0.0,0.0,0.0,24
6270,20,4904,0.0,0.0,0.0,0.0,0.0,0.0,24
6271,20,4905,0.0,0.0,0.0,0.0,0.0,0.0,24
6272,20,4906,0.0,0.0,0.0,0.0,0.0,0.0,24
6273,20,4907,0.0,0.0,0.0,0.0,0.0,0.0,24
6274,20,4908,0.0,0.0,0.0,0.0,0.0,0.0,24
6275,20,4959,0.0,0.0,0.0,0.0,0.0,0.0,24
6276,20,4910,0.0,0.0,0.0,0.0,0.0,0.0,24
6277,20,4911,0.0,0.0,0.0,0.0,0.0,0.0,24
6278,20,4912,0.0,0.0,0.0,0.0,0.0,0.0,24
6279,20,4913,0.0,0.0,0.0,0.0,0.0,0.0,24
6280,20,4914,0.0,0.0,0.0,0.0,0.0,0.0,24
6281,20,4915,0.0,0.0,0.0,0.0,0.0,0.0,24
6282,20,4916,0.0,0.0,0.0,0.0,0.0,0.0,24
6283,20,4917,0.0,0.0,0.0,0.0,0.0,0.0,24
6284,20,4918,0.0,0.0,0.0,0.0,0.0,0.0,24
6285,20,4919,0.0,0.0,0.0,0.0,0.0,0.0,24
6286,20,4920,0.0,0.0,0.0,0.0,0.0,0.0,24
6287,20,4921,0.0,0.0,0.0,0.0,0.0,0.0,24
6288,20,4922,0.0,0.0,0.0,0.0,0.0,0.0,24
6289,20,4923,0.0,0.0,0.0,0.0,0.0,0.0,24
6290,20,5010,0.0,0.0,0.0,0.0,0.0,0.0,24
6291,20,4993,0.0,0.0,0.0,0.0,0.0,0.0,24
6292,20,4994,0.0,0.0,0.0,0.0,0.0,0.0,24
6293,20,4995,0.0,0.0,0.0,0.0,0.0,0.0,24
6294,20,4996,0.0,0.0,0.0,0.0,0.0,0.0,24
6295,20,4998,0.0,0.0,0.0,0.0,0.0,0.0,24
6296,20,4999,0.0,0.0,0.0,0.0,0.0,0.0,24
6297,20,5000,0.0,0.0,0.0,0.0,0.0,0.0,24
6298,20,5001,0.0,0.0,0.0,0.0,0.0,0.0,24
6299,20,5002,0.0,0.0,0.0,0.0,0.0,0.0,24
6300,20,5003,0.0,0.0,0.0,0.0,0.0,0.0,24
6301,20,5004,0.0,0.0,0.0,0.0,0.0,0.0,24
6302,20,5005,0.0,0.0,0.0,0.0,0.0,0.0,24
6303,20,5006,0.0,0.0,0.0,0.0,0.0,0.0,24
6304,20,5007,0.0,0.0,0.0,0.0,0.0,0.0,24
6305,20,5008,0.0,0.0,0.0,0.0,0.0,0.0,24
6306,20,4992,0.0,0.0,0.0,0.0,0.0,0.0,24
6307,20,5012,0.0,0.0,0.0,0.0,0.0,0.0,24
6308,20,5013,0.0,0.0,0.0,0.0,0.0,0.0,24
6309,20,5014,0.0,0.0,0.0,0.0,0.0,0.0,24
6310,20,5015,0.0,0.0,0.0,0.0,0.0,0.0,24
6311,20,5016,0.0,0.0,0.0,0.0,0.0,0.0,24
6312,20,5017,0.0,0.0,0.0,0.0,0.0,0.0,24
6313,20,5018,0.0,0.0,0.0,0.0,0.0,0.0,24
6314,20,5019,0.0,0.0,0.0,0.0,0.0,0.0,24
6315,20,5020,0.0,0.0,0.0,0.0,0.0,0.0,24
6316,20,5021,0.0,0.0,0.0,0.0,0.0,0.0,24
6317,20,5022,0.0,0.0,0.0,0.0,0.0,0.0,24
6318,20,5023,0.0,0.0,0.0,0.0,0.0,0.0,24
6319,20,5024,0.0,0.0,0.0,0.0,0.0,0.0,24
6320,20,5025,0.0,0.0,0.0,0.0,0.0,0.0,24
6321,20,4976,0.0,0.0,0.0,0.0,0.0,0.0,24
6322,20,4960,0.0,0.0,0.0,0.0,0.0,0.0,24
6323,20,4961,0.0,0.0,0.0,0.0,0.0,0.0,24
6324,20,4962,0.0,0.0,0.0,0.0,0.0,0.0,24
6325,20,4964,0.0,0.0,0.0,0.0,0.0,0.0,24
6326,20,4965,0.0,0.0,0.0,0.0,0.0,0.0,24
6327,20,4966,0.0,0.0,0.0,0.0,0.0,0.0,24
6328,20,4967,0.0,0.0,0.0,0.0,0.0,0.0,24
6329,20,4968,0.0,0.0,0.0,0.0,0.0,0.0,24
6330,20,4969,0.0,0.0,0.0,0.0,0.0,0.0,24
6331,20,4970,0.0,0.0,0.0,0.0,0.0,0.0,24
6332,20,4971,0.0,0.0,0.0,0.0,0.0,0.0,24
6333,20,4972,0.0,0.0,0.0,0.0,0.0,0.0,24
6334,20,4973,0.0,0.0,0.0,0.0,0.0,0.0,24
6335,20,4974,0.0,0.0,0.0,0.0,0.0,0.0,24
6336,20,4975,0.0,0.0,0.0,0.0,0.0,0.0,24
6337,20,5158,0.0,0.0,0.0,0.0,0.0,0.0,24
6338,20,4977,0.0,0.0,0.0,0.0,0.0,0.0,24
6339,20,4978,0.0,0.0,0.0,0.0,0.0,0.0,24
6340,20,4979,0.0,0.0,0.0,0.0,0.0,0.0,24
6341,20,4980,0.0,0.0,0.0,0.0,0.0,0.0,24
6342,20,4981,0.0,0.0,0.0,0.0,0.0,0.0,24
6343,20,4982,0.0,0.0,0.0,0.0,0.0,0.0,24
6344,20,4983,0.0,0.0,0.0,0.0,0.0,0.0,24
6345,20,4984,0.0,0.0,0.0,0.0,0.0,0.0,24
6346,20,4985,0.0,0.0,0.0,0.0,0.0,0.0,24
6347,20,4986,0.0,0.0,0.0,0.0,0.0,0.0,24
6348,20,4987,0.0,0.0,0.0,0.0,0.0,0.0,24
6349,20,4988,0.0,0.0,0.0,0.0,0.0,0.0,24
6350,20,4990,0.0,0.0,0.0,0.0,0.0,0.0,24
6351,20,4991,0.0,0.0,0.0,0.0,0.0,0.0,24
6352,20,6331,0.0,0.0,0.0,0.0,0.0,0.0,24
6353,20,6347,0.0,0.0,0.0,0.0,0.0,0.0,24
6354,20,6346,0.0,0.0,0.0,0.0,0.0,0.0,24
6355,20,6345,0.0,0.0,0.0,0.0,0.0,0.0,24
6356,20,6344,0.0,0.0,0.0,0.0,0.0,0.0,24
6357,20,6343,0.0,0.0,0.0,0.0,0.0,0.0,24
6358,20,6342,0.0,0.0,0.0,0.0,0.0,0.0,24
6359,20,6340,0.0,0.0,0.0,0.0,0.0,0.0,24
6360,20,6339,0.0,0.0,0.0,0.0,0.0,0.0,24
6361,20,6338,0.0,0.0,0.0,0.0,0.0,0.0,24
6362,20,6337,0.0,0.0,0.0,0.0,0.0,0.0,24
6363,20,6336,0.0,0.0,0.0,0.0,0.0,0.0,24
6364,20,6335,0.0,0.0,0.0,0.0,0.0,0.0,24
6365,20,6334,0.0,0.0,0.0,0.0,0.0,0.0,24
6366,20,6333,0.0,0.0,0.0,0.0,0.0,0.0,24
6367,20,6332,0.0,0.0,0.0,0.0,0.0,0.0,24
6368,20,6348,0.0,0.0,0.0,0.0,0.0,0.0,24
6369,20,6330,0.0,0.0,0.0,0.0,0.0,0.0,24
6370,20,6329,0.0,0.0,0.0,0.0,0.0,0.0,24
6371,20,6328,0.0,0.0,0.0,0.0,0.0,0.0,24
6372,20,6327,0.0,0.0,0.0,0.0,0.0,0.0,24
6373,20,6326,0.0,0.0,0.0,0.0,0.0,0.0,24
6374,20,6325,0.0,0.0,0.0,0.0,0.0,0.0,24
6375,20,6324,0.0,0.0,0.0,0.0,0.0,0.0,24
6376,20,6323,0.0,0.0,0.0,0.0,0.0,0.0,24
6377,20,6322,0.0,0.0,0.0,0.0,0.0,0.0,24
6378,20,6321,0.0,0.0,0.0,0.0,0.0,0.0,24
6379,20,6320,0.0,0.0,0.0,0.0,0.0,0.0,24
6380,20,6319,0.0,0.0,0.0,0.0,0.0,0.0,24
6381,20,6318,0.0,0.0,0.0,0.0,0.0,0.0,24
6382,20,6317,0.0,0.0,0.0,0.0,0.0,0.0,24
6383,20,5307,0.0,0.0,0.0,0.0,0.0,0.0,24
6384,20,5290,0.0,0.0,0.0,0.0,0.0,0.0,24
6385,20,5291,0.0,0.0,0.0,0.0,0.0,0.0,24
6386,20,5292,0.0,0.0,0.0,0.0,0.0,0.0,24
6387,20,5293,0.0,0.0,0.0,0.0,0.0,0.0,24
6388,20,5294,0.0,0.0,0.0,0.0,0.0,0.0,24
6389,20,5295,0.0,0.0,0.0,0.0,0.0,0.0,24
6390,20,5296,0.0,0.0,0.0,0.0,0.0,0.0,24
6391,20,5298,0.0,0.0,0.0,0.0,0.0,0.0,24
6392,20,5299,0.0,0.0,0.0,0.0,0.0,0.0,24
6393,20,5300,0.0,0.0,0.0,0.0,0.0,0.0,24
6394,20,5301,0.0,0.0,0.0,0.0,0.0,0.0,24
6395,20,5303,0.0,0.0,0.0,0.0,0.0,0.0,24
6396,20,5304,0.0,0.0,0.0,0.0,0.0,0.0,24
6397,20,5305,0.0,0.0,0.0,0.0,0.0,0.0,24
6398,20,5306,0.0,0.0,0.0,0.0,0.0,0.0,24
6399,20,6316,0.0,0.0,0.0,0.0,0.0,0.0,24
6400,20,5308,0.0,0.0,0.0,0.0,0.0,0.0,24
6401,20,5824,0.0,0.0,0.0,0.0,0.0,0.0,24
6402,20,6360,0.0,0.0,0.0,0.0,0.0,0.0,24
6403,20,6359,0.0,0.0,0.0,0.0,0.0,0.0,24
6404,20,6358,0.0,0.0,0.0,0.0,0.0,0.0,24
6405,20,6357,0.0,0.0,0.0,0.0,0.0,0.0,24
6406,20,6356,0.0,0.0,0.0,0.0,0.0,0.0,24
6407,20,6355,0.0,0.0,0.0,0.0,0.0,0.0,24
6408,20,6354,0.0,0.0,0.0,0.0,0.0,0.0,24
6409,20,6353,0.0,0.0,0.0,0.0,0.0,0.0,24
6410,20,6352,0.0,0.0,0.0,0.0,0.0,0.0,24
6411,20,6351,0.0,0.0,0.0,0.0,0.0,0.0,24
6412,20,6350,0.0,0.0,0.0,0.0,0.0,0.0,24
6413,20,6349,0.0,0.0,0.0,0.0,0.0,0.0,24
6414,20,6265,0.0,0.0,0.0,0.0,0.0,0.0,24
6415,20,6281,0.0,0.0,0.0,0.0,0.0,0.0,24
6416,20,6280,0.0,0.0,0.0,0.0,0.0,0.0,24
6417,20,6279,0.0,0.0,0.0,0.0,0.0,0.0,24
6418,20,6278,0.0,0.0,0.0,0.0,0.0,0.0,24
6419,20,6277,0.0,0.0,0.0,0.0,0.0,0.0,24
6420,20,6276,0.0,0.0,0.0,0.0,0.0,0.0,24
6421,20,6275,0.0,0.0,0.0,0.0,0.0,0.0,24
6422,20,6274,0.0,0.0,0.0,0.0,0.0,0.0,24
6423,20,6273,0.0,0.0,0.0,0.0,0.0,0.0,24
6424,20,6272,0.0,0.0,0.0,0.0,0.0,0.0,24
6425,20,6271,0.0,0.0,0.0,0.0,0.0,0.0,24
6426,20,6270,0.0,0.0,0.0,0.0,0.0,0.0,24
6427,20,6269,0.0,0.0,0.0,0.0,0.0,0.0,24
6428,20,6268,0.0,0.0,0.0,0.0,0.0,0.0,24
6429,20,6267,0.0,0.0,0.0,0.0,0.0,0.0,24
6430,20,6282,0.0,0.0,0.0,0.0,0.0,0.0,24
6431,20,6264,0.0,0.0,0.0,0.0,0.0,0.0,24
6432,20,6263,0.0,0.0,0.0,0.0,0.0,0.0,24
6433,20,6262,0.0,0.0,0.0,0.0,0.0,0.0,24
6434,20,6261,0.0,0.0,0.0,0.0,0.0,0.0,24
6435,20,6259,0.0,0.0,0.0,0.0,0.0,0.0,24
6436,20,6257,0.0,0.0,0.0,0.0,0.0,0.0,24
6437,20,6256,0.0,0.0,0.0,0.0,0.0,0.0,24
6438,20,6255,0.0,0.0,0.0,0.0,0.0,0.0,24
6439,20,6254,0.0,0.0,0.0,0.0,0.0,0.0,24
6440,20,6253,0.0,0.0,0.0,0.0,0.0,0.0,24
6441,20,6252,0.0,0.0,0.0,0.0,0.0,0.0,24
6442,20,6251,0.0,0.0,0.0,0.0,0.0,0.0,24
6443,20,6250,0.0,0.0,0.0,0.0,0.0,0.0,24
6444,20,6249,0.0,0.0,0.0,0.0,0.0,0.0,24
6445,20,6298,0.0,0.0,0.0,0.0,0.0,0.0,24
6446,20,6315,0.0,0.0,0.0,0.0,0.0,0.0,24
6447,20,6314,0.0,0.0,0.0,0.0,0.0,0.0,24
6448,20,6313,0.0,0.0,0.0,0.0,0.0,0.0,24
6449,20,6312,0.0,0.0,0.0,0.0,0.0,0.0,24
6450,20,6309,0.0,0.0,0.0,0.0,0.0,0.0,24
6451,20,6308,0.0,0.0,0.0,0.0,0.0,0.0,24
6452,20,6307,0.0,0.0,0.0,0.0,0.0,0.0,24
6453,20,6306,0.0,0.0,0.0,0.0,0.0,0.0,24
6454,20,6305,0.0,0.0,0.0,0.0,0.0,0.0,24
6455,20,6304,0.0,0.0,0.0,0.0,0.0,0.0,24
6456,20,6303,0.0,0.0,0.0,0.0,0.0,0.0,24
6457,20,6302,0.0,0.0,0.0,0.0,0.0,0.0,24
6458,20,6301,0.0,0.0,0.0,0.0,0.0,0.0,24
6459,20,6300,0.0,0.0,0.0,0.0,0.0,0.0,24
6460,20,6299,0.0,0.0,0.0,0.0,0.0,0.0,24
6461,20,5289,0.0,0.0,0.0,0.0,0.0,0.0,24
6462,20,6297,0.0,0.0,0.0,0.0,0.0,0.0,24
6463,20,6296,0.0,0.0,0.0,0.0,0.0,0.0,24
6464,20,6295,0.0,0.0,0.0,0.0,0.0,0.0,24
6465,20,6294,0.0,0.0,0.0,0.0,0.0,0.0,24
6466,20,6293,0.0,0.0,0.0,0.0,0.0,0.0,24
6467,20,6292,0.0,0.0,0.0,0.0,0.0,0.0,24
6468,20,6291,0.0,0.0,0.0,0.0,0.0,0.0,24
6469,20,6290,0.0,0.0,0.0,0.0,0.0,0.0,24
6470,20,6288,0.0,0.0,0.0,0.0,0.0,0.0,24
6471,20,6287,0.0,0.0,0.0,0.0,0.0,0.0,24
6472,20,6286,0.0,0.0,0.0,0.0,0.0,0.0,24
6473,20,6285,0.0,0.0,0.0,0.0,0.0,0.0,24
6474,20,6284,0.0,0.0,0.0,0.0,0.0,0.0,24
6475,20,6283,0.0,0.0,0.0,0.0,0.0,0.0,24
6476,20,5208,0.0,0.0,0.0,0.0,0.0,0.0,24
6477,20,5192,0.0,0.0,0.0,0.0,0.0,0.0,24
6478,20,5193,0.0,0.0,0.0,0.0,0.0,0.0,24
6479,20,5194,0.0,0.0,0.0,0.0,0.0,0.0,24
6480,20,5195,0.0,0.0,0.0,0.0,0.0,0.0,24
6481,20,5196,0.0,0.0,0.0,0.0,0.0,0.0,24
6482,20,5197,0.0,0.0,0.0,0.0,0.0,0.0,24
6483,20,5198,0.0,0.0,0.0,0.0,0.0,0.0,24
6484,20,5199,0.0,0.0,0.0,0.0,0.0,0.0,24
6485,20,5200,0.0,0.0,0.0,0.0,0.0,0.0,24
6486,20,5201,0.0,0.0,0.0,0.0,0.0,0.0,24
6487,20,5203,0.0,0.0,0.0,0.0,0.0,0.0,24
6488,20,5204,0.0,0.0,0.0,0.0,0.0,0.0,24
6489,20,5205,0.0,0.0,0.0,0.0,0.0,0.0,24
6490,20,5206,0.0,0.0,0.0,0.0,0.0,0.0,24
6491,20,5207,0.0,0.0,0.0,0.0,0.0,0.0,24
6492,20,5191,0.0,0.0,0.0,0.0,0.0,0.0,24
6493,20,5209,0.0,0.0,0.0,0.0,0.0,0.0,24
6494,20,5210,0.0,0.0,0.0,0.0,0.0,0.0,24
6495,20,5211,0.0,0.0,0.0,0.0,0.0,0.0,24
6496,20,5212,0.0,0.0,0.0,0.0,0.0,0.0,24
6497,20,5213,0.0,0.0,0.0,0.0,0.0,0.0,24
6498,20,5214,0.0,0.0,0.0,0.0,0.0,0.0,24
6499,20,5215,0.0,0.0,0.0,0.0,0.0,0.0,24
6500,20,5216,0.0,0.0,0.0,0.0,0.0,0.0,24
6501,20,5217,0.0,0.0,0.0,0.0,0.0,0.0,24
6502,20,5218,0.0,0.0,0.0,0.0,0.0,0.0,24
6503,20,5219,0.0,0.0,0.0,0.0,0.0,0.0,24
6504,20,5220,0.0,0.0,0.0,0.0,0.0,0.0,24
6505,20,5221,0.0,0.0,0.0,0.0,0.0,0.0,24
6506,20,5222,0.0,0.0,0.0,0.0,0.0,0.0,24
6507,20,5175,0.0,0.0,0.0,0.0,0.0,0.0,24
6508,20,5159,0.0,0.0,0.0,0.0,0.0,0.0,24
6509,20,5160,0.0,0.0,0.0,0.0,0.0,0.0,24
6510,20,5161,0.0,0.0,0.0,0.0,0.0,0.0,24
6511,20,5163,0.0,0.0,0.0,0.0,0.0,0.0,24
6512,20,5164,0.0,0.0,0.0,0.0,0.0,0.0,24
6513,20,5165,0.0,0.0,0.0,0.0,0.0,0.0,24
6514,20,5166,0.0,0.0,0.0,0.0,0.0,0.0,24
6515,20,5167,0.0,0.0,0.0,0.0,0.0,0.0,24
6516,20,5168,0.0,0.0,0.0,0.0,0.0,0.0,24
6517,20,5169,0.0,0.0,0.0,0.0,0.0,0.0,24
6518,20,5170,0.0,0.0,0.0,0.0,0.0,0.0,24
6519,20,5171,0.0,0.0,0.0,0.0,0.0,0.0,24
6520,20,5172,0.0,0.0,0.0,0.0,0.0,0.0,24
6521,20,5173,0.0,0.0,0.0,0.0,0.0,0.0,24
6522,20,5174,0.0,0.0,0.0,0.0,0.0,0.0,24
6523,20,5223,0.0,0.0,0.0,0.0,0.0,0.0,24
6524,20,5176,0.0,0.0,0.0,0.0,0.0,0.0,24
6525,20,5177,0.0,0.0,0.0,0.0,0.0,0.0,24
6526,20,5178,0.0,0.0,0.0,0.0,0.0,0.0,24
6527,20,5179,0.0,0.0,0.0,0.0,0.0,0.0,24
6528,20,5180,0.0,0.0,0.0,0.0,0.0,0.0,24
6529,20,5181,0.0,0.0,0.0,0.0,0.0,0.0,24
6530,20,5182,0.0,0.0,0.0,0.0,0.0,0.0,24
6531,20,5183,0.0,0.0,0.0,0.0,0.0,0.0,24
6532,20,5184,0.0,0.0,0.0,0.0,0.0,0.0,24
6533,20,5185,0.0,0.0,0.0,0.0,0.0,0.0,24
6534,20,5186,0.0,0.0,0.0,0.0,0.0,0.0,24
6535,20,5187,0.0,0.0,0.0,0.0,0.0,0.0,24
6536,20,5189,0.0,0.0,0.0,0.0,0.0,0.0,24
6537,20,5190,0.0,0.0,0.0,0.0,0.0,0.0,24
6538,20,5270,0.0,0.0,0.0,0.0,0.0,0.0,24
6539,20,5255,0.0,0.0,0.0,0.0,0.0,0.0,24
6540,20,5256,0.0,0.0,0.0,0.0,0.0,0.0,24
6541,20,5257,0.0,0.0,0.0,0.0,0.0,0.0,24
6542,20,5258,0.0,0.0,0.0,0.0,0.0,0.0,24
6543,20,5259,0.0,0.0,0.0,0.0,0.0,0.0,24
6544,20,5260,0.0,0.0,0.0,0.0,0.0,0.0,24
6545,20,5261,0.0,0.0,0.0,0.0,0.0,0.0,24
6546,20,5262,0.0,0.0,0.0,0.0,0.0,0.0,24
6547,20,5263,0.0,0.0,0.0,0.0,0.0,0.0,24
6548,20,5264,0.0,0.0,0.0,0.0,0.0,0.0,24
6549,20,5265,0.0,0.0,0.0,0.0,0.0,0.0,24
6550,20,5266,0.0,0.0,0.0,0.0,0.0,0.0,24
6551,20,5267,0.0,0.0,0.0,0.0,0.0,0.0,24
6552,20,5268,0.0,0.0,0.0,0.0,0.0,0.0,24
6553,20,5269,0.0,0.0,0.0,0.0,0.0,0.0,24
6554,20,5254,0.0,0.0,0.0,0.0,0.0,0.0,24
6555,20,5271,0.0,0.0,0.0,0.0,0.0,0.0,24
6556,20,5272,0.0,0.0,0.0,0.0,0.0,0.0,24
6557,20,5273,0.0,0.0,0.0,0.0,0.0,0.0,24
6558,20,5274,0.0,0.0,0.0,0.0,0.0,0.0,24
6559,20,5275,0.0,0.0,0.0,0.0,0.0,0.0,24
6560,20,5276,0.0,0.0,0.0,0.0,0.0,0.0,24
6561,20,5277,0.0,0.0,0.0,0.0,0.0,0.0,24
6562,20,5280,0.0,0.0,0.0,0.0,0.0,0.0,24
6563,20,5281,0.0,0.0,0.0,0.0,0.0,0.0,24
6564,20,5282,0.0,0.0,0.0,0.0,0.0,0.0,24
6565,20,5283,0.0,0.0,0.0,0.0,0.0,0.0,24
6566,20,5285,0.0,0.0,0.0,0.0,0.0,0.0,24
6567,20,5287,0.0,0.0,0.0,0.0,0.0,0.0,24
6568,20,5288,0.0,0.0,0.0,0.0,0.0,0.0,24
6569,20,5239,0.0,0.0,0.0,0.0,0.0,0.0,24
6570,20,5224,0.0,0.0,0.0,0.0,0.0,0.0,24
6571,20,5225,0.0,0.0,0.0,0.0,0.0,0.0,24
6572,20,5226,0.0,0.0,0.0,0.0,0.0,0.0,24
6573,20,5227,0.0,0.0,0.0,0.0,0.0,0.0,24
6574,20,5229,0.0,0.0,0.0,0.0,0.0,0.0,24
6575,20,5230,0.0,0.0,0.0,0.0,0.0,0.0,24
6576,20,5231,0.0,0.0,0.0,0.0,0.0,0.0,24
6577,20,5232,0.0,0.0,0.0,0.0,0.0,0.0,24
6578,20,5233,0.0,0.0,0.0,0.0,0.0,0.0,24
6579,20,5234,0.0,0.0,0.0,0.0,0.0,0.0,24
6580,20,5235,0.0,0.0,0.0,0.0,0.0,0.0,24
6581,20,5236,0.0,0.0,0.0,0.0,0.0,0.0,24
6582,20,5237,0.0,0.0,0.0,0.0,0.0,0.0,24
6583,20,5238,0.0,0.0,0.0,0.0,0.0,0.0,24
6584,20,6781,0.0,0.0,0.0,0.0,0.0,0.0,24
6585,20,5240,0.0,0.0,0.0,0.0,0.0,0.0,24
6586,20,5241,0.0,0.0,0.0,0.0,0.0,0.0,24
6587,20,5242,0.0,0.0,0.0,0.0,0.0,0.0,24
6588,20,5243,0.0,0.0,0.0,0.0,0.0,0.0,24
6589,20,5244,0.0,0.0,0.0,0.0,0.0,0.0,24
6590,20,5245,0.0,0.0,0.0,0.0,0.0,0.0,24
6591,20,5246,0.0,0.0,0.0,0.0,0.0,0.0,24
6592,20,5247,0.0,0.0,0.0,0.0,0.0,0.0,24
6593,20,5248,0.0,0.0,0.0,0.0,0.0,0.0,24
6594,20,5249,0.0,0.0,0.0,0.0,0.0,0.0,24
6595,20,5250,0.0,0.0,0.0,0.0,0.0,0.0,24
6596,20,5251,0.0,0.0,0.0,0.0,0.0,0.0,24
6597,20,5252,0.0,0.0,0.0,0.0,0.0,0.0,24
6598,20,5253,0.0,0.0,0.0,0.0,0.0,0.0,24
6599,20,8193,0.0,0.0,0.0,0.0,0.0,0.0,24
6600,20,8210,0.0,0.0,0.0,0.0,0.0,0.0,24
6601,20,8209,0.0,0.0,0.0,0.0,0.0,0.0,24
6602,20,8208,0.0,0.0,0.0,0.0,0.0,0.0,24
6603,20,8206,0.0,0.0,0.0,0.0,0.0,0.0,24
6604,20,8205,0.0,0.0,0.0,0.0,0.0,0.0,24
6605,20,8204,0.0,0.0,0.0,0.0,0.0,0.0,24
6606,20,8203,0.0,0.0,0.0,0.0,0.0,0.0,24
6607,20,8202,0.0,0.0,0.0,0.0,0.0,0.0,24
6608,20,8201,0.0,0.0,0.0,0.0,0.0,0.0,24
6609,20,8200,0.0,0.0,0.0,0.0,0.0,0.0,24
6610,20,8199,0.0,0.0,0.0,0.0,0.0,0.0,24
6611,20,8198,0.0,0.0,0.0,0.0,0.0,0.0,24
6612,20,8197,0.0,0.0,0.0,0.0,0.0,0.0,24
6613,20,8196,0.0,0.0,0.0,0.0,0.0,0.0,24
6614,20,8195,0.0,0.0,0.0,0.0,0.0,0.0,24
6615,20,8211,0.0,0.0,0.0,0.0,0.0,0.0,24
6616,20,0,0.0,0.0,0.0,0.0,0.0,0.0,24
6617,20,8191,0.0,0.0,0.0,0.0,0.0,0.0,24
6618,20,8190,0.0,0.0,0.0,0.0,0.0,0.0,24
6619,20,8189,0.0,0.0,0.0,0.0,0.0,0.0,24
6620,20,8188,0.0,0.0,0.0,0.0,0.0,0.0,24
6621,20,8187,0.0,0.0,0.0,0.0,0.0,0.0,24
6622,20,8186,0.0,0.0,0.0,0.0,0.0,0.0,24
6623,20,8185,0.0,0.0,0.0,0.0,0.0,0.0,24
6624,20,8184,0.0,0.0,0.0,0.0,0.0,0.0,24
6625,20,8183,0.0,0.0,0.0,0.0,0.0,0.0,24
6626,20,8181,0.0,0.0,0.0,0.0,0.0,0.0,24
6627,20,8179,0.0,0.0,0.0,0.0,0.0,0.0,24
6628,20,8178,0.0,0.0,0.0,0.0,0.0,0.0,24
6629,20,8177,0.0,0.0,0.0,0.0,0.0,0.0,24
6630,20,8228,0.0,0.0,0.0,0.0,0.0,0.0,24
6631,20,8244,0.0,0.0,0.0,0.0,0.0,0.0,24
6632,20,8242,0.0,0.0,0.0,0.0,0.0,0.0,24
6633,20,8241,0.0,0.0,0.0,0.0,0.0,0.0,24
6634,20,8240,0.0,0.0,0.0,0.0,0.0,0.0,24
6635,20,8239,0.0,0.0,0.0,0.0,0.0,0.0,24
6636,20,8238,0.0,0.0,0.0,0.0,0.0,0.0,24
6637,20,8237,0.0,0.0,0.0,0.0,0.0,0.0,24
6638,20,8236,0.0,0.0,0.0,0.0,0.0,0.0,24
6639,20,8235,0.0,0.0,0.0,0.0,0.0,0.0,24
6640,20,8234,0.0,0.0,0.0,0.0,0.0,0.0,24
6641,20,8233,0.0,0.0,0.0,0.0,0.0,0.0,24
6642,20,8232,0.0,0.0,0.0,0.0,0.0,0.0,24
6643,20,8231,0.0,0.0,0.0,0.0,0.0,0.0,24
6644,20,8230,0.0,0.0,0.0,0.0,0.0,0.0,24
6645,20,8229,0.0,0.0,0.0,0.0,0.0,0.0,24
6646,20,8176,0.0,0.0,0.0,0.0,0.0,0.0,24
6647,20,8227,0.0,0.0,0.0,0.0,0.0,0.0,24
6648,20,8226,0.0,0.0,0.0,0.0,0.0,0.0,24
6649,20,8225,0.0,0.0,0.0,0.0,0.0,0.0,24
6650,20,8224,0.0,0.0,0.0,0.0,0.0,0.0,24
6651,20,8222,0.0,0.0,0.0,0.0,0.0,0.0,24
6652,20,8221,0.0,0.0,0.0,0.0,0.0,0.0,24
6653,20,8220,0.0,0.0,0.0,0.0,0.0,0.0,24
6654,20,8219,0.0,0.0,0.0,0.0,0.0,0.0,24
6655,20,8218,0.0,0.0,0.0,0.0,0.0,0.0,24
6656,20,8217,0.0,0.0,0.0,0.0,0.0,0.0,24
6657,20,8216,0.0,0.0,0.0,0.0,0.0,0.0,24
6658,20,8215,0.0,0.0,0.0,0.0,0.0,0.0,24
6659,20,8213,0.0,0.0,0.0,0.0,0.0,0.0,24
6660,20,8212,0.0,0.0,0.0,0.0,0.0,0.0,24
6661,20,8124,0.0,0.0,0.0,0.0,0.0,0.0,24
6662,20,8141,0.0,0.0,0.0,0.0,0.0,0.0,24
6663,20,8140,0.0,0.0,0.0,0.0,0.0,0.0,24
6664,20,8139,0.0,0.0,0.0,0.0,0.0,0.0,24
6665,20,8138,0.0,0.0,0.0,0.0,0.0,0.0,24
6666,20,8137,0.0,0.0,0.0,0.0,0.0,0.0,24
6667,20,8136,0.0,0.0,0.0,0.0,0.0,0.0,24
6668,20,8135,0.0,0.0,0.0,0.0,0.0,0.0,24
6669,20,8134,0.0,0.0,0.0,0.0,0.0,0.0,24
6670,20,8133,0.0,0.0,0.0,0.0,0.0,0.0,24
6671,20,8132,0.0,0.0,0.0,0.0,0.0,0.0,24
6672,20,8129,0.0,0.0,0.0,0.0,0.0,0.0,24
6673,20,8128,0.0,0.0,0.0,0.0,0.0,0.0,24
6674,20,8127,0.0,0.0,0.0,0.0,0.0,0.0,24
6675,20,8126,0.0,0.0,0.0,0.0,0.0,0.0,24
6676,20,8125,0.0,0.0,0.0,0.0,0.0,0.0,24
6677,20,8142,0.0,0.0,0.0,0.0,0.0,0.0,24
6678,20,8123,0.0,0.0,0.0,0.0,0.0,0.0,24
6679,20,8122,0.0,0.0,0.0,0.0,0.0,0.0,24
6680,20,8121,0.0,0.0,0.0,0.0,0.0,0.0,24
6681,20,8120,0.0,0.0,0.0,0.0,0.0,0.0,24
6682,20,8119,0.0,0.0,0.0,0.0,0.0,0.0,24
6683,20,8118,0.0,0.0,0.0,0.0,0.0,0.0,24
6684,20,8117,0.0,0.0,0.0,0.0,0.0,0.0,24
6685,20,8116,0.0,0.0,0.0,0.0,0.0,0.0,24
6686,20,8115,0.0,0.0,0.0,0.0,0.0,0.0,24
6687,20,8114,0.0,0.0,0.0,0.0,0.0,0.0,24
6688,20,8113,0.0,0.0,0.0,0.0,0.0,0.0,24
6689,20,8112,0.0,0.0,0.0,0.0,0.0,0.0,24
6690,20,8111,0.0,0.0,0.0,0.0,0.0,0.0,24
6691,20,8110,0.0,0.0,0.0,0.0,0.0,0.0,24
6692,20,8160,0.0,0.0,0.0,0.0,0.0,0.0,24
6693,20,8175,0.0,0.0,0.0,0.0,0.0,0.0,24
6694,20,8174,0.0,0.0,0.0,0.0,0.0,0.0,24
6695,20,8173,0.0,0.0,0.0,0.0,0.0,0.0,24
6696,20,8172,0.0,0.0,0.0,0.0,0.0,0.0,24
6697,20,8171,0.0,0.0,0.0,0.0,0.0,0.0,24
6698,20,8170,0.0,0.0,0.0,0.0,0.0,0.0,24
6699,20,8169,0.0,0.0,0.0,0.0,0.0,0.0,24
6700,20,8168,0.0,0.0,0.0,0.0,0.0,0.0,24
6701,20,8167,0.0,0.0,0.0,0.0,0.0,0.0,24
6702,20,8166,0.0,0.0,0.0,0.0,0.0,0.0,24
6703,20,8165,0.0,0.0,0.0,0.0,0.0,0.0,24
6704,20,8164,0.0,0.0,0.0,0.0,0.0,0.0,24
6705,20,8163,0.0,0.0,0.0,0.0,0.0,0.0,24
6706,20,8162,0.0,0.0,0.0,0.0,0.0,0.0,24
6707,20,8161,0.0,0.0,0.0,0.0,0.0,0.0,24
6708,20,8245,0.0,0.0,0.0,0.0,0.0,0.0,24
6709,20,8158,0.0,0.0,0.0,0.0,0.0,0.0,24
6710,20,8157,0.0,0.0,0.0,0.0,0.0,0.0,24
6711,20,8156,0.0,0.0,0.0,0.0,0.0,0.0,24
6712,20,8155,0.0,0.0,0.0,0.0,0.0,0.0,24
6713,20,8154,0.0,0.0,0.0,0.0,0.0,0.0,24
6714,20,8153,0.0,0.0,0.0,0.0,0.0,0.0,24
6715,20,8151,0.0,0.0,0.0,0.0,0.0,0.0,24
6716,20,8150,0.0,0.0,0.0,0.0,0.0,0.0,24
6717,20,8149,0.0,0.0,0.0,0.0,0.0,0.0,24
6718,20,8148,0.0,0.0,0.0,0.0,0.0,0.0,24
6719,20,8146,0.0,0.0,0.0,0.0,0.0,0.0,24
6720,20,8145,0.0,0.0,0.0,0.0,0.0,0.0,24
6721,20,8144,0.0,0.0,0.0,0.0,0.0,0.0,24
6722,20,8143,0.0,0.0,0.0,0.0,0.0,0.0,24
6723,20,8327,0.0,0.0,0.0,0.0,0.0,0.0,24
6724,20,8342,0.0,0.0,0.0,0.0,0.0,0.0,24
6725,20,8341,0.0,0.0,0.0,0.0,0.0,0.0,24
6726,20,8340,0.0,0.0,0.0,0.0,0.0,0.0,24
6727,20,8339,0.0,0.0,0.0,0.0,0.0,0.0,24
6728,20,8338,0.0,0.0,0.0,0.0,0.0,0.0,24
6729,20,8337,0.0,0.0,0.0,0.0,0.0,0.0,24
6730,20,8336,0.0,0.0,0.0,0.0,0.0,0.0,24
6731,20,8335,0.0,0.0,0.0,0.0,0.0,0.0,24
6732,20,8334,0.0,0.0,0.0,0.0,0.0,0.0,24
6733,20,8333,0.0,0.0,0.0,0.0,0.0,0.0,24
6734,20,8332,0.0,0.0,0.0,0.0,0.0,0.0,24
6735,20,8331,0.0,0.0,0.0,0.0,0.0,0.0,24
6736,20,8330,0.0,0.0,0.0,0.0,0.0,0.0,24
6737,20,8329,0.0,0.0,0.0,0.0,0.0,0.0,24
6738,20,8328,0.0,0.0,0.0,0.0,0.0,0.0,24
6739,20,8343,0.0,0.0,0.0,0.0,0.0,0.0,24
6740,20,8326,0.0,0.0,0.0,0.0,0.0,0.0,24
6741,20,8325,0.0,0.0,0.0,0.0,0.0,0.0,24
6742,20,8324,0.0,0.0,0.0,0.0,0.0,0.0,24
6743,20,8323,0.0,0.0,0.0,0.0,0.0,0.0,24
6744,20,8321,0.0,0.0,0.0,0.0,0.0,0.0,24
6745,20,8320,0.0,0.0,0.0,0.0,0.0,0.0,24
6746,20,8319,0.0,0.0,0.0,0.0,0.0,0.0,24
6747,20,8318,0.0,0.0,0.0,0.0,0.0,0.0,24
6748,20,8317,0.0,0.0,0.0,0.0,0.0,0.0,24
6749,20,8316,0.0,0.0,0.0,0.0,0.0,0.0,24
6750,20,8315,0.0,0.0,0.0,0.0,0.0,0.0,24
6751,20,8314,0.0,0.0,0.0,0.0,0.0,0.0,24
6752,20,8313,0.0,0.0,0.0,0.0,0.0,0.0,24
6753,20,8312,0.0,0.0,0.0,0.0,0.0,0.0,24
6754,20,8360,0.0,0.0,0.0,0.0,0.0,0.0,24
6755,20,8378,0.0,0.0,0.0,0.0,0.0,0.0,24
6756,20,8377,0.0,0.0,0.0,0.0,0.0,0.0,24
6757,20,8376,0.0,0.0,0.0,0.0,0.0,0.0,24
6758,20,8375,0.0,0.0,0.0,0.0,0.0,0.0,24
6759,20,8374,0.0,0.0,0.0,0.0,0.0,0.0,24
6760,20,8373,0.0,0.0,0.0,0.0,0.0,0.0,24
6761,20,8372,0.0,0.0,0.0,0.0,0.0,0.0,24
6762,20,8371,0.0,0.0,0.0,0.0,0.0,0.0,24
6763,20,8370,0.0,0.0,0.0,0.0,0.0,0.0,24
6764,20,8368,0.0,0.0,0.0,0.0,0.0,0.0,24
6765,20,8366,0.0,0.0,0.0,0.0,0.0,0.0,24
6766,20,8364,0.0,0.0,0.0,0.0,0.0,0.0,24
6767,20,8363,0.0,0.0,0.0,0.0,0.0,0.0,24
6768,20,8362,0.0,0.0,0.0,0.0,0.0,0.0,24
6769,20,8361,0.0,0.0,0.0,0.0,0.0,0.0,24
6770,20,8311,0.0,0.0,0.0,0.0,0.0,0.0,24
6771,20,8359,0.0,0.0,0.0,0.0,0.0,0.0,24
6772,20,8358,0.0,0.0,0.0,0.0,0.0,0.0,24
6773,20,8357,0.0,0.0,0.0,0.0,0.0,0.0,24
6774,20,8356,0.0,0.0,0.0,0.0,0.0,0.0,24
6775,20,8354,0.0,0.0,0.0,0.0,0.0,0.0,24
6776,20,8353,0.0,0.0,0.0,0.0,0.0,0.0,24
6777,20,8352,0.0,0.0,0.0,0.0,0.0,0.0,24
6778,20,8351,0.0,0.0,0.0,0.0,0.0,0.0,24
6779,20,8349,0.0,0.0,0.0,0.0,0.0,0.0,24
6780,20,8348,0.0,0.0,0.0,0.0,0.0,0.0,24
6781,20,8347,0.0,0.0,0.0,0.0,0.0,0.0,24
6782,20,8346,0.0,0.0,0.0,0.0,0.0,0.0,24
6783,20,8345,0.0,0.0,0.0,0.0,0.0,0.0,24
6784,20,8344,0.0,0.0,0.0,0.0,0.0,0.0,24
6785,20,8260,0.0,0.0,0.0,0.0,0.0,0.0,24
6786,20,8275,0.0,0.0,0.0,0.0,0.0,0.0,24
6787,20,8274,0.0,0.0,0.0,0.0,0.0,0.0,24
6788,20,8273,0.0,0.0,0.0,0.0,0.0,0.0,24
6789,20,8272,0.0,0.0,0.0,0.0,0.0,0.0,24
6790,20,8271,0.0,0.0,0.0,0.0,0.0,0.0,24
6791,20,8270,0.0,0.0,0.0,0.0,0.0,0.0,24
6792,20,8269,0.0,0.0,0.0,0.0,0.0,0.0,24
6793,20,8268,0.0,0.0,0.0,0.0,0.0,0.0,24
6794,20,8267,0.0,0.0,0.0,0.0,0.0,0.0,24
6795,20,8266,0.0,0.0,0.0,0.0,0.0,0.0,24
6796,20,8265,0.0,0.0,0.0,0.0,0.0,0.0,24
6797,20,8264,0.0,0.0,0.0,0.0,0.0,0.0,24
6798,20,8263,0.0,0.0,0.0,0.0,0.0,0.0,24
6799,20,8262,0.0,0.0,0.0,0.0,0.0,0.0,24
6800,20,8261,0.0,0.0,0.0,0.0,0.0,0.0,24
6801,20,8276,0.0,0.0,0.0,0.0,0.0,0.0,24
6802,20,8259,0.0,0.0,0.0,0.0,0.0,0.0,24
6803,20,8258,0.0,0.0,0.0,0.0,0.0,0.0,24
6804,20,8257,0.0,0.0,0.0,0.0,0.0,0.0,24
6805,20,8256,0.0,0.0,0.0,0.0,0.0,0.0,24
6806,20,8255,0.0,0.0,0.0,0.0,0.0,0.0,24
6807,20,8254,0.0,0.0,0.0,0.0,0.0,0.0,24
6808,20,8253,0.0,0.0,0.0,0.0,0.0,0.0,24
6809,20,8252,0.0,0.0,0.0,0.0,0.0,0.0,24
6810,20,8251,0.0,0.0,0.0,0.0,0.0,0.0,24
6811,20,8250,0.0,0.0,0.0,0.0,0.0,0.0,24
6812,20,8249,0.0,0.0,0.0,0.0,0.0,0.0,24
6813,20,8248,0.0,0.0,0.0,0.0,0.0,0.0,24
6814,20,8247,0.0,0.0,0.0,0.0,0.0,0.0,24
6815,20,8246,0.0,0.0,0.0,0.0,0.0,0.0,24
6816,20,8292,0.0,0.0,0.0,0.0,0.0,0.0,24
6817,20,8310,0.0,0.0,0.0,0.0,0.0,0.0,24
6818,20,8309,0.0,0.0,0.0,0.0,0.0,0.0,24
6819,20,8308,0.0,0.0,0.0,0.0,0.0,0.0,24
6820,20,8307,0.0,0.0,0.0,0.0,0.0,0.0,24
6821,20,8306,0.0,0.0,0.0,0.0,0.0,0.0,24
6822,20,8305,0.0,0.0,0.0,0.0,0.0,0.0,24
6823,20,8304,0.0,0.0,0.0,0.0,0.0,0.0,24
6824,20,8303,0.0,0.0,0.0,0.0,0.0,0.0,24
6825,20,8302,0.0,0.0,0.0,0.0,0.0,0.0,24
6826,20,8301,0.0,0.0,0.0,0.0,0.0,0.0,24
6827,20,8300,0.0,0.0,0.0,0.0,0.0,0.0,24
6828,20,8297,0.0,0.0,0.0,0.0,0.0,0.0,24
6829,20,8296,0.0,0.0,0.0,0.0,0.0,0.0,24
6830,20,8294,0.0,0.0,0.0,0.0,0.0,0.0,24
6831,20,8293,0.0,0.0,0.0,0.0,0.0,0.0,24
6832,20,8109,0.0,0.0,0.0,0.0,0.0,0.0,24
6833,20,8290,0.0,0.0,0.0,0.0,0.0,0.0,24
6834,20,8289,0.0,0.0,0.0,0.0,0.0,0.0,24
6835,20,8288,0.0,0.0,0.0,0.0,0.0,0.0,24
6836,20,8287,0.0,0.0,0.0,0.0,0.0,0.0,24
6837,20,8286,0.0,0.0,0.0,0.0,0.0,0.0,24
6838,20,8285,0.0,0.0,0.0,0.0,0.0,0.0,24
6839,20,8284,0.0,0.0,0.0,0.0,0.0,0.0,24
6840,20,8283,0.0,0.0,0.0,0.0,0.0,0.0,24
6841,20,8282,0.0,0.0,0.0,0.0,0.0,0.0,24
6842,20,8281,0.0,0.0,0.0,0.0,0.0,0.0,24
6843,20,8280,0.0,0.0,0.0,0.0,0.0,0.0,24
6844,20,8279,0.0,0.0,0.0,0.0,0.0,0.0,24
6845,20,8278,0.0,0.0,0.0,0.0,0.0,0.0,24
6846,20,8277,0.0,0.0,0.0,0.0,0.0,0.0,24
6847,20,7924,0.0,0.0,0.0,0.0,0.0,0.0,24
6848,20,7944,0.0,0.0,0.0,0.0,0.0,0.0,24
6849,20,7943,0.0,0.0,0.0,0.0,0.0,0.0,24
6850,20,7941,0.0,0.0,0.0,0.0,0.0,0.0,24
6851,20,7940,0.0,0.0,0.0,0.0,0.0,0.0,24
6852,20,7938,0.0,0.0,0.0,0.0,0.0,0.0,24
6853,20,7936,0.0,0.0,0.0,0.0,0.0,0.0,24
6854,20,7935,0.0,0.0,0.0,0.0,0.0,0.0,24
6855,20,7933,0.0,0.0,0.0,0.0,0.0,0.0,24
6856,20,7932,0.0,0.0,0.0,0.0,0.0,0.0,24
6857,20,7930,0.0,0.0,0.0,0.0,0.0,0.0,24
6858,20,7929,0.0,0.0,0.0,0.0,0.0,0.0,24
6859,20,7928,0.0,0.0,0.0,0.0,0.0,0.0,24
6860,20,7927,0.0,0.0,0.0,0.0,0.0,0.0,24
6861,20,7926,0.0,0.0,0.0,0.0,0.0,0.0,24
6862,20,7925,0.0,0.0,0.0,0.0,0.0,0.0,24
6863,20,7945,0.0,0.0,0.0,0.0,0.0,0.0,24
6864,20,7923,0.0,0.0,0.0,0.0,0.0,0.0,24
6865,20,7922,0.0,0.0,0.0,0.0,0.0,0.0,24
6866,20,7921,0.0,0.0,0.0,0.0,0.0,0.0,24
6867,20,7920,0.0,0.0,0.0,0.0,0.0,0.0,24
6868,20,7919,0.0,0.0,0.0,0.0,0.0,0.0,24
6869,20,7918,0.0,0.0,0.0,0.0,0.0,0.0,24
6870,20,7916,0.0,0.0,0.0,0.0,0.0,0.0,24
6871,20,7915,0.0,0.0,0.0,0.0,0.0,0.0,24
6872,20,7914,0.0,0.0,0.0,0.0,0.0,0.0,24
6873,20,7913,0.0,0.0,0.0,0.0,0.0,0.0,24
6874,20,7912,0.0,0.0,0.0,0.0,0.0,0.0,24
6875,20,7911,0.0,0.0,0.0,0.0,0.0,0.0,24
6876,20,7909,0.0,0.0,0.0,0.0,0.0,0.0,24
6877,20,7908,0.0,0.0,0.0,0.0,0.0,0.0,24
6878,20,7960,0.0,0.0,0.0,0.0,0.0,0.0,24
6879,20,7977,0.0,0.0,0.0,0.0,0.0,0.0,24
6880,20,7976,0.0,0.0,0.0,0.0,0.0,0.0,24
6881,20,7975,0.0,0.0,0.0,0.0,0.0,0.0,24
6882,20,7974,0.0,0.0,0.0,0.0,0.0,0.0,24
6883,20,7973,0.0,0.0,0.0,0.0,0.0,0.0,24
6884,20,7971,0.0,0.0,0.0,0.0,0.0,0.0,24
6885,20,7970,0.0,0.0,0.0,0.0,0.0,0.0,24
6886,20,7969,0.0,0.0,0.0,0.0,0.0,0.0,24
6887,20,7968,0.0,0.0,0.0,0.0,0.0,0.0,24
6888,20,7967,0.0,0.0,0.0,0.0,0.0,0.0,24
6889,20,7966,0.0,0.0,0.0,0.0,0.0,0.0,24
6890,20,7964,0.0,0.0,0.0,0.0,0.0,0.0,24
6891,20,7963,0.0,0.0,0.0,0.0,0.0,0.0,24
6892,20,7962,0.0,0.0,0.0,0.0,0.0,0.0,24
6893,20,7961,0.0,0.0,0.0,0.0,0.0,0.0,24
6894,20,7907,0.0,0.0,0.0,0.0,0.0,0.0,24
6895,20,7959,0.0,0.0,0.0,0.0,0.0,0.0,24
6896,20,7958,0.0,0.0,0.0,0.0,0.0,0.0,24
6897,20,7957,0.0,0.0,0.0,0.0,0.0,0.0,24
6898,20,7956,0.0,0.0,0.0,0.0,0.0,0.0,24
6899,20,7955,0.0,0.0,0.0,0.0,0.0,0.0,24
6900,20,7954,0.0,0.0,0.0,0.0,0.0,0.0,24
6901,20,7953,0.0,0.0,0.0,0.0,0.0,0.0,24
6902,20,7952,0.0,0.0,0.0,0.0,0.0,0.0,24
6903,20,7951,0.0,0.0,0.0,0.0,0.0,0.0,24
6904,20,7950,0.0,0.0,0.0,0.0,0.0,0.0,24
6905,20,7949,0.0,0.0,0.0,0.0,0.0,0.0,24
6906,20,7948,0.0,0.0,0.0,0.0,0.0,0.0,24
6907,20,7947,0.0,0.0,0.0,0.0,0.0,0.0,24
6908,20,7946,0.0,0.0,0.0,0.0,0.0,0.0,24
6909,20,7856,0.0,0.0,0.0,0.0,0.0,0.0,24
6910,20,7872,0.0,0.0,0.0,0.0,0.0,0.0,24
6911,20,7871,0.0,0.0,0.0,0.0,0.0,0.0,24
6912,20,7870,0.0,0.0,0.0,0.0,0.0,0.0,24
6913,20,7869,0.0,0.0,0.0,0.0,0.0,0.0,24
6914,20,7868,0.0,0.0,0.0,0.0,0.0,0.0,24
6915,20,7867,0.0,0.0,0.0,0.0,0.0,0.0,24
6916,20,7866,0.0,0.0,0.0,0.0,0.0,0.0,24
6917,20,7864,0.0,0.0,0.0,0.0,0.0,0.0,24
6918,20,7863,0.0,0.0,0.0,0.0,0.0,0.0,24
6919,20,7862,0.0,0.0,0.0,0.0,0.0,0.0,24
6920,20,7861,0.0,0.0,0.0,0.0,0.0,0.0,24
6921,20,7860,0.0,0.0,0.0,0.0,0.0,0.0,24
6922,20,7859,0.0,0.0,0.0,0.0,0.0,0.0,24
6923,20,7858,0.0,0.0,0.0,0.0,0.0,0.0,24
6924,20,7857,0.0,0.0,0.0,0.0,0.0,0.0,24
6925,20,7873,0.0,0.0,0.0,0.0,0.0,0.0,24
6926,20,7855,0.0,0.0,0.0,0.0,0.0,0.0,24
6927,20,7854,0.0,0.0,0.0,0.0,0.0,0.0,24
6928,20,7853,0.0,0.0,0.0,0.0,0.0,0.0,24
6929,20,7852,0.0,0.0,0.0,0.0,0.0,0.0,24
6930,20,7851,0.0,0.0,0.0,0.0,0.0,0.0,24
6931,20,7850,0.0,0.0,0.0,0.0,0.0,0.0,24
6932,20,7849,0.0,0.0,0.0,0.0,0.0,0.0,24
6933,20,7848,0.0,0.0,0.0,0.0,0.0,0.0,24
6934,20,7847,0.0,0.0,0.0,0.0,0.0,0.0,24
6935,20,7846,0.0,0.0,0.0,0.0,0.0,0.0,24
6936,20,7845,0.0,0.0,0.0,0.0,0.0,0.0,24
6937,20,7844,0.0,0.0,0.0,0.0,0.0,0.0,24
6938,20,7843,0.0,0.0,0.0,0.0,0.0,0.0,24
6939,20,7842,0.0,0.0,0.0,0.0,0.0,0.0,24
6940,20,7891,0.0,0.0,0.0,0.0,0.0,0.0,24
6941,20,7906,0.0,0.0,0.0,0.0,0.0,0.0,24
6942,20,7905,0.0,0.0,0.0,0.0,0.0,0.0,24
6943,20,7904,0.0,0.0,0.0,0.0,0.0,0.0,24
6944,20,7903,0.0,0.0,0.0,0.0,0.0,0.0,24
6945,20,7902,0.0,0.0,0.0,0.0,0.0,0.0,24
6946,20,7901,0.0,0.0,0.0,0.0,0.0,0.0,24
6947,20,7900,0.0,0.0,0.0,0.0,0.0,0.0,24
6948,20,7899,0.0,0.0,0.0,0.0,0.0,0.0,24
6949,20,7898,0.0,0.0,0.0,0.0,0.0,0.0,24
6950,20,7897,0.0,0.0,0.0,0.0,0.0,0.0,24
6951,20,7896,0.0,0.0,0.0,0.0,0.0,0.0,24
6952,20,7895,0.0,0.0,0.0,0.0,0.0,0.0,24
6953,20,7894,0.0,0.0,0.0,0.0,0.0,0.0,24
6954,20,7893,0.0,0.0,0.0,0.0,0.0,0.0,24
6955,20,7892,0.0,0.0,0.0,0.0,0.0,0.0,24
6956,20,7979,0.0,0.0,0.0,0.0,0.0,0.0,24
6957,20,7890,0.0,0.0,0.0,0.0,0.0,0.0,24
6958,20,7888,0.0,0.0,0.0,0.0,0.0,0.0,24
6959,20,7887,0.0,0.0,0.0,0.0,0.0,0.0,24
6960,20,7886,0.0,0.0,0.0,0.0,0.0,0.0,24
6961,20,7885,0.0,0.0,0.0,0.0,0.0,0.0,24
6962,20,7884,0.0,0.0,0.0,0.0,0.0,0.0,24
6963,20,7882,0.0,0.0,0.0,0.0,0.0,0.0,24
6964,20,7881,0.0,0.0,0.0,0.0,0.0,0.0,24
6965,20,7880,0.0,0.0,0.0,0.0,0.0,0.0,24
6966,20,7879,0.0,0.0,0.0,0.0,0.0,0.0,24
6967,20,7877,0.0,0.0,0.0,0.0,0.0,0.0,24
6968,20,7876,0.0,0.0,0.0,0.0,0.0,0.0,24
6969,20,7875,0.0,0.0,0.0,0.0,0.0,0.0,24
6970,20,7874,0.0,0.0,0.0,0.0,0.0,0.0,24
6971,20,8062,0.0,0.0,0.0,0.0,0.0,0.0,24
6972,20,8077,0.0,0.0,0.0,0.0,0.0,0.0,24
6973,20,8076,0.0,0.0,0.0,0.0,0.0,0.0,24
6974,20,8075,0.0,0.0,0.0,0.0,0.0,0.0,24
6975,20,8074,0.0,0.0,0.0,0.0,0.0,0.0,24
6976,20,8073,0.0,0.0,0.0,0.0,0.0,0.0,24
6977,20,8072,0.0,0.0,0.0,0.0,0.0,0.0,24
6978,20,8071,0.0,0.0,0.0,0.0,0.0,0.0,24
6979,20,8070,0.0,0.0,0.0,0.0,0.0,0.0,24
6980,20,8069,0.0,0.0,0.0,0.0,0.0,0.0,24
6981,20,8068,0.0,0.0,0.0,0.0,0.0,0.0,24
6982,20,8067,0.0,0.0,0.0,0.0,0.0,0.0,24
6983,20,8066,0.0,0.0,0.0,0.0,0.0,0.0,24
6984,20,8065,0.0,0.0,0.0,0.0,0.0,0.0,24
6985,20,8064,0.0,0.0,0.0,0.0,0.0,0.0,24
6986,20,8063,0.0,0.0,0.0,0.0,0.0,0.0,24
6987,20,8078,0.0,0.0,0.0,0.0,0.0,0.0,24
6988,20,8061,0.0,0.0,0.0,0.0,0.0,0.0,24
6989,20,8060,0.0,0.0,0.0,0.0,0.0,0.0,24
6990,20,8059,0.0,0.0,0.0,0.0,0.0,0.0,24
6991,20,8058,0.0,0.0,0.0,0.0,0.0,0.0,24
6992,20,8056,0.0,0.0,0.0,0.0,0.0,0.0,24
6993,20,8055,0.0,0.0,0.0,0.0,0.0,0.0,24
6994,20,8054,0.0,0.0,0.0,0.0,0.0,0.0,24
6995,20,8053,0.0,0.0,0.0,0.0,0.0,0.0,24
6996,20,8052,0.0,0.0,0.0,0.0,0.0,0.0,24
6997,20,8051,0.0,0.0,0.0,0.0,0.0,0.0,24
6998,20,8049,0.0,0.0,0.0,0.0,0.0,0.0,24
6999,20,8048,0.0,0.0,0.0,0.0,0.0,0.0,24
7000,20,8047,0.0,0.0,0.0,0.0,0.0,0.0,24
7001,20,8046,0.0,0.0,0.0,0.0,0.0,0.0,24
7002,20,8093,0.0,0.0,0.0,0.0,0.0,0.0,24
7003,20,8108,0.0,0.0,0.0,0.0,0.0,0.0,24
7004,20,8107,0.0,0.0,0.0,0.0,0.0,0.0,24
7005,20,8106,0.0,0.0,0.0,0.0,0.0,0.0,24
7006,20,8105,0.0,0.0,0.0,0.0,0.0,0.0,24
7007,20,8104,0.0,0.0,0.0,0.0,0.0,0.0,24
7008,20,8103,0.0,0.0,0.0,0.0,0.0,0.0,24
7009,20,8102,0.0,0.0,0.0,0.0,0.0,0.0,24
7010,20,8101,0.0,0.0,0.0,0.0,0.0,0.0,24
7011,20,8100,0.0,0.0,0.0,0.0,0.0,0.0,24
7012,20,8099,0.0,0.0,0.0,0.0,0.0,0.0,24
7013,20,8098,0.0,0.0,0.0,0.0,0.0,0.0,24
7014,20,8097,0.0,0.0,0.0,0.0,0.0,0.0,24
7015,20,8096,0.0,0.0,0.0,0.0,0.0,0.0,24
7016,20,8095,0.0,0.0,0.0,0.0,0.0,0.0,24
7017,20,8094,0.0,0.0,0.0,0.0,0.0,0.0,24
7018,20,8045,0.0,0.0,0.0,0.0,0.0,0.0,24
7019,20,8092,0.0,0.0,0.0,0.0,0.0,0.0,24
7020,20,8091,0.0,0.0,0.0,0.0,0.0,0.0,24
7021,20,8090,0.0,0.0,0.0,0.0,0.0,0.0,24
7022,20,8089,0.0,0.0,0.0,0.0,0.0,0.0,24
7023,20,8088,0.0,0.0,0.0,0.0,0.0,0.0,24
7024,20,8087,0.0,0.0,0.0,0.0,0.0,0.0,24
7025,20,8086,0.0,0.0,0.0,0.0,0.0,0.0,24
7026,20,8085,0.0,0.0,0.0,0.0,0.0,0.0,24
7027,20,8084,0.0,0.0,0.0,0.0,0.0,0.0,24
7028,20,8083,0.0,0.0,0.0,0.0,0.0,0.0,24
7029,20,8082,0.0,0.0,0.0,0.0,0.0,0.0,24
7030,20,8081,0.0,0.0,0.0,0.0,0.0,0.0,24
7031,20,8080,0.0,0.0,0.0,0.0,0.0,0.0,24
7032,20,8079,0.0,0.0,0.0,0.0,0.0,0.0,24
7033,20,7994,0.0,0.0,0.0,0.0,0.0,0.0,24
7034,20,8010,0.0,0.0,0.0,0.0,0.0,0.0,24
7035,20,8009,0.0,0.0,0.0,0.0,0.0,0.0,24
7036,20,8008,0.0,0.0,0.0,0.0,0.0,0.0,24
7037,20,8007,0.0,0.0,0.0,0.0,0.0,0.0,24
7038,20,8006,0.0,0.0,0.0,0.0,0.0,0.0,24
7039,20,8005,0.0,0.0,0.0,0.0,0.0,0.0,24
7040,20,8004,0.0,0.0,0.0,0.0,0.0,0.0,24
7041,20,8003,0.0,0.0,0.0,0.0,0.0,0.0,24
7042,20,8002,0.0,0.0,0.0,0.0,0.0,0.0,24
7043,20,8001,0.0,0.0,0.0,0.0,0.0,0.0,24
7044,20,8000,0.0,0.0,0.0,0.0,0.0,0.0,24
7045,20,7998,0.0,0.0,0.0,0.0,0.0,0.0,24
7046,20,7997,0.0,0.0,0.0,0.0,0.0,0.0,24
7047,20,7996,0.0,0.0,0.0,0.0,0.0,0.0,24
7048,20,7995,0.0,0.0,0.0,0.0,0.0,0.0,24
7049,20,8011,0.0,0.0,0.0,0.0,0.0,0.0,24
7050,20,7993,0.0,0.0,0.0,0.0,0.0,0.0,24
7051,20,7992,0.0,0.0,0.0,0.0,0.0,0.0,24
7052,20,7991,0.0,0.0,0.0,0.0,0.0,0.0,24
7053,20,7990,0.0,0.0,0.0,0.0,0.0,0.0,24
7054,20,7989,0.0,0.0,0.0,0.0,0.0,0.0,24
7055,20,7988,0.0,0.0,0.0,0.0,0.0,0.0,24
7056,20,7987,0.0,0.0,0.0,0.0,0.0,0.0,24
7057,20,7986,0.0,0.0,0.0,0.0,0.0,0.0,24
7058,20,7985,0.0,0.0,0.0,0.0,0.0,0.0,24
7059,20,7984,0.0,0.0,0.0,0.0,0.0,0.0,24
7060,20,7983,0.0,0.0,0.0,0.0,0.0,0.0,24
7061,20,7982,0.0,0.0,0.0,0.0,0.0,0.0,24
7062,20,7981,0.0,0.0,0.0,0.0,0.0,0.0,24
7063,20,7980,0.0,0.0,0.0,0.0,0.0,0.0,24
7064,20,8028,0.0,0.0,0.0,0.0,0.0,0.0,24
7065,20,8044,0.0,0.0,0.0,0.0,0.0,0.0,24
7066,20,8043,0.0,0.0,0.0,0.0,0.0,0.0,24
7067,20,8042,0.0,0.0,0.0,0.0,0.0,0.0,24
7068,20,8041,0.0,0.0,0.0,0.0,0.0,0.0,24
7069,20,8040,0.0,0.0,0.0,0.0,0.0,0.0,24
7070,20,8038,0.0,0.0,0.0,0.0,0.0,0.0,24
7071,20,8037,0.0,0.0,0.0,0.0,0.0,0.0,24
7072,20,8036,0.0,0.0,0.0,0.0,0.0,0.0,24
7073,20,8035,0.0,0.0,0.0,0.0,0.0,0.0,24
7074,20,8034,0.0,0.0,0.0,0.0,0.0,0.0,24
7075,20,8033,0.0,0.0,0.0,0.0,0.0,0.0,24
7076,20,8032,0.0,0.0,0.0,0.0,0.0,0.0,24
7077,20,8031,0.0,0.0,0.0,0.0,0.0,0.0,24
7078,20,8030,0.0,0.0,0.0,0.0,0.0,0.0,24
7079,20,8029,0.0,0.0,0.0,0.0,0.0,0.0,24
7080,20,8379,0.0,0.0,0.0,0.0,0.0,0.0,24
7081,20,8027,0.0,0.0,0.0,0.0,0.0,0.0,24
7082,20,8025,0.0,0.0,0.0,0.0,0.0,0.0,24
7083,20,8024,0.0,0.0,0.0,0.0,0.0,0.0,24
7084,20,8023,0.0,0.0,0.0,0.0,0.0,0.0,24
7085,20,8022,0.0,0.0,0.0,0.0,0.0,0.0,24
7086,20,8021,0.0,0.0,0.0,0.0,0.0,0.0,24
7087,20,8020,0.0,0.0,0.0,0.0,0.0,0.0,24
7088,20,8019,0.0,0.0,0.0,0.0,0.0,0.0,24
7089,20,8018,0.0,0.0,0.0,0.0,0.0,0.0,24
7090,20,8017,0.0,0.0,0.0,0.0,0.0,0.0,24
7091,20,8016,0.0,0.0,0.0,0.0,0.0,0.0,24
7092,20,8015,0.0,0.0,0.0,0.0,0.0,0.0,24
7093,20,8014,0.0,0.0,0.0,0.0,0.0,0.0,24
7094,20,8013,0.0,0.0,0.0,0.0,0.0,0.0,24
7095,20,3991,0.0,0.0,0.0,0.0,0.0,0.0,24
7096,20,3976,0.0,0.0,0.0,0.0,0.0,0.0,24
7097,20,3977,0.0,0.0,0.0,0.0,0.0,0.0,24
7098,20,3978,0.0,0.0,0.0,0.0,0.0,0.0,24
7099,20,3979,0.0,0.0,0.0,0.0,0.0,0.0,24
7100,20,3980,0.0,0.0,0.0,0.0,0.0,0.0,24
7101,20,3981,0.0,0.0,0.0,0.0,0.0,0.0,24
7102,20,3982,0.0,0.0,0.0,0.0,0.0,0.0,24
7103,20,3983,0.0,0.0,0.0,0.0,0.0,0.0,24
7104,20,3984,0.0,0.0,0.0,0.0,0.0,0.0,24
7105,20,3985,0.0,0.0,0.0,0.0,0.0,0.0,24
7106,20,3986,0.0,0.0,0.0,0.0,0.0,0.0,24
7107,20,3987,0.0,0.0,0.0,0.0,0.0,0.0,24
7108,20,3988,0.0,0.0,0.0,0.0,0.0,0.0,24
7109,20,3989,0.0,0.0,0.0,0.0,0.0,0.0,24
7110,20,3990,0.0,0.0,0.0,0.0,0.0,0.0,24
7111,20,3975,0.0,0.0,0.0,0.0,0.0,0.0,24
7112,20,3992,0.0,0.0,0.0,0.0,0.0,0.0,24
7113,20,3993,0.0,0.0,0.0,0.0,0.0,0.0,24
7114,20,3994,0.0,0.0,0.0,0.0,0.0,0.0,24
7115,20,3995,0.0,0.0,0.0,0.0,0.0,0.0,24
7116,20,3996,0.0,0.0,0.0,0.0,0.0,0.0,24
7117,20,3997,0.0,0.0,0.0,0.0,0.0,0.0,24
7118,20,3998,0.0,0.0,0.0,0.0,0.0,0.0,24
7119,20,3999,0.0,0.0,0.0,0.0,0.0,0.0,24
7120,20,4001,0.0,0.0,0.0,0.0,0.0,0.0,24
7121,20,4003,0.0,0.0,0.0,0.0,0.0,0.0,24
7122,20,4004,0.0,0.0,0.0,0.0,0.0,0.0,24
7123,20,4005,0.0,0.0,0.0,0.0,0.0,0.0,24
7124,20,4006,0.0,0.0,0.0,0.0,0.0,0.0,24
7125,20,4007,0.0,0.0,0.0,0.0,0.0,0.0,24
7126,20,3959,0.0,0.0,0.0,0.0,0.0,0.0,24
7127,20,3942,0.0,0.0,0.0,0.0,0.0,0.0,24
7128,20,3943,0.0,0.0,0.0,0.0,0.0,0.0,24
7129,20,3944,0.0,0.0,0.0,0.0,0.0,0.0,24
7130,20,3945,0.0,0.0,0.0,0.0,0.0,0.0,24
7131,20,3946,0.0,0.0,0.0,0.0,0.0,0.0,24
7132,20,3947,0.0,0.0,0.0,0.0,0.0,0.0,24
7133,20,3948,0.0,0.0,0.0,0.0,0.0,0.0,24
7134,20,3949,0.0,0.0,0.0,0.0,0.0,0.0,24
7135,20,3951,0.0,0.0,0.0,0.0,0.0,0.0,24
7136,20,3952,0.0,0.0,0.0,0.0,0.0,0.0,24
7137,20,3953,0.0,0.0,0.0,0.0,0.0,0.0,24
7138,20,3954,0.0,0.0,0.0,0.0,0.0,0.0,24
7139,20,3956,0.0,0.0,0.0,0.0,0.0,0.0,24
7140,20,3957,0.0,0.0,0.0,0.0,0.0,0.0,24
7141,20,3958,0.0,0.0,0.0,0.0,0.0,0.0,24
7142,20,4008,0.0,0.0,0.0,0.0,0.0,0.0,24
7143,20,3960,0.0,0.0,0.0,0.0,0.0,0.0,24
7144,20,3961,0.0,0.0,0.0,0.0,0.0,0.0,24
7145,20,3962,0.0,0.0,0.0,0.0,0.0,0.0,24
7146,20,3963,0.0,0.0,0.0,0.0,0.0,0.0,24
7147,20,3964,0.0,0.0,0.0,0.0,0.0,0.0,24
7148,20,3965,0.0,0.0,0.0,0.0,0.0,0.0,24
7149,20,3967,0.0,0.0,0.0,0.0,0.0,0.0,24
7150,20,3968,0.0,0.0,0.0,0.0,0.0,0.0,24
7151,20,3969,0.0,0.0,0.0,0.0,0.0,0.0,24
7152,20,3970,0.0,0.0,0.0,0.0,0.0,0.0,24
7153,20,3971,0.0,0.0,0.0,0.0,0.0,0.0,24
7154,20,3972,0.0,0.0,0.0,0.0,0.0,0.0,24
7155,20,3973,0.0,0.0,0.0,0.0,0.0,0.0,24
7156,20,3974,0.0,0.0,0.0,0.0,0.0,0.0,24
7157,20,4057,0.0,0.0,0.0,0.0,0.0,0.0,24
7158,20,4041,0.0,0.0,0.0,0.0,0.0,0.0,24
7159,20,4042,0.0,0.0,0.0,0.0,0.0,0.0,24
7160,20,4043,0.0,0.0,0.0,0.0,0.0,0.0,24
7161,20,4044,0.0,0.0,0.0,0.0,0.0,0.0,24
7162,20,4045,0.0,0.0,0.0,0.0,0.0,0.0,24
7163,20,4046,0.0,0.0,0.0,0.0,0.0,0.0,24
7164,20,4047,0.0,0.0,0.0,0.0,0.0,0.0,24
7165,20,4049,0.0,0.0,0.0,0.0,0.0,0.0,24
7166,20,4050,0.0,0.0,0.0,0.0,0.0,0.0,24
7167,20,4051,0.0,0.0,0.0,0.0,0.0,0.0,24
7168,20,4052,0.0,0.0,0.0,0.0,0.0,0.0,24
7169,20,4053,0.0,0.0,0.0,0.0,0.0,0.0,24
7170,20,4054,0.0,0.0,0.0,0.0,0.0,0.0,24
7171,20,4055,0.0,0.0,0.0,0.0,0.0,0.0,24
7172,20,4056,0.0,0.0,0.0,0.0,0.0,0.0,24
7173,20,4040,0.0,0.0,0.0,0.0,0.0,0.0,24
7174,20,4058,0.0,0.0,0.0,0.0,0.0,0.0,24
7175,20,4059,0.0,0.0,0.0,0.0,0.0,0.0,24
7176,20,4060,0.0,0.0,0.0,0.0,0.0,0.0,24
7177,20,4061,0.0,0.0,0.0,0.0,0.0,0.0,24
7178,20,4062,0.0,0.0,0.0,0.0,0.0,0.0,24
7179,20,4063,0.0,0.0,0.0,0.0,0.0,0.0,24
7180,20,4064,0.0,0.0,0.0,0.0,0.0,0.0,24
7181,20,4065,0.0,0.0,0.0,0.0,0.0,0.0,24
7182,20,4066,0.0,0.0,0.0,0.0,0.0,0.0,24
7183,20,4067,0.0,0.0,0.0,0.0,0.0,0.0,24
7184,20,4068,0.0,0.0,0.0,0.0,0.0,0.0,24
7185,20,4069,0.0,0.0,0.0,0.0,0.0,0.0,24
7186,20,4070,0.0,0.0,0.0,0.0,0.0,0.0,24
7187,20,4071,0.0,0.0,0.0,0.0,0.0,0.0,24
7188,20,4025,0.0,0.0,0.0,0.0,0.0,0.0,24
7189,20,4009,0.0,0.0,0.0,0.0,0.0,0.0,24
7190,20,4011,0.0,0.0,0.0,0.0,0.0,0.0,24
7191,20,4012,0.0,0.0,0.0,0.0,0.0,0.0,24
7192,20,4013,0.0,0.0,0.0,0.0,0.0,0.0,24
7193,20,4014,0.0,0.0,0.0,0.0,0.0,0.0,24
7194,20,4015,0.0,0.0,0.0,0.0,0.0,0.0,24
7195,20,4016,0.0,0.0,0.0,0.0,0.0,0.0,24
7196,20,4017,0.0,0.0,0.0,0.0,0.0,0.0,24
7197,20,4018,0.0,0.0,0.0,0.0,0.0,0.0,24
7198,20,4019,0.0,0.0,0.0,0.0,0.0,0.0,24
7199,20,4020,0.0,0.0,0.0,0.0,0.0,0.0,24
7200,20,4021,0.0,0.0,0.0,0.0,0.0,0.0,24
7201,20,4022,0.0,0.0,0.0,0.0,0.0,0.0,24
7202,20,4023,0.0,0.0,0.0,0.0,0.0,0.0,24
7203,20,4024,0.0,0.0,0.0,0.0,0.0,0.0,24
7204,20,3941,0.0,0.0,0.0,0.0,0.0,0.0,24
7205,20,4026,0.0,0.0,0.0,0.0,0.0,0.0,24
7206,20,4027,0.0,0.0,0.0,0.0,0.0,0.0,24
7207,20,4028,0.0,0.0,0.0,0.0,0.0,0.0,24
7208,20,4029,0.0,0.0,0.0,0.0,0.0,0.0,24
7209,20,4030,0.0,0.0,0.0,0.0,0.0,0.0,24
7210,20,4031,0.0,0.0,0.0,0.0,0.0,0.0,24
7211,20,4032,0.0,0.0,0.0,0.0,0.0,0.0,24
7212,20,4033,0.0,0.0,0.0,0.0,0.0,0.0,24
7213,20,4034,0.0,0.0,0.0,0.0,0.0,0.0,24
7214,20,4035,0.0,0.0,0.0,0.0,0.0,0.0,24
7215,20,4036,0.0,0.0,0.0,0.0,0.0,0.0,24
7216,20,4037,0.0,0.0,0.0,0.0,0.0,0.0,24
7217,20,4038,0.0,0.0,0.0,0.0,0.0,0.0,24
7218,20,4039,0.0,0.0,0.0,0.0,0.0,0.0,24
7219,20,3857,0.0,0.0,0.0,0.0,0.0,0.0,24
7220,20,3841,0.0,0.0,0.0,0.0,0.0,0.0,24
7221,20,3842,0.0,0.0,0.0,0.0,0.0,0.0,24
7222,20,3843,0.0,0.0,0.0,0.0,0.0,0.0,24
7223,20,3844,0.0,0.0,0.0,0.0,0.0,0.0,24
7224,20,3845,0.0,0.0,0.0,0.0,0.0,0.0,24
7225,20,3846,0.0,0.0,0.0,0.0,0.0,0.0,24
7226,20,3847,0.0,0.0,0.0,0.0,0.0,0.0,24
7227,20,3848,0.0,0.0,0.0,0.0,0.0,0.0,24
7228,20,3849,0.0,0.0,0.0,0.0,0.0,0.0,24
7229,20,3851,0.0,0.0,0.0,0.0,0.0,0.0,24
7230,20,3852,0.0,0.0,0.0,0.0,0.0,0.0,24
7231,20,3853,0.0,0.0,0.0,0.0,0.0,0.0,24
7232,20,3854,0.0,0.0,0.0,0.0,0.0,0.0,24
7233,20,3855,0.0,0.0,0.0,0.0,0.0,0.0,24
7234,20,3856,0.0,0.0,0.0,0.0,0.0,0.0,24
7235,20,3840,0.0,0.0,0.0,0.0,0.0,0.0,24
7236,20,3858,0.0,0.0,0.0,0.0,0.0,0.0,24
7237,20,3859,0.0,0.0,0.0,0.0,0.0,0.0,24
7238,20,3860,0.0,0.0,0.0,0.0,0.0,0.0,24
7239,20,3861,0.0,0.0,0.0,0.0,0.0,0.0,24
7240,20,3862,0.0,0.0,0.0,0.0,0.0,0.0,24
7241,20,3864,0.0,0.0,0.0,0.0,0.0,0.0,24
7242,20,3865,0.0,0.0,0.0,0.0,0.0,0.0,24
7243,20,3867,0.0,0.0,0.0,0.0,0.0,0.0,24
7244,20,3868,0.0,0.0,0.0,0.0,0.0,0.0,24
7245,20,3869,0.0,0.0,0.0,0.0,0.0,0.0,24
7246,20,3870,0.0,0.0,0.0,0.0,0.0,0.0,24
7247,20,3871,0.0,0.0,0.0,0.0,0.0,0.0,24
7248,20,3872,0.0,0.0,0.0,0.0,0.0,0.0,24
7249,20,3873,0.0,0.0,0.0,0.0,0.0,0.0,24
7250,20,3824,0.0,0.0,0.0,0.0,0.0,0.0,24
7251,20,3809,0.0,0.0,0.0,0.0,0.0,0.0,24
7252,20,3810,0.0,0.0,0.0,0.0,0.0,0.0,24
7253,20,3811,0.0,0.0,0.0,0.0,0.0,0.0,24
7254,20,3812,0.0,0.0,0.0,0.0,0.0,0.0,24
7255,20,3813,0.0,0.0,0.0,0.0,0.0,0.0,24
7256,20,3814,0.0,0.0,0.0,0.0,0.0,0.0,24
7257,20,3815,0.0,0.0,0.0,0.0,0.0,0.0,24
7258,20,3816,0.0,0.0,0.0,0.0,0.0,0.0,24
7259,20,3817,0.0,0.0,0.0,0.0,0.0,0.0,24
7260,20,3818,0.0,0.0,0.0,0.0,0.0,0.0,24
7261,20,3819,0.0,0.0,0.0,0.0,0.0,0.0,24
7262,20,3820,0.0,0.0,0.0,0.0,0.0,0.0,24
7263,20,3821,0.0,0.0,0.0,0.0,0.0,0.0,24
7264,20,3822,0.0,0.0,0.0,0.0,0.0,0.0,24
7265,20,3823,0.0,0.0,0.0,0.0,0.0,0.0,24
7266,20,3874,0.0,0.0,0.0,0.0,0.0,0.0,24
7267,20,3825,0.0,0.0,0.0,0.0,0.0,0.0,24
7268,20,3826,0.0,0.0,0.0,0.0,0.0,0.0,24
7269,20,3827,0.0,0.0,0.0,0.0,0.0,0.0,24
7270,20,3828,0.0,0.0,0.0,0.0,0.0,0.0,24
7271,20,3829,0.0,0.0,0.0,0.0,0.0,0.0,24
7272,20,3830,0.0,0.0,0.0,0.0,0.0,0.0,24
7273,20,3831,0.0,0.0,0.0,0.0,0.0,0.0,24
7274,20,3832,0.0,0.0,0.0,0.0,0.0,0.0,24
7275,20,3833,0.0,0.0,0.0,0.0,0.0,0.0,24
7276,20,3834,0.0,0.0,0.0,0.0,0.0,0.0,24
7277,20,3835,0.0,0.0,0.0,0.0,0.0,0.0,24
7278,20,3836,0.0,0.0,0.0,0.0,0.0,0.0,24
7279,20,3837,0.0,0.0,0.0,0.0,0.0,0.0,24
7280,20,3839,0.0,0.0,0.0,0.0,0.0,0.0,24
7281,20,3925,0.0,0.0,0.0,0.0,0.0,0.0,24
7282,20,3909,0.0,0.0,0.0,0.0,0.0,0.0,24
7283,20,3910,0.0,0.0,0.0,0.0,0.0,0.0,24
7284,20,3911,0.0,0.0,0.0,0.0,0.0,0.0,24
7285,20,3912,0.0,0.0,0.0,0.0,0.0,0.0,24
7286,20,3914,0.0,0.0,0.0,0.0,0.0,0.0,24
7287,20,3915,0.0,0.0,0.0,0.0,0.0,0.0,24
7288,20,3916,0.0,0.0,0.0,0.0,0.0,0.0,24
7289,20,3917,0.0,0.0,0.0,0.0,0.0,0.0,24
7290,20,3918,0.0,0.0,0.0,0.0,0.0,0.0,24
7291,20,3919,0.0,0.0,0.0,0.0,0.0,0.0,24
7292,20,3920,0.0,0.0,0.0,0.0,0.0,0.0,24
7293,20,3921,0.0,0.0,0.0,0.0,0.0,0.0,24
7294,20,3922,0.0,0.0,0.0,0.0,0.0,0.0,24
7295,20,3923,0.0,0.0,0.0,0.0,0.0,0.0,24
7296,20,3924,0.0,0.0,0.0,0.0,0.0,0.0,24
7297,20,3908,0.0,0.0,0.0,0.0,0.0,0.0,24
7298,20,3926,0.0,0.0,0.0,0.0,0.0,0.0,24
7299,20,3927,0.0,0.0,0.0,0.0,0.0,0.0,24
7300,20,3928,0.0,0.0,0.0,0.0,0.0,0.0,24
7301,20,3929,0.0,0.0,0.0,0.0,0.0,0.0,24
7302,20,3930,0.0,0.0,0.0,0.0,0.0,0.0,24
7303,20,3931,0.0,0.0,0.0,0.0,0.0,0.0,24
7304,20,3932,0.0,0.0,0.0,0.0,0.0,0.0,24
7305,20,3933,0.0,0.0,0.0,0.0,0.0,0.0,24
7306,20,3934,0.0,0.0,0.0,0.0,0.0,0.0,24
7307,20,3935,0.0,0.0,0.0,0.0,0.0,0.0,24
7308,20,3936,0.0,0.0,0.0,0.0,0.0,0.0,24
7309,20,3937,0.0,0.0,0.0,0.0,0.0,0.0,24
7310,20,3938,0.0,0.0,0.0,0.0,0.0,0.0,24
7311,20,3939,0.0,0.0,0.0,0.0,0.0,0.0,24
7312,20,3891,0.0,0.0,0.0,0.0,0.0,0.0,24
7313,20,3875,0.0,0.0,0.0,0.0,0.0,0.0,24
7314,20,3877,0.0,0.0,0.0,0.0,0.0,0.0,24
7315,20,3878,0.0,0.0,0.0,0.0,0.0,0.0,24
7316,20,3879,0.0,0.0,0.0,0.0,0.0,0.0,24
7317,20,3880,0.0,0.0,0.0,0.0,0.0,0.0,24
7318,20,3881,0.0,0.0,0.0,0.0,0.0,0.0,24
7319,20,3882,0.0,0.0,0.0,0.0,0.0,0.0,24
7320,20,3883,0.0,0.0,0.0,0.0,0.0,0.0,24
7321,20,3884,0.0,0.0,0.0,0.0,0.0,0.0,24
7322,20,3885,0.0,0.0,0.0,0.0,0.0,0.0,24
7323,20,3886,0.0,0.0,0.0,0.0,0.0,0.0,24
7324,20,3887,0.0,0.0,0.0,0.0,0.0,0.0,24
7325,20,3888,0.0,0.0,0.0,0.0,0.0,0.0,24
7326,20,3889,0.0,0.0,0.0,0.0,0.0,0.0,24
7327,20,3890,0.0,0.0,0.0,0.0,0.0,0.0,24
7328,20,4072,0.0,0.0,0.0,0.0,0.0,0.0,24
7329,20,3892,0.0,0.0,0.0,0.0,0.0,0.0,24
7330,20,3893,0.0,0.0,0.0,0.0,0.0,0.0,24
7331,20,3894,0.0,0.0,0.0,0.0,0.0,0.0,24
7332,20,3895,0.0,0.0,0.0,0.0,0.0,0.0,24
7333,20,3896,0.0,0.0,0.0,0.0,0.0,0.0,24
7334,20,3898,0.0,0.0,0.0,0.0,0.0,0.0,24
7335,20,3899,0.0,0.0,0.0,0.0,0.0,0.0,24
7336,20,3900,0.0,0.0,0.0,0.0,0.0,0.0,24
7337,20,3901,0.0,0.0,0.0,0.0,0.0,0.0,24
7338,20,3902,0.0,0.0,0.0,0.0,0.0,0.0,24
7339,20,3903,0.0,0.0,0.0,0.0,0.0,0.0,24
7340,20,3904,0.0,0.0,0.0,0.0,0.0,0.0,24
7341,20,3906,0.0,0.0,0.0,0.0,0.0,0.0,24
7342,20,3907,0.0,0.0,0.0,0.0,0.0,0.0,24
7343,20,8464,0.0,0.0,0.0,0.0,0.0,0.0,24
7344,20,8480,0.0,0.0,0.0,0.0,0.0,0.0,24
7345,20,8479,0.0,0.0,0.0,0.0,0.0,0.0,24
7346,20,8478,0.0,0.0,0.0,0.0,0.0,0.0,24
7347,20,8477,0.0,0.0,0.0,0.0,0.0,0.0,24
7348,20,8476,0.0,0.0,0.0,0.0,0.0,0.0,24
7349,20,8475,0.0,0.0,0.0,0.0,0.0,0.0,24
7350,20,8474,0.0,0.0,0.0,0.0,0.0,0.0,24
7351,20,8473,0.0,0.0,0.0,0.0,0.0,0.0,24
7352,20,8472,0.0,0.0,0.0,0.0,0.0,0.0,24
7353,20,8471,0.0,0.0,0.0,0.0,0.0,0.0,24
7354,20,8470,0.0,0.0,0.0,0.0,0.0,0.0,24
7355,20,8469,0.0,0.0,0.0,0.0,0.0,0.0,24
7356,20,8467,0.0,0.0,0.0,0.0,0.0,0.0,24
7357,20,8466,0.0,0.0,0.0,0.0,0.0,0.0,24
7358,20,8465,0.0,0.0,0.0,0.0,0.0,0.0,24
7359,20,8481,0.0,0.0,0.0,0.0,0.0,0.0,24
7360,20,8462,0.0,0.0,0.0,0.0,0.0,0.0,24
7361,20,8461,0.0,0.0,0.0,0.0,0.0,0.0,24
7362,20,8460,0.0,0.0,0.0,0.0,0.0,0.0,24
7363,20,8459,0.0,0.0,0.0,0.0,0.0,0.0,24
7364,20,8458,0.0,0.0,0.0,0.0,0.0,0.0,24
7365,20,8457,0.0,0.0,0.0,0.0,0.0,0.0,24
7366,20,8455,0.0,0.0,0.0,0.0,0.0,0.0,24
7367,20,8454,0.0,0.0,0.0,0.0,0.0,0.0,24
7368,20,8453,0.0,0.0,0.0,0.0,0.0,0.0,24
7369,20,8452,0.0,0.0,0.0,0.0,0.0,0.0,24
7370,20,8451,0.0,0.0,0.0,0.0,0.0,0.0,24
7371,20,8450,0.0,0.0,0.0,0.0,0.0,0.0,24
7372,20,8449,0.0,0.0,0.0,0.0,0.0,0.0,24
7373,20,8448,0.0,0.0,0.0,0.0,0.0,0.0,24
7374,20,4227,0.0,0.0,0.0,0.0,0.0,0.0,24
7375,20,4209,0.0,0.0,0.0,0.0,0.0,0.0,24
7376,20,4210,0.0,0.0,0.0,0.0,0.0,0.0,24
7377,20,4211,0.0,0.0,0.0,0.0,0.0,0.0,24
7378,20,4212,0.0,0.0,0.0,0.0,0.0,0.0,24
7379,20,4213,0.0,0.0,0.0,0.0,0.0,0.0,24
7380,20,4214,0.0,0.0,0.0,0.0,0.0,0.0,24
7381,20,4215,0.0,0.0,0.0,0.0,0.0,0.0,24
7382,20,4216,0.0,0.0,0.0,0.0,0.0,0.0,24
7383,20,4217,0.0,0.0,0.0,0.0,0.0,0.0,24
7384,20,4219,0.0,0.0,0.0,0.0,0.0,0.0,24
7385,20,4221,0.0,0.0,0.0,0.0,0.0,0.0,24
7386,20,4222,0.0,0.0,0.0,0.0,0.0,0.0,24
7387,20,4223,0.0,0.0,0.0,0.0,0.0,0.0,24
7388,20,4224,0.0,0.0,0.0,0.0,0.0,0.0,24
7389,20,4225,0.0,0.0,0.0,0.0,0.0,0.0,24
7390,20,8447,0.0,0.0,0.0,0.0,0.0,0.0,24
7391,20,4228,0.0,0.0,0.0,0.0,0.0,0.0,24
7392,20,4230,0.0,0.0,0.0,0.0,0.0,0.0,24
7393,20,4232,0.0,0.0,0.0,0.0,0.0,0.0,24
7394,20,4233,0.0,0.0,0.0,0.0,0.0,0.0,24
7395,20,4234,0.0,0.0,0.0,0.0,0.0,0.0,24
7396,20,4236,0.0,0.0,0.0,0.0,0.0,0.0,24
7397,20,4237,0.0,0.0,0.0,0.0,0.0,0.0,24
7398,20,4238,0.0,0.0,0.0,0.0,0.0,0.0,24
7399,20,4239,0.0,0.0,0.0,0.0,0.0,0.0,24
7400,20,4240,0.0,0.0,0.0,0.0,0.0,0.0,24
7401,20,4241,0.0,0.0,0.0,0.0,0.0,0.0,24
7402,20,4242,0.0,0.0,0.0,0.0,0.0,0.0,24
7403,20,6361,0.0,0.0,0.0,0.0,0.0,0.0,24
7404,20,8483,0.0,0.0,0.0,0.0,0.0,0.0,24
7405,20,8398,0.0,0.0,0.0,0.0,0.0,0.0,24
7406,20,8413,0.0,0.0,0.0,0.0,0.0,0.0,24
7407,20,8412,0.0,0.0,0.0,0.0,0.0,0.0,24
7408,20,8411,0.0,0.0,0.0,0.0,0.0,0.0,24
7409,20,8410,0.0,0.0,0.0,0.0,0.0,0.0,24
7410,20,8409,0.0,0.0,0.0,0.0,0.0,0.0,24
7411,20,8408,0.0,0.0,0.0,0.0,0.0,0.0,24
7412,20,8407,0.0,0.0,0.0,0.0,0.0,0.0,24
7413,20,8406,0.0,0.0,0.0,0.0,0.0,0.0,24
7414,20,8405,0.0,0.0,0.0,0.0,0.0,0.0,24
7415,20,8404,0.0,0.0,0.0,0.0,0.0,0.0,24
7416,20,8403,0.0,0.0,0.0,0.0,0.0,0.0,24
7417,20,8402,0.0,0.0,0.0,0.0,0.0,0.0,24
7418,20,8401,0.0,0.0,0.0,0.0,0.0,0.0,24
7419,20,8400,0.0,0.0,0.0,0.0,0.0,0.0,24
7420,20,8399,0.0,0.0,0.0,0.0,0.0,0.0,24
7421,20,8414,0.0,0.0,0.0,0.0,0.0,0.0,24
7422,20,8397,0.0,0.0,0.0,0.0,0.0,0.0,24
7423,20,8395,0.0,0.0,0.0,0.0,0.0,0.0,24
7424,20,8393,0.0,0.0,0.0,0.0,0.0,0.0,24
7425,20,8392,0.0,0.0,0.0,0.0,0.0,0.0,24
7426,20,8391,0.0,0.0,0.0,0.0,0.0,0.0,24
7427,20,8389,0.0,0.0,0.0,0.0,0.0,0.0,24
7428,20,8387,0.0,0.0,0.0,0.0,0.0,0.0,24
7429,20,8386,0.0,0.0,0.0,0.0,0.0,0.0,24
7430,20,8385,0.0,0.0,0.0,0.0,0.0,0.0,24
7431,20,8384,0.0,0.0,0.0,0.0,0.0,0.0,24
7432,20,8383,0.0,0.0,0.0,0.0,0.0,0.0,24
7433,20,8382,0.0,0.0,0.0,0.0,0.0,0.0,24
7434,20,8381,0.0,0.0,0.0,0.0,0.0,0.0,24
7435,20,8380,0.0,0.0,0.0,0.0,0.0,0.0,24
7436,20,8431,0.0,0.0,0.0,0.0,0.0,0.0,24
7437,20,8446,0.0,0.0,0.0,0.0,0.0,0.0,24
7438,20,8445,0.0,0.0,0.0,0.0,0.0,0.0,24
7439,20,8444,0.0,0.0,0.0,0.0,0.0,0.0,24
7440,20,8443,0.0,0.0,0.0,0.0,0.0,0.0,24
7441,20,8442,0.0,0.0,0.0,0.0,0.0,0.0,24
7442,20,8441,0.0,0.0,0.0,0.0,0.0,0.0,24
7443,20,8440,0.0,0.0,0.0,0.0,0.0,0.0,24
7444,20,8439,0.0,0.0,0.0,0.0,0.0,0.0,24
7445,20,8438,0.0,0.0,0.0,0.0,0.0,0.0,24
7446,20,8437,0.0,0.0,0.0,0.0,0.0,0.0,24
7447,20,8436,0.0,0.0,0.0,0.0,0.0,0.0,24
7448,20,8435,0.0,0.0,0.0,0.0,0.0,0.0,24
7449,20,8434,0.0,0.0,0.0,0.0,0.0,0.0,24
7450,20,8433,0.0,0.0,0.0,0.0,0.0,0.0,24
7451,20,8432,0.0,0.0,0.0,0.0,0.0,0.0,24
7452,20,4208,0.0,0.0,0.0,0.0,0.0,0.0,24
7453,20,8430,0.0,0.0,0.0,0.0,0.0,0.0,24
7454,20,8429,0.0,0.0,0.0,0.0,0.0,0.0,24
7455,20,8428,0.0,0.0,0.0,0.0,0.0,0.0,24
7456,20,8427,0.0,0.0,0.0,0.0,0.0,0.0,24
7457,20,8426,0.0,0.0,0.0,0.0,0.0,0.0,24
7458,20,8424,0.0,0.0,0.0,0.0,0.0,0.0,24
7459,20,8423,0.0,0.0,0.0,0.0,0.0,0.0,24
7460,20,8422,0.0,0.0,0.0,0.0,0.0,0.0,24
7461,20,8421,0.0,0.0,0.0,0.0,0.0,0.0,24
7462,20,8420,0.0,0.0,0.0,0.0,0.0,0.0,24
7463,20,8419,0.0,0.0,0.0,0.0,0.0,0.0,24
7464,20,8418,0.0,0.0,0.0,0.0,0.0,0.0,24
7465,20,8417,0.0,0.0,0.0,0.0,0.0,0.0,24
7466,20,8416,0.0,0.0,0.0,0.0,0.0,0.0,24
7467,20,4126,0.0,0.0,0.0,0.0,0.0,0.0,24
7468,20,4109,0.0,0.0,0.0,0.0,0.0,0.0,24
7469,20,4110,0.0,0.0,0.0,0.0,0.0,0.0,24
7470,20,4111,0.0,0.0,0.0,0.0,0.0,0.0,24
7471,20,4112,0.0,0.0,0.0,0.0,0.0,0.0,24
7472,20,4113,0.0,0.0,0.0,0.0,0.0,0.0,24
7473,20,4114,0.0,0.0,0.0,0.0,0.0,0.0,24
7474,20,4115,0.0,0.0,0.0,0.0,0.0,0.0,24
7475,20,4116,0.0,0.0,0.0,0.0,0.0,0.0,24
7476,20,4117,0.0,0.0,0.0,0.0,0.0,0.0,24
7477,20,4118,0.0,0.0,0.0,0.0,0.0,0.0,24
7478,20,4119,0.0,0.0,0.0,0.0,0.0,0.0,24
7479,20,4120,0.0,0.0,0.0,0.0,0.0,0.0,24
7480,20,4121,0.0,0.0,0.0,0.0,0.0,0.0,24
7481,20,4124,0.0,0.0,0.0,0.0,0.0,0.0,24
7482,20,4125,0.0,0.0,0.0,0.0,0.0,0.0,24
7483,20,4108,0.0,0.0,0.0,0.0,0.0,0.0,24
7484,20,4127,0.0,0.0,0.0,0.0,0.0,0.0,24
7485,20,4128,0.0,0.0,0.0,0.0,0.0,0.0,24
7486,20,4129,0.0,0.0,0.0,0.0,0.0,0.0,24
7487,20,4130,0.0,0.0,0.0,0.0,0.0,0.0,24
7488,20,4131,0.0,0.0,0.0,0.0,0.0,0.0,24
7489,20,4132,0.0,0.0,0.0,0.0,0.0,0.0,24
7490,20,4133,0.0,0.0,0.0,0.0,0.0,0.0,24
7491,20,4134,0.0,0.0,0.0,0.0,0.0,0.0,24
7492,20,4135,0.0,0.0,0.0,0.0,0.0,0.0,24
7493,20,4136,0.0,0.0,0.0,0.0,0.0,0.0,24
7494,20,4137,0.0,0.0,0.0,0.0,0.0,0.0,24
7495,20,4138,0.0,0.0,0.0,0.0,0.0,0.0,24
7496,20,4139,0.0,0.0,0.0,0.0,0.0,0.0,24
7497,20,4140,0.0,0.0,0.0,0.0,0.0,0.0,24
7498,20,4090,0.0,0.0,0.0,0.0,0.0,0.0,24
7499,20,4073,0.0,0.0,0.0,0.0,0.0,0.0,24
7500,20,4074,0.0,0.0,0.0,0.0,0.0,0.0,24
7501,20,4075,0.0,0.0,0.0,0.0,0.0,0.0,24
7502,20,4076,0.0,0.0,0.0,0.0,0.0,0.0,24
7503,20,4077,0.0,0.0,0.0,0.0,0.0,0.0,24
7504,20,4078,0.0,0.0,0.0,0.0,0.0,0.0,24
7505,20,4079,0.0,0.0,0.0,0.0,0.0,0.0,24
7506,20,4080,0.0,0.0,0.0,0.0,0.0,0.0,24
7507,20,4081,0.0,0.0,0.0,0.0,0.0,0.0,24
7508,20,4082,0.0,0.0,0.0,0.0,0.0,0.0,24
7509,20,4085,0.0,0.0,0.0,0.0,0.0,0.0,24
7510,20,4086,0.0,0.0,0.0,0.0,0.0,0.0,24
7511,20,4087,0.0,0.0,0.0,0.0,0.0,0.0,24
7512,20,4088,0.0,0.0,0.0,0.0,0.0,0.0,24
7513,20,4089,0.0,0.0,0.0,0.0,0.0,0.0,24
7514,20,4141,0.0,0.0,0.0,0.0,0.0,0.0,24
7515,20,4091,0.0,0.0,0.0,0.0,0.0,0.0,24
7516,20,4093,0.0,0.0,0.0,0.0,0.0,0.0,24
7517,20,4094,0.0,0.0,0.0,0.0,0.0,0.0,24
7518,20,4096,0.0,0.0,0.0,0.0,0.0,0.0,24
7519,20,4097,0.0,0.0,0.0,0.0,0.0,0.0,24
7520,20,4098,0.0,0.0,0.0,0.0,0.0,0.0,24
7521,20,4099,0.0,0.0,0.0,0.0,0.0,0.0,24
7522,20,4100,0.0,0.0,0.0,0.0,0.0,0.0,24
7523,20,4101,0.0,0.0,0.0,0.0,0.0,0.0,24
7524,20,4102,0.0,0.0,0.0,0.0,0.0,0.0,24
7525,20,4103,0.0,0.0,0.0,0.0,0.0,0.0,24
7526,20,4104,0.0,0.0,0.0,0.0,0.0,0.0,24
7527,20,5521,0.0,0.0,0.0,0.0,0.0,0.0,24
7528,20,4107,0.0,0.0,0.0,0.0,0.0,0.0,24
7529,20,4192,0.0,0.0,0.0,0.0,0.0,0.0,24
7530,20,4175,0.0,0.0,0.0,0.0,0.0,0.0,24
7531,20,4176,0.0,0.0,0.0,0.0,0.0,0.0,24
7532,20,4177,0.0,0.0,0.0,0.0,0.0,0.0,24
7533,20,4179,0.0,0.0,0.0,0.0,0.0,0.0,24
7534,20,4180,0.0,0.0,0.0,0.0,0.0,0.0,24
7535,20,4181,0.0,0.0,0.0,0.0,0.0,0.0,24
7536,20,4182,0.0,0.0,0.0,0.0,0.0,0.0,24
7537,20,4183,0.0,0.0,0.0,0.0,0.0,0.0,24
7538,20,4184,0.0,0.0,0.0,0.0,0.0,0.0,24
7539,20,4185,0.0,0.0,0.0,0.0,0.0,0.0,24
7540,20,4186,0.0,0.0,0.0,0.0,0.0,0.0,24
7541,20,4187,0.0,0.0,0.0,0.0,0.0,0.0,24
7542,20,4189,0.0,0.0,0.0,0.0,0.0,0.0,24
7543,20,4190,0.0,0.0,0.0,0.0,0.0,0.0,24
7544,20,4191,0.0,0.0,0.0,0.0,0.0,0.0,24
7545,20,4173,0.0,0.0,0.0,0.0,0.0,0.0,24
7546,20,4193,0.0,0.0,0.0,0.0,0.0,0.0,24
7547,20,4194,0.0,0.0,0.0,0.0,0.0,0.0,24
7548,20,4195,0.0,0.0,0.0,0.0,0.0,0.0,24
7549,20,4196,0.0,0.0,0.0,0.0,0.0,0.0,24
7550,20,4197,0.0,0.0,0.0,0.0,0.0,0.0,24
7551,20,4199,0.0,0.0,0.0,0.0,0.0,0.0,24
7552,20,4200,0.0,0.0,0.0,0.0,0.0,0.0,24
7553,20,4201,0.0,0.0,0.0,0.0,0.0,0.0,24
7554,20,4202,0.0,0.0,0.0,0.0,0.0,0.0,24
7555,20,4203,0.0,0.0,0.0,0.0,0.0,0.0,24
7556,20,4204,0.0,0.0,0.0,0.0,0.0,0.0,24
7557,20,4205,0.0,0.0,0.0,0.0,0.0,0.0,24
7558,20,4206,0.0,0.0,0.0,0.0,0.0,0.0,24
7559,20,4207,0.0,0.0,0.0,0.0,0.0,0.0,24
7560,20,4156,0.0,0.0,0.0,0.0,0.0,0.0,24
7561,20,4142,0.0,0.0,0.0,0.0,0.0,0.0,24
7562,20,4143,0.0,0.0,0.0,0.0,0.0,0.0,24
7563,20,4144,0.0,0.0,0.0,0.0,0.0,0.0,24
7564,20,4145,0.0,0.0,0.0,0.0,0.0,0.0,24
7565,20,4146,0.0,0.0,0.0,0.0,0.0,0.0,24
7566,20,4147,0.0,0.0,0.0,0.0,0.0,0.0,24
7567,20,4148,0.0,0.0,0.0,0.0,0.0,0.0,24
7568,20,4149,0.0,0.0,0.0,0.0,0.0,0.0,24
7569,20,4150,0.0,0.0,0.0,0.0,0.0,0.0,24
7570,20,4151,0.0,0.0,0.0,0.0,0.0,0.0,24
7571,20,4152,0.0,0.0,0.0,0.0,0.0,0.0,24
7572,20,4153,0.0,0.0,0.0,0.0,0.0,0.0,24
7573,20,4154,0.0,0.0,0.0,0.0,0.0,0.0,24
7574,20,4155,0.0,0.0,0.0,0.0,0.0,0.0,24
7575,20,7841,0.0,0.0,0.0,0.0,0.0,0.0,24
7576,20,4157,0.0,0.0,0.0,0.0,0.0,0.0,24
7577,20,4158,0.0,0.0,0.0,0.0,0.0,0.0,24
7578,20,4159,0.0,0.0,0.0,0.0,0.0,0.0,24
7579,20,4160,0.0,0.0,0.0,0.0,0.0,0.0,24
7580,20,4161,0.0,0.0,0.0,0.0,0.0,0.0,24
7581,20,4163,0.0,0.0,0.0,0.0,0.0,0.0,24
7582,20,4164,0.0,0.0,0.0,0.0,0.0,0.0,24
7583,20,4165,0.0,0.0,0.0,0.0,0.0,0.0,24
7584,20,4166,0.0,0.0,0.0,0.0,0.0,0.0,24
7585,20,4167,0.0,0.0,0.0,0.0,0.0,0.0,24
7586,20,4169,0.0,0.0,0.0,0.0,0.0,0.0,24
7587,20,4170,0.0,0.0,0.0,0.0,0.0,0.0,24
7588,20,4171,0.0,0.0,0.0,0.0,0.0,0.0,24
7589,20,4172,0.0,0.0,0.0,0.0,0.0,0.0,24
7590,20,7125,0.0,0.0,0.0,0.0,0.0,0.0,24
7591,20,7141,0.0,0.0,0.0,0.0,0.0,0.0,24
7592,20,7140,0.0,0.0,0.0,0.0,0.0,0.0,24
7593,20,7138,0.0,0.0,0.0,0.0,0.0,0.0,24
7594,20,7137,0.0,0.0,0.0,0.0,0.0,0.0,24
7595,20,7136,0.0,0.0,0.0,0.0,0.0,0.0,24
7596,20,7135,0.0,0.0,0.0,0.0,0.0,0.0,24
7597,20,7134,0.0,0.0,0.0,0.0,0.0,0.0,24
7598,20,7133,0.0,0.0,0.0,0.0,0.0,0.0,24
7599,20,7132,0.0,0.0,0.0,0.0,0.0,0.0,24
7600,20,7131,0.0,0.0,0.0,0.0,0.0,0.0,24
7601,20,7130,0.0,0.0,0.0,0.0,0.0,0.0,24
7602,20,7129,0.0,0.0,0.0,0.0,0.0,0.0,24
7603,20,7128,0.0,0.0,0.0,0.0,0.0,0.0,24
7604,20,7127,0.0,0.0,0.0,0.0,0.0,0.0,24
7605,20,7126,0.0,0.0,0.0,0.0,0.0,0.0,24
7606,20,7142,0.0,0.0,0.0,0.0,0.0,0.0,24
7607,20,7124,0.0,0.0,0.0,0.0,0.0,0.0,24
7608,20,7123,0.0,0.0,0.0,0.0,0.0,0.0,24
7609,20,7122,0.0,0.0,0.0,0.0,0.0,0.0,24
7610,20,7121,0.0,0.0,0.0,0.0,0.0,0.0,24
7611,20,7120,0.0,0.0,0.0,0.0,0.0,0.0,24
7612,20,7118,0.0,0.0,0.0,0.0,0.0,0.0,24
7613,20,7117,0.0,0.0,0.0,0.0,0.0,0.0,24
7614,20,7116,0.0,0.0,0.0,0.0,0.0,0.0,24
7615,20,7115,0.0,0.0,0.0,0.0,0.0,0.0,24
7616,20,7114,0.0,0.0,0.0,0.0,0.0,0.0,24
7617,20,7113,0.0,0.0,0.0,0.0,0.0,0.0,24
7618,20,7112,0.0,0.0,0.0,0.0,0.0,0.0,24
7619,20,7111,0.0,0.0,0.0,0.0,0.0,0.0,24
7620,20,7110,0.0,0.0,0.0,0.0,0.0,0.0,24
7621,20,7157,0.0,0.0,0.0,0.0,0.0,0.0,24
7622,20,7172,0.0,0.0,0.0,0.0,0.0,0.0,24
7623,20,7171,0.0,0.0,0.0,0.0,0.0,0.0,24
7624,20,7170,0.0,0.0,0.0,0.0,0.0,0.0,24
7625,20,7169,0.0,0.0,0.0,0.0,0.0,0.0,24
7626,20,7168,0.0,0.0,0.0,0.0,0.0,0.0,24
7627,20,7167,0.0,0.0,0.0,0.0,0.0,0.0,24
7628,20,7166,0.0,0.0,0.0,0.0,0.0,0.0,24
7629,20,7165,0.0,0.0,0.0,0.0,0.0,0.0,24
7630,20,7164,0.0,0.0,0.0,0.0,0.0,0.0,24
7631,20,7163,0.0,0.0,0.0,0.0,0.0,0.0,24
7632,20,7162,0.0,0.0,0.0,0.0,0.0,0.0,24
7633,20,7161,0.0,0.0,0.0,0.0,0.0,0.0,24
7634,20,7160,0.0,0.0,0.0,0.0,0.0,0.0,24
7635,20,7159,0.0,0.0,0.0,0.0,0.0,0.0,24
7636,20,7158,0.0,0.0,0.0,0.0,0.0,0.0,24
7637,20,7109,0.0,0.0,0.0,0.0,0.0,0.0,24
7638,20,7156,0.0,0.0,0.0,0.0,0.0,0.0,24
7639,20,7155,0.0,0.0,0.0,0.0,0.0,0.0,24
7640,20,7154,0.0,0.0,0.0,0.0,0.0,0.0,24
7641,20,7153,0.0,0.0,0.0,0.0,0.0,0.0,24
7642,20,7152,0.0,0.0,0.0,0.0,0.0,0.0,24
7643,20,7151,0.0,0.0,0.0,0.0,0.0,0.0,24
7644,20,7150,0.0,0.0,0.0,0.0,0.0,0.0,24
7645,20,7149,0.0,0.0,0.0,0.0,0.0,0.0,24
7646,20,7148,0.0,0.0,0.0,0.0,0.0,0.0,24
7647,20,7147,0.0,0.0,0.0,0.0,0.0,0.0,24
7648,20,7146,0.0,0.0,0.0,0.0,0.0,0.0,24
7649,20,7145,0.0,0.0,0.0,0.0,0.0,0.0,24
7650,20,7144,0.0,0.0,0.0,0.0,0.0,0.0,24
7651,20,7143,0.0,0.0,0.0,0.0,0.0,0.0,24
7652,20,7058,0.0,0.0,0.0,0.0,0.0,0.0,24
7653,20,7075,0.0,0.0,0.0,0.0,0.0,0.0,24
7654,20,7074,0.0,0.0,0.0,0.0,0.0,0.0,24
7655,20,7073,0.0,0.0,0.0,0.0,0.0,0.0,24
7656,20,7072,0.0,0.0,0.0,0.0,0.0,0.0,24
7657,20,7071,0.0,0.0,0.0,0.0,0.0,0.0,24
7658,20,7069,0.0,0.0,0.0,0.0,0.0,0.0,24
7659,20,7068,0.0,0.0,0.0,0.0,0.0,0.0,24
7660,20,7067,0.0,0.0,0.0,0.0,0.0,0.0,24
7661,20,7066,0.0,0.0,0.0,0.0,0.0,0.0,24
7662,20,7064,0.0,0.0,0.0,0.0,0.0,0.0,24
7663,20,7063,0.0,0.0,0.0,0.0,0.0,0.0,24
7664,20,7062,0.0,0.0,0.0,0.0,0.0,0.0,24
7665,20,7061,0.0,0.0,0.0,0.0,0.0,0.0,24
7666,20,7060,0.0,0.0,0.0,0.0,0.0,0.0,24
7667,20,7059,0.0,0.0,0.0,0.0,0.0,0.0,24
7668,20,7076,0.0,0.0,0.0,0.0,0.0,0.0,24
7669,20,7057,0.0,0.0,0.0,0.0,0.0,0.0,24
7670,20,7056,0.0,0.0,0.0,0.0,0.0,0.0,24
7671,20,7055,0.0,0.0,0.0,0.0,0.0,0.0,24
7672,20,7054,0.0,0.0,0.0,0.0,0.0,0.0,24
7673,20,7053,0.0,0.0,0.0,0.0,0.0,0.0,24
7674,20,7052,0.0,0.0,0.0,0.0,0.0,0.0,24
7675,20,7051,0.0,0.0,0.0,0.0,0.0,0.0,24
7676,20,7050,0.0,0.0,0.0,0.0,0.0,0.0,24
7677,20,7049,0.0,0.0,0.0,0.0,0.0,0.0,24
7678,20,7048,0.0,0.0,0.0,0.0,0.0,0.0,24
7679,20,7047,0.0,0.0,0.0,0.0,0.0,0.0,24
7680,20,7046,0.0,0.0,0.0,0.0,0.0,0.0,24
7681,20,7045,0.0,0.0,0.0,0.0,0.0,0.0,24
7682,20,7044,0.0,0.0,0.0,0.0,0.0,0.0,24
7683,20,7091,0.0,0.0,0.0,0.0,0.0,0.0,24
7684,20,7108,0.0,0.0,0.0,0.0,0.0,0.0,24
7685,20,7107,0.0,0.0,0.0,0.0,0.0,0.0,24
7686,20,7106,0.0,0.0,0.0,0.0,0.0,0.0,24
7687,20,7105,0.0,0.0,0.0,0.0,0.0,0.0,24
7688,20,7104,0.0,0.0,0.0,0.0,0.0,0.0,24
7689,20,7103,0.0,0.0,0.0,0.0,0.0,0.0,24
7690,20,7102,0.0,0.0,0.0,0.0,0.0,0.0,24
7691,20,7101,0.0,0.0,0.0,0.0,0.0,0.0,24
7692,20,7100,0.0,0.0,0.0,0.0,0.0,0.0,24
7693,20,7099,0.0,0.0,0.0,0.0,0.0,0.0,24
7694,20,7098,0.0,0.0,0.0,0.0,0.0,0.0,24
7695,20,7096,0.0,0.0,0.0,0.0,0.0,0.0,24
7696,20,7095,0.0,0.0,0.0,0.0,0.0,0.0,24
7697,20,7094,0.0,0.0,0.0,0.0,0.0,0.0,24
7698,20,7093,0.0,0.0,0.0,0.0,0.0,0.0,24
7699,20,7173,0.0,0.0,0.0,0.0,0.0,0.0,24
7700,20,7090,0.0,0.0,0.0,0.0,0.0,0.0,24
7701,20,7089,0.0,0.0,0.0,0.0,0.0,0.0,24
7702,20,7088,0.0,0.0,0.0,0.0,0.0,0.0,24
7703,20,7087,0.0,0.0,0.0,0.0,0.0,0.0,24
7704,20,7086,0.0,0.0,0.0,0.0,0.0,0.0,24
7705,20,7085,0.0,0.0,0.0,0.0,0.0,0.0,24
7706,20,7084,0.0,0.0,0.0,0.0,0.0,0.0,24
7707,20,7083,0.0,0.0,0.0,0.0,0.0,0.0,24
7708,20,7082,0.0,0.0,0.0,0.0,0.0,0.0,24
7709,20,7081,0.0,0.0,0.0,0.0,0.0,0.0,24
7710,20,7080,0.0,0.0,0.0,0.0,0.0,0.0,24
7711,20,7079,0.0,0.0,0.0,0.0,0.0,0.0,24
7712,20,7078,0.0,0.0,0.0,0.0,0.0,0.0,24
7713,20,7077,0.0,0.0,0.0,0.0,0.0,0.0,24
7714,20,7255,0.0,0.0,0.0,0.0,0.0,0.0,24
7715,20,7271,0.0,0.0,0.0,0.0,0.0,0.0,24
7716,20,7270,0.0,0.0,0.0,0.0,0.0,0.0,24
7717,20,7269,0.0,0.0,0.0,0.0,0.0,0.0,24
7718,20,7268,0.0,0.0,0.0,0.0,0.0,0.0,24
7719,20,7267,0.0,0.0,0.0,0.0,0.0,0.0,24
7720,20,7266,0.0,0.0,0.0,0.0,0.0,0.0,24
7721,20,7265,0.0,0.0,0.0,0.0,0.0,0.0,24
7722,20,7264,0.0,0.0,0.0,0.0,0.0,0.0,24
7723,20,7263,0.0,0.0,0.0,0.0,0.0,0.0,24
7724,20,7262,0.0,0.0,0.0,0.0,0.0,0.0,24
7725,20,7261,0.0,0.0,0.0,0.0,0.0,0.0,24
7726,20,7260,0.0,0.0,0.0,0.0,0.0,0.0,24
7727,20,7258,0.0,0.0,0.0,0.0,0.0,0.0,24
7728,20,7257,0.0,0.0,0.0,0.0,0.0,0.0,24
7729,20,7256,0.0,0.0,0.0,0.0,0.0,0.0,24
7730,20,7272,0.0,0.0,0.0,0.0,0.0,0.0,24
7731,20,7253,0.0,0.0,0.0,0.0,0.0,0.0,24
7732,20,7252,0.0,0.0,0.0,0.0,0.0,0.0,24
7733,20,7251,0.0,0.0,0.0,0.0,0.0,0.0,24
7734,20,7250,0.0,0.0,0.0,0.0,0.0,0.0,24
7735,20,7249,0.0,0.0,0.0,0.0,0.0,0.0,24
7736,20,7248,0.0,0.0,0.0,0.0,0.0,0.0,24
7737,20,7247,0.0,0.0,0.0,0.0,0.0,0.0,24
7738,20,7246,0.0,0.0,0.0,0.0,0.0,0.0,24
7739,20,7245,0.0,0.0,0.0,0.0,0.0,0.0,24
7740,20,7244,0.0,0.0,0.0,0.0,0.0,0.0,24
7741,20,7243,0.0,0.0,0.0,0.0,0.0,0.0,24
7742,20,7242,0.0,0.0,0.0,0.0,0.0,0.0,24
7743,20,7241,0.0,0.0,0.0,0.0,0.0,0.0,24
7744,20,7240,0.0,0.0,0.0,0.0,0.0,0.0,24
7745,20,7288,0.0,0.0,0.0,0.0,0.0,0.0,24
7746,20,7306,0.0,0.0,0.0,0.0,0.0,0.0,24
7747,20,7305,0.0,0.0,0.0,0.0,0.0,0.0,24
7748,20,7304,0.0,0.0,0.0,0.0,0.0,0.0,24
7749,20,7303,0.0,0.0,0.0,0.0,0.0,0.0,24
7750,20,7301,0.0,0.0,0.0,0.0,0.0,0.0,24
7751,20,7300,0.0,0.0,0.0,0.0,0.0,0.0,24
7752,20,7299,0.0,0.0,0.0,0.0,0.0,0.0,24
7753,20,7298,0.0,0.0,0.0,0.0,0.0,0.0,24
7754,20,7297,0.0,0.0,0.0,0.0,0.0,0.0,24
7755,20,7296,0.0,0.0,0.0,0.0,0.0,0.0,24
7756,20,7294,0.0,0.0,0.0,0.0,0.0,0.0,24
7757,20,7292,0.0,0.0,0.0,0.0,0.0,0.0,24
7758,20,7291,0.0,0.0,0.0,0.0,0.0,0.0,24
7759,20,7290,0.0,0.0,0.0,0.0,0.0,0.0,24
7760,20,7289,0.0,0.0,0.0,0.0,0.0,0.0,24
7761,20,7239,0.0,0.0,0.0,0.0,0.0,0.0,24
7762,20,7287,0.0,0.0,0.0,0.0,0.0,0.0,24
7763,20,7286,0.0,0.0,0.0,0.0,0.0,0.0,24
7764,20,7285,0.0,0.0,0.0,0.0,0.0,0.0,24
7765,20,7284,0.0,0.0,0.0,0.0,0.0,0.0,24
7766,20,7282,0.0,0.0,0.0,0.0,0.0,0.0,24
7767,20,7281,0.0,0.0,0.0,0.0,0.0,0.0,24
7768,20,7280,0.0,0.0,0.0,0.0,0.0,0.0,24
7769,20,7279,0.0,0.0,0.0,0.0,0.0,0.0,24
7770,20,7278,0.0,0.0,0.0,0.0,0.0,0.0,24
7771,20,7277,0.0,0.0,0.0,0.0,0.0,0.0,24
7772,20,7276,0.0,0.0,0.0,0.0,0.0,0.0,24
7773,20,7275,0.0,0.0,0.0,0.0,0.0,0.0,24
7774,20,7274,0.0,0.0,0.0,0.0,0.0,0.0,24
7775,20,7273,0.0,0.0,0.0,0.0,0.0,0.0,24
7776,20,7189,0.0,0.0,0.0,0.0,0.0,0.0,24
7777,20,7204,0.0,0.0,0.0,0.0,0.0,0.0,24
7778,20,7203,0.0,0.0,0.0,0.0,0.0,0.0,24
7779,20,7202,0.0,0.0,0.0,0.0,0.0,0.0,24
7780,20,7201,0.0,0.0,0.0,0.0,0.0,0.0,24
7781,20,7200,0.0,0.0,0.0,0.0,0.0,0.0,24
7782,20,7199,0.0,0.0,0.0,0.0,0.0,0.0,24
7783,20,7198,0.0,0.0,0.0,0.0,0.0,0.0,24
7784,20,7197,0.0,0.0,0.0,0.0,0.0,0.0,24
7785,20,7196,0.0,0.0,0.0,0.0,0.0,0.0,24
7786,20,7195,0.0,0.0,0.0,0.0,0.0,0.0,24
7787,20,7194,0.0,0.0,0.0,0.0,0.0,0.0,24
7788,20,7193,0.0,0.0,0.0,0.0,0.0,0.0,24
7789,20,7192,0.0,0.0,0.0,0.0,0.0,0.0,24
7790,20,7191,0.0,0.0,0.0,0.0,0.0,0.0,24
7791,20,7190,0.0,0.0,0.0,0.0,0.0,0.0,24
7792,20,7205,0.0,0.0,0.0,0.0,0.0,0.0,24
7793,20,7188,0.0,0.0,0.0,0.0,0.0,0.0,24
7794,20,7187,0.0,0.0,0.0,0.0,0.0,0.0,24
7795,20,7186,0.0,0.0,0.0,0.0,0.0,0.0,24
7796,20,7185,0.0,0.0,0.0,0.0,0.0,0.0,24
7797,20,7184,0.0,0.0,0.0,0.0,0.0,0.0,24
7798,20,7183,0.0,0.0,0.0,0.0,0.0,0.0,24
7799,20,7182,0.0,0.0,0.0,0.0,0.0,0.0,24
7800,20,7181,0.0,0.0,0.0,0.0,0.0,0.0,24
7801,20,7180,0.0,0.0,0.0,0.0,0.0,0.0,24
7802,20,7179,0.0,0.0,0.0,0.0,0.0,0.0,24
7803,20,7178,0.0,0.0,0.0,0.0,0.0,0.0,24
7804,20,7177,0.0,0.0,0.0,0.0,0.0,0.0,24
7805,20,7176,0.0,0.0,0.0,0.0,0.0,0.0,24
7806,20,7175,0.0,0.0,0.0,0.0,0.0,0.0,24
7807,20,7222,0.0,0.0,0.0,0.0,0.0,0.0,24
7808,20,7238,0.0,0.0,0.0,0.0,0.0,0.0,24
7809,20,7237,0.0,0.0,0.0,0.0,0.0,0.0,24
7810,20,7236,0.0,0.0,0.0,0.0,0.0,0.0,24
7811,20,7235,0.0,0.0,0.0,0.0,0.0,0.0,24
7812,20,7234,0.0,0.0,0.0,0.0,0.0,0.0,24
7813,20,7233,0.0,0.0,0.0,0.0,0.0,0.0,24
7814,20,7232,0.0,0.0,0.0,0.0,0.0,0.0,24
7815,20,7231,0.0,0.0,0.0,0.0,0.0,0.0,24
7816,20,7230,0.0,0.0,0.0,0.0,0.0,0.0,24
7817,20,7229,0.0,0.0,0.0,0.0,0.0,0.0,24
7818,20,7227,0.0,0.0,0.0,0.0,0.0,0.0,24
7819,20,7226,0.0,0.0,0.0,0.0,0.0,0.0,24
7820,20,7225,0.0,0.0,0.0,0.0,0.0,0.0,24
7821,20,7224,0.0,0.0,0.0,0.0,0.0,0.0,24
7822,20,7223,0.0,0.0,0.0,0.0,0.0,0.0,24
7823,20,7043,0.0,0.0,0.0,0.0,0.0,0.0,24
7824,20,7221,0.0,0.0,0.0,0.0,0.0,0.0,24
7825,20,7220,0.0,0.0,0.0,0.0,0.0,0.0,24
7826,20,7219,0.0,0.0,0.0,0.0,0.0,0.0,24
7827,20,7218,0.0,0.0,0.0,0.0,0.0,0.0,24
7828,20,7217,0.0,0.0,0.0,0.0,0.0,0.0,24
7829,20,7216,0.0,0.0,0.0,0.0,0.0,0.0,24
7830,20,7215,0.0,0.0,0.0,0.0,0.0,0.0,24
7831,20,7214,0.0,0.0,0.0,0.0,0.0,0.0,24
7832,20,7212,0.0,0.0,0.0,0.0,0.0,0.0,24
7833,20,7211,0.0,0.0,0.0,0.0,0.0,0.0,24
7834,20,7210,0.0,0.0,0.0,0.0,0.0,0.0,24
7835,20,7209,0.0,0.0,0.0,0.0,0.0,0.0,24
7836,20,7207,0.0,0.0,0.0,0.0,0.0,0.0,24
7837,20,7206,0.0,0.0,0.0,0.0,0.0,0.0,24
7838,20,6861,0.0,0.0,0.0,0.0,0.0,0.0,24
7839,20,6876,0.0,0.0,0.0,0.0,0.0,0.0,24
7840,20,6875,0.0,0.0,0.0,0.0,0.0,0.0,24
7841,20,6874,0.0,0.0,0.0,0.0,0.0,0.0,24
7842,20,6873,0.0,0.0,0.0,0.0,0.0,0.0,24
7843,20,6872,0.0,0.0,0.0,0.0,0.0,0.0,24
7844,20,6871,0.0,0.0,0.0,0.0,0.0,0.0,24
7845,20,6870,0.0,0.0,0.0,0.0,0.0,0.0,24
7846,20,6869,0.0,0.0,0.0,0.0,0.0,0.0,24
7847,20,6868,0.0,0.0,0.0,0.0,0.0,0.0,24
7848,20,6867,0.0,0.0,0.0,0.0,0.0,0.0,24
7849,20,6866,0.0,0.0,0.0,0.0,0.0,0.0,24
7850,20,6865,0.0,0.0,0.0,0.0,0.0,0.0,24
7851,20,6864,0.0,0.0,0.0,0.0,0.0,0.0,24
7852,20,6863,0.0,0.0,0.0,0.0,0.0,0.0,24
7853,20,6862,0.0,0.0,0.0,0.0,0.0,0.0,24
7854,20,6877,0.0,0.0,0.0,0.0,0.0,0.0,24
7855,20,6859,0.0,0.0,0.0,0.0,0.0,0.0,24
7856,20,6858,0.0,0.0,0.0,0.0,0.0,0.0,24
7857,20,6857,0.0,0.0,0.0,0.0,0.0,0.0,24
7858,20,6856,0.0,0.0,0.0,0.0,0.0,0.0,24
7859,20,6855,0.0,0.0,0.0,0.0,0.0,0.0,24
7860,20,6853,0.0,0.0,0.0,0.0,0.0,0.0,24
7861,20,6852,0.0,0.0,0.0,0.0,0.0,0.0,24
7862,20,6851,0.0,0.0,0.0,0.0,0.0,0.0,24
7863,20,6850,0.0,0.0,0.0,0.0,0.0,0.0,24
7864,20,6849,0.0,0.0,0.0,0.0,0.0,0.0,24
7865,20,6848,0.0,0.0,0.0,0.0,0.0,0.0,24
7866,20,6847,0.0,0.0,0.0,0.0,0.0,0.0,24
7867,20,6846,0.0,0.0,0.0,0.0,0.0,0.0,24
7868,20,6845,0.0,0.0,0.0,0.0,0.0,0.0,24
7869,20,6892,0.0,0.0,0.0,0.0,0.0,0.0,24
7870,20,6907,0.0,0.0,0.0,0.0,0.0,0.0,24
7871,20,6906,0.0,0.0,0.0,0.0,0.0,0.0,24
7872,20,6905,0.0,0.0,0.0,0.0,0.0,0.0,24
7873,20,6904,0.0,0.0,0.0,0.0,0.0,0.0,24
7874,20,6903,0.0,0.0,0.0,0.0,0.0,0.0,24
7875,20,6902,0.0,0.0,0.0,0.0,0.0,0.0,24
7876,20,6901,0.0,0.0,0.0,0.0,0.0,0.0,24
7877,20,6900,0.0,0.0,0.0,0.0,0.0,0.0,24
7878,20,6899,0.0,0.0,0.0,0.0,0.0,0.0,24
7879,20,6898,0.0,0.0,0.0,0.0,0.0,0.0,24
7880,20,6897,0.0,0.0,0.0,0.0,0.0,0.0,24
7881,20,6896,0.0,0.0,0.0,0.0,0.0,0.0,24
7882,20,6895,0.0,0.0,0.0,0.0,0.0,0.0,24
7883,20,6894,0.0,0.0,0.0,0.0,0.0,0.0,24
7884,20,6893,0.0,0.0,0.0,0.0,0.0,0.0,24
7885,20,6844,0.0,0.0,0.0,0.0,0.0,0.0,24
7886,20,6891,0.0,0.0,0.0,0.0,0.0,0.0,24
7887,20,6890,0.0,0.0,0.0,0.0,0.0,0.0,24
7888,20,6889,0.0,0.0,0.0,0.0,0.0,0.0,24
7889,20,6888,0.0,0.0,0.0,0.0,0.0,0.0,24
7890,20,6887,0.0,0.0,0.0,0.0,0.0,0.0,24
7891,20,6886,0.0,0.0,0.0,0.0,0.0,0.0,24
7892,20,6885,0.0,0.0,0.0,0.0,0.0,0.0,24
7893,20,6884,0.0,0.0,0.0,0.0,0.0,0.0,24
7894,20,6883,0.0,0.0,0.0,0.0,0.0,0.0,24
7895,20,6882,0.0,0.0,0.0,0.0,0.0,0.0,24
7896,20,6881,0.0,0.0,0.0,0.0,0.0,0.0,24
7897,20,6880,0.0,0.0,0.0,0.0,0.0,0.0,24
7898,20,6879,0.0,0.0,0.0,0.0,0.0,0.0,24
7899,20,6878,0.0,0.0,0.0,0.0,0.0,0.0,24
7900,20,6796,0.0,0.0,0.0,0.0,0.0,0.0,24
7901,20,6811,0.0,0.0,0.0,0.0,0.0,0.0,24
7902,20,6810,0.0,0.0,0.0,0.0,0.0,0.0,24
7903,20,6809,0.0,0.0,0.0,0.0,0.0,0.0,24
7904,20,6808,0.0,0.0,0.0,0.0,0.0,0.0,24
7905,20,6807,0.0,0.0,0.0,0.0,0.0,0.0,24
7906,20,6806,0.0,0.0,0.0,0.0,0.0,0.0,24
7907,20,6805,0.0,0.0,0.0,0.0,0.0,0.0,24
7908,20,6804,0.0,0.0,0.0,0.0,0.0,0.0,24
7909,20,6803,0.0,0.0,0.0,0.0,0.0,0.0,24
7910,20,6802,0.0,0.0,0.0,0.0,0.0,0.0,24
7911,20,6801,0.0,0.0,0.0,0.0,0.0,0.0,24
7912,20,6800,0.0,0.0,0.0,0.0,0.0,0.0,24
7913,20,6799,0.0,0.0,0.0,0.0,0.0,0.0,24
7914,20,6798,0.0,0.0,0.0,0.0,0.0,0.0,24
7915,20,6797,0.0,0.0,0.0,0.0,0.0,0.0,24
7916,20,6812,0.0,0.0,0.0,0.0,0.0,0.0,24
7917,20,6795,0.0,0.0,0.0,0.0,0.0,0.0,24
7918,20,6794,0.0,0.0,0.0,0.0,0.0,0.0,24
7919,20,6793,0.0,0.0,0.0,0.0,0.0,0.0,24
7920,20,6792,0.0,0.0,0.0,0.0,0.0,0.0,24
7921,20,6791,0.0,0.0,0.0,0.0,0.0,0.0,24
7922,20,6790,0.0,0.0,0.0,0.0,0.0,0.0,24
7923,20,6789,0.0,0.0,0.0,0.0,0.0,0.0,24
7924,20,6788,0.0,0.0,0.0,0.0,0.0,0.0,24
7925,20,6787,0.0,0.0,0.0,0.0,0.0,0.0,24
7926,20,6786,0.0,0.0,0.0,0.0,0.0,0.0,24
7927,20,6785,0.0,0.0,0.0,0.0,0.0,0.0,24
7928,20,6784,0.0,0.0,0.0,0.0,0.0,0.0,24
7929,20,6783,0.0,0.0,0.0,0.0,0.0,0.0,24
7930,20,6782,0.0,0.0,0.0,0.0,0.0,0.0,24
7931,20,6828,0.0,0.0,0.0,0.0,0.0,0.0,24
7932,20,6843,0.0,0.0,0.0,0.0,0.0,0.0,24
7933,20,6842,0.0,0.0,0.0,0.0,0.0,0.0,24
7934,20,6841,0.0,0.0,0.0,0.0,0.0,0.0,24
7935,20,6840,0.0,0.0,0.0,0.0,0.0,0.0,24
7936,20,6839,0.0,0.0,0.0,0.0,0.0,0.0,24
7937,20,6838,0.0,0.0,0.0,0.0,0.0,0.0,24
7938,20,6837,0.0,0.0,0.0,0.0,0.0,0.0,24
7939,20,6836,0.0,0.0,0.0,0.0,0.0,0.0,24
7940,20,6835,0.0,0.0,0.0,0.0,0.0,0.0,24
7941,20,6834,0.0,0.0,0.0,0.0,0.0,0.0,24
7942,20,6833,0.0,0.0,0.0,0.0,0.0,0.0,24
7943,20,6832,0.0,0.0,0.0,0.0,0.0,0.0,24
7944,20,6831,0.0,0.0,0.0,0.0,0.0,0.0,24
7945,20,6830,0.0,0.0,0.0,0.0,0.0,0.0,24
7946,20,6829,0.0,0.0,0.0,0.0,0.0,0.0,24
7947,20,6908,0.0,0.0,0.0,0.0,0.0,0.0,24
7948,20,6827,0.0,0.0,0.0,0.0,0.0,0.0,24
7949,20,6826,0.0,0.0,0.0,0.0,0.0,0.0,24
7950,20,6825,0.0,0.0,0.0,0.0,0.0,0.0,24
7951,20,6824,0.0,0.0,0.0,0.0,0.0,0.0,24
7952,20,6823,0.0,0.0,0.0,0.0,0.0,0.0,24
7953,20,6822,0.0,0.0,0.0,0.0,0.0,0.0,24
7954,20,6820,0.0,0.0,0.0,0.0,0.0,0.0,24
7955,20,6819,0.0,0.0,0.0,0.0,0.0,0.0,24
7956,20,6818,0.0,0.0,0.0,0.0,0.0,0.0,24
7957,20,6817,0.0,0.0,0.0,0.0,0.0,0.0,24
7958,20,6816,0.0,0.0,0.0,0.0,0.0,0.0,24
7959,20,6815,0.0,0.0,0.0,0.0,0.0,0.0,24
7960,20,6814,0.0,0.0,0.0,0.0,0.0,0.0,24
7961,20,6813,0.0,0.0,0.0,0.0,0.0,0.0,24
7962,20,6992,0.0,0.0,0.0,0.0,0.0,0.0,24
7963,20,7008,0.0,0.0,0.0,0.0,0.0,0.0,24
7964,20,7007,0.0,0.0,0.0,0.0,0.0,0.0,24
7965,20,7006,0.0,0.0,0.0,0.0,0.0,0.0,24
7966,20,7005,0.0,0.0,0.0,0.0,0.0,0.0,24
7967,20,7004,0.0,0.0,0.0,0.0,0.0,0.0,24
7968,20,7003,0.0,0.0,0.0,0.0,0.0,0.0,24
7969,20,7002,0.0,0.0,0.0,0.0,0.0,0.0,24
7970,20,7000,0.0,0.0,0.0,0.0,0.0,0.0,24
7971,20,6999,0.0,0.0,0.0,0.0,0.0,0.0,24
7972,20,6998,0.0,0.0,0.0,0.0,0.0,0.0,24
7973,20,6997,0.0,0.0,0.0,0.0,0.0,0.0,24
7974,20,6996,0.0,0.0,0.0,0.0,0.0,0.0,24
7975,20,6995,0.0,0.0,0.0,0.0,0.0,0.0,24
7976,20,6994,0.0,0.0,0.0,0.0,0.0,0.0,24
7977,20,6993,0.0,0.0,0.0,0.0,0.0,0.0,24
7978,20,7009,0.0,0.0,0.0,0.0,0.0,0.0,24
7979,20,6991,0.0,0.0,0.0,0.0,0.0,0.0,24
7980,20,6990,0.0,0.0,0.0,0.0,0.0,0.0,24
7981,20,6989,0.0,0.0,0.0,0.0,0.0,0.0,24
7982,20,6987,0.0,0.0,0.0,0.0,0.0,0.0,24
7983,20,6986,0.0,0.0,0.0,0.0,0.0,0.0,24
7984,20,6985,0.0,0.0,0.0,0.0,0.0,0.0,24
7985,20,6984,0.0,0.0,0.0,0.0,0.0,0.0,24
7986,20,6983,0.0,0.0,0.0,0.0,0.0,0.0,24
7987,20,6982,0.0,0.0,0.0,0.0,0.0,0.0,24
7988,20,6981,0.0,0.0,0.0,0.0,0.0,0.0,24
7989,20,6980,0.0,0.0,0.0,0.0,0.0,0.0,24
7990,20,6979,0.0,0.0,0.0,0.0,0.0,0.0,24
7991,20,6978,0.0,0.0,0.0,0.0,0.0,0.0,24
7992,20,6977,0.0,0.0,0.0,0.0,0.0,0.0,24
7993,20,7024,0.0,0.0,0.0,0.0,0.0,0.0,24
7994,20,7041,0.0,0.0,0.0,0.0,0.0,0.0,24
7995,20,7040,0.0,0.0,0.0,0.0,0.0,0.0,24
7996,20,7038,0.0,0.0,0.0,0.0,0.0,0.0,24
7997,20,7037,0.0,0.0,0.0,0.0,0.0,0.0,24
7998,20,7036,0.0,0.0,0.0,0.0,0.0,0.0,24
7999,20,7035,0.0,0.0,0.0,0.0,0.0,0.0,24
8000,20,7034,0.0,0.0,0.0,0.0,0.0,0.0,24
8001,20,7033,0.0,0.0,0.0,0.0,0.0,0.0,24
8002,20,7032,0.0,0.0,0.0,0.0,0.0,0.0,24
8003,20,7031,0.0,0.0,0.0,0.0,0.0,0.0,24
8004,20,7030,0.0,0.0,0.0,0.0,0.0,0.0,24
8005,20,7029,0.0,0.0,0.0,0.0,0.0,0.0,24
8006,20,7028,0.0,0.0,0.0,0.0,0.0,0.0,24
8007,20,7026,0.0,0.0,0.0,0.0,0.0,0.0,24
8008,20,7025,0.0,0.0,0.0,0.0,0.0,0.0,24
8009,20,6976,0.0,0.0,0.0,0.0,0.0,0.0,24
8010,20,7023,0.0,0.0,0.0,0.0,0.0,0.0,24
8011,20,7022,0.0,0.0,0.0,0.0,0.0,0.0,24
8012,20,7021,0.0,0.0,0.0,0.0,0.0,0.0,24
8013,20,7020,0.0,0.0,0.0,0.0,0.0,0.0,24
8014,20,7019,0.0,0.0,0.0,0.0,0.0,0.0,24
8015,20,7018,0.0,0.0,0.0,0.0,0.0,0.0,24
8016,20,7017,0.0,0.0,0.0,0.0,0.0,0.0,24
8017,20,7016,0.0,0.0,0.0,0.0,0.0,0.0,24
8018,20,7015,0.0,0.0,0.0,0.0,0.0,0.0,24
8019,20,7014,0.0,0.0,0.0,0.0,0.0,0.0,24
8020,20,7013,0.0,0.0,0.0,0.0,0.0,0.0,24
8021,20,7012,0.0,0.0,0.0,0.0,0.0,0.0,24
8022,20,7011,0.0,0.0,0.0,0.0,0.0,0.0,24
8023,20,7010,0.0,0.0,0.0,0.0,0.0,0.0,24
8024,20,6924,0.0,0.0,0.0,0.0,0.0,0.0,24
8025,20,6942,0.0,0.0,0.0,0.0,0.0,0.0,24
8026,20,6941,0.0,0.0,0.0,0.0,0.0,0.0,24
8027,20,6940,0.0,0.0,0.0,0.0,0.0,0.0,24
8028,20,6937,0.0,0.0,0.0,0.0,0.0,0.0,24
8029,20,6936,0.0,0.0,0.0,0.0,0.0,0.0,24
8030,20,6935,0.0,0.0,0.0,0.0,0.0,0.0,24
8031,20,6934,0.0,0.0,0.0,0.0,0.0,0.0,24
8032,20,6933,0.0,0.0,0.0,0.0,0.0,0.0,24
8033,20,6932,0.0,0.0,0.0,0.0,0.0,0.0,24
8034,20,6931,0.0,0.0,0.0,0.0,0.0,0.0,24
8035,20,6930,0.0,0.0,0.0,0.0,0.0,0.0,24
8036,20,6929,0.0,0.0,0.0,0.0,0.0,0.0,24
8037,20,6928,0.0,0.0,0.0,0.0,0.0,0.0,24
8038,20,6926,0.0,0.0,0.0,0.0,0.0,0.0,24
8039,20,6925,0.0,0.0,0.0,0.0,0.0,0.0,24
8040,20,6943,0.0,0.0,0.0,0.0,0.0,0.0,24
8041,20,6923,0.0,0.0,0.0,0.0,0.0,0.0,24
8042,20,6922,0.0,0.0,0.0,0.0,0.0,0.0,24
8043,20,6920,0.0,0.0,0.0,0.0,0.0,0.0,24
8044,20,6919,0.0,0.0,0.0,0.0,0.0,0.0,24
8045,20,6918,0.0,0.0,0.0,0.0,0.0,0.0,24
8046,20,6917,0.0,0.0,0.0,0.0,0.0,0.0,24
8047,20,6916,0.0,0.0,0.0,0.0,0.0,0.0,24
8048,20,6915,0.0,0.0,0.0,0.0,0.0,0.0,24
8049,20,6914,0.0,0.0,0.0,0.0,0.0,0.0,24
8050,20,6913,0.0,0.0,0.0,0.0,0.0,0.0,24
8051,20,6912,0.0,0.0,0.0,0.0,0.0,0.0,24
8052,20,6911,0.0,0.0,0.0,0.0,0.0,0.0,24
8053,20,6910,0.0,0.0,0.0,0.0,0.0,0.0,24
8054,20,6909,0.0,0.0,0.0,0.0,0.0,0.0,24
8055,20,6959,0.0,0.0,0.0,0.0,0.0,0.0,24
8056,20,6975,0.0,0.0,0.0,0.0,0.0,0.0,24
8057,20,6974,0.0,0.0,0.0,0.0,0.0,0.0,24
8058,20,6973,0.0,0.0,0.0,0.0,0.0,0.0,24
8059,20,6972,0.0,0.0,0.0,0.0,0.0,0.0,24
8060,20,6971,0.0,0.0,0.0,0.0,0.0,0.0,24
8061,20,6970,0.0,0.0,0.0,0.0,0.0,0.0,24
8062,20,6969,0.0,0.0,0.0,0.0,0.0,0.0,24
8063,20,6967,0.0,0.0,0.0,0.0,0.0,0.0,24
8064,20,6966,0.0,0.0,0.0,0.0,0.0,0.0,24
8065,20,6965,0.0,0.0,0.0,0.0,0.0,0.0,24
8066,20,6964,0.0,0.0,0.0,0.0,0.0,0.0,24
8067,20,6963,0.0,0.0,0.0,0.0,0.0,0.0,24
8068,20,6962,0.0,0.0,0.0,0.0,0.0,0.0,24
8069,20,6961,0.0,0.0,0.0,0.0,0.0,0.0,24
8070,20,6960,0.0,0.0,0.0,0.0,0.0,0.0,24
8071,20,7307,0.0,0.0,0.0,0.0,0.0,0.0,24
8072,20,6958,0.0,0.0,0.0,0.0,0.0,0.0,24
8073,20,6957,0.0,0.0,0.0,0.0,0.0,0.0,24
8074,20,6956,0.0,0.0,0.0,0.0,0.0,0.0,24
8075,20,6955,0.0,0.0,0.0,0.0,0.0,0.0,24
8076,20,6953,0.0,0.0,0.0,0.0,0.0,0.0,24
8077,20,6952,0.0,0.0,0.0,0.0,0.0,0.0,24
8078,20,6951,0.0,0.0,0.0,0.0,0.0,0.0,24
8079,20,6950,0.0,0.0,0.0,0.0,0.0,0.0,24
8080,20,6949,0.0,0.0,0.0,0.0,0.0,0.0,24
8081,20,6948,0.0,0.0,0.0,0.0,0.0,0.0,24
8082,20,6947,0.0,0.0,0.0,0.0,0.0,0.0,24
8083,20,6946,0.0,0.0,0.0,0.0,0.0,0.0,24
8084,20,6945,0.0,0.0,0.0,0.0,0.0,0.0,24
8085,20,6944,0.0,0.0,0.0,0.0,0.0,0.0,24
8086,20,7654,0.0,0.0,0.0,0.0,0.0,0.0,24
8087,20,7671,0.0,0.0,0.0,0.0,0.0,0.0,24
8088,20,7670,0.0,0.0,0.0,0.0,0.0,0.0,24
8089,20,7668,0.0,0.0,0.0,0.0,0.0,0.0,24
8090,20,7666,0.0,0.0,0.0,0.0,0.0,0.0,24
8091,20,7665,0.0,0.0,0.0,0.0,0.0,0.0,24
8092,20,7664,0.0,0.0,0.0,0.0,0.0,0.0,24
8093,20,7663,0.0,0.0,0.0,0.0,0.0,0.0,24
8094,20,7662,0.0,0.0,0.0,0.0,0.0,0.0,24
8095,20,7661,0.0,0.0,0.0,0.0,0.0,0.0,24
8096,20,7660,0.0,0.0,0.0,0.0,0.0,0.0,24
8097,20,7659,0.0,0.0,0.0,0.0,0.0,0.0,24
8098,20,7658,0.0,0.0,0.0,0.0,0.0,0.0,24
8099,20,7657,0.0,0.0,0.0,0.0,0.0,0.0,24
8100,20,7656,0.0,0.0,0.0,0.0,0.0,0.0,24
8101,20,7655,0.0,0.0,0.0,0.0,0.0,0.0,24
8102,20,7672,0.0,0.0,0.0,0.0,0.0,0.0,24
8103,20,7653,0.0,0.0,0.0,0.0,0.0,0.0,24
8104,20,7652,0.0,0.0,0.0,0.0,0.0,0.0,24
8105,20,7651,0.0,0.0,0.0,0.0,0.0,0.0,24
8106,20,7650,0.0,0.0,0.0,0.0,0.0,0.0,24
8107,20,7649,0.0,0.0,0.0,0.0,0.0,0.0,24
8108,20,7648,0.0,0.0,0.0,0.0,0.0,0.0,24
8109,20,7647,0.0,0.0,0.0,0.0,0.0,0.0,24
8110,20,7646,0.0,0.0,0.0,0.0,0.0,0.0,24
8111,20,7645,0.0,0.0,0.0,0.0,0.0,0.0,24
8112,20,7644,0.0,0.0,0.0,0.0,0.0,0.0,24
8113,20,7643,0.0,0.0,0.0,0.0,0.0,0.0,24
8114,20,7642,0.0,0.0,0.0,0.0,0.0,0.0,24
8115,20,7641,0.0,0.0,0.0,0.0,0.0,0.0,24
8116,20,7640,0.0,0.0,0.0,0.0,0.0,0.0,24
8117,20,7687,0.0,0.0,0.0,0.0,0.0,0.0,24
8118,20,7702,0.0,0.0,0.0,0.0,0.0,0.0,24
8119,20,7701,0.0,0.0,0.0,0.0,0.0,0.0,24
8120,20,7700,0.0,0.0,0.0,0.0,0.0,0.0,24
8121,20,7699,0.0,0.0,0.0,0.0,0.0,0.0,24
8122,20,7698,0.0,0.0,0.0,0.0,0.0,0.0,24
8123,20,7697,0.0,0.0,0.0,0.0,0.0,0.0,24
8124,20,7696,0.0,0.0,0.0,0.0,0.0,0.0,24
8125,20,7695,0.0,0.0,0.0,0.0,0.0,0.0,24
8126,20,7694,0.0,0.0,0.0,0.0,0.0,0.0,24
8127,20,7693,0.0,0.0,0.0,0.0,0.0,0.0,24
8128,20,7692,0.0,0.0,0.0,0.0,0.0,0.0,24
8129,20,7691,0.0,0.0,0.0,0.0,0.0,0.0,24
8130,20,7690,0.0,0.0,0.0,0.0,0.0,0.0,24
8131,20,7689,0.0,0.0,0.0,0.0,0.0,0.0,24
8132,20,7688,0.0,0.0,0.0,0.0,0.0,0.0,24
8133,20,7639,0.0,0.0,0.0,0.0,0.0,0.0,24
8134,20,7686,0.0,0.0,0.0,0.0,0.0,0.0,24
8135,20,7685,0.0,0.0,0.0,0.0,0.0,0.0,24
8136,20,7684,0.0,0.0,0.0,0.0,0.0,0.0,24
8137,20,7683,0.0,0.0,0.0,0.0,0.0,0.0,24
8138,20,7682,0.0,0.0,0.0,0.0,0.0,0.0,24
8139,20,7681,0.0,0.0,0.0,0.0,0.0,0.0,24
8140,20,7680,0.0,0.0,0.0,0.0,0.0,0.0,24
8141,20,7679,0.0,0.0,0.0,0.0,0.0,0.0,24
8142,20,7678,0.0,0.0,0.0,0.0,0.0,0.0,24
8143,20,7677,0.0,0.0,0.0,0.0,0.0,0.0,24
8144,20,7676,0.0,0.0,0.0,0.0,0.0,0.0,24
8145,20,7675,0.0,0.0,0.0,0.0,0.0,0.0,24
8146,20,7674,0.0,0.0,0.0,0.0,0.0,0.0,24
8147,20,7673,0.0,0.0,0.0,0.0,0.0,0.0,24
8148,20,7591,0.0,0.0,0.0,0.0,0.0,0.0,24
8149,20,7606,0.0,0.0,0.0,0.0,0.0,0.0,24
8150,20,7605,0.0,0.0,0.0,0.0,0.0,0.0,24
8151,20,7604,0.0,0.0,0.0,0.0,0.0,0.0,24
8152,20,7603,0.0,0.0,0.0,0.0,0.0,0.0,24
8153,20,7602,0.0,0.0,0.0,0.0,0.0,0.0,24
8154,20,7601,0.0,0.0,0.0,0.0,0.0,0.0,24
8155,20,7600,0.0,0.0,0.0,0.0,0.0,0.0,24
8156,20,7599,0.0,0.0,0.0,0.0,0.0,0.0,24
8157,20,7598,0.0,0.0,0.0,0.0,0.0,0.0,24
8158,20,7597,0.0,0.0,0.0,0.0,0.0,0.0,24
8159,20,7596,0.0,0.0,0.0,0.0,0.0,0.0,24
8160,20,7595,0.0,0.0,0.0,0.0,0.0,0.0,24
8161,20,7594,0.0,0.0,0.0,0.0,0.0,0.0,24
8162,20,7593,0.0,0.0,0.0,0.0,0.0,0.0,24
8163,20,7592,0.0,0.0,0.0,0.0,0.0,0.0,24
8164,20,7607,0.0,0.0,0.0,0.0,0.0,0.0,24
8165,20,7590,0.0,0.0,0.0,0.0,0.0,0.0,24
8166,20,7588,0.0,0.0,0.0,0.0,0.0,0.0,24
8167,20,7587,0.0,0.0,0.0,0.0,0.0,0.0,24
8168,20,7586,0.0,0.0,0.0,0.0,0.0,0.0,24
8169,20,7585,0.0,0.0,0.0,0.0,0.0,0.0,24
8170,20,7584,0.0,0.0,0.0,0.0,0.0,0.0,24
8171,20,7583,0.0,0.0,0.0,0.0,0.0,0.0,24
8172,20,7582,0.0,0.0,0.0,0.0,0.0,0.0,24
8173,20,7581,0.0,0.0,0.0,0.0,0.0,0.0,24
8174,20,7580,0.0,0.0,0.0,0.0,0.0,0.0,24
8175,20,7579,0.0,0.0,0.0,0.0,0.0,0.0,24
8176,20,7578,0.0,0.0,0.0,0.0,0.0,0.0,24
8177,20,7577,0.0,0.0,0.0,0.0,0.0,0.0,24
8178,20,7576,0.0,0.0,0.0,0.0,0.0,0.0,24
8179,20,7622,0.0,0.0,0.0,0.0,0.0,0.0,24
8180,20,7638,0.0,0.0,0.0,0.0,0.0,0.0,24
8181,20,7637,0.0,0.0,0.0,0.0,0.0,0.0,24
8182,20,7636,0.0,0.0,0.0,0.0,0.0,0.0,24
8183,20,7635,0.0,0.0,0.0,0.0,0.0,0.0,24
8184,20,7634,0.0,0.0,0.0,0.0,0.0,0.0,24
8185,20,7633,0.0,0.0,0.0,0.0,0.0,0.0,24
8186,20,7632,0.0,0.0,0.0,0.0,0.0,0.0,24
8187,20,7631,0.0,0.0,0.0,0.0,0.0,0.0,24
8188,20,7630,0.0,0.0,0.0,0.0,0.0,0.0,24
8189,20,7628,0.0,0.0,0.0,0.0,0.0,0.0,24
8190,20,7627,0.0,0.0,0.0,0.0,0.0,0.0,24
8191,20,7626,0.0,0.0,0.0,0.0,0.0,0.0,24
8192,20,7625,0.0,0.0,0.0,0.0,0.0,0.0,24
8193,20,7624,0.0,0.0,0.0,0.0,0.0,0.0,24
8194,20,7623,0.0,0.0,0.0,0.0,0.0,0.0,24
8195,20,7703,0.0,0.0,0.0,0.0,0.0,0.0,24
8196,20,7621,0.0,0.0,0.0,0.0,0.0,0.0,24
8197,20,7620,0.0,0.0,0.0,0.0,0.0,0.0,24
8198,20,7619,0.0,0.0,0.0,0.0,0.0,0.0,24
8199,20,7618,0.0,0.0,0.0,0.0,0.0,0.0,24
8200,20,7617,0.0,0.0,0.0,0.0,0.0,0.0,24
8201,20,7616,0.0,0.0,0.0,0.0,0.0,0.0,24
8202,20,7615,0.0,0.0,0.0,0.0,0.0,0.0,24
8203,20,7614,0.0,0.0,0.0,0.0,0.0,0.0,24
8204,20,7613,0.0,0.0,0.0,0.0,0.0,0.0,24
8205,20,7612,0.0,0.0,0.0,0.0,0.0,0.0,24
8206,20,7611,0.0,0.0,0.0,0.0,0.0,0.0,24
8207,20,7610,0.0,0.0,0.0,0.0,0.0,0.0,24
8208,20,7609,0.0,0.0,0.0,0.0,0.0,0.0,24
8209,20,7608,0.0,0.0,0.0,0.0,0.0,0.0,24
8210,20,7788,0.0,0.0,0.0,0.0,0.0,0.0,24
8211,20,7806,0.0,0.0,0.0,0.0,0.0,0.0,24
8212,20,7805,0.0,0.0,0.0,0.0,0.0,0.0,24
8213,20,7804,0.0,0.0,0.0,0.0,0.0,0.0,24
8214,20,7803,0.0,0.0,0.0,0.0,0.0,0.0,24
8215,20,7802,0.0,0.0,0.0,0.0,0.0,0.0,24
8216,20,7800,0.0,0.0,0.0,0.0,0.0,0.0,24
8217,20,7799,0.0,0.0,0.0,0.0,0.0,0.0,24
8218,20,7798,0.0,0.0,0.0,0.0,0.0,0.0,24
8219,20,7797,0.0,0.0,0.0,0.0,0.0,0.0,24
8220,20,7795,0.0,0.0,0.0,0.0,0.0,0.0,24
8221,20,7794,0.0,0.0,0.0,0.0,0.0,0.0,24
8222,20,7792,0.0,0.0,0.0,0.0,0.0,0.0,24
8223,20,7791,0.0,0.0,0.0,0.0,0.0,0.0,24
8224,20,7790,0.0,0.0,0.0,0.0,0.0,0.0,24
8225,20,7789,0.0,0.0,0.0,0.0,0.0,0.0,24
8226,20,7807,0.0,0.0,0.0,0.0,0.0,0.0,24
8227,20,7787,0.0,0.0,0.0,0.0,0.0,0.0,24
8228,20,7786,0.0,0.0,0.0,0.0,0.0,0.0,24
8229,20,7785,0.0,0.0,0.0,0.0,0.0,0.0,24
8230,20,7784,0.0,0.0,0.0,0.0,0.0,0.0,24
8231,20,7783,0.0,0.0,0.0,0.0,0.0,0.0,24
8232,20,7782,0.0,0.0,0.0,0.0,0.0,0.0,24
8233,20,7781,0.0,0.0,0.0,0.0,0.0,0.0,24
8234,20,7780,0.0,0.0,0.0,0.0,0.0,0.0,24
8235,20,7779,0.0,0.0,0.0,0.0,0.0,0.0,24
8236,20,7778,0.0,0.0,0.0,0.0,0.0,0.0,24
8237,20,7777,0.0,0.0,0.0,0.0,0.0,0.0,24
8238,20,7775,0.0,0.0,0.0,0.0,0.0,0.0,24
8239,20,7774,0.0,0.0,0.0,0.0,0.0,0.0,24
8240,20,7773,0.0,0.0,0.0,0.0,0.0,0.0,24
8241,20,7824,0.0,0.0,0.0,0.0,0.0,0.0,24
8242,20,7840,0.0,0.0,0.0,0.0,0.0,0.0,24
8243,20,7839,0.0,0.0,0.0,0.0,0.0,0.0,24
8244,20,7838,0.0,0.0,0.0,0.0,0.0,0.0,24
8245,20,7837,0.0,0.0,0.0,0.0,0.0,0.0,24
8246,20,7836,0.0,0.0,0.0,0.0,0.0,0.0,24
8247,20,7834,0.0,0.0,0.0,0.0,0.0,0.0,24
8248,20,7833,0.0,0.0,0.0,0.0,0.0,0.0,24
8249,20,7832,0.0,0.0,0.0,0.0,0.0,0.0,24
8250,20,7831,0.0,0.0,0.0,0.0,0.0,0.0,24
8251,20,7830,0.0,0.0,0.0,0.0,0.0,0.0,24
8252,20,7829,0.0,0.0,0.0,0.0,0.0,0.0,24
8253,20,7828,0.0,0.0,0.0,0.0,0.0,0.0,24
8254,20,7827,0.0,0.0,0.0,0.0,0.0,0.0,24
8255,20,7826,0.0,0.0,0.0,0.0,0.0,0.0,24
8256,20,7825,0.0,0.0,0.0,0.0,0.0,0.0,24
8257,20,7772,0.0,0.0,0.0,0.0,0.0,0.0,24
8258,20,7823,0.0,0.0,0.0,0.0,0.0,0.0,24
8259,20,7822,0.0,0.0,0.0,0.0,0.0,0.0,24
8260,20,7821,0.0,0.0,0.0,0.0,0.0,0.0,24
8261,20,7820,0.0,0.0,0.0,0.0,0.0,0.0,24
8262,20,7819,0.0,0.0,0.0,0.0,0.0,0.0,24
8263,20,7818,0.0,0.0,0.0,0.0,0.0,0.0,24
8264,20,7817,0.0,0.0,0.0,0.0,0.0,0.0,24
8265,20,7816,0.0,0.0,0.0,0.0,0.0,0.0,24
8266,20,7813,0.0,0.0,0.0,0.0,0.0,0.0,24
8267,20,7812,0.0,0.0,0.0,0.0,0.0,0.0,24
8268,20,7811,0.0,0.0,0.0,0.0,0.0,0.0,24
8269,20,7810,0.0,0.0,0.0,0.0,0.0,0.0,24
8270,20,7809,0.0,0.0,0.0,0.0,0.0,0.0,24
8271,20,7808,0.0,0.0,0.0,0.0,0.0,0.0,24
8272,20,7719,0.0,0.0,0.0,0.0,0.0,0.0,24
8273,20,7738,0.0,0.0,0.0,0.0,0.0,0.0,24
8274,20,7737,0.0,0.0,0.0,0.0,0.0,0.0,24
8275,20,7736,0.0,0.0,0.0,0.0,0.0,0.0,24
8276,20,7735,0.0,0.0,0.0,0.0,0.0,0.0,24
8277,20,7733,0.0,0.0,0.0,0.0,0.0,0.0,24
8278,20,7731,0.0,0.0,0.0,0.0,0.0,0.0,24
8279,20,7730,0.0,0.0,0.0,0.0,0.0,0.0,24
8280,20,7728,0.0,0.0,0.0,0.0,0.0,0.0,24
8281,20,7727,0.0,0.0,0.0,0.0,0.0,0.0,24
8282,20,7726,0.0,0.0,0.0,0.0,0.0,0.0,24
8283,20,7725,0.0,0.0,0.0,0.0,0.0,0.0,24
8284,20,7724,0.0,0.0,0.0,0.0,0.0,0.0,24
8285,20,7723,0.0,0.0,0.0,0.0,0.0,0.0,24
8286,20,7722,0.0,0.0,0.0,0.0,0.0,0.0,24
8287,20,7720,0.0,0.0,0.0,0.0,0.0,0.0,24
8288,20,7739,0.0,0.0,0.0,0.0,0.0,0.0,24
8289,20,7718,0.0,0.0,0.0,0.0,0.0,0.0,24
8290,20,7717,0.0,0.0,0.0,0.0,0.0,0.0,24
8291,20,7716,0.0,0.0,0.0,0.0,0.0,0.0,24
8292,20,7715,0.0,0.0,0.0,0.0,0.0,0.0,24
8293,20,7714,0.0,0.0,0.0,0.0,0.0,0.0,24
8294,20,7713,0.0,0.0,0.0,0.0,0.0,0.0,24
8295,20,7712,0.0,0.0,0.0,0.0,0.0,0.0,24
8296,20,7711,0.0,0.0,0.0,0.0,0.0,0.0,24
8297,20,7710,0.0,0.0,0.0,0.0,0.0,0.0,24
8298,20,7709,0.0,0.0,0.0,0.0,0.0,0.0,24
8299,20,7708,0.0,0.0,0.0,0.0,0.0,0.0,24
8300,20,7707,0.0,0.0,0.0,0.0,0.0,0.0,24
8301,20,7706,0.0,0.0,0.0,0.0,0.0,0.0,24
8302,20,7704,0.0,0.0,0.0,0.0,0.0,0.0,24
8303,20,7755,0.0,0.0,0.0,0.0,0.0,0.0,24
8304,20,7771,0.0,0.0,0.0,0.0,0.0,0.0,24
8305,20,7770,0.0,0.0,0.0,0.0,0.0,0.0,24
8306,20,7768,0.0,0.0,0.0,0.0,0.0,0.0,24
8307,20,7767,0.0,0.0,0.0,0.0,0.0,0.0,24
8308,20,7766,0.0,0.0,0.0,0.0,0.0,0.0,24
8309,20,7765,0.0,0.0,0.0,0.0,0.0,0.0,24
8310,20,7764,0.0,0.0,0.0,0.0,0.0,0.0,24
8311,20,7763,0.0,0.0,0.0,0.0,0.0,0.0,24
8312,20,7762,0.0,0.0,0.0,0.0,0.0,0.0,24
8313,20,7761,0.0,0.0,0.0,0.0,0.0,0.0,24
8314,20,7760,0.0,0.0,0.0,0.0,0.0,0.0,24
8315,20,7759,0.0,0.0,0.0,0.0,0.0,0.0,24
8316,20,7758,0.0,0.0,0.0,0.0,0.0,0.0,24
8317,20,7757,0.0,0.0,0.0,0.0,0.0,0.0,24
8318,20,7756,0.0,0.0,0.0,0.0,0.0,0.0,24
8319,20,7575,0.0,0.0,0.0,0.0,0.0,0.0,24
8320,20,7754,0.0,0.0,0.0,0.0,0.0,0.0,24
8321,20,7753,0.0,0.0,0.0,0.0,0.0,0.0,24
8322,20,7752,0.0,0.0,0.0,0.0,0.0,0.0,24
8323,20,7751,0.0,0.0,0.0,0.0,0.0,0.0,24
8324,20,7750,0.0,0.0,0.0,0.0,0.0,0.0,24
8325,20,7749,0.0,0.0,0.0,0.0,0.0,0.0,24
8326,20,7748,0.0,0.0,0.0,0.0,0.0,0.0,24
8327,20,7747,0.0,0.0,0.0,0.0,0.0,0.0,24
8328,20,7746,0.0,0.0,0.0,0.0,0.0,0.0,24
8329,20,7745,0.0,0.0,0.0,0.0,0.0,0.0,24
8330,20,7744,0.0,0.0,0.0,0.0,0.0,0.0,24
8331,20,7743,0.0,0.0,0.0,0.0,0.0,0.0,24
8332,20,7742,0.0,0.0,0.0,0.0,0.0,0.0,24
8333,20,7741,0.0,0.0,0.0,0.0,0.0,0.0,24
8334,20,7387,0.0,0.0,0.0,0.0,0.0,0.0,24
8335,20,7404,0.0,0.0,0.0,0.0,0.0,0.0,24
8336,20,7402,0.0,0.0,0.0,0.0,0.0,0.0,24
8337,20,7401,0.0,0.0,0.0,0.0,0.0,0.0,24
8338,20,7400,0.0,0.0,0.0,0.0,0.0,0.0,24
8339,20,7399,0.0,0.0,0.0,0.0,0.0,0.0,24
8340,20,7398,0.0,0.0,0.0,0.0,0.0,0.0,24
8341,20,7397,0.0,0.0,0.0,0.0,0.0,0.0,24
8342,20,7396,0.0,0.0,0.0,0.0,0.0,0.0,24
8343,20,7395,0.0,0.0,0.0,0.0,0.0,0.0,24
8344,20,7394,0.0,0.0,0.0,0.0,0.0,0.0,24
8345,20,7393,0.0,0.0,0.0,0.0,0.0,0.0,24
8346,20,7392,0.0,0.0,0.0,0.0,0.0,0.0,24
8347,20,7390,0.0,0.0,0.0,0.0,0.0,0.0,24
8348,20,7389,0.0,0.0,0.0,0.0,0.0,0.0,24
8349,20,7388,0.0,0.0,0.0,0.0,0.0,0.0,24
8350,20,7405,0.0,0.0,0.0,0.0,0.0,0.0,24
8351,20,7386,0.0,0.0,0.0,0.0,0.0,0.0,24
8352,20,7385,0.0,0.0,0.0,0.0,0.0,0.0,24
8353,20,7384,0.0,0.0,0.0,0.0,0.0,0.0,24
8354,20,7383,0.0,0.0,0.0,0.0,0.0,0.0,24
8355,20,7382,0.0,0.0,0.0,0.0,0.0,0.0,24
8356,20,7381,0.0,0.0,0.0,0.0,0.0,0.0,24
8357,20,7380,0.0,0.0,0.0,0.0,0.0,0.0,24
8358,20,7379,0.0,0.0,0.0,0.0,0.0,0.0,24
8359,20,7378,0.0,0.0,0.0,0.0,0.0,0.0,24
8360,20,7377,0.0,0.0,0.0,0.0,0.0,0.0,24
8361,20,7376,0.0,0.0,0.0,0.0,0.0,0.0,24
8362,20,7375,0.0,0.0,0.0,0.0,0.0,0.0,24
8363,20,7374,0.0,0.0,0.0,0.0,0.0,0.0,24
8364,20,7373,0.0,0.0,0.0,0.0,0.0,0.0,24
8365,20,7420,0.0,0.0,0.0,0.0,0.0,0.0,24
8366,20,7438,0.0,0.0,0.0,0.0,0.0,0.0,24
8367,20,7437,0.0,0.0,0.0,0.0,0.0,0.0,24
8368,20,7435,0.0,0.0,0.0,0.0,0.0,0.0,24
8369,20,7434,0.0,0.0,0.0,0.0,0.0,0.0,24
8370,20,7432,0.0,0.0,0.0,0.0,0.0,0.0,24
8371,20,7431,0.0,0.0,0.0,0.0,0.0,0.0,24
8372,20,7430,0.0,0.0,0.0,0.0,0.0,0.0,24
8373,20,7428,0.0,0.0,0.0,0.0,0.0,0.0,24
8374,20,7427,0.0,0.0,0.0,0.0,0.0,0.0,24
8375,20,7426,0.0,0.0,0.0,0.0,0.0,0.0,24
8376,20,7425,0.0,0.0,0.0,0.0,0.0,0.0,24
8377,20,7424,0.0,0.0,0.0,0.0,0.0,0.0,24
8378,20,7423,0.0,0.0,0.0,0.0,0.0,0.0,24
8379,20,7422,0.0,0.0,0.0,0.0,0.0,0.0,24
8380,20,7421,0.0,0.0,0.0,0.0,0.0,0.0,24
8381,20,7372,0.0,0.0,0.0,0.0,0.0,0.0,24
8382,20,7419,0.0,0.0,0.0,0.0,0.0,0.0,24
8383,20,7418,0.0,0.0,0.0,0.0,0.0,0.0,24
8384,20,7417,0.0,0.0,0.0,0.0,0.0,0.0,24
8385,20,7416,0.0,0.0,0.0,0.0,0.0,0.0,24
8386,20,7415,0.0,0.0,0.0,0.0,0.0,0.0,24
8387,20,7414,0.0,0.0,0.0,0.0,0.0,0.0,24
8388,20,7413,0.0,0.0,0.0,0.0,0.0,0.0,24
8389,20,7412,0.0,0.0,0.0,0.0,0.0,0.0,24
8390,20,7411,0.0,0.0,0.0,0.0,0.0,0.0,24
8391,20,7410,0.0,0.0,0.0,0.0,0.0,0.0,24
8392,20,7409,0.0,0.0,0.0,0.0,0.0,0.0,24
8393,20,7408,0.0,0.0,0.0,0.0,0.0,0.0,24
8394,20,7407,0.0,0.0,0.0,0.0,0.0,0.0,24
8395,20,7406,0.0,0.0,0.0,0.0,0.0,0.0,24
8396,20,7323,0.0,0.0,0.0,0.0,0.0,0.0,24
8397,20,7340,0.0,0.0,0.0,0.0,0.0,0.0,24
8398,20,7339,0.0,0.0,0.0,0.0,0.0,0.0,24
8399,20,7338,0.0,0.0,0.0,0.0,0.0,0.0,24
8400,20,7337,0.0,0.0,0.0,0.0,0.0,0.0,24
8401,20,7336,0.0,0.0,0.0,0.0,0.0,0.0,24
8402,20,7335,0.0,0.0,0.0,0.0,0.0,0.0,24
8403,20,7334,0.0,0.0,0.0,0.0,0.0,0.0,24
8404,20,7333,0.0,0.0,0.0,0.0,0.0,0.0,24
8405,20,7332,0.0,0.0,0.0,0.0,0.0,0.0,24
8406,20,7331,0.0,0.0,0.0,0.0,0.0,0.0,24
8407,20,7330,0.0,0.0,0.0,0.0,0.0,0.0,24
8408,20,7329,0.0,0.0,0.0,0.0,0.0,0.0,24
8409,20,7328,0.0,0.0,0.0,0.0,0.0,0.0,24
8410,20,7325,0.0,0.0,0.0,0.0,0.0,0.0,24
8411,20,7324,0.0,0.0,0.0,0.0,0.0,0.0,24
8412,20,7341,0.0,0.0,0.0,0.0,0.0,0.0,24
8413,20,7322,0.0,0.0,0.0,0.0,0.0,0.0,24
8414,20,7321,0.0,0.0,0.0,0.0,0.0,0.0,24
8415,20,7320,0.0,0.0,0.0,0.0,0.0,0.0,24
8416,20,7319,0.0,0.0,0.0,0.0,0.0,0.0,24
8417,20,7318,0.0,0.0,0.0,0.0,0.0,0.0,24
8418,20,7317,0.0,0.0,0.0,0.0,0.0,0.0,24
8419,20,7316,0.0,0.0,0.0,0.0,0.0,0.0,24
8420,20,7315,0.0,0.0,0.0,0.0,0.0,0.0,24
8421,20,7313,0.0,0.0,0.0,0.0,0.0,0.0,24
8422,20,7312,0.0,0.0,0.0,0.0,0.0,0.0,24
8423,20,7311,0.0,0.0,0.0,0.0,0.0,0.0,24
8424,20,7310,0.0,0.0,0.0,0.0,0.0,0.0,24
8425,20,7309,0.0,0.0,0.0,0.0,0.0,0.0,24
8426,20,7308,0.0,0.0,0.0,0.0,0.0,0.0,24
8427,20,7356,0.0,0.0,0.0,0.0,0.0,0.0,24
8428,20,7371,0.0,0.0,0.0,0.0,0.0,0.0,24
8429,20,7370,0.0,0.0,0.0,0.0,0.0,0.0,24
8430,20,7369,0.0,0.0,0.0,0.0,0.0,0.0,24
8431,20,7368,0.0,0.0,0.0,0.0,0.0,0.0,24
8432,20,7367,0.0,0.0,0.0,0.0,0.0,0.0,24
8433,20,7366,0.0,0.0,0.0,0.0,0.0,0.0,24
8434,20,7365,0.0,0.0,0.0,0.0,0.0,0.0,24
8435,20,7364,0.0,0.0,0.0,0.0,0.0,0.0,24
8436,20,7363,0.0,0.0,0.0,0.0,0.0,0.0,24
8437,20,7362,0.0,0.0,0.0,0.0,0.0,0.0,24
8438,20,7361,0.0,0.0,0.0,0.0,0.0,0.0,24
8439,20,7360,0.0,0.0,0.0,0.0,0.0,0.0,24
8440,20,7359,0.0,0.0,0.0,0.0,0.0,0.0,24
8441,20,7358,0.0,0.0,0.0,0.0,0.0,0.0,24
8442,20,7357,0.0,0.0,0.0,0.0,0.0,0.0,24
8443,20,7439,0.0,0.0,0.0,0.0,0.0,0.0,24
8444,20,7355,0.0,0.0,0.0,0.0,0.0,0.0,24
8445,20,7354,0.0,0.0,0.0,0.0,0.0,0.0,24
8446,20,7353,0.0,0.0,0.0,0.0,0.0,0.0,24
8447,20,7352,0.0,0.0,0.0,0.0,0.0,0.0,24
8448,20,7351,0.0,0.0,0.0,0.0,0.0,0.0,24
8449,20,7350,0.0,0.0,0.0,0.0,0.0,0.0,24
8450,20,7349,0.0,0.0,0.0,0.0,0.0,0.0,24
8451,20,7348,0.0,0.0,0.0,0.0,0.0,0.0,24
8452,20,7347,0.0,0.0,0.0,0.0,0.0,0.0,24
8453,20,7346,0.0,0.0,0.0,0.0,0.0,0.0,24
8454,20,7345,0.0,0.0,0.0,0.0,0.0,0.0,24
8455,20,7344,0.0,0.0,0.0,0.0,0.0,0.0,24
8456,20,7343,0.0,0.0,0.0,0.0,0.0,0.0,24
8457,20,7342,0.0,0.0,0.0,0.0,0.0,0.0,24
8458,20,7526,0.0,0.0,0.0,0.0,0.0,0.0,24
8459,20,7542,0.0,0.0,0.0,0.0,0.0,0.0,24
8460,20,7541,0.0,0.0,0.0,0.0,0.0,0.0,24
8461,20,7540,0.0,0.0,0.0,0.0,0.0,0.0,24
8462,20,7539,0.0,0.0,0.0,0.0,0.0,0.0,24
8463,20,7538,0.0,0.0,0.0,0.0,0.0,0.0,24
8464,20,7537,0.0,0.0,0.0,0.0,0.0,0.0,24
8465,20,7536,0.0,0.0,0.0,0.0,0.0,0.0,24
8466,20,7535,0.0,0.0,0.0,0.0,0.0,0.0,24
8467,20,7534,0.0,0.0,0.0,0.0,0.0,0.0,24
8468,20,7533,0.0,0.0,0.0,0.0,0.0,0.0,24
8469,20,7532,0.0,0.0,0.0,0.0,0.0,0.0,24
8470,20,7530,0.0,0.0,0.0,0.0,0.0,0.0,24
8471,20,7529,0.0,0.0,0.0,0.0,0.0,0.0,24
8472,20,7528,0.0,0.0,0.0,0.0,0.0,0.0,24
8473,20,7527,0.0,0.0,0.0,0.0,0.0,0.0,24
8474,20,7543,0.0,0.0,0.0,0.0,0.0,0.0,24
8475,20,7525,0.0,0.0,0.0,0.0,0.0,0.0,24
8476,20,7524,0.0,0.0,0.0,0.0,0.0,0.0,24
8477,20,7523,0.0,0.0,0.0,0.0,0.0,0.0,24
8478,20,7522,0.0,0.0,0.0,0.0,0.0,0.0,24
8479,20,7521,0.0,0.0,0.0,0.0,0.0,0.0,24
8480,20,7520,0.0,0.0,0.0,0.0,0.0,0.0,24
8481,20,7519,0.0,0.0,0.0,0.0,0.0,0.0,24
8482,20,7518,0.0,0.0,0.0,0.0,0.0,0.0,24
8483,20,7517,0.0,0.0,0.0,0.0,0.0,0.0,24
8484,20,7516,0.0,0.0,0.0,0.0,0.0,0.0,24
8485,20,7515,0.0,0.0,0.0,0.0,0.0,0.0,24
8486,20,7514,0.0,0.0,0.0,0.0,0.0,0.0,24
8487,20,7513,0.0,0.0,0.0,0.0,0.0,0.0,24
8488,20,7512,0.0,0.0,0.0,0.0,0.0,0.0,24
8489,20,7559,0.0,0.0,0.0,0.0,0.0,0.0,24
8490,20,7574,0.0,0.0,0.0,0.0,0.0,0.0,24
8491,20,7573,0.0,0.0,0.0,0.0,0.0,0.0,24
8492,20,7572,0.0,0.0,0.0,0.0,0.0,0.0,24
8493,20,7571,0.0,0.0,0.0,0.0,0.0,0.0,24
8494,20,7570,0.0,0.0,0.0,0.0,0.0,0.0,24
8495,20,7569,0.0,0.0,0.0,0.0,0.0,0.0,24
8496,20,7568,0.0,0.0,0.0,0.0,0.0,0.0,24
8497,20,7567,0.0,0.0,0.0,0.0,0.0,0.0,24
8498,20,7566,0.0,0.0,0.0,0.0,0.0,0.0,24
8499,20,7565,0.0,0.0,0.0,0.0,0.0,0.0,24
8500,20,7564,0.0,0.0,0.0,0.0,0.0,0.0,24
8501,20,7563,0.0,0.0,0.0,0.0,0.0,0.0,24
8502,20,7562,0.0,0.0,0.0,0.0,0.0,0.0,24
8503,20,7561,0.0,0.0,0.0,0.0,0.0,0.0,24
8504,20,7560,0.0,0.0,0.0,0.0,0.0,0.0,24
8505,20,7510,0.0,0.0,0.0,0.0,0.0,0.0,24
8506,20,7558,0.0,0.0,0.0,0.0,0.0,0.0,24
8507,20,7557,0.0,0.0,0.0,0.0,0.0,0.0,24
8508,20,7556,0.0,0.0,0.0,0.0,0.0,0.0,24
8509,20,7555,0.0,0.0,0.0,0.0,0.0,0.0,24
8510,20,7554,0.0,0.0,0.0,0.0,0.0,0.0,24
8511,20,7553,0.0,0.0,0.0,0.0,0.0,0.0,24
8512,20,7552,0.0,0.0,0.0,0.0,0.0,0.0,24
8513,20,7551,0.0,0.0,0.0,0.0,0.0,0.0,24
8514,20,7550,0.0,0.0,0.0,0.0,0.0,0.0,24
8515,20,7549,0.0,0.0,0.0,0.0,0.0,0.0,24
8516,20,7548,0.0,0.0,0.0,0.0,0.0,0.0,24
8517,20,7546,0.0,0.0,0.0,0.0,0.0,0.0,24
8518,20,7545,0.0,0.0,0.0,0.0,0.0,0.0,24
8519,20,7544,0.0,0.0,0.0,0.0,0.0,0.0,24
8520,20,7455,0.0,0.0,0.0,0.0,0.0,0.0,24
8521,20,7473,0.0,0.0,0.0,0.0,0.0,0.0,24
8522,20,7472,0.0,0.0,0.0,0.0,0.0,0.0,24
8523,20,7471,0.0,0.0,0.0,0.0,0.0,0.0,24
8524,20,7470,0.0,0.0,0.0,0.0,0.0,0.0,24
8525,20,7468,0.0,0.0,0.0,0.0,0.0,0.0,24
8526,20,7466,0.0,0.0,0.0,0.0,0.0,0.0,24
8527,20,7465,0.0,0.0,0.0,0.0,0.0,0.0,24
8528,20,7464,0.0,0.0,0.0,0.0,0.0,0.0,24
8529,20,7463,0.0,0.0,0.0,0.0,0.0,0.0,24
8530,20,7462,0.0,0.0,0.0,0.0,0.0,0.0,24
8531,20,7461,0.0,0.0,0.0,0.0,0.0,0.0,24
8532,20,7460,0.0,0.0,0.0,0.0,0.0,0.0,24
8533,20,7459,0.0,0.0,0.0,0.0,0.0,0.0,24
8534,20,7458,0.0,0.0,0.0,0.0,0.0,0.0,24
8535,20,7456,0.0,0.0,0.0,0.0,0.0,0.0,24
8536,20,7474,0.0,0.0,0.0,0.0,0.0,0.0,24
8537,20,7454,0.0,0.0,0.0,0.0,0.0,0.0,24
8538,20,7452,0.0,0.0,0.0,0.0,0.0,0.0,24
8539,20,7451,0.0,0.0,0.0,0.0,0.0,0.0,24
8540,20,7450,0.0,0.0,0.0,0.0,0.0,0.0,24
8541,20,7449,0.0,0.0,0.0,0.0,0.0,0.0,24
8542,20,7448,0.0,0.0,0.0,0.0,0.0,0.0,24
8543,20,7447,0.0,0.0,0.0,0.0,0.0,0.0,24
8544,20,7446,0.0,0.0,0.0,0.0,0.0,0.0,24
8545,20,7445,0.0,0.0,0.0,0.0,0.0,0.0,24
8546,20,7444,0.0,0.0,0.0,0.0,0.0,0.0,24
8547,20,7443,0.0,0.0,0.0,0.0,0.0,0.0,24
8548,20,7442,0.0,0.0,0.0,0.0,0.0,0.0,24
8549,20,7441,0.0,0.0,0.0,0.0,0.0,0.0,24
8550,20,7440,0.0,0.0,0.0,0.0,0.0,0.0,24
8551,20,7491,0.0,0.0,0.0,0.0,0.0,0.0,24
8552,20,7507,0.0,0.0,0.0,0.0,0.0,0.0,24
8553,20,7506,0.0,0.0,0.0,0.0,0.0,0.0,24
8554,20,7505,0.0,0.0,0.0,0.0,0.0,0.0,24
8555,20,7504,0.0,0.0,0.0,0.0,0.0,0.0,24
8556,20,7503,0.0,0.0,0.0,0.0,0.0,0.0,24
8557,20,7501,0.0,0.0,0.0,0.0,0.0,0.0,24
8558,20,7499,0.0,0.0,0.0,0.0,0.0,0.0,24
8559,20,7498,0.0,0.0,0.0,0.0,0.0,0.0,24
8560,20,7497,0.0,0.0,0.0,0.0,0.0,0.0,24
8561,20,7496,0.0,0.0,0.0,0.0,0.0,0.0,24
8562,20,7495,0.0,0.0,0.0,0.0,0.0,0.0,24
8563,20,7494,0.0,0.0,0.0,0.0,0.0,0.0,24
8564,20,7493,0.0,0.0,0.0,0.0,0.0,0.0,24
8565,20,7492,0.0,0.0,0.0,0.0,0.0,0.0,24
8566,20,3808,0.0,0.0,0.0,0.0,0.0,0.0,24
8567,20,7490,0.0,0.0,0.0,0.0,0.0,0.0,24
8568,20,7489,0.0,0.0,0.0,0.0,0.0,0.0,24
8569,20,7488,0.0,0.0,0.0,0.0,0.0,0.0,24
8570,20,7486,0.0,0.0,0.0,0.0,0.0,0.0,24
8571,20,7484,0.0,0.0,0.0,0.0,0.0,0.0,24
8572,20,7483,0.0,0.0,0.0,0.0,0.0,0.0,24
8573,20,7482,0.0,0.0,0.0,0.0,0.0,0.0,24
8574,20,7481,0.0,0.0,0.0,0.0,0.0,0.0,24
8575,20,7480,0.0,0.0,0.0,0.0,0.0,0.0,24
8576,20,7479,0.0,0.0,0.0,0.0,0.0,0.0,24
8577,20,7478,0.0,0.0,0.0,0.0,0.0,0.0,24
8578,20,7477,0.0,0.0,0.0,0.0,0.0,0.0,24
8579,20,7476,0.0,0.0,0.0,0.0,0.0,0.0,24
8580,20,7475,0.0,0.0,0.0,0.0,0.0,0.0,24
8581,20,13697,0.0,0.0,0.0,0.0,0.0,0.0,24
8582,20,13712,0.0,0.0,0.0,0.0,0.0,0.0,24
8583,20,13711,0.0,0.0,0.0,0.0,0.0,0.0,24
8584,20,13710,0.0,0.0,0.0,0.0,0.0,0.0,24
8585,20,13709,0.0,0.0,0.0,0.0,0.0,0.0,24
8586,20,13708,0.0,0.0,0.0,0.0,0.0,0.0,24
8587,20,13707,0.0,0.0,0.0,0.0,0.0,0.0,24
8588,20,13706,0.0,0.0,0.0,0.0,0.0,0.0,24
8589,20,13705,0.0,0.0,0.0,0.0,0.0,0.0,24
8590,20,13703,0.0,0.0,0.0,0.0,0.0,0.0,24
8591,20,13702,0.0,0.0,0.0,0.0,0.0,0.0,24
8592,20,13701,0.0,0.0,0.0,0.0,0.0,0.0,24
8593,20,13700,0.0,0.0,0.0,0.0,0.0,0.0,24
8594,20,13699,0.0,0.0,0.0,0.0,0.0,0.0,24
8595,20,13698,0.0,0.0,0.0,0.0,0.0,0.0,24
8596,20,13713,0.0,0.0,0.0,0.0,0.0,0.0,24
8597,20,13696,0.0,0.0,0.0,0.0,0.0,0.0,24
8598,20,13695,0.0,0.0,0.0,0.0,0.0,0.0,24
8599,20,13694,0.0,0.0,0.0,0.0,0.0,0.0,24
8600,20,13693,0.0,0.0,0.0,0.0,0.0,0.0,24
8601,20,13692,0.0,0.0,0.0,0.0,0.0,0.0,24
8602,20,13690,0.0,0.0,0.0,0.0,0.0,0.0,24
8603,20,13689,0.0,0.0,0.0,0.0,0.0,0.0,24
8604,20,13688,0.0,0.0,0.0,0.0,0.0,0.0,24
8605,20,13687,0.0,0.0,0.0,0.0,0.0,0.0,24
8606,20,13686,0.0,0.0,0.0,0.0,0.0,0.0,24
8607,20,13685,0.0,0.0,0.0,0.0,0.0,0.0,24
8608,20,13684,0.0,0.0,0.0,0.0,0.0,0.0,24
8609,20,13683,0.0,0.0,0.0,0.0,0.0,0.0,24
8610,20,13729,0.0,0.0,0.0,0.0,0.0,0.0,24
8611,20,13743,0.0,0.0,0.0,0.0,0.0,0.0,24
8612,20,13742,0.0,0.0,0.0,0.0,0.0,0.0,24
8613,20,13741,0.0,0.0,0.0,0.0,0.0,0.0,24
8614,20,13740,0.0,0.0,0.0,0.0,0.0,0.0,24
8615,20,13739,0.0,0.0,0.0,0.0,0.0,0.0,24
8616,20,13738,0.0,0.0,0.0,0.0,0.0,0.0,24
8617,20,13737,0.0,0.0,0.0,0.0,0.0,0.0,24
8618,20,13736,0.0,0.0,0.0,0.0,0.0,0.0,24
8619,20,13735,0.0,0.0,0.0,0.0,0.0,0.0,24
8620,20,13734,0.0,0.0,0.0,0.0,0.0,0.0,24
8621,20,13733,0.0,0.0,0.0,0.0,0.0,0.0,24
8622,20,13732,0.0,0.0,0.0,0.0,0.0,0.0,24
8623,20,13731,0.0,0.0,0.0,0.0,0.0,0.0,24
8624,20,13730,0.0,0.0,0.0,0.0,0.0,0.0,24
8625,20,13682,0.0,0.0,0.0,0.0,0.0,0.0,24
8626,20,13728,0.0,0.0,0.0,0.0,0.0,0.0,24
8627,20,13727,0.0,0.0,0.0,0.0,0.0,0.0,24
8628,20,13726,0.0,0.0,0.0,0.0,0.0,0.0,24
8629,20,13724,0.0,0.0,0.0,0.0,0.0,0.0,24
8630,20,13723,0.0,0.0,0.0,0.0,0.0,0.0,24
8631,20,13721,0.0,0.0,0.0,0.0,0.0,0.0,24
8632,20,13720,0.0,0.0,0.0,0.0,0.0,0.0,24
8633,20,13719,0.0,0.0,0.0,0.0,0.0,0.0,24
8634,20,13718,0.0,0.0,0.0,0.0,0.0,0.0,24
8635,20,13717,0.0,0.0,0.0,0.0,0.0,0.0,24
8636,20,13716,0.0,0.0,0.0,0.0,0.0,0.0,24
8637,20,13715,0.0,0.0,0.0,0.0,0.0,0.0,24
8638,20,13714,0.0,0.0,0.0,0.0,0.0,0.0,24
8639,20,13638,0.0,0.0,0.0,0.0,0.0,0.0,24
8640,20,13652,0.0,0.0,0.0,0.0,0.0,0.0,24
8641,20,13651,0.0,0.0,0.0,0.0,0.0,0.0,24
8642,20,13650,0.0,0.0,0.0,0.0,0.0,0.0,24
8643,20,13649,0.0,0.0,0.0,0.0,0.0,0.0,24
8644,20,13648,0.0,0.0,0.0,0.0,0.0,0.0,24
8645,20,13647,0.0,0.0,0.0,0.0,0.0,0.0,24
8646,20,13646,0.0,0.0,0.0,0.0,0.0,0.0,24
8647,20,13645,0.0,0.0,0.0,0.0,0.0,0.0,24
8648,20,13644,0.0,0.0,0.0,0.0,0.0,0.0,24
8649,20,13643,0.0,0.0,0.0,0.0,0.0,0.0,24
8650,20,13642,0.0,0.0,0.0,0.0,0.0,0.0,24
8651,20,13641,0.0,0.0,0.0,0.0,0.0,0.0,24
8652,20,13640,0.0,0.0,0.0,0.0,0.0,0.0,24
8653,20,13639,0.0,0.0,0.0,0.0,0.0,0.0,24
8654,20,13653,0.0,0.0,0.0,0.0,0.0,0.0,24
8655,20,13637,0.0,0.0,0.0,0.0,0.0,0.0,24
8656,20,13636,0.0,0.0,0.0,0.0,0.0,0.0,24
8657,20,13635,0.0,0.0,0.0,0.0,0.0,0.0,24
8658,20,13634,0.0,0.0,0.0,0.0,0.0,0.0,24
8659,20,13632,0.0,0.0,0.0,0.0,0.0,0.0,24
8660,20,13631,0.0,0.0,0.0,0.0,0.0,0.0,24
8661,20,13630,0.0,0.0,0.0,0.0,0.0,0.0,24
8662,20,13629,0.0,0.0,0.0,0.0,0.0,0.0,24
8663,20,13628,0.0,0.0,0.0,0.0,0.0,0.0,24
8664,20,13627,0.0,0.0,0.0,0.0,0.0,0.0,24
8665,20,13626,0.0,0.0,0.0,0.0,0.0,0.0,24
8666,20,13625,0.0,0.0,0.0,0.0,0.0,0.0,24
8667,20,13624,0.0,0.0,0.0,0.0,0.0,0.0,24
8668,20,13667,0.0,0.0,0.0,0.0,0.0,0.0,24
8669,20,13681,0.0,0.0,0.0,0.0,0.0,0.0,24
8670,20,13680,0.0,0.0,0.0,0.0,0.0,0.0,24
8671,20,13679,0.0,0.0,0.0,0.0,0.0,0.0,24
8672,20,13678,0.0,0.0,0.0,0.0,0.0,0.0,24
8673,20,13677,0.0,0.0,0.0,0.0,0.0,0.0,24
8674,20,13676,0.0,0.0,0.0,0.0,0.0,0.0,24
8675,20,13675,0.0,0.0,0.0,0.0,0.0,0.0,24
8676,20,13674,0.0,0.0,0.0,0.0,0.0,0.0,24
8677,20,13673,0.0,0.0,0.0,0.0,0.0,0.0,24
8678,20,13672,0.0,0.0,0.0,0.0,0.0,0.0,24
8679,20,13671,0.0,0.0,0.0,0.0,0.0,0.0,24
8680,20,13670,0.0,0.0,0.0,0.0,0.0,0.0,24
8681,20,13669,0.0,0.0,0.0,0.0,0.0,0.0,24
8682,20,13668,0.0,0.0,0.0,0.0,0.0,0.0,24
8683,20,13744,0.0,0.0,0.0,0.0,0.0,0.0,24
8684,20,13666,0.0,0.0,0.0,0.0,0.0,0.0,24
8685,20,13665,0.0,0.0,0.0,0.0,0.0,0.0,24
8686,20,13664,0.0,0.0,0.0,0.0,0.0,0.0,24
8687,20,13663,0.0,0.0,0.0,0.0,0.0,0.0,24
8688,20,13662,0.0,0.0,0.0,0.0,0.0,0.0,24
8689,20,13661,0.0,0.0,0.0,0.0,0.0,0.0,24
8690,20,13660,0.0,0.0,0.0,0.0,0.0,0.0,24
8691,20,13659,0.0,0.0,0.0,0.0,0.0,0.0,24
8692,20,13658,0.0,0.0,0.0,0.0,0.0,0.0,24
8693,20,13657,0.0,0.0,0.0,0.0,0.0,0.0,24
8694,20,13656,0.0,0.0,0.0,0.0,0.0,0.0,24
8695,20,13655,0.0,0.0,0.0,0.0,0.0,0.0,24
8696,20,13654,0.0,0.0,0.0,0.0,0.0,0.0,24
8697,20,13819,0.0,0.0,0.0,0.0,0.0,0.0,24
8698,20,13837,0.0,0.0,0.0,0.0,0.0,0.0,24
8699,20,13836,0.0,0.0,0.0,0.0,0.0,0.0,24
8700,20,13835,0.0,0.0,0.0,0.0,0.0,0.0,24
8701,20,13834,0.0,0.0,0.0,0.0,0.0,0.0,24
8702,20,13832,0.0,0.0,0.0,0.0,0.0,0.0,24
8703,20,13831,0.0,0.0,0.0,0.0,0.0,0.0,24
8704,20,13830,0.0,0.0,0.0,0.0,0.0,0.0,24
8705,20,13829,0.0,0.0,0.0,0.0,0.0,0.0,24
8706,20,13828,0.0,0.0,0.0,0.0,0.0,0.0,24
8707,20,13826,0.0,0.0,0.0,0.0,0.0,0.0,24
8708,20,13825,0.0,0.0,0.0,0.0,0.0,0.0,24
8709,20,13822,0.0,0.0,0.0,0.0,0.0,0.0,24
8710,20,13821,0.0,0.0,0.0,0.0,0.0,0.0,24
8711,20,13820,0.0,0.0,0.0,0.0,0.0,0.0,24
8712,20,13838,0.0,0.0,0.0,0.0,0.0,0.0,24
8713,20,13818,0.0,0.0,0.0,0.0,0.0,0.0,24
8714,20,13817,0.0,0.0,0.0,0.0,0.0,0.0,24
8715,20,13816,0.0,0.0,0.0,0.0,0.0,0.0,24
8716,20,13815,0.0,0.0,0.0,0.0,0.0,0.0,24
8717,20,13814,0.0,0.0,0.0,0.0,0.0,0.0,24
8718,20,13813,0.0,0.0,0.0,0.0,0.0,0.0,24
8719,20,13812,0.0,0.0,0.0,0.0,0.0,0.0,24
8720,20,13811,0.0,0.0,0.0,0.0,0.0,0.0,24
8721,20,13810,0.0,0.0,0.0,0.0,0.0,0.0,24
8722,20,13809,0.0,0.0,0.0,0.0,0.0,0.0,24
8723,20,13808,0.0,0.0,0.0,0.0,0.0,0.0,24
8724,20,13807,0.0,0.0,0.0,0.0,0.0,0.0,24
8725,20,13806,0.0,0.0,0.0,0.0,0.0,0.0,24
8726,20,13852,0.0,0.0,0.0,0.0,0.0,0.0,24
8727,20,13868,0.0,0.0,0.0,0.0,0.0,0.0,24
8728,20,13867,0.0,0.0,0.0,0.0,0.0,0.0,24
8729,20,13866,0.0,0.0,0.0,0.0,0.0,0.0,24
8730,20,13865,0.0,0.0,0.0,0.0,0.0,0.0,24
8731,20,13864,0.0,0.0,0.0,0.0,0.0,0.0,24
8732,20,13863,0.0,0.0,0.0,0.0,0.0,0.0,24
8733,20,13862,0.0,0.0,0.0,0.0,0.0,0.0,24
8734,20,13861,0.0,0.0,0.0,0.0,0.0,0.0,24
8735,20,13860,0.0,0.0,0.0,0.0,0.0,0.0,24
8736,20,13858,0.0,0.0,0.0,0.0,0.0,0.0,24
8737,20,13857,0.0,0.0,0.0,0.0,0.0,0.0,24
8738,20,13856,0.0,0.0,0.0,0.0,0.0,0.0,24
8739,20,13855,0.0,0.0,0.0,0.0,0.0,0.0,24
8740,20,13853,0.0,0.0,0.0,0.0,0.0,0.0,24
8741,20,13805,0.0,0.0,0.0,0.0,0.0,0.0,24
8742,20,13851,0.0,0.0,0.0,0.0,0.0,0.0,24
8743,20,13850,0.0,0.0,0.0,0.0,0.0,0.0,24
8744,20,13849,0.0,0.0,0.0,0.0,0.0,0.0,24
8745,20,13848,0.0,0.0,0.0,0.0,0.0,0.0,24
8746,20,13847,0.0,0.0,0.0,0.0,0.0,0.0,24
8747,20,13846,0.0,0.0,0.0,0.0,0.0,0.0,24
8748,20,13845,0.0,0.0,0.0,0.0,0.0,0.0,24
8749,20,13844,0.0,0.0,0.0,0.0,0.0,0.0,24
8750,20,13843,0.0,0.0,0.0,0.0,0.0,0.0,24
8751,20,13842,0.0,0.0,0.0,0.0,0.0,0.0,24
8752,20,13841,0.0,0.0,0.0,0.0,0.0,0.0,24
8753,20,13840,0.0,0.0,0.0,0.0,0.0,0.0,24
8754,20,13839,0.0,0.0,0.0,0.0,0.0,0.0,24
8755,20,13760,0.0,0.0,0.0,0.0,0.0,0.0,24
8756,20,13774,0.0,0.0,0.0,0.0,0.0,0.0,24
8757,20,13773,0.0,0.0,0.0,0.0,0.0,0.0,24
8758,20,13772,0.0,0.0,0.0,0.0,0.0,0.0,24
8759,20,13771,0.0,0.0,0.0,0.0,0.0,0.0,24
8760,20,13770,0.0,0.0,0.0,0.0,0.0,0.0,24
8761,20,13769,0.0,0.0,0.0,0.0,0.0,0.0,24
8762,20,13768,0.0,0.0,0.0,0.0,0.0,0.0,24
8763,20,13767,0.0,0.0,0.0,0.0,0.0,0.0,24
8764,20,13766,0.0,0.0,0.0,0.0,0.0,0.0,24
8765,20,13765,0.0,0.0,0.0,0.0,0.0,0.0,24
8766,20,13764,0.0,0.0,0.0,0.0,0.0,0.0,24
8767,20,13763,0.0,0.0,0.0,0.0,0.0,0.0,24
8768,20,13762,0.0,0.0,0.0,0.0,0.0,0.0,24
8769,20,13761,0.0,0.0,0.0,0.0,0.0,0.0,24
8770,20,13775,0.0,0.0,0.0,0.0,0.0,0.0,24
8771,20,13759,0.0,0.0,0.0,0.0,0.0,0.0,24
8772,20,13758,0.0,0.0,0.0,0.0,0.0,0.0,24
8773,20,13757,0.0,0.0,0.0,0.0,0.0,0.0,24
8774,20,13756,0.0,0.0,0.0,0.0,0.0,0.0,24
8775,20,13755,0.0,0.0,0.0,0.0,0.0,0.0,24
8776,20,13752,0.0,0.0,0.0,0.0,0.0,0.0,24
8777,20,13751,0.0,0.0,0.0,0.0,0.0,0.0,24
8778,20,13750,0.0,0.0,0.0,0.0,0.0,0.0,24
8779,20,13749,0.0,0.0,0.0,0.0,0.0,0.0,24
8780,20,13748,0.0,0.0,0.0,0.0,0.0,0.0,24
8781,20,13747,0.0,0.0,0.0,0.0,0.0,0.0,24
8782,20,13746,0.0,0.0,0.0,0.0,0.0,0.0,24
8783,20,13745,0.0,0.0,0.0,0.0,0.0,0.0,24
8784,20,13789,0.0,0.0,0.0,0.0,0.0,0.0,24
8785,20,13804,0.0,0.0,0.0,0.0,0.0,0.0,24
8786,20,13803,0.0,0.0,0.0,0.0,0.0,0.0,24
8787,20,13802,0.0,0.0,0.0,0.0,0.0,0.0,24
8788,20,13801,0.0,0.0,0.0,0.0,0.0,0.0,24
8789,20,13800,0.0,0.0,0.0,0.0,0.0,0.0,24
8790,20,13799,0.0,0.0,0.0,0.0,0.0,0.0,24
8791,20,13798,0.0,0.0,0.0,0.0,0.0,0.0,24
8792,20,13797,0.0,0.0,0.0,0.0,0.0,0.0,24
8793,20,13796,0.0,0.0,0.0,0.0,0.0,0.0,24
8794,20,13795,0.0,0.0,0.0,0.0,0.0,0.0,24
8795,20,13793,0.0,0.0,0.0,0.0,0.0,0.0,24
8796,20,13792,0.0,0.0,0.0,0.0,0.0,0.0,24
8797,20,13791,0.0,0.0,0.0,0.0,0.0,0.0,24
8798,20,13790,0.0,0.0,0.0,0.0,0.0,0.0,24
8799,20,13621,0.0,0.0,0.0,0.0,0.0,0.0,24
8800,20,13788,0.0,0.0,0.0,0.0,0.0,0.0,24
8801,20,13787,0.0,0.0,0.0,0.0,0.0,0.0,24
8802,20,13786,0.0,0.0,0.0,0.0,0.0,0.0,24
8803,20,13785,0.0,0.0,0.0,0.0,0.0,0.0,24
8804,20,13784,0.0,0.0,0.0,0.0,0.0,0.0,24
8805,20,13783,0.0,0.0,0.0,0.0,0.0,0.0,24
8806,20,13782,0.0,0.0,0.0,0.0,0.0,0.0,24
8807,20,13781,0.0,0.0,0.0,0.0,0.0,0.0,24
8808,20,13780,0.0,0.0,0.0,0.0,0.0,0.0,24
8809,20,13779,0.0,0.0,0.0,0.0,0.0,0.0,24
8810,20,13778,0.0,0.0,0.0,0.0,0.0,0.0,24
8811,20,13777,0.0,0.0,0.0,0.0,0.0,0.0,24
8812,20,13776,0.0,0.0,0.0,0.0,0.0,0.0,24
8813,20,13451,0.0,0.0,0.0,0.0,0.0,0.0,24
8814,20,13465,0.0,0.0,0.0,0.0,0.0,0.0,24
8815,20,13464,0.0,0.0,0.0,0.0,0.0,0.0,24
8816,20,13463,0.0,0.0,0.0,0.0,0.0,0.0,24
8817,20,13462,0.0,0.0,0.0,0.0,0.0,0.0,24
8818,20,13461,0.0,0.0,0.0,0.0,0.0,0.0,24
8819,20,13460,0.0,0.0,0.0,0.0,0.0,0.0,24
8820,20,13459,0.0,0.0,0.0,0.0,0.0,0.0,24
8821,20,13458,0.0,0.0,0.0,0.0,0.0,0.0,24
8822,20,13457,0.0,0.0,0.0,0.0,0.0,0.0,24
8823,20,13456,0.0,0.0,0.0,0.0,0.0,0.0,24
8824,20,13455,0.0,0.0,0.0,0.0,0.0,0.0,24
8825,20,13454,0.0,0.0,0.0,0.0,0.0,0.0,24
8826,20,13453,0.0,0.0,0.0,0.0,0.0,0.0,24
8827,20,13452,0.0,0.0,0.0,0.0,0.0,0.0,24
8828,20,13466,0.0,0.0,0.0,0.0,0.0,0.0,24
8829,20,13450,0.0,0.0,0.0,0.0,0.0,0.0,24
8830,20,13449,0.0,0.0,0.0,0.0,0.0,0.0,24
8831,20,13448,0.0,0.0,0.0,0.0,0.0,0.0,24
8832,20,13447,0.0,0.0,0.0,0.0,0.0,0.0,24
8833,20,13446,0.0,0.0,0.0,0.0,0.0,0.0,24
8834,20,13445,0.0,0.0,0.0,0.0,0.0,0.0,24
8835,20,13444,0.0,0.0,0.0,0.0,0.0,0.0,24
8836,20,13443,0.0,0.0,0.0,0.0,0.0,0.0,24
8837,20,13442,0.0,0.0,0.0,0.0,0.0,0.0,24
8838,20,13441,0.0,0.0,0.0,0.0,0.0,0.0,24
8839,20,13440,0.0,0.0,0.0,0.0,0.0,0.0,24
8840,20,13439,0.0,0.0,0.0,0.0,0.0,0.0,24
8841,20,13438,0.0,0.0,0.0,0.0,0.0,0.0,24
8842,20,13480,0.0,0.0,0.0,0.0,0.0,0.0,24
8843,20,13494,0.0,0.0,0.0,0.0,0.0,0.0,24
8844,20,13493,0.0,0.0,0.0,0.0,0.0,0.0,24
8845,20,13492,0.0,0.0,0.0,0.0,0.0,0.0,24
8846,20,13491,0.0,0.0,0.0,0.0,0.0,0.0,24
8847,20,13490,0.0,0.0,0.0,0.0,0.0,0.0,24
8848,20,13489,0.0,0.0,0.0,0.0,0.0,0.0,24
8849,20,13488,0.0,0.0,0.0,0.0,0.0,0.0,24
8850,20,13487,0.0,0.0,0.0,0.0,0.0,0.0,24
8851,20,13486,0.0,0.0,0.0,0.0,0.0,0.0,24
8852,20,13485,0.0,0.0,0.0,0.0,0.0,0.0,24
8853,20,13484,0.0,0.0,0.0,0.0,0.0,0.0,24
8854,20,13483,0.0,0.0,0.0,0.0,0.0,0.0,24
8855,20,13482,0.0,0.0,0.0,0.0,0.0,0.0,24
8856,20,13481,0.0,0.0,0.0,0.0,0.0,0.0,24
8857,20,13437,0.0,0.0,0.0,0.0,0.0,0.0,24
8858,20,13479,0.0,0.0,0.0,0.0,0.0,0.0,24
8859,20,13478,0.0,0.0,0.0,0.0,0.0,0.0,24
8860,20,13477,0.0,0.0,0.0,0.0,0.0,0.0,24
8861,20,13476,0.0,0.0,0.0,0.0,0.0,0.0,24
8862,20,13475,0.0,0.0,0.0,0.0,0.0,0.0,24
8863,20,13474,0.0,0.0,0.0,0.0,0.0,0.0,24
8864,20,13473,0.0,0.0,0.0,0.0,0.0,0.0,24
8865,20,13472,0.0,0.0,0.0,0.0,0.0,0.0,24
8866,20,13471,0.0,0.0,0.0,0.0,0.0,0.0,24
8867,20,13470,0.0,0.0,0.0,0.0,0.0,0.0,24
8868,20,13469,0.0,0.0,0.0,0.0,0.0,0.0,24
8869,20,13468,0.0,0.0,0.0,0.0,0.0,0.0,24
8870,20,13467,0.0,0.0,0.0,0.0,0.0,0.0,24
8871,20,13389,0.0,0.0,0.0,0.0,0.0,0.0,24
8872,20,13404,0.0,0.0,0.0,0.0,0.0,0.0,24
8873,20,13402,0.0,0.0,0.0,0.0,0.0,0.0,24
8874,20,13401,0.0,0.0,0.0,0.0,0.0,0.0,24
8875,20,13400,0.0,0.0,0.0,0.0,0.0,0.0,24
8876,20,13399,0.0,0.0,0.0,0.0,0.0,0.0,24
8877,20,13398,0.0,0.0,0.0,0.0,0.0,0.0,24
8878,20,13397,0.0,0.0,0.0,0.0,0.0,0.0,24
8879,20,13396,0.0,0.0,0.0,0.0,0.0,0.0,24
8880,20,13395,0.0,0.0,0.0,0.0,0.0,0.0,24
8881,20,13394,0.0,0.0,0.0,0.0,0.0,0.0,24
8882,20,13393,0.0,0.0,0.0,0.0,0.0,0.0,24
8883,20,13392,0.0,0.0,0.0,0.0,0.0,0.0,24
8884,20,13391,0.0,0.0,0.0,0.0,0.0,0.0,24
8885,20,13390,0.0,0.0,0.0,0.0,0.0,0.0,24
8886,20,13405,0.0,0.0,0.0,0.0,0.0,0.0,24
8887,20,13388,0.0,0.0,0.0,0.0,0.0,0.0,24
8888,20,13387,0.0,0.0,0.0,0.0,0.0,0.0,24
8889,20,13386,0.0,0.0,0.0,0.0,0.0,0.0,24
8890,20,13385,0.0,0.0,0.0,0.0,0.0,0.0,24
8891,20,13384,0.0,0.0,0.0,0.0,0.0,0.0,24
8892,20,13383,0.0,0.0,0.0,0.0,0.0,0.0,24
8893,20,13382,0.0,0.0,0.0,0.0,0.0,0.0,24
8894,20,13381,0.0,0.0,0.0,0.0,0.0,0.0,24
8895,20,13380,0.0,0.0,0.0,0.0,0.0,0.0,24
8896,20,13379,0.0,0.0,0.0,0.0,0.0,0.0,24
8897,20,13378,0.0,0.0,0.0,0.0,0.0,0.0,24
8898,20,13377,0.0,0.0,0.0,0.0,0.0,0.0,24
8899,20,13375,0.0,0.0,0.0,0.0,0.0,0.0,24
8900,20,13421,0.0,0.0,0.0,0.0,0.0,0.0,24
8901,20,13436,0.0,0.0,0.0,0.0,0.0,0.0,24
8902,20,13435,0.0,0.0,0.0,0.0,0.0,0.0,24
8903,20,13434,0.0,0.0,0.0,0.0,0.0,0.0,24
8904,20,13433,0.0,0.0,0.0,0.0,0.0,0.0,24
8905,20,13432,0.0,0.0,0.0,0.0,0.0,0.0,24
8906,20,13431,0.0,0.0,0.0,0.0,0.0,0.0,24
8907,20,13430,0.0,0.0,0.0,0.0,0.0,0.0,24
8908,20,13429,0.0,0.0,0.0,0.0,0.0,0.0,24
8909,20,13428,0.0,0.0,0.0,0.0,0.0,0.0,24
8910,20,13427,0.0,0.0,0.0,0.0,0.0,0.0,24
8911,20,13426,0.0,0.0,0.0,0.0,0.0,0.0,24
8912,20,13424,0.0,0.0,0.0,0.0,0.0,0.0,24
8913,20,13423,0.0,0.0,0.0,0.0,0.0,0.0,24
8914,20,13422,0.0,0.0,0.0,0.0,0.0,0.0,24
8915,20,13495,0.0,0.0,0.0,0.0,0.0,0.0,24
8916,20,13419,0.0,0.0,0.0,0.0,0.0,0.0,24
8917,20,13418,0.0,0.0,0.0,0.0,0.0,0.0,24
8918,20,13417,0.0,0.0,0.0,0.0,0.0,0.0,24
8919,20,13416,0.0,0.0,0.0,0.0,0.0,0.0,24
8920,20,13415,0.0,0.0,0.0,0.0,0.0,0.0,24
8921,20,13414,0.0,0.0,0.0,0.0,0.0,0.0,24
8922,20,13413,0.0,0.0,0.0,0.0,0.0,0.0,24
8923,20,13412,0.0,0.0,0.0,0.0,0.0,0.0,24
8924,20,13411,0.0,0.0,0.0,0.0,0.0,0.0,24
8925,20,13410,0.0,0.0,0.0,0.0,0.0,0.0,24
8926,20,13409,0.0,0.0,0.0,0.0,0.0,0.0,24
8927,20,13408,0.0,0.0,0.0,0.0,0.0,0.0,24
8928,20,13406,0.0,0.0,0.0,0.0,0.0,0.0,24
8929,20,13574,0.0,0.0,0.0,0.0,0.0,0.0,24
8930,20,13590,0.0,0.0,0.0,0.0,0.0,0.0,24
8931,20,13588,0.0,0.0,0.0,0.0,0.0,0.0,24
8932,20,13587,0.0,0.0,0.0,0.0,0.0,0.0,24
8933,20,13586,0.0,0.0,0.0,0.0,0.0,0.0,24
8934,20,13585,0.0,0.0,0.0,0.0,0.0,0.0,24
8935,20,13584,0.0,0.0,0.0,0.0,0.0,0.0,24
8936,20,13583,0.0,0.0,0.0,0.0,0.0,0.0,24
8937,20,13582,0.0,0.0,0.0,0.0,0.0,0.0,24
8938,20,13580,0.0,0.0,0.0,0.0,0.0,0.0,24
8939,20,13579,0.0,0.0,0.0,0.0,0.0,0.0,24
8940,20,13578,0.0,0.0,0.0,0.0,0.0,0.0,24
8941,20,13577,0.0,0.0,0.0,0.0,0.0,0.0,24
8942,20,13576,0.0,0.0,0.0,0.0,0.0,0.0,24
8943,20,13575,0.0,0.0,0.0,0.0,0.0,0.0,24
8944,20,13591,0.0,0.0,0.0,0.0,0.0,0.0,24
8945,20,13573,0.0,0.0,0.0,0.0,0.0,0.0,24
8946,20,13571,0.0,0.0,0.0,0.0,0.0,0.0,24
8947,20,13570,0.0,0.0,0.0,0.0,0.0,0.0,24
8948,20,13569,0.0,0.0,0.0,0.0,0.0,0.0,24
8949,20,13568,0.0,0.0,0.0,0.0,0.0,0.0,24
8950,20,13567,0.0,0.0,0.0,0.0,0.0,0.0,24
8951,20,13566,0.0,0.0,0.0,0.0,0.0,0.0,24
8952,20,13565,0.0,0.0,0.0,0.0,0.0,0.0,24
8953,20,13564,0.0,0.0,0.0,0.0,0.0,0.0,24
8954,20,13563,0.0,0.0,0.0,0.0,0.0,0.0,24
8955,20,13562,0.0,0.0,0.0,0.0,0.0,0.0,24
8956,20,13561,0.0,0.0,0.0,0.0,0.0,0.0,24
8957,20,13560,0.0,0.0,0.0,0.0,0.0,0.0,24
8958,20,13605,0.0,0.0,0.0,0.0,0.0,0.0,24
8959,20,13620,0.0,0.0,0.0,0.0,0.0,0.0,24
8960,20,13619,0.0,0.0,0.0,0.0,0.0,0.0,24
8961,20,13618,0.0,0.0,0.0,0.0,0.0,0.0,24
8962,20,13616,0.0,0.0,0.0,0.0,0.0,0.0,24
8963,20,13615,0.0,0.0,0.0,0.0,0.0,0.0,24
8964,20,13614,0.0,0.0,0.0,0.0,0.0,0.0,24
8965,20,13613,0.0,0.0,0.0,0.0,0.0,0.0,24
8966,20,13612,0.0,0.0,0.0,0.0,0.0,0.0,24
8967,20,13611,0.0,0.0,0.0,0.0,0.0,0.0,24
8968,20,13610,0.0,0.0,0.0,0.0,0.0,0.0,24
8969,20,13609,0.0,0.0,0.0,0.0,0.0,0.0,24
8970,20,13608,0.0,0.0,0.0,0.0,0.0,0.0,24
8971,20,13607,0.0,0.0,0.0,0.0,0.0,0.0,24
8972,20,13606,0.0,0.0,0.0,0.0,0.0,0.0,24
8973,20,13559,0.0,0.0,0.0,0.0,0.0,0.0,24
8974,20,13604,0.0,0.0,0.0,0.0,0.0,0.0,24
8975,20,13603,0.0,0.0,0.0,0.0,0.0,0.0,24
8976,20,13602,0.0,0.0,0.0,0.0,0.0,0.0,24
8977,20,13601,0.0,0.0,0.0,0.0,0.0,0.0,24
8978,20,13600,0.0,0.0,0.0,0.0,0.0,0.0,24
8979,20,13599,0.0,0.0,0.0,0.0,0.0,0.0,24
8980,20,13598,0.0,0.0,0.0,0.0,0.0,0.0,24
8981,20,13597,0.0,0.0,0.0,0.0,0.0,0.0,24
8982,20,13596,0.0,0.0,0.0,0.0,0.0,0.0,24
8983,20,13595,0.0,0.0,0.0,0.0,0.0,0.0,24
8984,20,13594,0.0,0.0,0.0,0.0,0.0,0.0,24
8985,20,13593,0.0,0.0,0.0,0.0,0.0,0.0,24
8986,20,13592,0.0,0.0,0.0,0.0,0.0,0.0,24
8987,20,13511,0.0,0.0,0.0,0.0,0.0,0.0,24
8988,20,13526,0.0,0.0,0.0,0.0,0.0,0.0,24
8989,20,13525,0.0,0.0,0.0,0.0,0.0,0.0,24
8990,20,13524,0.0,0.0,0.0,0.0,0.0,0.0,24
8991,20,13523,0.0,0.0,0.0,0.0,0.0,0.0,24
8992,20,13522,0.0,0.0,0.0,0.0,0.0,0.0,24
8993,20,13520,0.0,0.0,0.0,0.0,0.0,0.0,24
8994,20,13519,0.0,0.0,0.0,0.0,0.0,0.0,24
8995,20,13518,0.0,0.0,0.0,0.0,0.0,0.0,24
8996,20,13517,0.0,0.0,0.0,0.0,0.0,0.0,24
8997,20,13516,0.0,0.0,0.0,0.0,0.0,0.0,24
8998,20,13515,0.0,0.0,0.0,0.0,0.0,0.0,24
8999,20,13514,0.0,0.0,0.0,0.0,0.0,0.0,24
9000,20,13513,0.0,0.0,0.0,0.0,0.0,0.0,24
9001,20,13512,0.0,0.0,0.0,0.0,0.0,0.0,24
9002,20,13527,0.0,0.0,0.0,0.0,0.0,0.0,24
9003,20,13510,0.0,0.0,0.0,0.0,0.0,0.0,24
9004,20,13509,0.0,0.0,0.0,0.0,0.0,0.0,24
9005,20,13508,0.0,0.0,0.0,0.0,0.0,0.0,24
9006,20,13507,0.0,0.0,0.0,0.0,0.0,0.0,24
9007,20,13506,0.0,0.0,0.0,0.0,0.0,0.0,24
9008,20,13505,0.0,0.0,0.0,0.0,0.0,0.0,24
9009,20,13504,0.0,0.0,0.0,0.0,0.0,0.0,24
9010,20,13503,0.0,0.0,0.0,0.0,0.0,0.0,24
9011,20,13502,0.0,0.0,0.0,0.0,0.0,0.0,24
9012,20,13501,0.0,0.0,0.0,0.0,0.0,0.0,24
9013,20,13500,0.0,0.0,0.0,0.0,0.0,0.0,24
9014,20,13497,0.0,0.0,0.0,0.0,0.0,0.0,24
9015,20,13496,0.0,0.0,0.0,0.0,0.0,0.0,24
9016,20,13541,0.0,0.0,0.0,0.0,0.0,0.0,24
9017,20,13558,0.0,0.0,0.0,0.0,0.0,0.0,24
9018,20,13557,0.0,0.0,0.0,0.0,0.0,0.0,24
9019,20,13556,0.0,0.0,0.0,0.0,0.0,0.0,24
9020,20,13555,0.0,0.0,0.0,0.0,0.0,0.0,24
9021,20,13552,0.0,0.0,0.0,0.0,0.0,0.0,24
9022,20,13551,0.0,0.0,0.0,0.0,0.0,0.0,24
9023,20,13550,0.0,0.0,0.0,0.0,0.0,0.0,24
9024,20,13549,0.0,0.0,0.0,0.0,0.0,0.0,24
9025,20,13548,0.0,0.0,0.0,0.0,0.0,0.0,24
9026,20,13547,0.0,0.0,0.0,0.0,0.0,0.0,24
9027,20,13546,0.0,0.0,0.0,0.0,0.0,0.0,24
9028,20,13544,0.0,0.0,0.0,0.0,0.0,0.0,24
9029,20,13543,0.0,0.0,0.0,0.0,0.0,0.0,24
9030,20,13542,0.0,0.0,0.0,0.0,0.0,0.0,24
9031,20,13869,0.0,0.0,0.0,0.0,0.0,0.0,24
9032,20,13540,0.0,0.0,0.0,0.0,0.0,0.0,24
9033,20,13539,0.0,0.0,0.0,0.0,0.0,0.0,24
9034,20,13538,0.0,0.0,0.0,0.0,0.0,0.0,24
9035,20,13537,0.0,0.0,0.0,0.0,0.0,0.0,24
9036,20,13536,0.0,0.0,0.0,0.0,0.0,0.0,24
9037,20,13535,0.0,0.0,0.0,0.0,0.0,0.0,24
9038,20,13534,0.0,0.0,0.0,0.0,0.0,0.0,24
9039,20,13533,0.0,0.0,0.0,0.0,0.0,0.0,24
9040,20,13532,0.0,0.0,0.0,0.0,0.0,0.0,24
9041,20,13531,0.0,0.0,0.0,0.0,0.0,0.0,24
9042,20,13530,0.0,0.0,0.0,0.0,0.0,0.0,24
9043,20,13529,0.0,0.0,0.0,0.0,0.0,0.0,24
9044,20,13528,0.0,0.0,0.0,0.0,0.0,0.0,24
9045,20,14197,0.0,0.0,0.0,0.0,0.0,0.0,24
9046,20,14214,0.0,0.0,0.0,0.0,0.0,0.0,24
9047,20,14213,0.0,0.0,0.0,0.0,0.0,0.0,24
9048,20,14212,0.0,0.0,0.0,0.0,0.0,0.0,24
9049,20,14210,0.0,0.0,0.0,0.0,0.0,0.0,24
9050,20,14209,0.0,0.0,0.0,0.0,0.0,0.0,24
9051,20,14208,0.0,0.0,0.0,0.0,0.0,0.0,24
9052,20,14206,0.0,0.0,0.0,0.0,0.0,0.0,24
9053,20,14205,0.0,0.0,0.0,0.0,0.0,0.0,24
9054,20,14204,0.0,0.0,0.0,0.0,0.0,0.0,24
9055,20,14203,0.0,0.0,0.0,0.0,0.0,0.0,24
9056,20,14202,0.0,0.0,0.0,0.0,0.0,0.0,24
9057,20,14201,0.0,0.0,0.0,0.0,0.0,0.0,24
9058,20,14199,0.0,0.0,0.0,0.0,0.0,0.0,24
9059,20,14198,0.0,0.0,0.0,0.0,0.0,0.0,24
9060,20,14215,0.0,0.0,0.0,0.0,0.0,0.0,24
9061,20,14196,0.0,0.0,0.0,0.0,0.0,0.0,24
9062,20,14195,0.0,0.0,0.0,0.0,0.0,0.0,24
9063,20,14194,0.0,0.0,0.0,0.0,0.0,0.0,24
9064,20,14193,0.0,0.0,0.0,0.0,0.0,0.0,24
9065,20,14192,0.0,0.0,0.0,0.0,0.0,0.0,24
9066,20,14191,0.0,0.0,0.0,0.0,0.0,0.0,24
9067,20,14190,0.0,0.0,0.0,0.0,0.0,0.0,24
9068,20,14189,0.0,0.0,0.0,0.0,0.0,0.0,24
9069,20,14188,0.0,0.0,0.0,0.0,0.0,0.0,24
9070,20,14187,0.0,0.0,0.0,0.0,0.0,0.0,24
9071,20,14186,0.0,0.0,0.0,0.0,0.0,0.0,24
9072,20,14185,0.0,0.0,0.0,0.0,0.0,0.0,24
9073,20,14184,0.0,0.0,0.0,0.0,0.0,0.0,24
9074,20,14231,0.0,0.0,0.0,0.0,0.0,0.0,24
9075,20,14246,0.0,0.0,0.0,0.0,0.0,0.0,24
9076,20,14245,0.0,0.0,0.0,0.0,0.0,0.0,24
9077,20,14244,0.0,0.0,0.0,0.0,0.0,0.0,24
9078,20,14243,0.0,0.0,0.0,0.0,0.0,0.0,24
9079,20,14242,0.0,0.0,0.0,0.0,0.0,0.0,24
9080,20,14241,0.0,0.0,0.0,0.0,0.0,0.0,24
9081,20,14239,0.0,0.0,0.0,0.0,0.0,0.0,24
9082,20,14238,0.0,0.0,0.0,0.0,0.0,0.0,24
9083,20,14237,0.0,0.0,0.0,0.0,0.0,0.0,24
9084,20,14236,0.0,0.0,0.0,0.0,0.0,0.0,24
9085,20,14235,0.0,0.0,0.0,0.0,0.0,0.0,24
9086,20,14234,0.0,0.0,0.0,0.0,0.0,0.0,24
9087,20,14233,0.0,0.0,0.0,0.0,0.0,0.0,24
9088,20,14232,0.0,0.0,0.0,0.0,0.0,0.0,24
9089,20,14183,0.0,0.0,0.0,0.0,0.0,0.0,24
9090,20,14230,0.0,0.0,0.0,0.0,0.0,0.0,24
9091,20,14228,0.0,0.0,0.0,0.0,0.0,0.0,24
9092,20,14227,0.0,0.0,0.0,0.0,0.0,0.0,24
9093,20,14226,0.0,0.0,0.0,0.0,0.0,0.0,24
9094,20,14224,0.0,0.0,0.0,0.0,0.0,0.0,24
9095,20,14223,0.0,0.0,0.0,0.0,0.0,0.0,24
9096,20,14222,0.0,0.0,0.0,0.0,0.0,0.0,24
9097,20,14221,0.0,0.0,0.0,0.0,0.0,0.0,24
9098,20,14220,0.0,0.0,0.0,0.0,0.0,0.0,24
9099,20,14219,0.0,0.0,0.0,0.0,0.0,0.0,24
9100,20,14218,0.0,0.0,0.0,0.0,0.0,0.0,24
9101,20,14217,0.0,0.0,0.0,0.0,0.0,0.0,24
9102,20,14216,0.0,0.0,0.0,0.0,0.0,0.0,24
9103,20,14133,0.0,0.0,0.0,0.0,0.0,0.0,24
9104,20,14151,0.0,0.0,0.0,0.0,0.0,0.0,24
9105,20,14150,0.0,0.0,0.0,0.0,0.0,0.0,24
9106,20,14148,0.0,0.0,0.0,0.0,0.0,0.0,24
9107,20,14147,0.0,0.0,0.0,0.0,0.0,0.0,24
9108,20,14146,0.0,0.0,0.0,0.0,0.0,0.0,24
9109,20,14145,0.0,0.0,0.0,0.0,0.0,0.0,24
9110,20,14143,0.0,0.0,0.0,0.0,0.0,0.0,24
9111,20,14142,0.0,0.0,0.0,0.0,0.0,0.0,24
9112,20,14141,0.0,0.0,0.0,0.0,0.0,0.0,24
9113,20,14139,0.0,0.0,0.0,0.0,0.0,0.0,24
9114,20,14138,0.0,0.0,0.0,0.0,0.0,0.0,24
9115,20,14137,0.0,0.0,0.0,0.0,0.0,0.0,24
9116,20,14136,0.0,0.0,0.0,0.0,0.0,0.0,24
9117,20,14134,0.0,0.0,0.0,0.0,0.0,0.0,24
9118,20,14152,0.0,0.0,0.0,0.0,0.0,0.0,24
9119,20,14132,0.0,0.0,0.0,0.0,0.0,0.0,24
9120,20,14131,0.0,0.0,0.0,0.0,0.0,0.0,24
9121,20,14130,0.0,0.0,0.0,0.0,0.0,0.0,24
9122,20,14129,0.0,0.0,0.0,0.0,0.0,0.0,24
9123,20,14128,0.0,0.0,0.0,0.0,0.0,0.0,24
9124,20,14126,0.0,0.0,0.0,0.0,0.0,0.0,24
9125,20,14125,0.0,0.0,0.0,0.0,0.0,0.0,24
9126,20,14124,0.0,0.0,0.0,0.0,0.0,0.0,24
9127,20,14123,0.0,0.0,0.0,0.0,0.0,0.0,24
9128,20,14122,0.0,0.0,0.0,0.0,0.0,0.0,24
9129,20,14121,0.0,0.0,0.0,0.0,0.0,0.0,24
9130,20,14120,0.0,0.0,0.0,0.0,0.0,0.0,24
9131,20,14119,0.0,0.0,0.0,0.0,0.0,0.0,24
9132,20,14168,0.0,0.0,0.0,0.0,0.0,0.0,24
9133,20,14182,0.0,0.0,0.0,0.0,0.0,0.0,24
9134,20,14181,0.0,0.0,0.0,0.0,0.0,0.0,24
9135,20,14180,0.0,0.0,0.0,0.0,0.0,0.0,24
9136,20,14179,0.0,0.0,0.0,0.0,0.0,0.0,24
9137,20,14178,0.0,0.0,0.0,0.0,0.0,0.0,24
9138,20,14177,0.0,0.0,0.0,0.0,0.0,0.0,24
9139,20,14176,0.0,0.0,0.0,0.0,0.0,0.0,24
9140,20,14175,0.0,0.0,0.0,0.0,0.0,0.0,24
9141,20,14174,0.0,0.0,0.0,0.0,0.0,0.0,24
9142,20,14173,0.0,0.0,0.0,0.0,0.0,0.0,24
9143,20,14172,0.0,0.0,0.0,0.0,0.0,0.0,24
9144,20,14171,0.0,0.0,0.0,0.0,0.0,0.0,24
9145,20,14170,0.0,0.0,0.0,0.0,0.0,0.0,24
9146,20,14169,0.0,0.0,0.0,0.0,0.0,0.0,24
9147,20,14247,0.0,0.0,0.0,0.0,0.0,0.0,24
9148,20,14166,0.0,0.0,0.0,0.0,0.0,0.0,24
9149,20,14165,0.0,0.0,0.0,0.0,0.0,0.0,24
9150,20,14164,0.0,0.0,0.0,0.0,0.0,0.0,24
9151,20,14163,0.0,0.0,0.0,0.0,0.0,0.0,24
9152,20,14162,0.0,0.0,0.0,0.0,0.0,0.0,24
9153,20,14160,0.0,0.0,0.0,0.0,0.0,0.0,24
9154,20,14159,0.0,0.0,0.0,0.0,0.0,0.0,24
9155,20,14158,0.0,0.0,0.0,0.0,0.0,0.0,24
9156,20,14157,0.0,0.0,0.0,0.0,0.0,0.0,24
9157,20,14156,0.0,0.0,0.0,0.0,0.0,0.0,24
9158,20,14155,0.0,0.0,0.0,0.0,0.0,0.0,24
9159,20,14154,0.0,0.0,0.0,0.0,0.0,0.0,24
9160,20,14153,0.0,0.0,0.0,0.0,0.0,0.0,24
9161,20,14324,0.0,0.0,0.0,0.0,0.0,0.0,24
9162,20,14338,0.0,0.0,0.0,0.0,0.0,0.0,24
9163,20,14337,0.0,0.0,0.0,0.0,0.0,0.0,24
9164,20,14336,0.0,0.0,0.0,0.0,0.0,0.0,24
9165,20,14335,0.0,0.0,0.0,0.0,0.0,0.0,24
9166,20,14334,0.0,0.0,0.0,0.0,0.0,0.0,24
9167,20,14333,0.0,0.0,0.0,0.0,0.0,0.0,24
9168,20,14332,0.0,0.0,0.0,0.0,0.0,0.0,24
9169,20,14331,0.0,0.0,0.0,0.0,0.0,0.0,24
9170,20,14330,0.0,0.0,0.0,0.0,0.0,0.0,24
9171,20,14329,0.0,0.0,0.0,0.0,0.0,0.0,24
9172,20,14328,0.0,0.0,0.0,0.0,0.0,0.0,24
9173,20,14327,0.0,0.0,0.0,0.0,0.0,0.0,24
9174,20,14326,0.0,0.0,0.0,0.0,0.0,0.0,24
9175,20,14325,0.0,0.0,0.0,0.0,0.0,0.0,24
9176,20,14339,0.0,0.0,0.0,0.0,0.0,0.0,24
9177,20,14322,0.0,0.0,0.0,0.0,0.0,0.0,24
9178,20,14321,0.0,0.0,0.0,0.0,0.0,0.0,24
9179,20,14320,0.0,0.0,0.0,0.0,0.0,0.0,24
9180,20,14319,0.0,0.0,0.0,0.0,0.0,0.0,24
9181,20,14318,0.0,0.0,0.0,0.0,0.0,0.0,24
9182,20,14316,0.0,0.0,0.0,0.0,0.0,0.0,24
9183,20,14315,0.0,0.0,0.0,0.0,0.0,0.0,24
9184,20,14314,0.0,0.0,0.0,0.0,0.0,0.0,24
9185,20,14313,0.0,0.0,0.0,0.0,0.0,0.0,24
9186,20,14312,0.0,0.0,0.0,0.0,0.0,0.0,24
9187,20,14311,0.0,0.0,0.0,0.0,0.0,0.0,24
9188,20,14310,0.0,0.0,0.0,0.0,0.0,0.0,24
9189,20,14309,0.0,0.0,0.0,0.0,0.0,0.0,24
9190,20,14358,0.0,0.0,0.0,0.0,0.0,0.0,24
9191,20,14373,0.0,0.0,0.0,0.0,0.0,0.0,24
9192,20,14372,0.0,0.0,0.0,0.0,0.0,0.0,24
9193,20,14371,0.0,0.0,0.0,0.0,0.0,0.0,24
9194,20,14370,0.0,0.0,0.0,0.0,0.0,0.0,24
9195,20,14369,0.0,0.0,0.0,0.0,0.0,0.0,24
9196,20,14368,0.0,0.0,0.0,0.0,0.0,0.0,24
9197,20,14367,0.0,0.0,0.0,0.0,0.0,0.0,24
9198,20,14366,0.0,0.0,0.0,0.0,0.0,0.0,24
9199,20,14365,0.0,0.0,0.0,0.0,0.0,0.0,24
9200,20,14364,0.0,0.0,0.0,0.0,0.0,0.0,24
9201,20,14362,0.0,0.0,0.0,0.0,0.0,0.0,24
9202,20,14361,0.0,0.0,0.0,0.0,0.0,0.0,24
9203,20,14360,0.0,0.0,0.0,0.0,0.0,0.0,24
9204,20,14359,0.0,0.0,0.0,0.0,0.0,0.0,24
9205,20,14307,0.0,0.0,0.0,0.0,0.0,0.0,24
9206,20,14357,0.0,0.0,0.0,0.0,0.0,0.0,24
9207,20,14354,0.0,0.0,0.0,0.0,0.0,0.0,24
9208,20,14353,0.0,0.0,0.0,0.0,0.0,0.0,24
9209,20,14352,0.0,0.0,0.0,0.0,0.0,0.0,24
9210,20,14349,0.0,0.0,0.0,0.0,0.0,0.0,24
9211,20,14348,0.0,0.0,0.0,0.0,0.0,0.0,24
9212,20,14347,0.0,0.0,0.0,0.0,0.0,0.0,24
9213,20,14346,0.0,0.0,0.0,0.0,0.0,0.0,24
9214,20,14345,0.0,0.0,0.0,0.0,0.0,0.0,24
9215,20,14343,0.0,0.0,0.0,0.0,0.0,0.0,24
9216,20,14342,0.0,0.0,0.0,0.0,0.0,0.0,24
9217,20,14341,0.0,0.0,0.0,0.0,0.0,0.0,24
9218,20,14340,0.0,0.0,0.0,0.0,0.0,0.0,24
9219,20,14261,0.0,0.0,0.0,0.0,0.0,0.0,24
9220,20,14276,0.0,0.0,0.0,0.0,0.0,0.0,24
9221,20,14275,0.0,0.0,0.0,0.0,0.0,0.0,24
9222,20,14274,0.0,0.0,0.0,0.0,0.0,0.0,24
9223,20,14273,0.0,0.0,0.0,0.0,0.0,0.0,24
9224,20,14272,0.0,0.0,0.0,0.0,0.0,0.0,24
9225,20,14271,0.0,0.0,0.0,0.0,0.0,0.0,24
9226,20,14270,0.0,0.0,0.0,0.0,0.0,0.0,24
9227,20,14269,0.0,0.0,0.0,0.0,0.0,0.0,24
9228,20,14268,0.0,0.0,0.0,0.0,0.0,0.0,24
9229,20,14267,0.0,0.0,0.0,0.0,0.0,0.0,24
9230,20,14266,0.0,0.0,0.0,0.0,0.0,0.0,24
9231,20,14265,0.0,0.0,0.0,0.0,0.0,0.0,24
9232,20,14263,0.0,0.0,0.0,0.0,0.0,0.0,24
9233,20,14262,0.0,0.0,0.0,0.0,0.0,0.0,24
9234,20,14277,0.0,0.0,0.0,0.0,0.0,0.0,24
9235,20,14260,0.0,0.0,0.0,0.0,0.0,0.0,24
9236,20,14259,0.0,0.0,0.0,0.0,0.0,0.0,24
9237,20,14258,0.0,0.0,0.0,0.0,0.0,0.0,24
9238,20,14257,0.0,0.0,0.0,0.0,0.0,0.0,24
9239,20,14256,0.0,0.0,0.0,0.0,0.0,0.0,24
9240,20,14255,0.0,0.0,0.0,0.0,0.0,0.0,24
9241,20,14254,0.0,0.0,0.0,0.0,0.0,0.0,24
9242,20,14253,0.0,0.0,0.0,0.0,0.0,0.0,24
9243,20,14252,0.0,0.0,0.0,0.0,0.0,0.0,24
9244,20,14251,0.0,0.0,0.0,0.0,0.0,0.0,24
9245,20,14250,0.0,0.0,0.0,0.0,0.0,0.0,24
9246,20,14249,0.0,0.0,0.0,0.0,0.0,0.0,24
9247,20,14248,0.0,0.0,0.0,0.0,0.0,0.0,24
9248,20,14291,0.0,0.0,0.0,0.0,0.0,0.0,24
9249,20,14306,0.0,0.0,0.0,0.0,0.0,0.0,24
9250,20,14305,0.0,0.0,0.0,0.0,0.0,0.0,24
9251,20,14304,0.0,0.0,0.0,0.0,0.0,0.0,24
9252,20,14303,0.0,0.0,0.0,0.0,0.0,0.0,24
9253,20,14302,0.0,0.0,0.0,0.0,0.0,0.0,24
9254,20,14300,0.0,0.0,0.0,0.0,0.0,0.0,24
9255,20,14299,0.0,0.0,0.0,0.0,0.0,0.0,24
9256,20,14298,0.0,0.0,0.0,0.0,0.0,0.0,24
9257,20,14297,0.0,0.0,0.0,0.0,0.0,0.0,24
9258,20,14296,0.0,0.0,0.0,0.0,0.0,0.0,24
9259,20,14295,0.0,0.0,0.0,0.0,0.0,0.0,24
9260,20,14294,0.0,0.0,0.0,0.0,0.0,0.0,24
9261,20,14293,0.0,0.0,0.0,0.0,0.0,0.0,24
9262,20,14292,0.0,0.0,0.0,0.0,0.0,0.0,24
9263,20,14118,0.0,0.0,0.0,0.0,0.0,0.0,24
9264,20,14290,0.0,0.0,0.0,0.0,0.0,0.0,24
9265,20,14289,0.0,0.0,0.0,0.0,0.0,0.0,24
9266,20,14288,0.0,0.0,0.0,0.0,0.0,0.0,24
9267,20,14287,0.0,0.0,0.0,0.0,0.0,0.0,24
9268,20,14286,0.0,0.0,0.0,0.0,0.0,0.0,24
9269,20,14285,0.0,0.0,0.0,0.0,0.0,0.0,24
9270,20,14284,0.0,0.0,0.0,0.0,0.0,0.0,24
9271,20,14283,0.0,0.0,0.0,0.0,0.0,0.0,24
9272,20,14282,0.0,0.0,0.0,0.0,0.0,0.0,24
9273,20,14281,0.0,0.0,0.0,0.0,0.0,0.0,24
9274,20,14280,0.0,0.0,0.0,0.0,0.0,0.0,24
9275,20,14279,0.0,0.0,0.0,0.0,0.0,0.0,24
9276,20,14278,0.0,0.0,0.0,0.0,0.0,0.0,24
9277,20,13947,0.0,0.0,0.0,0.0,0.0,0.0,24
9278,20,13964,0.0,0.0,0.0,0.0,0.0,0.0,24
9279,20,13963,0.0,0.0,0.0,0.0,0.0,0.0,24
9280,20,13961,0.0,0.0,0.0,0.0,0.0,0.0,24
9281,20,13960,0.0,0.0,0.0,0.0,0.0,0.0,24
9282,20,13959,0.0,0.0,0.0,0.0,0.0,0.0,24
9283,20,13958,0.0,0.0,0.0,0.0,0.0,0.0,24
9284,20,13957,0.0,0.0,0.0,0.0,0.0,0.0,24
9285,20,13956,0.0,0.0,0.0,0.0,0.0,0.0,24
9286,20,13955,0.0,0.0,0.0,0.0,0.0,0.0,24
9287,20,13954,0.0,0.0,0.0,0.0,0.0,0.0,24
9288,20,13953,0.0,0.0,0.0,0.0,0.0,0.0,24
9289,20,13952,0.0,0.0,0.0,0.0,0.0,0.0,24
9290,20,13950,0.0,0.0,0.0,0.0,0.0,0.0,24
9291,20,13948,0.0,0.0,0.0,0.0,0.0,0.0,24
9292,20,13965,0.0,0.0,0.0,0.0,0.0,0.0,24
9293,20,13946,0.0,0.0,0.0,0.0,0.0,0.0,24
9294,20,13945,0.0,0.0,0.0,0.0,0.0,0.0,24
9295,20,13944,0.0,0.0,0.0,0.0,0.0,0.0,24
9296,20,13943,0.0,0.0,0.0,0.0,0.0,0.0,24
9297,20,13942,0.0,0.0,0.0,0.0,0.0,0.0,24
9298,20,13941,0.0,0.0,0.0,0.0,0.0,0.0,24
9299,20,13940,0.0,0.0,0.0,0.0,0.0,0.0,24
9300,20,13939,0.0,0.0,0.0,0.0,0.0,0.0,24
9301,20,13938,0.0,0.0,0.0,0.0,0.0,0.0,24
9302,20,13937,0.0,0.0,0.0,0.0,0.0,0.0,24
9303,20,13936,0.0,0.0,0.0,0.0,0.0,0.0,24
9304,20,13935,0.0,0.0,0.0,0.0,0.0,0.0,24
9305,20,13933,0.0,0.0,0.0,0.0,0.0,0.0,24
9306,20,13981,0.0,0.0,0.0,0.0,0.0,0.0,24
9307,20,13995,0.0,0.0,0.0,0.0,0.0,0.0,24
9308,20,13994,0.0,0.0,0.0,0.0,0.0,0.0,24
9309,20,13993,0.0,0.0,0.0,0.0,0.0,0.0,24
9310,20,13992,0.0,0.0,0.0,0.0,0.0,0.0,24
9311,20,13991,0.0,0.0,0.0,0.0,0.0,0.0,24
9312,20,13990,0.0,0.0,0.0,0.0,0.0,0.0,24
9313,20,13989,0.0,0.0,0.0,0.0,0.0,0.0,24
9314,20,13988,0.0,0.0,0.0,0.0,0.0,0.0,24
9315,20,13987,0.0,0.0,0.0,0.0,0.0,0.0,24
9316,20,13986,0.0,0.0,0.0,0.0,0.0,0.0,24
9317,20,13985,0.0,0.0,0.0,0.0,0.0,0.0,24
9318,20,13984,0.0,0.0,0.0,0.0,0.0,0.0,24
9319,20,13983,0.0,0.0,0.0,0.0,0.0,0.0,24
9320,20,13982,0.0,0.0,0.0,0.0,0.0,0.0,24
9321,20,13932,0.0,0.0,0.0,0.0,0.0,0.0,24
9322,20,13980,0.0,0.0,0.0,0.0,0.0,0.0,24
9323,20,13979,0.0,0.0,0.0,0.0,0.0,0.0,24
9324,20,13978,0.0,0.0,0.0,0.0,0.0,0.0,24
9325,20,13977,0.0,0.0,0.0,0.0,0.0,0.0,24
9326,20,13976,0.0,0.0,0.0,0.0,0.0,0.0,24
9327,20,13975,0.0,0.0,0.0,0.0,0.0,0.0,24
9328,20,13974,0.0,0.0,0.0,0.0,0.0,0.0,24
9329,20,13973,0.0,0.0,0.0,0.0,0.0,0.0,24
9330,20,13972,0.0,0.0,0.0,0.0,0.0,0.0,24
9331,20,13971,0.0,0.0,0.0,0.0,0.0,0.0,24
9332,20,13968,0.0,0.0,0.0,0.0,0.0,0.0,24
9333,20,13967,0.0,0.0,0.0,0.0,0.0,0.0,24
9334,20,13966,0.0,0.0,0.0,0.0,0.0,0.0,24
9335,20,13886,0.0,0.0,0.0,0.0,0.0,0.0,24
9336,20,13901,0.0,0.0,0.0,0.0,0.0,0.0,24
9337,20,13900,0.0,0.0,0.0,0.0,0.0,0.0,24
9338,20,13898,0.0,0.0,0.0,0.0,0.0,0.0,24
9339,20,13897,0.0,0.0,0.0,0.0,0.0,0.0,24
9340,20,13896,0.0,0.0,0.0,0.0,0.0,0.0,24
9341,20,13895,0.0,0.0,0.0,0.0,0.0,0.0,24
9342,20,13894,0.0,0.0,0.0,0.0,0.0,0.0,24
9343,20,13893,0.0,0.0,0.0,0.0,0.0,0.0,24
9344,20,13892,0.0,0.0,0.0,0.0,0.0,0.0,24
9345,20,13891,0.0,0.0,0.0,0.0,0.0,0.0,24
9346,20,13890,0.0,0.0,0.0,0.0,0.0,0.0,24
9347,20,13889,0.0,0.0,0.0,0.0,0.0,0.0,24
9348,20,13888,0.0,0.0,0.0,0.0,0.0,0.0,24
9349,20,13887,0.0,0.0,0.0,0.0,0.0,0.0,24
9350,20,13902,0.0,0.0,0.0,0.0,0.0,0.0,24
9351,20,13885,0.0,0.0,0.0,0.0,0.0,0.0,24
9352,20,13884,0.0,0.0,0.0,0.0,0.0,0.0,24
9353,20,13883,0.0,0.0,0.0,0.0,0.0,0.0,24
9354,20,13880,0.0,0.0,0.0,0.0,0.0,0.0,24
9355,20,13879,0.0,0.0,0.0,0.0,0.0,0.0,24
9356,20,13877,0.0,0.0,0.0,0.0,0.0,0.0,24
9357,20,13876,0.0,0.0,0.0,0.0,0.0,0.0,24
9358,20,13875,0.0,0.0,0.0,0.0,0.0,0.0,24
9359,20,13874,0.0,0.0,0.0,0.0,0.0,0.0,24
9360,20,13873,0.0,0.0,0.0,0.0,0.0,0.0,24
9361,20,13872,0.0,0.0,0.0,0.0,0.0,0.0,24
9362,20,13871,0.0,0.0,0.0,0.0,0.0,0.0,24
9363,20,13870,0.0,0.0,0.0,0.0,0.0,0.0,24
9364,20,13916,0.0,0.0,0.0,0.0,0.0,0.0,24
9365,20,13931,0.0,0.0,0.0,0.0,0.0,0.0,24
9366,20,13930,0.0,0.0,0.0,0.0,0.0,0.0,24
9367,20,13929,0.0,0.0,0.0,0.0,0.0,0.0,24
9368,20,13928,0.0,0.0,0.0,0.0,0.0,0.0,24
9369,20,13926,0.0,0.0,0.0,0.0,0.0,0.0,24
9370,20,13925,0.0,0.0,0.0,0.0,0.0,0.0,24
9371,20,13924,0.0,0.0,0.0,0.0,0.0,0.0,24
9372,20,13923,0.0,0.0,0.0,0.0,0.0,0.0,24
9373,20,13922,0.0,0.0,0.0,0.0,0.0,0.0,24
9374,20,13921,0.0,0.0,0.0,0.0,0.0,0.0,24
9375,20,13920,0.0,0.0,0.0,0.0,0.0,0.0,24
9376,20,13919,0.0,0.0,0.0,0.0,0.0,0.0,24
9377,20,13918,0.0,0.0,0.0,0.0,0.0,0.0,24
9378,20,13917,0.0,0.0,0.0,0.0,0.0,0.0,24
9379,20,13996,0.0,0.0,0.0,0.0,0.0,0.0,24
9380,20,13915,0.0,0.0,0.0,0.0,0.0,0.0,24
9381,20,13914,0.0,0.0,0.0,0.0,0.0,0.0,24
9382,20,13913,0.0,0.0,0.0,0.0,0.0,0.0,24
9383,20,13912,0.0,0.0,0.0,0.0,0.0,0.0,24
9384,20,13911,0.0,0.0,0.0,0.0,0.0,0.0,24
9385,20,13910,0.0,0.0,0.0,0.0,0.0,0.0,24
9386,20,13909,0.0,0.0,0.0,0.0,0.0,0.0,24
9387,20,13908,0.0,0.0,0.0,0.0,0.0,0.0,24
9388,20,13907,0.0,0.0,0.0,0.0,0.0,0.0,24
9389,20,13906,0.0,0.0,0.0,0.0,0.0,0.0,24
9390,20,13905,0.0,0.0,0.0,0.0,0.0,0.0,24
9391,20,13904,0.0,0.0,0.0,0.0,0.0,0.0,24
9392,20,13903,0.0,0.0,0.0,0.0,0.0,0.0,24
9393,20,14070,0.0,0.0,0.0,0.0,0.0,0.0,24
9394,20,14085,0.0,0.0,0.0,0.0,0.0,0.0,24
9395,20,14084,0.0,0.0,0.0,0.0,0.0,0.0,24
9396,20,14083,0.0,0.0,0.0,0.0,0.0,0.0,24
9397,20,14082,0.0,0.0,0.0,0.0,0.0,0.0,24
9398,20,14081,0.0,0.0,0.0,0.0,0.0,0.0,24
9399,20,14080,0.0,0.0,0.0,0.0,0.0,0.0,24
9400,20,14079,0.0,0.0,0.0,0.0,0.0,0.0,24
9401,20,14078,0.0,0.0,0.0,0.0,0.0,0.0,24
9402,20,14077,0.0,0.0,0.0,0.0,0.0,0.0,24
9403,20,14075,0.0,0.0,0.0,0.0,0.0,0.0,24
9404,20,14074,0.0,0.0,0.0,0.0,0.0,0.0,24
9405,20,14073,0.0,0.0,0.0,0.0,0.0,0.0,24
9406,20,14072,0.0,0.0,0.0,0.0,0.0,0.0,24
9407,20,14071,0.0,0.0,0.0,0.0,0.0,0.0,24
9408,20,14086,0.0,0.0,0.0,0.0,0.0,0.0,24
9409,20,14069,0.0,0.0,0.0,0.0,0.0,0.0,24
9410,20,14068,0.0,0.0,0.0,0.0,0.0,0.0,24
9411,20,14067,0.0,0.0,0.0,0.0,0.0,0.0,24
9412,20,14066,0.0,0.0,0.0,0.0,0.0,0.0,24
9413,20,14065,0.0,0.0,0.0,0.0,0.0,0.0,24
9414,20,14064,0.0,0.0,0.0,0.0,0.0,0.0,24
9415,20,14063,0.0,0.0,0.0,0.0,0.0,0.0,24
9416,20,14062,0.0,0.0,0.0,0.0,0.0,0.0,24
9417,20,14061,0.0,0.0,0.0,0.0,0.0,0.0,24
9418,20,14060,0.0,0.0,0.0,0.0,0.0,0.0,24
9419,20,14059,0.0,0.0,0.0,0.0,0.0,0.0,24
9420,20,14058,0.0,0.0,0.0,0.0,0.0,0.0,24
9421,20,14057,0.0,0.0,0.0,0.0,0.0,0.0,24
9422,20,14102,0.0,0.0,0.0,0.0,0.0,0.0,24
9423,20,14117,0.0,0.0,0.0,0.0,0.0,0.0,24
9424,20,14116,0.0,0.0,0.0,0.0,0.0,0.0,24
9425,20,14115,0.0,0.0,0.0,0.0,0.0,0.0,24
9426,20,14113,0.0,0.0,0.0,0.0,0.0,0.0,24
9427,20,14112,0.0,0.0,0.0,0.0,0.0,0.0,24
9428,20,14111,0.0,0.0,0.0,0.0,0.0,0.0,24
9429,20,14110,0.0,0.0,0.0,0.0,0.0,0.0,24
9430,20,14109,0.0,0.0,0.0,0.0,0.0,0.0,24
9431,20,14108,0.0,0.0,0.0,0.0,0.0,0.0,24
9432,20,14107,0.0,0.0,0.0,0.0,0.0,0.0,24
9433,20,14106,0.0,0.0,0.0,0.0,0.0,0.0,24
9434,20,14105,0.0,0.0,0.0,0.0,0.0,0.0,24
9435,20,14104,0.0,0.0,0.0,0.0,0.0,0.0,24
9436,20,14103,0.0,0.0,0.0,0.0,0.0,0.0,24
9437,20,14056,0.0,0.0,0.0,0.0,0.0,0.0,24
9438,20,14101,0.0,0.0,0.0,0.0,0.0,0.0,24
9439,20,14100,0.0,0.0,0.0,0.0,0.0,0.0,24
9440,20,14099,0.0,0.0,0.0,0.0,0.0,0.0,24
9441,20,14098,0.0,0.0,0.0,0.0,0.0,0.0,24
9442,20,14097,0.0,0.0,0.0,0.0,0.0,0.0,24
9443,20,14095,0.0,0.0,0.0,0.0,0.0,0.0,24
9444,20,14094,0.0,0.0,0.0,0.0,0.0,0.0,24
9445,20,14093,0.0,0.0,0.0,0.0,0.0,0.0,24
9446,20,14092,0.0,0.0,0.0,0.0,0.0,0.0,24
9447,20,14091,0.0,0.0,0.0,0.0,0.0,0.0,24
9448,20,14089,0.0,0.0,0.0,0.0,0.0,0.0,24
9449,20,14088,0.0,0.0,0.0,0.0,0.0,0.0,24
9450,20,14087,0.0,0.0,0.0,0.0,0.0,0.0,24
9451,20,14011,0.0,0.0,0.0,0.0,0.0,0.0,24
9452,20,14025,0.0,0.0,0.0,0.0,0.0,0.0,24
9453,20,14024,0.0,0.0,0.0,0.0,0.0,0.0,24
9454,20,14023,0.0,0.0,0.0,0.0,0.0,0.0,24
9455,20,14022,0.0,0.0,0.0,0.0,0.0,0.0,24
9456,20,14021,0.0,0.0,0.0,0.0,0.0,0.0,24
9457,20,14020,0.0,0.0,0.0,0.0,0.0,0.0,24
9458,20,14019,0.0,0.0,0.0,0.0,0.0,0.0,24
9459,20,14018,0.0,0.0,0.0,0.0,0.0,0.0,24
9460,20,14017,0.0,0.0,0.0,0.0,0.0,0.0,24
9461,20,14016,0.0,0.0,0.0,0.0,0.0,0.0,24
9462,20,14015,0.0,0.0,0.0,0.0,0.0,0.0,24
9463,20,14014,0.0,0.0,0.0,0.0,0.0,0.0,24
9464,20,14013,0.0,0.0,0.0,0.0,0.0,0.0,24
9465,20,14012,0.0,0.0,0.0,0.0,0.0,0.0,24
9466,20,14026,0.0,0.0,0.0,0.0,0.0,0.0,24
9467,20,14010,0.0,0.0,0.0,0.0,0.0,0.0,24
9468,20,14009,0.0,0.0,0.0,0.0,0.0,0.0,24
9469,20,14007,0.0,0.0,0.0,0.0,0.0,0.0,24
9470,20,14006,0.0,0.0,0.0,0.0,0.0,0.0,24
9471,20,14005,0.0,0.0,0.0,0.0,0.0,0.0,24
9472,20,14004,0.0,0.0,0.0,0.0,0.0,0.0,24
9473,20,14003,0.0,0.0,0.0,0.0,0.0,0.0,24
9474,20,14002,0.0,0.0,0.0,0.0,0.0,0.0,24
9475,20,14001,0.0,0.0,0.0,0.0,0.0,0.0,24
9476,20,14000,0.0,0.0,0.0,0.0,0.0,0.0,24
9477,20,13999,0.0,0.0,0.0,0.0,0.0,0.0,24
9478,20,13998,0.0,0.0,0.0,0.0,0.0,0.0,24
9479,20,13997,0.0,0.0,0.0,0.0,0.0,0.0,24
9480,20,14040,0.0,0.0,0.0,0.0,0.0,0.0,24
9481,20,14055,0.0,0.0,0.0,0.0,0.0,0.0,24
9482,20,14054,0.0,0.0,0.0,0.0,0.0,0.0,24
9483,20,14053,0.0,0.0,0.0,0.0,0.0,0.0,24
9484,20,14052,0.0,0.0,0.0,0.0,0.0,0.0,24
9485,20,14051,0.0,0.0,0.0,0.0,0.0,0.0,24
9486,20,14050,0.0,0.0,0.0,0.0,0.0,0.0,24
9487,20,14049,0.0,0.0,0.0,0.0,0.0,0.0,24
9488,20,14048,0.0,0.0,0.0,0.0,0.0,0.0,24
9489,20,14047,0.0,0.0,0.0,0.0,0.0,0.0,24
9490,20,14045,0.0,0.0,0.0,0.0,0.0,0.0,24
9491,20,14044,0.0,0.0,0.0,0.0,0.0,0.0,24
9492,20,14043,0.0,0.0,0.0,0.0,0.0,0.0,24
9493,20,14042,0.0,0.0,0.0,0.0,0.0,0.0,24
9494,20,14041,0.0,0.0,0.0,0.0,0.0,0.0,24
9495,20,13374,0.0,0.0,0.0,0.0,0.0,0.0,24
9496,20,14039,0.0,0.0,0.0,0.0,0.0,0.0,24
9497,20,14038,0.0,0.0,0.0,0.0,0.0,0.0,24
9498,20,14037,0.0,0.0,0.0,0.0,0.0,0.0,24
9499,20,14036,0.0,0.0,0.0,0.0,0.0,0.0,24
9500,20,14035,0.0,0.0,0.0,0.0,0.0,0.0,24
9501,20,14034,0.0,0.0,0.0,0.0,0.0,0.0,24
9502,20,14033,0.0,0.0,0.0,0.0,0.0,0.0,24
9503,20,14032,0.0,0.0,0.0,0.0,0.0,0.0,24
9504,20,14031,0.0,0.0,0.0,0.0,0.0,0.0,24
9505,20,14030,0.0,0.0,0.0,0.0,0.0,0.0,24
9506,20,14029,0.0,0.0,0.0,0.0,0.0,0.0,24
9507,20,14028,0.0,0.0,0.0,0.0,0.0,0.0,24
9508,20,14027,0.0,0.0,0.0,0.0,0.0,0.0,24
9509,20,12697,0.0,0.0,0.0,0.0,0.0,0.0,24
9510,20,12713,0.0,0.0,0.0,0.0,0.0,0.0,24
9511,20,12712,0.0,0.0,0.0,0.0,0.0,0.0,24
9512,20,12711,0.0,0.0,0.0,0.0,0.0,0.0,24
9513,20,12710,0.0,0.0,0.0,0.0,0.0,0.0,24
9514,20,12708,0.0,0.0,0.0,0.0,0.0,0.0,24
9515,20,12707,0.0,0.0,0.0,0.0,0.0,0.0,24
9516,20,12706,0.0,0.0,0.0,0.0,0.0,0.0,24
9517,20,12705,0.0,0.0,0.0,0.0,0.0,0.0,24
9518,20,12703,0.0,0.0,0.0,0.0,0.0,0.0,24
9519,20,12702,0.0,0.0,0.0,0.0,0.0,0.0,24
9520,20,12701,0.0,0.0,0.0,0.0,0.0,0.0,24
9521,20,12700,0.0,0.0,0.0,0.0,0.0,0.0,24
9522,20,12699,0.0,0.0,0.0,0.0,0.0,0.0,24
9523,20,12698,0.0,0.0,0.0,0.0,0.0,0.0,24
9524,20,12716,0.0,0.0,0.0,0.0,0.0,0.0,24
9525,20,12696,0.0,0.0,0.0,0.0,0.0,0.0,24
9526,20,12695,0.0,0.0,0.0,0.0,0.0,0.0,24
9527,20,12694,0.0,0.0,0.0,0.0,0.0,0.0,24
9528,20,12693,0.0,0.0,0.0,0.0,0.0,0.0,24
9529,20,12691,0.0,0.0,0.0,0.0,0.0,0.0,24
9530,20,12690,0.0,0.0,0.0,0.0,0.0,0.0,24
9531,20,12689,0.0,0.0,0.0,0.0,0.0,0.0,24
9532,20,12688,0.0,0.0,0.0,0.0,0.0,0.0,24
9533,20,12687,0.0,0.0,0.0,0.0,0.0,0.0,24
9534,20,12686,0.0,0.0,0.0,0.0,0.0,0.0,24
9535,20,12685,0.0,0.0,0.0,0.0,0.0,0.0,24
9536,20,12684,0.0,0.0,0.0,0.0,0.0,0.0,24
9537,20,12683,0.0,0.0,0.0,0.0,0.0,0.0,24
9538,20,12731,0.0,0.0,0.0,0.0,0.0,0.0,24
9539,20,12746,0.0,0.0,0.0,0.0,0.0,0.0,24
9540,20,12745,0.0,0.0,0.0,0.0,0.0,0.0,24
9541,20,12744,0.0,0.0,0.0,0.0,0.0,0.0,24
9542,20,12743,0.0,0.0,0.0,0.0,0.0,0.0,24
9543,20,12742,0.0,0.0,0.0,0.0,0.0,0.0,24
9544,20,12741,0.0,0.0,0.0,0.0,0.0,0.0,24
9545,20,12740,0.0,0.0,0.0,0.0,0.0,0.0,24
9546,20,12739,0.0,0.0,0.0,0.0,0.0,0.0,24
9547,20,12738,0.0,0.0,0.0,0.0,0.0,0.0,24
9548,20,12737,0.0,0.0,0.0,0.0,0.0,0.0,24
9549,20,12736,0.0,0.0,0.0,0.0,0.0,0.0,24
9550,20,12735,0.0,0.0,0.0,0.0,0.0,0.0,24
9551,20,12734,0.0,0.0,0.0,0.0,0.0,0.0,24
9552,20,12733,0.0,0.0,0.0,0.0,0.0,0.0,24
9553,20,12682,0.0,0.0,0.0,0.0,0.0,0.0,24
9554,20,12730,0.0,0.0,0.0,0.0,0.0,0.0,24
9555,20,12729,0.0,0.0,0.0,0.0,0.0,0.0,24
9556,20,12728,0.0,0.0,0.0,0.0,0.0,0.0,24
9557,20,12727,0.0,0.0,0.0,0.0,0.0,0.0,24
9558,20,12726,0.0,0.0,0.0,0.0,0.0,0.0,24
9559,20,12724,0.0,0.0,0.0,0.0,0.0,0.0,24
9560,20,12723,0.0,0.0,0.0,0.0,0.0,0.0,24
9561,20,12722,0.0,0.0,0.0,0.0,0.0,0.0,24
9562,20,12721,0.0,0.0,0.0,0.0,0.0,0.0,24
9563,20,12720,0.0,0.0,0.0,0.0,0.0,0.0,24
9564,20,12719,0.0,0.0,0.0,0.0,0.0,0.0,24
9565,20,12718,0.0,0.0,0.0,0.0,0.0,0.0,24
9566,20,12717,0.0,0.0,0.0,0.0,0.0,0.0,24
9567,20,12633,0.0,0.0,0.0,0.0,0.0,0.0,24
9568,20,12648,0.0,0.0,0.0,0.0,0.0,0.0,24
9569,20,12647,0.0,0.0,0.0,0.0,0.0,0.0,24
9570,20,12646,0.0,0.0,0.0,0.0,0.0,0.0,24
9571,20,12645,0.0,0.0,0.0,0.0,0.0,0.0,24
9572,20,12643,0.0,0.0,0.0,0.0,0.0,0.0,24
9573,20,12642,0.0,0.0,0.0,0.0,0.0,0.0,24
9574,20,12641,0.0,0.0,0.0,0.0,0.0,0.0,24
9575,20,12640,0.0,0.0,0.0,0.0,0.0,0.0,24
9576,20,12639,0.0,0.0,0.0,0.0,0.0,0.0,24
9577,20,12638,0.0,0.0,0.0,0.0,0.0,0.0,24
9578,20,12637,0.0,0.0,0.0,0.0,0.0,0.0,24
9579,20,12636,0.0,0.0,0.0,0.0,0.0,0.0,24
9580,20,12635,0.0,0.0,0.0,0.0,0.0,0.0,24
9581,20,12634,0.0,0.0,0.0,0.0,0.0,0.0,24
9582,20,12649,0.0,0.0,0.0,0.0,0.0,0.0,24
9583,20,12632,0.0,0.0,0.0,0.0,0.0,0.0,24
9584,20,12631,0.0,0.0,0.0,0.0,0.0,0.0,24
9585,20,12629,0.0,0.0,0.0,0.0,0.0,0.0,24
9586,20,12628,0.0,0.0,0.0,0.0,0.0,0.0,24
9587,20,12627,0.0,0.0,0.0,0.0,0.0,0.0,24
9588,20,12626,0.0,0.0,0.0,0.0,0.0,0.0,24
9589,20,12625,0.0,0.0,0.0,0.0,0.0,0.0,24
9590,20,12624,0.0,0.0,0.0,0.0,0.0,0.0,24
9591,20,12623,0.0,0.0,0.0,0.0,0.0,0.0,24
9592,20,12622,0.0,0.0,0.0,0.0,0.0,0.0,24
9593,20,12621,0.0,0.0,0.0,0.0,0.0,0.0,24
9594,20,12620,0.0,0.0,0.0,0.0,0.0,0.0,24
9595,20,12619,0.0,0.0,0.0,0.0,0.0,0.0,24
9596,20,12666,0.0,0.0,0.0,0.0,0.0,0.0,24
9597,20,12681,0.0,0.0,0.0,0.0,0.0,0.0,24
9598,20,12680,0.0,0.0,0.0,0.0,0.0,0.0,24
9599,20,12679,0.0,0.0,0.0,0.0,0.0,0.0,24
9600,20,12678,0.0,0.0,0.0,0.0,0.0,0.0,24
9601,20,12677,0.0,0.0,0.0,0.0,0.0,0.0,24
9602,20,12676,0.0,0.0,0.0,0.0,0.0,0.0,24
9603,20,12675,0.0,0.0,0.0,0.0,0.0,0.0,24
9604,20,12674,0.0,0.0,0.0,0.0,0.0,0.0,24
9605,20,12673,0.0,0.0,0.0,0.0,0.0,0.0,24
9606,20,12671,0.0,0.0,0.0,0.0,0.0,0.0,24
9607,20,12670,0.0,0.0,0.0,0.0,0.0,0.0,24
9608,20,12669,0.0,0.0,0.0,0.0,0.0,0.0,24
9609,20,12668,0.0,0.0,0.0,0.0,0.0,0.0,24
9610,20,12667,0.0,0.0,0.0,0.0,0.0,0.0,24
9611,20,12747,0.0,0.0,0.0,0.0,0.0,0.0,24
9612,20,12665,0.0,0.0,0.0,0.0,0.0,0.0,24
9613,20,12664,0.0,0.0,0.0,0.0,0.0,0.0,24
9614,20,12663,0.0,0.0,0.0,0.0,0.0,0.0,24
9615,20,12662,0.0,0.0,0.0,0.0,0.0,0.0,24
9616,20,12661,0.0,0.0,0.0,0.0,0.0,0.0,24
9617,20,12659,0.0,0.0,0.0,0.0,0.0,0.0,24
9618,20,12658,0.0,0.0,0.0,0.0,0.0,0.0,24
9619,20,12657,0.0,0.0,0.0,0.0,0.0,0.0,24
9620,20,12655,0.0,0.0,0.0,0.0,0.0,0.0,24
9621,20,12654,0.0,0.0,0.0,0.0,0.0,0.0,24
9622,20,12653,0.0,0.0,0.0,0.0,0.0,0.0,24
9623,20,12651,0.0,0.0,0.0,0.0,0.0,0.0,24
9624,20,12650,0.0,0.0,0.0,0.0,0.0,0.0,24
9625,20,12823,0.0,0.0,0.0,0.0,0.0,0.0,24
9626,20,12840,0.0,0.0,0.0,0.0,0.0,0.0,24
9627,20,12839,0.0,0.0,0.0,0.0,0.0,0.0,24
9628,20,12838,0.0,0.0,0.0,0.0,0.0,0.0,24
9629,20,12837,0.0,0.0,0.0,0.0,0.0,0.0,24
9630,20,12836,0.0,0.0,0.0,0.0,0.0,0.0,24
9631,20,12835,0.0,0.0,0.0,0.0,0.0,0.0,24
9632,20,12834,0.0,0.0,0.0,0.0,0.0,0.0,24
9633,20,12833,0.0,0.0,0.0,0.0,0.0,0.0,24
9634,20,12831,0.0,0.0,0.0,0.0,0.0,0.0,24
9635,20,12830,0.0,0.0,0.0,0.0,0.0,0.0,24
9636,20,12828,0.0,0.0,0.0,0.0,0.0,0.0,24
9637,20,12826,0.0,0.0,0.0,0.0,0.0,0.0,24
9638,20,12825,0.0,0.0,0.0,0.0,0.0,0.0,24
9639,20,12824,0.0,0.0,0.0,0.0,0.0,0.0,24
9640,20,12841,0.0,0.0,0.0,0.0,0.0,0.0,24
9641,20,12822,0.0,0.0,0.0,0.0,0.0,0.0,24
9642,20,12821,0.0,0.0,0.0,0.0,0.0,0.0,24
9643,20,12820,0.0,0.0,0.0,0.0,0.0,0.0,24
9644,20,12819,0.0,0.0,0.0,0.0,0.0,0.0,24
9645,20,12818,0.0,0.0,0.0,0.0,0.0,0.0,24
9646,20,12817,0.0,0.0,0.0,0.0,0.0,0.0,24
9647,20,12816,0.0,0.0,0.0,0.0,0.0,0.0,24
9648,20,12815,0.0,0.0,0.0,0.0,0.0,0.0,24
9649,20,12814,0.0,0.0,0.0,0.0,0.0,0.0,24
9650,20,12813,0.0,0.0,0.0,0.0,0.0,0.0,24
9651,20,12812,0.0,0.0,0.0,0.0,0.0,0.0,24
9652,20,12811,0.0,0.0,0.0,0.0,0.0,0.0,24
9653,20,12810,0.0,0.0,0.0,0.0,0.0,0.0,24
9654,20,12856,0.0,0.0,0.0,0.0,0.0,0.0,24
9655,20,12873,0.0,0.0,0.0,0.0,0.0,0.0,24
9656,20,12871,0.0,0.0,0.0,0.0,0.0,0.0,24
9657,20,12870,0.0,0.0,0.0,0.0,0.0,0.0,24
9658,20,12869,0.0,0.0,0.0,0.0,0.0,0.0,24
9659,20,12868,0.0,0.0,0.0,0.0,0.0,0.0,24
9660,20,12867,0.0,0.0,0.0,0.0,0.0,0.0,24
9661,20,12866,0.0,0.0,0.0,0.0,0.0,0.0,24
9662,20,12865,0.0,0.0,0.0,0.0,0.0,0.0,24
9663,20,12864,0.0,0.0,0.0,0.0,0.0,0.0,24
9664,20,12863,0.0,0.0,0.0,0.0,0.0,0.0,24
9665,20,12861,0.0,0.0,0.0,0.0,0.0,0.0,24
9666,20,12860,0.0,0.0,0.0,0.0,0.0,0.0,24
9667,20,12859,0.0,0.0,0.0,0.0,0.0,0.0,24
9668,20,12857,0.0,0.0,0.0,0.0,0.0,0.0,24
9669,20,12809,0.0,0.0,0.0,0.0,0.0,0.0,24
9670,20,12855,0.0,0.0,0.0,0.0,0.0,0.0,24
9671,20,12853,0.0,0.0,0.0,0.0,0.0,0.0,24
9672,20,12852,0.0,0.0,0.0,0.0,0.0,0.0,24
9673,20,12851,0.0,0.0,0.0,0.0,0.0,0.0,24
9674,20,12850,0.0,0.0,0.0,0.0,0.0,0.0,24
9675,20,12849,0.0,0.0,0.0,0.0,0.0,0.0,24
9676,20,12848,0.0,0.0,0.0,0.0,0.0,0.0,24
9677,20,12847,0.0,0.0,0.0,0.0,0.0,0.0,24
9678,20,12846,0.0,0.0,0.0,0.0,0.0,0.0,24
9679,20,12845,0.0,0.0,0.0,0.0,0.0,0.0,24
9680,20,12844,0.0,0.0,0.0,0.0,0.0,0.0,24
9681,20,12843,0.0,0.0,0.0,0.0,0.0,0.0,24
9682,20,12842,0.0,0.0,0.0,0.0,0.0,0.0,24
9683,20,12762,0.0,0.0,0.0,0.0,0.0,0.0,24
9684,20,12776,0.0,0.0,0.0,0.0,0.0,0.0,24
9685,20,12775,0.0,0.0,0.0,0.0,0.0,0.0,24
9686,20,12774,0.0,0.0,0.0,0.0,0.0,0.0,24
9687,20,12773,0.0,0.0,0.0,0.0,0.0,0.0,24
9688,20,12772,0.0,0.0,0.0,0.0,0.0,0.0,24
9689,20,12771,0.0,0.0,0.0,0.0,0.0,0.0,24
9690,20,12770,0.0,0.0,0.0,0.0,0.0,0.0,24
9691,20,12769,0.0,0.0,0.0,0.0,0.0,0.0,24
9692,20,12768,0.0,0.0,0.0,0.0,0.0,0.0,24
9693,20,12767,0.0,0.0,0.0,0.0,0.0,0.0,24
9694,20,12766,0.0,0.0,0.0,0.0,0.0,0.0,24
9695,20,12765,0.0,0.0,0.0,0.0,0.0,0.0,24
9696,20,12764,0.0,0.0,0.0,0.0,0.0,0.0,24
9697,20,12763,0.0,0.0,0.0,0.0,0.0,0.0,24
9698,20,12777,0.0,0.0,0.0,0.0,0.0,0.0,24
9699,20,12761,0.0,0.0,0.0,0.0,0.0,0.0,24
9700,20,12760,0.0,0.0,0.0,0.0,0.0,0.0,24
9701,20,12759,0.0,0.0,0.0,0.0,0.0,0.0,24
9702,20,12758,0.0,0.0,0.0,0.0,0.0,0.0,24
9703,20,12756,0.0,0.0,0.0,0.0,0.0,0.0,24
9704,20,12755,0.0,0.0,0.0,0.0,0.0,0.0,24
9705,20,12754,0.0,0.0,0.0,0.0,0.0,0.0,24
9706,20,12753,0.0,0.0,0.0,0.0,0.0,0.0,24
9707,20,12752,0.0,0.0,0.0,0.0,0.0,0.0,24
9708,20,12751,0.0,0.0,0.0,0.0,0.0,0.0,24
9709,20,12750,0.0,0.0,0.0,0.0,0.0,0.0,24
9710,20,12749,0.0,0.0,0.0,0.0,0.0,0.0,24
9711,20,12748,0.0,0.0,0.0,0.0,0.0,0.0,24
9712,20,12792,0.0,0.0,0.0,0.0,0.0,0.0,24
9713,20,12808,0.0,0.0,0.0,0.0,0.0,0.0,24
9714,20,12807,0.0,0.0,0.0,0.0,0.0,0.0,24
9715,20,12805,0.0,0.0,0.0,0.0,0.0,0.0,24
9716,20,12803,0.0,0.0,0.0,0.0,0.0,0.0,24
9717,20,12802,0.0,0.0,0.0,0.0,0.0,0.0,24
9718,20,12801,0.0,0.0,0.0,0.0,0.0,0.0,24
9719,20,12800,0.0,0.0,0.0,0.0,0.0,0.0,24
9720,20,12799,0.0,0.0,0.0,0.0,0.0,0.0,24
9721,20,12798,0.0,0.0,0.0,0.0,0.0,0.0,24
9722,20,12797,0.0,0.0,0.0,0.0,0.0,0.0,24
9723,20,12796,0.0,0.0,0.0,0.0,0.0,0.0,24
9724,20,12795,0.0,0.0,0.0,0.0,0.0,0.0,24
9725,20,12794,0.0,0.0,0.0,0.0,0.0,0.0,24
9726,20,12793,0.0,0.0,0.0,0.0,0.0,0.0,24
9727,20,12618,0.0,0.0,0.0,0.0,0.0,0.0,24
9728,20,12791,0.0,0.0,0.0,0.0,0.0,0.0,24
9729,20,12790,0.0,0.0,0.0,0.0,0.0,0.0,24
9730,20,12789,0.0,0.0,0.0,0.0,0.0,0.0,24
9731,20,12788,0.0,0.0,0.0,0.0,0.0,0.0,24
9732,20,12787,0.0,0.0,0.0,0.0,0.0,0.0,24
9733,20,12786,0.0,0.0,0.0,0.0,0.0,0.0,24
9734,20,12784,0.0,0.0,0.0,0.0,0.0,0.0,24
9735,20,12783,0.0,0.0,0.0,0.0,0.0,0.0,24
9736,20,12782,0.0,0.0,0.0,0.0,0.0,0.0,24
9737,20,12781,0.0,0.0,0.0,0.0,0.0,0.0,24
9738,20,12780,0.0,0.0,0.0,0.0,0.0,0.0,24
9739,20,12779,0.0,0.0,0.0,0.0,0.0,0.0,24
9740,20,12778,0.0,0.0,0.0,0.0,0.0,0.0,24
9741,20,12442,0.0,0.0,0.0,0.0,0.0,0.0,24
9742,20,12458,0.0,0.0,0.0,0.0,0.0,0.0,24
9743,20,12457,0.0,0.0,0.0,0.0,0.0,0.0,24
9744,20,12456,0.0,0.0,0.0,0.0,0.0,0.0,24
9745,20,12455,0.0,0.0,0.0,0.0,0.0,0.0,24
9746,20,12454,0.0,0.0,0.0,0.0,0.0,0.0,24
9747,20,12453,0.0,0.0,0.0,0.0,0.0,0.0,24
9748,20,12452,0.0,0.0,0.0,0.0,0.0,0.0,24
9749,20,12450,0.0,0.0,0.0,0.0,0.0,0.0,24
9750,20,12449,0.0,0.0,0.0,0.0,0.0,0.0,24
9751,20,12448,0.0,0.0,0.0,0.0,0.0,0.0,24
9752,20,12447,0.0,0.0,0.0,0.0,0.0,0.0,24
9753,20,12446,0.0,0.0,0.0,0.0,0.0,0.0,24
9754,20,12445,0.0,0.0,0.0,0.0,0.0,0.0,24
9755,20,12443,0.0,0.0,0.0,0.0,0.0,0.0,24
9756,20,12459,0.0,0.0,0.0,0.0,0.0,0.0,24
9757,20,12441,0.0,0.0,0.0,0.0,0.0,0.0,24
9758,20,12440,0.0,0.0,0.0,0.0,0.0,0.0,24
9759,20,12439,0.0,0.0,0.0,0.0,0.0,0.0,24
9760,20,12438,0.0,0.0,0.0,0.0,0.0,0.0,24
9761,20,12437,0.0,0.0,0.0,0.0,0.0,0.0,24
9762,20,12436,0.0,0.0,0.0,0.0,0.0,0.0,24
9763,20,12435,0.0,0.0,0.0,0.0,0.0,0.0,24
9764,20,12434,0.0,0.0,0.0,0.0,0.0,0.0,24
9765,20,12433,0.0,0.0,0.0,0.0,0.0,0.0,24
9766,20,12432,0.0,0.0,0.0,0.0,0.0,0.0,24
9767,20,12431,0.0,0.0,0.0,0.0,0.0,0.0,24
9768,20,12430,0.0,0.0,0.0,0.0,0.0,0.0,24
9769,20,12429,0.0,0.0,0.0,0.0,0.0,0.0,24
9770,20,12475,0.0,0.0,0.0,0.0,0.0,0.0,24
9771,20,12492,0.0,0.0,0.0,0.0,0.0,0.0,24
9772,20,12491,0.0,0.0,0.0,0.0,0.0,0.0,24
9773,20,12490,0.0,0.0,0.0,0.0,0.0,0.0,24
9774,20,12489,0.0,0.0,0.0,0.0,0.0,0.0,24
9775,20,12488,0.0,0.0,0.0,0.0,0.0,0.0,24
9776,20,12487,0.0,0.0,0.0,0.0,0.0,0.0,24
9777,20,12485,0.0,0.0,0.0,0.0,0.0,0.0,24
9778,20,12484,0.0,0.0,0.0,0.0,0.0,0.0,24
9779,20,12483,0.0,0.0,0.0,0.0,0.0,0.0,24
9780,20,12481,0.0,0.0,0.0,0.0,0.0,0.0,24
9781,20,12480,0.0,0.0,0.0,0.0,0.0,0.0,24
9782,20,12478,0.0,0.0,0.0,0.0,0.0,0.0,24
9783,20,12477,0.0,0.0,0.0,0.0,0.0,0.0,24
9784,20,12476,0.0,0.0,0.0,0.0,0.0,0.0,24
9785,20,12428,0.0,0.0,0.0,0.0,0.0,0.0,24
9786,20,12474,0.0,0.0,0.0,0.0,0.0,0.0,24
9787,20,12473,0.0,0.0,0.0,0.0,0.0,0.0,24
9788,20,12472,0.0,0.0,0.0,0.0,0.0,0.0,24
9789,20,12471,0.0,0.0,0.0,0.0,0.0,0.0,24
9790,20,12470,0.0,0.0,0.0,0.0,0.0,0.0,24
9791,20,12468,0.0,0.0,0.0,0.0,0.0,0.0,24
9792,20,12467,0.0,0.0,0.0,0.0,0.0,0.0,24
9793,20,12465,0.0,0.0,0.0,0.0,0.0,0.0,24
9794,20,12464,0.0,0.0,0.0,0.0,0.0,0.0,24
9795,20,12463,0.0,0.0,0.0,0.0,0.0,0.0,24
9796,20,12462,0.0,0.0,0.0,0.0,0.0,0.0,24
9797,20,12461,0.0,0.0,0.0,0.0,0.0,0.0,24
9798,20,12460,0.0,0.0,0.0,0.0,0.0,0.0,24
9799,20,12381,0.0,0.0,0.0,0.0,0.0,0.0,24
9800,20,12395,0.0,0.0,0.0,0.0,0.0,0.0,24
9801,20,12394,0.0,0.0,0.0,0.0,0.0,0.0,24
9802,20,12393,0.0,0.0,0.0,0.0,0.0,0.0,24
9803,20,12392,0.0,0.0,0.0,0.0,0.0,0.0,24
9804,20,12391,0.0,0.0,0.0,0.0,0.0,0.0,24
9805,20,12390,0.0,0.0,0.0,0.0,0.0,0.0,24
9806,20,12389,0.0,0.0,0.0,0.0,0.0,0.0,24
9807,20,12388,0.0,0.0,0.0,0.0,0.0,0.0,24
9808,20,12387,0.0,0.0,0.0,0.0,0.0,0.0,24
9809,20,12386,0.0,0.0,0.0,0.0,0.0,0.0,24
9810,20,12385,0.0,0.0,0.0,0.0,0.0,0.0,24
9811,20,12384,0.0,0.0,0.0,0.0,0.0,0.0,24
9812,20,12383,0.0,0.0,0.0,0.0,0.0,0.0,24
9813,20,12382,0.0,0.0,0.0,0.0,0.0,0.0,24
9814,20,12396,0.0,0.0,0.0,0.0,0.0,0.0,24
9815,20,12380,0.0,0.0,0.0,0.0,0.0,0.0,24
9816,20,12379,0.0,0.0,0.0,0.0,0.0,0.0,24
9817,20,12378,0.0,0.0,0.0,0.0,0.0,0.0,24
9818,20,12377,0.0,0.0,0.0,0.0,0.0,0.0,24
9819,20,12376,0.0,0.0,0.0,0.0,0.0,0.0,24
9820,20,12375,0.0,0.0,0.0,0.0,0.0,0.0,24
9821,20,12374,0.0,0.0,0.0,0.0,0.0,0.0,24
9822,20,12373,0.0,0.0,0.0,0.0,0.0,0.0,24
9823,20,12372,0.0,0.0,0.0,0.0,0.0,0.0,24
9824,20,12371,0.0,0.0,0.0,0.0,0.0,0.0,24
9825,20,12369,0.0,0.0,0.0,0.0,0.0,0.0,24
9826,20,12368,0.0,0.0,0.0,0.0,0.0,0.0,24
9827,20,12367,0.0,0.0,0.0,0.0,0.0,0.0,24
9828,20,12413,0.0,0.0,0.0,0.0,0.0,0.0,24
9829,20,12427,0.0,0.0,0.0,0.0,0.0,0.0,24
9830,20,12426,0.0,0.0,0.0,0.0,0.0,0.0,24
9831,20,12425,0.0,0.0,0.0,0.0,0.0,0.0,24
9832,20,12424,0.0,0.0,0.0,0.0,0.0,0.0,24
9833,20,12423,0.0,0.0,0.0,0.0,0.0,0.0,24
9834,20,12422,0.0,0.0,0.0,0.0,0.0,0.0,24
9835,20,12421,0.0,0.0,0.0,0.0,0.0,0.0,24
9836,20,12420,0.0,0.0,0.0,0.0,0.0,0.0,24
9837,20,12419,0.0,0.0,0.0,0.0,0.0,0.0,24
9838,20,12418,0.0,0.0,0.0,0.0,0.0,0.0,24
9839,20,12417,0.0,0.0,0.0,0.0,0.0,0.0,24
9840,20,12416,0.0,0.0,0.0,0.0,0.0,0.0,24
9841,20,12415,0.0,0.0,0.0,0.0,0.0,0.0,24
9842,20,12414,0.0,0.0,0.0,0.0,0.0,0.0,24
9843,20,12493,0.0,0.0,0.0,0.0,0.0,0.0,24
9844,20,12411,0.0,0.0,0.0,0.0,0.0,0.0,24
9845,20,12409,0.0,0.0,0.0,0.0,0.0,0.0,24
9846,20,12408,0.0,0.0,0.0,0.0,0.0,0.0,24
9847,20,12407,0.0,0.0,0.0,0.0,0.0,0.0,24
9848,20,12406,0.0,0.0,0.0,0.0,0.0,0.0,24
9849,20,12405,0.0,0.0,0.0,0.0,0.0,0.0,24
9850,20,12404,0.0,0.0,0.0,0.0,0.0,0.0,24
9851,20,12403,0.0,0.0,0.0,0.0,0.0,0.0,24
9852,20,12401,0.0,0.0,0.0,0.0,0.0,0.0,24
9853,20,12400,0.0,0.0,0.0,0.0,0.0,0.0,24
9854,20,12399,0.0,0.0,0.0,0.0,0.0,0.0,24
9855,20,12398,0.0,0.0,0.0,0.0,0.0,0.0,24
9856,20,12397,0.0,0.0,0.0,0.0,0.0,0.0,24
9857,20,12570,0.0,0.0,0.0,0.0,0.0,0.0,24
9858,20,12585,0.0,0.0,0.0,0.0,0.0,0.0,24
9859,20,12584,0.0,0.0,0.0,0.0,0.0,0.0,24
9860,20,12583,0.0,0.0,0.0,0.0,0.0,0.0,24
9861,20,12582,0.0,0.0,0.0,0.0,0.0,0.0,24
9862,20,12581,0.0,0.0,0.0,0.0,0.0,0.0,24
9863,20,12580,0.0,0.0,0.0,0.0,0.0,0.0,24
9864,20,12579,0.0,0.0,0.0,0.0,0.0,0.0,24
9865,20,12578,0.0,0.0,0.0,0.0,0.0,0.0,24
9866,20,12577,0.0,0.0,0.0,0.0,0.0,0.0,24
9867,20,12576,0.0,0.0,0.0,0.0,0.0,0.0,24
9868,20,12575,0.0,0.0,0.0,0.0,0.0,0.0,24
9869,20,12574,0.0,0.0,0.0,0.0,0.0,0.0,24
9870,20,12572,0.0,0.0,0.0,0.0,0.0,0.0,24
9871,20,12571,0.0,0.0,0.0,0.0,0.0,0.0,24
9872,20,12586,0.0,0.0,0.0,0.0,0.0,0.0,24
9873,20,12569,0.0,0.0,0.0,0.0,0.0,0.0,24
9874,20,12568,0.0,0.0,0.0,0.0,0.0,0.0,24
9875,20,12567,0.0,0.0,0.0,0.0,0.0,0.0,24
9876,20,12566,0.0,0.0,0.0,0.0,0.0,0.0,24
9877,20,12564,0.0,0.0,0.0,0.0,0.0,0.0,24
9878,20,12563,0.0,0.0,0.0,0.0,0.0,0.0,24
9879,20,12562,0.0,0.0,0.0,0.0,0.0,0.0,24
9880,20,12561,0.0,0.0,0.0,0.0,0.0,0.0,24
9881,20,12560,0.0,0.0,0.0,0.0,0.0,0.0,24
9882,20,12559,0.0,0.0,0.0,0.0,0.0,0.0,24
9883,20,12558,0.0,0.0,0.0,0.0,0.0,0.0,24
9884,20,12556,0.0,0.0,0.0,0.0,0.0,0.0,24
9885,20,12555,0.0,0.0,0.0,0.0,0.0,0.0,24
9886,20,12601,0.0,0.0,0.0,0.0,0.0,0.0,24
9887,20,12617,0.0,0.0,0.0,0.0,0.0,0.0,24
9888,20,12616,0.0,0.0,0.0,0.0,0.0,0.0,24
9889,20,12615,0.0,0.0,0.0,0.0,0.0,0.0,24
9890,20,12614,0.0,0.0,0.0,0.0,0.0,0.0,24
9891,20,12613,0.0,0.0,0.0,0.0,0.0,0.0,24
9892,20,12612,0.0,0.0,0.0,0.0,0.0,0.0,24
9893,20,12611,0.0,0.0,0.0,0.0,0.0,0.0,24
9894,20,12610,0.0,0.0,0.0,0.0,0.0,0.0,24
9895,20,12609,0.0,0.0,0.0,0.0,0.0,0.0,24
9896,20,12606,0.0,0.0,0.0,0.0,0.0,0.0,24
9897,20,12605,0.0,0.0,0.0,0.0,0.0,0.0,24
9898,20,12604,0.0,0.0,0.0,0.0,0.0,0.0,24
9899,20,12603,0.0,0.0,0.0,0.0,0.0,0.0,24
9900,20,12602,0.0,0.0,0.0,0.0,0.0,0.0,24
9901,20,12554,0.0,0.0,0.0,0.0,0.0,0.0,24
9902,20,12600,0.0,0.0,0.0,0.0,0.0,0.0,24
9903,20,12599,0.0,0.0,0.0,0.0,0.0,0.0,24
9904,20,12598,0.0,0.0,0.0,0.0,0.0,0.0,24
9905,20,12597,0.0,0.0,0.0,0.0,0.0,0.0,24
9906,20,12596,0.0,0.0,0.0,0.0,0.0,0.0,24
9907,20,12595,0.0,0.0,0.0,0.0,0.0,0.0,24
9908,20,12593,0.0,0.0,0.0,0.0,0.0,0.0,24
9909,20,12592,0.0,0.0,0.0,0.0,0.0,0.0,24
9910,20,12591,0.0,0.0,0.0,0.0,0.0,0.0,24
9911,20,12590,0.0,0.0,0.0,0.0,0.0,0.0,24
9912,20,12589,0.0,0.0,0.0,0.0,0.0,0.0,24
9913,20,12588,0.0,0.0,0.0,0.0,0.0,0.0,24
9914,20,12587,0.0,0.0,0.0,0.0,0.0,0.0,24
9915,20,12508,0.0,0.0,0.0,0.0,0.0,0.0,24
9916,20,12522,0.0,0.0,0.0,0.0,0.0,0.0,24
9917,20,12521,0.0,0.0,0.0,0.0,0.0,0.0,24
9918,20,12520,0.0,0.0,0.0,0.0,0.0,0.0,24
9919,20,12519,0.0,0.0,0.0,0.0,0.0,0.0,24
9920,20,12518,0.0,0.0,0.0,0.0,0.0,0.0,24
9921,20,12517,0.0,0.0,0.0,0.0,0.0,0.0,24
9922,20,12516,0.0,0.0,0.0,0.0,0.0,0.0,24
9923,20,12515,0.0,0.0,0.0,0.0,0.0,0.0,24
9924,20,12514,0.0,0.0,0.0,0.0,0.0,0.0,24
9925,20,12513,0.0,0.0,0.0,0.0,0.0,0.0,24
9926,20,12512,0.0,0.0,0.0,0.0,0.0,0.0,24
9927,20,12511,0.0,0.0,0.0,0.0,0.0,0.0,24
9928,20,12510,0.0,0.0,0.0,0.0,0.0,0.0,24
9929,20,12509,0.0,0.0,0.0,0.0,0.0,0.0,24
9930,20,12523,0.0,0.0,0.0,0.0,0.0,0.0,24
9931,20,12507,0.0,0.0,0.0,0.0,0.0,0.0,24
9932,20,12506,0.0,0.0,0.0,0.0,0.0,0.0,24
9933,20,12505,0.0,0.0,0.0,0.0,0.0,0.0,24
9934,20,12503,0.0,0.0,0.0,0.0,0.0,0.0,24
9935,20,12502,0.0,0.0,0.0,0.0,0.0,0.0,24
9936,20,12501,0.0,0.0,0.0,0.0,0.0,0.0,24
9937,20,12500,0.0,0.0,0.0,0.0,0.0,0.0,24
9938,20,12499,0.0,0.0,0.0,0.0,0.0,0.0,24
9939,20,12498,0.0,0.0,0.0,0.0,0.0,0.0,24
9940,20,12497,0.0,0.0,0.0,0.0,0.0,0.0,24
9941,20,12496,0.0,0.0,0.0,0.0,0.0,0.0,24
9942,20,12495,0.0,0.0,0.0,0.0,0.0,0.0,24
9943,20,12494,0.0,0.0,0.0,0.0,0.0,0.0,24
9944,20,12537,0.0,0.0,0.0,0.0,0.0,0.0,24
9945,20,12553,0.0,0.0,0.0,0.0,0.0,0.0,24
9946,20,12552,0.0,0.0,0.0,0.0,0.0,0.0,24
9947,20,12550,0.0,0.0,0.0,0.0,0.0,0.0,24
9948,20,12548,0.0,0.0,0.0,0.0,0.0,0.0,24
9949,20,12547,0.0,0.0,0.0,0.0,0.0,0.0,24
9950,20,12546,0.0,0.0,0.0,0.0,0.0,0.0,24
9951,20,12545,0.0,0.0,0.0,0.0,0.0,0.0,24
9952,20,12544,0.0,0.0,0.0,0.0,0.0,0.0,24
9953,20,12543,0.0,0.0,0.0,0.0,0.0,0.0,24
9954,20,12542,0.0,0.0,0.0,0.0,0.0,0.0,24
9955,20,12541,0.0,0.0,0.0,0.0,0.0,0.0,24
9956,20,12540,0.0,0.0,0.0,0.0,0.0,0.0,24
9957,20,12539,0.0,0.0,0.0,0.0,0.0,0.0,24
9958,20,12538,0.0,0.0,0.0,0.0,0.0,0.0,24
9959,20,12875,0.0,0.0,0.0,0.0,0.0,0.0,24
9960,20,12536,0.0,0.0,0.0,0.0,0.0,0.0,24
9961,20,12535,0.0,0.0,0.0,0.0,0.0,0.0,24
9962,20,12534,0.0,0.0,0.0,0.0,0.0,0.0,24
9963,20,12533,0.0,0.0,0.0,0.0,0.0,0.0,24
9964,20,12532,0.0,0.0,0.0,0.0,0.0,0.0,24
9965,20,12531,0.0,0.0,0.0,0.0,0.0,0.0,24
9966,20,12530,0.0,0.0,0.0,0.0,0.0,0.0,24
9967,20,12529,0.0,0.0,0.0,0.0,0.0,0.0,24
9968,20,12528,0.0,0.0,0.0,0.0,0.0,0.0,24
9969,20,12527,0.0,0.0,0.0,0.0,0.0,0.0,24
9970,20,12526,0.0,0.0,0.0,0.0,0.0,0.0,24
9971,20,12525,0.0,0.0,0.0,0.0,0.0,0.0,24
9972,20,12524,0.0,0.0,0.0,0.0,0.0,0.0,24
9973,20,13201,0.0,0.0,0.0,0.0,0.0,0.0,24
9974,20,13215,0.0,0.0,0.0,0.0,0.0,0.0,24
9975,20,13214,0.0,0.0,0.0,0.0,0.0,0.0,24
9976,20,13213,0.0,0.0,0.0,0.0,0.0,0.0,24
9977,20,13212,0.0,0.0,0.0,0.0,0.0,0.0,24
9978,20,13211,0.0,0.0,0.0,0.0,0.0,0.0,24
9979,20,13210,0.0,0.0,0.0,0.0,0.0,0.0,24
9980,20,13209,0.0,0.0,0.0,0.0,0.0,0.0,24
9981,20,13208,0.0,0.0,0.0,0.0,0.0,0.0,24
9982,20,13207,0.0,0.0,0.0,0.0,0.0,0.0,24
9983,20,13206,0.0,0.0,0.0,0.0,0.0,0.0,24
9984,20,13205,0.0,0.0,0.0,0.0,0.0,0.0,24
9985,20,13204,0.0,0.0,0.0,0.0,0.0,0.0,24
9986,20,13203,0.0,0.0,0.0,0.0,0.0,0.0,24
9987,20,13202,0.0,0.0,0.0,0.0,0.0,0.0,24
9988,20,13216,0.0,0.0,0.0,0.0,0.0,0.0,24
9989,20,13200,0.0,0.0,0.0,0.0,0.0,0.0,24
9990,20,13199,0.0,0.0,0.0,0.0,0.0,0.0,24
9991,20,13198,0.0,0.0,0.0,0.0,0.0,0.0,24
9992,20,13197,0.0,0.0,0.0,0.0,0.0,0.0,24
9993,20,13196,0.0,0.0,0.0,0.0,0.0,0.0,24
9994,20,13195,0.0,0.0,0.0,0.0,0.0,0.0,24
9995,20,13194,0.0,0.0,0.0,0.0,0.0,0.0,24
9996,20,13193,0.0,0.0,0.0,0.0,0.0,0.0,24
9997,20,13192,0.0,0.0,0.0,0.0,0.0,0.0,24
9998,20,13191,0.0,0.0,0.0,0.0,0.0,0.0,24
9999,20,13190,0.0,0.0,0.0,0.0,0.0,0.0,24
10000,20,13189,0.0,0.0,0.0,0.0,0.0,0.0,24
10001,20,13188,0.0,0.0,0.0,0.0,0.0,0.0,24
10002,20,13231,0.0,0.0,0.0,0.0,0.0,0.0,24
10003,20,13246,0.0,0.0,0.0,0.0,0.0,0.0,24
10004,20,13245,0.0,0.0,0.0,0.0,0.0,0.0,24
10005,20,13244,0.0,0.0,0.0,0.0,0.0,0.0,24
10006,20,13243,0.0,0.0,0.0,0.0,0.0,0.0,24
10007,20,13242,0.0,0.0,0.0,0.0,0.0,0.0,24
10008,20,13241,0.0,0.0,0.0,0.0,0.0,0.0,24
10009,20,13240,0.0,0.0,0.0,0.0,0.0,0.0,24
10010,20,13239,0.0,0.0,0.0,0.0,0.0,0.0,24
10011,20,13238,0.0,0.0,0.0,0.0,0.0,0.0,24
10012,20,13237,0.0,0.0,0.0,0.0,0.0,0.0,24
10013,20,13235,0.0,0.0,0.0,0.0,0.0,0.0,24
10014,20,13234,0.0,0.0,0.0,0.0,0.0,0.0,24
10015,20,13233,0.0,0.0,0.0,0.0,0.0,0.0,24
10016,20,13232,0.0,0.0,0.0,0.0,0.0,0.0,24
10017,20,13187,0.0,0.0,0.0,0.0,0.0,0.0,24
10018,20,13230,0.0,0.0,0.0,0.0,0.0,0.0,24
10019,20,13229,0.0,0.0,0.0,0.0,0.0,0.0,24
10020,20,13228,0.0,0.0,0.0,0.0,0.0,0.0,24
10021,20,13227,0.0,0.0,0.0,0.0,0.0,0.0,24
10022,20,13226,0.0,0.0,0.0,0.0,0.0,0.0,24
10023,20,13225,0.0,0.0,0.0,0.0,0.0,0.0,24
10024,20,13224,0.0,0.0,0.0,0.0,0.0,0.0,24
10025,20,13223,0.0,0.0,0.0,0.0,0.0,0.0,24
10026,20,13222,0.0,0.0,0.0,0.0,0.0,0.0,24
10027,20,13221,0.0,0.0,0.0,0.0,0.0,0.0,24
10028,20,13220,0.0,0.0,0.0,0.0,0.0,0.0,24
10029,20,13219,0.0,0.0,0.0,0.0,0.0,0.0,24
10030,20,13218,0.0,0.0,0.0,0.0,0.0,0.0,24
10031,20,13139,0.0,0.0,0.0,0.0,0.0,0.0,24
10032,20,13154,0.0,0.0,0.0,0.0,0.0,0.0,24
10033,20,13153,0.0,0.0,0.0,0.0,0.0,0.0,24
10034,20,13152,0.0,0.0,0.0,0.0,0.0,0.0,24
10035,20,13151,0.0,0.0,0.0,0.0,0.0,0.0,24
10036,20,13150,0.0,0.0,0.0,0.0,0.0,0.0,24
10037,20,13149,0.0,0.0,0.0,0.0,0.0,0.0,24
10038,20,13148,0.0,0.0,0.0,0.0,0.0,0.0,24
10039,20,13147,0.0,0.0,0.0,0.0,0.0,0.0,24
10040,20,13146,0.0,0.0,0.0,0.0,0.0,0.0,24
10041,20,13145,0.0,0.0,0.0,0.0,0.0,0.0,24
10042,20,13144,0.0,0.0,0.0,0.0,0.0,0.0,24
10043,20,13143,0.0,0.0,0.0,0.0,0.0,0.0,24
10044,20,13141,0.0,0.0,0.0,0.0,0.0,0.0,24
10045,20,13140,0.0,0.0,0.0,0.0,0.0,0.0,24
10046,20,13155,0.0,0.0,0.0,0.0,0.0,0.0,24
10047,20,13138,0.0,0.0,0.0,0.0,0.0,0.0,24
10048,20,13137,0.0,0.0,0.0,0.0,0.0,0.0,24
10049,20,13136,0.0,0.0,0.0,0.0,0.0,0.0,24
10050,20,13135,0.0,0.0,0.0,0.0,0.0,0.0,24
10051,20,13134,0.0,0.0,0.0,0.0,0.0,0.0,24
10052,20,13132,0.0,0.0,0.0,0.0,0.0,0.0,24
10053,20,13131,0.0,0.0,0.0,0.0,0.0,0.0,24
10054,20,13130,0.0,0.0,0.0,0.0,0.0,0.0,24
10055,20,13129,0.0,0.0,0.0,0.0,0.0,0.0,24
10056,20,13128,0.0,0.0,0.0,0.0,0.0,0.0,24
10057,20,13127,0.0,0.0,0.0,0.0,0.0,0.0,24
10058,20,13126,0.0,0.0,0.0,0.0,0.0,0.0,24
10059,20,13125,0.0,0.0,0.0,0.0,0.0,0.0,24
10060,20,13171,0.0,0.0,0.0,0.0,0.0,0.0,24
10061,20,13186,0.0,0.0,0.0,0.0,0.0,0.0,24
10062,20,13185,0.0,0.0,0.0,0.0,0.0,0.0,24
10063,20,13184,0.0,0.0,0.0,0.0,0.0,0.0,24
10064,20,13183,0.0,0.0,0.0,0.0,0.0,0.0,24
10065,20,13182,0.0,0.0,0.0,0.0,0.0,0.0,24
10066,20,13181,0.0,0.0,0.0,0.0,0.0,0.0,24
10067,20,13179,0.0,0.0,0.0,0.0,0.0,0.0,24
10068,20,13178,0.0,0.0,0.0,0.0,0.0,0.0,24
10069,20,13177,0.0,0.0,0.0,0.0,0.0,0.0,24
10070,20,13176,0.0,0.0,0.0,0.0,0.0,0.0,24
10071,20,13175,0.0,0.0,0.0,0.0,0.0,0.0,24
10072,20,13174,0.0,0.0,0.0,0.0,0.0,0.0,24
10073,20,13173,0.0,0.0,0.0,0.0,0.0,0.0,24
10074,20,13172,0.0,0.0,0.0,0.0,0.0,0.0,24
10075,20,13247,0.0,0.0,0.0,0.0,0.0,0.0,24
10076,20,13170,0.0,0.0,0.0,0.0,0.0,0.0,24
10077,20,13169,0.0,0.0,0.0,0.0,0.0,0.0,24
10078,20,13168,0.0,0.0,0.0,0.0,0.0,0.0,24
10079,20,13167,0.0,0.0,0.0,0.0,0.0,0.0,24
10080,20,13166,0.0,0.0,0.0,0.0,0.0,0.0,24
10081,20,13165,0.0,0.0,0.0,0.0,0.0,0.0,24
10082,20,13164,0.0,0.0,0.0,0.0,0.0,0.0,24
10083,20,13163,0.0,0.0,0.0,0.0,0.0,0.0,24
10084,20,13162,0.0,0.0,0.0,0.0,0.0,0.0,24
10085,20,13161,0.0,0.0,0.0,0.0,0.0,0.0,24
10086,20,13159,0.0,0.0,0.0,0.0,0.0,0.0,24
10087,20,13158,0.0,0.0,0.0,0.0,0.0,0.0,24
10088,20,13157,0.0,0.0,0.0,0.0,0.0,0.0,24
10089,20,13328,0.0,0.0,0.0,0.0,0.0,0.0,24
10090,20,13342,0.0,0.0,0.0,0.0,0.0,0.0,24
10091,20,13341,0.0,0.0,0.0,0.0,0.0,0.0,24
10092,20,13340,0.0,0.0,0.0,0.0,0.0,0.0,24
10093,20,13339,0.0,0.0,0.0,0.0,0.0,0.0,24
10094,20,13338,0.0,0.0,0.0,0.0,0.0,0.0,24
10095,20,13337,0.0,0.0,0.0,0.0,0.0,0.0,24
10096,20,13336,0.0,0.0,0.0,0.0,0.0,0.0,24
10097,20,13335,0.0,0.0,0.0,0.0,0.0,0.0,24
10098,20,13334,0.0,0.0,0.0,0.0,0.0,0.0,24
10099,20,13333,0.0,0.0,0.0,0.0,0.0,0.0,24
10100,20,13332,0.0,0.0,0.0,0.0,0.0,0.0,24
10101,20,13331,0.0,0.0,0.0,0.0,0.0,0.0,24
10102,20,13330,0.0,0.0,0.0,0.0,0.0,0.0,24
10103,20,13329,0.0,0.0,0.0,0.0,0.0,0.0,24
10104,20,13343,0.0,0.0,0.0,0.0,0.0,0.0,24
10105,20,13327,0.0,0.0,0.0,0.0,0.0,0.0,24
10106,20,13326,0.0,0.0,0.0,0.0,0.0,0.0,24
10107,20,13325,0.0,0.0,0.0,0.0,0.0,0.0,24
10108,20,13324,0.0,0.0,0.0,0.0,0.0,0.0,24
10109,20,13323,0.0,0.0,0.0,0.0,0.0,0.0,24
10110,20,13322,0.0,0.0,0.0,0.0,0.0,0.0,24
10111,20,13321,0.0,0.0,0.0,0.0,0.0,0.0,24
10112,20,13320,0.0,0.0,0.0,0.0,0.0,0.0,24
10113,20,13319,0.0,0.0,0.0,0.0,0.0,0.0,24
10114,20,13318,0.0,0.0,0.0,0.0,0.0,0.0,24
10115,20,13317,0.0,0.0,0.0,0.0,0.0,0.0,24
10116,20,13316,0.0,0.0,0.0,0.0,0.0,0.0,24
10117,20,13315,0.0,0.0,0.0,0.0,0.0,0.0,24
10118,20,13357,0.0,0.0,0.0,0.0,0.0,0.0,24
10119,20,13373,0.0,0.0,0.0,0.0,0.0,0.0,24
10120,20,13372,0.0,0.0,0.0,0.0,0.0,0.0,24
10121,20,13371,0.0,0.0,0.0,0.0,0.0,0.0,24
10122,20,13369,0.0,0.0,0.0,0.0,0.0,0.0,24
10123,20,13368,0.0,0.0,0.0,0.0,0.0,0.0,24
10124,20,13367,0.0,0.0,0.0,0.0,0.0,0.0,24
10125,20,13366,0.0,0.0,0.0,0.0,0.0,0.0,24
10126,20,13365,0.0,0.0,0.0,0.0,0.0,0.0,24
10127,20,13364,0.0,0.0,0.0,0.0,0.0,0.0,24
10128,20,13363,0.0,0.0,0.0,0.0,0.0,0.0,24
10129,20,13362,0.0,0.0,0.0,0.0,0.0,0.0,24
10130,20,13361,0.0,0.0,0.0,0.0,0.0,0.0,24
10131,20,13360,0.0,0.0,0.0,0.0,0.0,0.0,24
10132,20,13359,0.0,0.0,0.0,0.0,0.0,0.0,24
10133,20,13314,0.0,0.0,0.0,0.0,0.0,0.0,24
10134,20,13356,0.0,0.0,0.0,0.0,0.0,0.0,24
10135,20,13355,0.0,0.0,0.0,0.0,0.0,0.0,24
10136,20,13354,0.0,0.0,0.0,0.0,0.0,0.0,24
10137,20,13353,0.0,0.0,0.0,0.0,0.0,0.0,24
10138,20,13352,0.0,0.0,0.0,0.0,0.0,0.0,24
10139,20,13351,0.0,0.0,0.0,0.0,0.0,0.0,24
10140,20,13350,0.0,0.0,0.0,0.0,0.0,0.0,24
10141,20,13349,0.0,0.0,0.0,0.0,0.0,0.0,24
10142,20,13348,0.0,0.0,0.0,0.0,0.0,0.0,24
10143,20,13347,0.0,0.0,0.0,0.0,0.0,0.0,24
10144,20,13346,0.0,0.0,0.0,0.0,0.0,0.0,24
10145,20,13345,0.0,0.0,0.0,0.0,0.0,0.0,24
10146,20,13344,0.0,0.0,0.0,0.0,0.0,0.0,24
10147,20,13262,0.0,0.0,0.0,0.0,0.0,0.0,24
10148,20,13279,0.0,0.0,0.0,0.0,0.0,0.0,24
10149,20,13278,0.0,0.0,0.0,0.0,0.0,0.0,24
10150,20,13276,0.0,0.0,0.0,0.0,0.0,0.0,24
10151,20,13275,0.0,0.0,0.0,0.0,0.0,0.0,24
10152,20,13274,0.0,0.0,0.0,0.0,0.0,0.0,24
10153,20,13273,0.0,0.0,0.0,0.0,0.0,0.0,24
10154,20,13272,0.0,0.0,0.0,0.0,0.0,0.0,24
10155,20,13271,0.0,0.0,0.0,0.0,0.0,0.0,24
10156,20,13270,0.0,0.0,0.0,0.0,0.0,0.0,24
10157,20,13268,0.0,0.0,0.0,0.0,0.0,0.0,24
10158,20,13267,0.0,0.0,0.0,0.0,0.0,0.0,24
10159,20,13266,0.0,0.0,0.0,0.0,0.0,0.0,24
10160,20,13265,0.0,0.0,0.0,0.0,0.0,0.0,24
10161,20,13264,0.0,0.0,0.0,0.0,0.0,0.0,24
10162,20,13280,0.0,0.0,0.0,0.0,0.0,0.0,24
10163,20,13261,0.0,0.0,0.0,0.0,0.0,0.0,24
10164,20,13260,0.0,0.0,0.0,0.0,0.0,0.0,24
10165,20,13259,0.0,0.0,0.0,0.0,0.0,0.0,24
10166,20,13258,0.0,0.0,0.0,0.0,0.0,0.0,24
10167,20,13257,0.0,0.0,0.0,0.0,0.0,0.0,24
10168,20,13256,0.0,0.0,0.0,0.0,0.0,0.0,24
10169,20,13255,0.0,0.0,0.0,0.0,0.0,0.0,24
10170,20,13254,0.0,0.0,0.0,0.0,0.0,0.0,24
10171,20,13253,0.0,0.0,0.0,0.0,0.0,0.0,24
10172,20,13252,0.0,0.0,0.0,0.0,0.0,0.0,24
10173,20,13251,0.0,0.0,0.0,0.0,0.0,0.0,24
10174,20,13249,0.0,0.0,0.0,0.0,0.0,0.0,24
10175,20,13248,0.0,0.0,0.0,0.0,0.0,0.0,24
10176,20,13296,0.0,0.0,0.0,0.0,0.0,0.0,24
10177,20,13313,0.0,0.0,0.0,0.0,0.0,0.0,24
10178,20,13312,0.0,0.0,0.0,0.0,0.0,0.0,24
10179,20,13311,0.0,0.0,0.0,0.0,0.0,0.0,24
10180,20,13310,0.0,0.0,0.0,0.0,0.0,0.0,24
10181,20,13309,0.0,0.0,0.0,0.0,0.0,0.0,24
10182,20,13308,0.0,0.0,0.0,0.0,0.0,0.0,24
10183,20,13306,0.0,0.0,0.0,0.0,0.0,0.0,24
10184,20,13305,0.0,0.0,0.0,0.0,0.0,0.0,24
10185,20,13303,0.0,0.0,0.0,0.0,0.0,0.0,24
10186,20,13302,0.0,0.0,0.0,0.0,0.0,0.0,24
10187,20,13300,0.0,0.0,0.0,0.0,0.0,0.0,24
10188,20,13299,0.0,0.0,0.0,0.0,0.0,0.0,24
10189,20,13298,0.0,0.0,0.0,0.0,0.0,0.0,24
10190,20,13297,0.0,0.0,0.0,0.0,0.0,0.0,24
10191,20,13124,0.0,0.0,0.0,0.0,0.0,0.0,24
10192,20,13295,0.0,0.0,0.0,0.0,0.0,0.0,24
10193,20,13294,0.0,0.0,0.0,0.0,0.0,0.0,24
10194,20,13293,0.0,0.0,0.0,0.0,0.0,0.0,24
10195,20,13292,0.0,0.0,0.0,0.0,0.0,0.0,24
10196,20,13291,0.0,0.0,0.0,0.0,0.0,0.0,24
10197,20,13290,0.0,0.0,0.0,0.0,0.0,0.0,24
10198,20,13289,0.0,0.0,0.0,0.0,0.0,0.0,24
10199,20,13288,0.0,0.0,0.0,0.0,0.0,0.0,24
10200,20,13287,0.0,0.0,0.0,0.0,0.0,0.0,24
10201,20,13286,0.0,0.0,0.0,0.0,0.0,0.0,24
10202,20,13285,0.0,0.0,0.0,0.0,0.0,0.0,24
10203,20,13284,0.0,0.0,0.0,0.0,0.0,0.0,24
10204,20,13281,0.0,0.0,0.0,0.0,0.0,0.0,24
10205,20,12955,0.0,0.0,0.0,0.0,0.0,0.0,24
10206,20,12971,0.0,0.0,0.0,0.0,0.0,0.0,24
10207,20,12970,0.0,0.0,0.0,0.0,0.0,0.0,24
10208,20,12969,0.0,0.0,0.0,0.0,0.0,0.0,24
10209,20,12968,0.0,0.0,0.0,0.0,0.0,0.0,24
10210,20,12967,0.0,0.0,0.0,0.0,0.0,0.0,24
10211,20,12966,0.0,0.0,0.0,0.0,0.0,0.0,24
10212,20,12965,0.0,0.0,0.0,0.0,0.0,0.0,24
10213,20,12964,0.0,0.0,0.0,0.0,0.0,0.0,24
10214,20,12962,0.0,0.0,0.0,0.0,0.0,0.0,24
10215,20,12961,0.0,0.0,0.0,0.0,0.0,0.0,24
10216,20,12960,0.0,0.0,0.0,0.0,0.0,0.0,24
10217,20,12959,0.0,0.0,0.0,0.0,0.0,0.0,24
10218,20,12957,0.0,0.0,0.0,0.0,0.0,0.0,24
10219,20,12956,0.0,0.0,0.0,0.0,0.0,0.0,24
10220,20,12972,0.0,0.0,0.0,0.0,0.0,0.0,24
10221,20,12953,0.0,0.0,0.0,0.0,0.0,0.0,24
10222,20,12952,0.0,0.0,0.0,0.0,0.0,0.0,24
10223,20,12950,0.0,0.0,0.0,0.0,0.0,0.0,24
10224,20,12948,0.0,0.0,0.0,0.0,0.0,0.0,24
10225,20,12947,0.0,0.0,0.0,0.0,0.0,0.0,24
10226,20,12946,0.0,0.0,0.0,0.0,0.0,0.0,24
10227,20,12945,0.0,0.0,0.0,0.0,0.0,0.0,24
10228,20,12944,0.0,0.0,0.0,0.0,0.0,0.0,24
10229,20,12943,0.0,0.0,0.0,0.0,0.0,0.0,24
10230,20,12942,0.0,0.0,0.0,0.0,0.0,0.0,24
10231,20,12941,0.0,0.0,0.0,0.0,0.0,0.0,24
10232,20,12940,0.0,0.0,0.0,0.0,0.0,0.0,24
10233,20,12939,0.0,0.0,0.0,0.0,0.0,0.0,24
10234,20,12986,0.0,0.0,0.0,0.0,0.0,0.0,24
10235,20,13001,0.0,0.0,0.0,0.0,0.0,0.0,24
10236,20,13000,0.0,0.0,0.0,0.0,0.0,0.0,24
10237,20,12999,0.0,0.0,0.0,0.0,0.0,0.0,24
10238,20,12998,0.0,0.0,0.0,0.0,0.0,0.0,24
10239,20,12997,0.0,0.0,0.0,0.0,0.0,0.0,24
10240,20,12996,0.0,0.0,0.0,0.0,0.0,0.0,24
10241,20,12995,0.0,0.0,0.0,0.0,0.0,0.0,24
10242,20,12994,0.0,0.0,0.0,0.0,0.0,0.0,24
10243,20,12993,0.0,0.0,0.0,0.0,0.0,0.0,24
10244,20,12991,0.0,0.0,0.0,0.0,0.0,0.0,24
10245,20,12990,0.0,0.0,0.0,0.0,0.0,0.0,24
10246,20,12989,0.0,0.0,0.0,0.0,0.0,0.0,24
10247,20,12988,0.0,0.0,0.0,0.0,0.0,0.0,24
10248,20,12987,0.0,0.0,0.0,0.0,0.0,0.0,24
10249,20,12938,0.0,0.0,0.0,0.0,0.0,0.0,24
10250,20,12985,0.0,0.0,0.0,0.0,0.0,0.0,24
10251,20,12984,0.0,0.0,0.0,0.0,0.0,0.0,24
10252,20,12983,0.0,0.0,0.0,0.0,0.0,0.0,24
10253,20,12982,0.0,0.0,0.0,0.0,0.0,0.0,24
10254,20,12981,0.0,0.0,0.0,0.0,0.0,0.0,24
10255,20,12980,0.0,0.0,0.0,0.0,0.0,0.0,24
10256,20,12979,0.0,0.0,0.0,0.0,0.0,0.0,24
10257,20,12978,0.0,0.0,0.0,0.0,0.0,0.0,24
10258,20,12977,0.0,0.0,0.0,0.0,0.0,0.0,24
10259,20,12976,0.0,0.0,0.0,0.0,0.0,0.0,24
10260,20,12975,0.0,0.0,0.0,0.0,0.0,0.0,24
10261,20,12974,0.0,0.0,0.0,0.0,0.0,0.0,24
10262,20,12973,0.0,0.0,0.0,0.0,0.0,0.0,24
10263,20,12891,0.0,0.0,0.0,0.0,0.0,0.0,24
10264,20,12906,0.0,0.0,0.0,0.0,0.0,0.0,24
10265,20,12904,0.0,0.0,0.0,0.0,0.0,0.0,24
10266,20,12903,0.0,0.0,0.0,0.0,0.0,0.0,24
10267,20,12902,0.0,0.0,0.0,0.0,0.0,0.0,24
10268,20,12901,0.0,0.0,0.0,0.0,0.0,0.0,24
10269,20,12900,0.0,0.0,0.0,0.0,0.0,0.0,24
10270,20,12899,0.0,0.0,0.0,0.0,0.0,0.0,24
10271,20,12898,0.0,0.0,0.0,0.0,0.0,0.0,24
10272,20,12897,0.0,0.0,0.0,0.0,0.0,0.0,24
10273,20,12896,0.0,0.0,0.0,0.0,0.0,0.0,24
10274,20,12895,0.0,0.0,0.0,0.0,0.0,0.0,24
10275,20,12894,0.0,0.0,0.0,0.0,0.0,0.0,24
10276,20,12893,0.0,0.0,0.0,0.0,0.0,0.0,24
10277,20,12892,0.0,0.0,0.0,0.0,0.0,0.0,24
10278,20,12907,0.0,0.0,0.0,0.0,0.0,0.0,24
10279,20,12889,0.0,0.0,0.0,0.0,0.0,0.0,24
10280,20,12887,0.0,0.0,0.0,0.0,0.0,0.0,24
10281,20,12886,0.0,0.0,0.0,0.0,0.0,0.0,24
10282,20,12885,0.0,0.0,0.0,0.0,0.0,0.0,24
10283,20,12884,0.0,0.0,0.0,0.0,0.0,0.0,24
10284,20,12883,0.0,0.0,0.0,0.0,0.0,0.0,24
10285,20,12882,0.0,0.0,0.0,0.0,0.0,0.0,24
10286,20,12881,0.0,0.0,0.0,0.0,0.0,0.0,24
10287,20,12880,0.0,0.0,0.0,0.0,0.0,0.0,24
10288,20,12879,0.0,0.0,0.0,0.0,0.0,0.0,24
10289,20,12878,0.0,0.0,0.0,0.0,0.0,0.0,24
10290,20,12877,0.0,0.0,0.0,0.0,0.0,0.0,24
10291,20,12876,0.0,0.0,0.0,0.0,0.0,0.0,24
10292,20,12922,0.0,0.0,0.0,0.0,0.0,0.0,24
10293,20,12937,0.0,0.0,0.0,0.0,0.0,0.0,24
10294,20,12936,0.0,0.0,0.0,0.0,0.0,0.0,24
10295,20,12935,0.0,0.0,0.0,0.0,0.0,0.0,24
10296,20,12934,0.0,0.0,0.0,0.0,0.0,0.0,24
10297,20,12933,0.0,0.0,0.0,0.0,0.0,0.0,24
10298,20,12932,0.0,0.0,0.0,0.0,0.0,0.0,24
10299,20,12930,0.0,0.0,0.0,0.0,0.0,0.0,24
10300,20,12929,0.0,0.0,0.0,0.0,0.0,0.0,24
10301,20,12928,0.0,0.0,0.0,0.0,0.0,0.0,24
10302,20,12927,0.0,0.0,0.0,0.0,0.0,0.0,24
10303,20,12926,0.0,0.0,0.0,0.0,0.0,0.0,24
10304,20,12925,0.0,0.0,0.0,0.0,0.0,0.0,24
10305,20,12924,0.0,0.0,0.0,0.0,0.0,0.0,24
10306,20,12923,0.0,0.0,0.0,0.0,0.0,0.0,24
10307,20,13002,0.0,0.0,0.0,0.0,0.0,0.0,24
10308,20,12921,0.0,0.0,0.0,0.0,0.0,0.0,24
10309,20,12920,0.0,0.0,0.0,0.0,0.0,0.0,24
10310,20,12918,0.0,0.0,0.0,0.0,0.0,0.0,24
10311,20,12917,0.0,0.0,0.0,0.0,0.0,0.0,24
10312,20,12916,0.0,0.0,0.0,0.0,0.0,0.0,24
10313,20,12915,0.0,0.0,0.0,0.0,0.0,0.0,24
10314,20,12914,0.0,0.0,0.0,0.0,0.0,0.0,24
10315,20,12913,0.0,0.0,0.0,0.0,0.0,0.0,24
10316,20,12912,0.0,0.0,0.0,0.0,0.0,0.0,24
10317,20,12911,0.0,0.0,0.0,0.0,0.0,0.0,24
10318,20,12910,0.0,0.0,0.0,0.0,0.0,0.0,24
10319,20,12909,0.0,0.0,0.0,0.0,0.0,0.0,24
10320,20,12908,0.0,0.0,0.0,0.0,0.0,0.0,24
10321,20,13079,0.0,0.0,0.0,0.0,0.0,0.0,24
10322,20,13094,0.0,0.0,0.0,0.0,0.0,0.0,24
10323,20,13093,0.0,0.0,0.0,0.0,0.0,0.0,24
10324,20,13092,0.0,0.0,0.0,0.0,0.0,0.0,24
10325,20,13091,0.0,0.0,0.0,0.0,0.0,0.0,24
10326,20,13090,0.0,0.0,0.0,0.0,0.0,0.0,24
10327,20,13089,0.0,0.0,0.0,0.0,0.0,0.0,24
10328,20,13088,0.0,0.0,0.0,0.0,0.0,0.0,24
10329,20,13087,0.0,0.0,0.0,0.0,0.0,0.0,24
10330,20,13086,0.0,0.0,0.0,0.0,0.0,0.0,24
10331,20,13085,0.0,0.0,0.0,0.0,0.0,0.0,24
10332,20,13083,0.0,0.0,0.0,0.0,0.0,0.0,24
10333,20,13082,0.0,0.0,0.0,0.0,0.0,0.0,24
10334,20,13081,0.0,0.0,0.0,0.0,0.0,0.0,24
10335,20,13080,0.0,0.0,0.0,0.0,0.0,0.0,24
10336,20,13095,0.0,0.0,0.0,0.0,0.0,0.0,24
10337,20,13078,0.0,0.0,0.0,0.0,0.0,0.0,24
10338,20,13077,0.0,0.0,0.0,0.0,0.0,0.0,24
10339,20,13076,0.0,0.0,0.0,0.0,0.0,0.0,24
10340,20,13075,0.0,0.0,0.0,0.0,0.0,0.0,24
10341,20,13074,0.0,0.0,0.0,0.0,0.0,0.0,24
10342,20,13073,0.0,0.0,0.0,0.0,0.0,0.0,24
10343,20,13072,0.0,0.0,0.0,0.0,0.0,0.0,24
10344,20,13071,0.0,0.0,0.0,0.0,0.0,0.0,24
10345,20,13070,0.0,0.0,0.0,0.0,0.0,0.0,24
10346,20,13069,0.0,0.0,0.0,0.0,0.0,0.0,24
10347,20,13068,0.0,0.0,0.0,0.0,0.0,0.0,24
10348,20,13067,0.0,0.0,0.0,0.0,0.0,0.0,24
10349,20,13066,0.0,0.0,0.0,0.0,0.0,0.0,24
10350,20,13109,0.0,0.0,0.0,0.0,0.0,0.0,24
10351,20,13123,0.0,0.0,0.0,0.0,0.0,0.0,24
10352,20,13122,0.0,0.0,0.0,0.0,0.0,0.0,24
10353,20,13121,0.0,0.0,0.0,0.0,0.0,0.0,24
10354,20,13120,0.0,0.0,0.0,0.0,0.0,0.0,24
10355,20,13119,0.0,0.0,0.0,0.0,0.0,0.0,24
10356,20,13118,0.0,0.0,0.0,0.0,0.0,0.0,24
10357,20,13117,0.0,0.0,0.0,0.0,0.0,0.0,24
10358,20,13116,0.0,0.0,0.0,0.0,0.0,0.0,24
10359,20,13115,0.0,0.0,0.0,0.0,0.0,0.0,24
10360,20,13114,0.0,0.0,0.0,0.0,0.0,0.0,24
10361,20,13113,0.0,0.0,0.0,0.0,0.0,0.0,24
10362,20,13112,0.0,0.0,0.0,0.0,0.0,0.0,24
10363,20,13111,0.0,0.0,0.0,0.0,0.0,0.0,24
10364,20,13110,0.0,0.0,0.0,0.0,0.0,0.0,24
10365,20,13065,0.0,0.0,0.0,0.0,0.0,0.0,24
10366,20,13108,0.0,0.0,0.0,0.0,0.0,0.0,24
10367,20,13107,0.0,0.0,0.0,0.0,0.0,0.0,24
10368,20,13106,0.0,0.0,0.0,0.0,0.0,0.0,24
10369,20,13105,0.0,0.0,0.0,0.0,0.0,0.0,24
10370,20,13104,0.0,0.0,0.0,0.0,0.0,0.0,24
10371,20,13103,0.0,0.0,0.0,0.0,0.0,0.0,24
10372,20,13102,0.0,0.0,0.0,0.0,0.0,0.0,24
10373,20,13101,0.0,0.0,0.0,0.0,0.0,0.0,24
10374,20,13100,0.0,0.0,0.0,0.0,0.0,0.0,24
10375,20,13099,0.0,0.0,0.0,0.0,0.0,0.0,24
10376,20,13098,0.0,0.0,0.0,0.0,0.0,0.0,24
10377,20,13097,0.0,0.0,0.0,0.0,0.0,0.0,24
10378,20,13096,0.0,0.0,0.0,0.0,0.0,0.0,24
10379,20,13018,0.0,0.0,0.0,0.0,0.0,0.0,24
10380,20,13032,0.0,0.0,0.0,0.0,0.0,0.0,24
10381,20,13031,0.0,0.0,0.0,0.0,0.0,0.0,24
10382,20,13030,0.0,0.0,0.0,0.0,0.0,0.0,24
10383,20,13029,0.0,0.0,0.0,0.0,0.0,0.0,24
10384,20,13028,0.0,0.0,0.0,0.0,0.0,0.0,24
10385,20,13027,0.0,0.0,0.0,0.0,0.0,0.0,24
10386,20,13026,0.0,0.0,0.0,0.0,0.0,0.0,24
10387,20,13025,0.0,0.0,0.0,0.0,0.0,0.0,24
10388,20,13024,0.0,0.0,0.0,0.0,0.0,0.0,24
10389,20,13023,0.0,0.0,0.0,0.0,0.0,0.0,24
10390,20,13022,0.0,0.0,0.0,0.0,0.0,0.0,24
10391,20,13021,0.0,0.0,0.0,0.0,0.0,0.0,24
10392,20,13020,0.0,0.0,0.0,0.0,0.0,0.0,24
10393,20,13019,0.0,0.0,0.0,0.0,0.0,0.0,24
10394,20,13033,0.0,0.0,0.0,0.0,0.0,0.0,24
10395,20,13017,0.0,0.0,0.0,0.0,0.0,0.0,24
10396,20,13016,0.0,0.0,0.0,0.0,0.0,0.0,24
10397,20,13015,0.0,0.0,0.0,0.0,0.0,0.0,24
10398,20,13014,0.0,0.0,0.0,0.0,0.0,0.0,24
10399,20,13013,0.0,0.0,0.0,0.0,0.0,0.0,24
10400,20,13011,0.0,0.0,0.0,0.0,0.0,0.0,24
10401,20,13010,0.0,0.0,0.0,0.0,0.0,0.0,24
10402,20,13009,0.0,0.0,0.0,0.0,0.0,0.0,24
10403,20,13008,0.0,0.0,0.0,0.0,0.0,0.0,24
10404,20,13007,0.0,0.0,0.0,0.0,0.0,0.0,24
10405,20,13006,0.0,0.0,0.0,0.0,0.0,0.0,24
10406,20,13004,0.0,0.0,0.0,0.0,0.0,0.0,24
10407,20,13003,0.0,0.0,0.0,0.0,0.0,0.0,24
10408,20,13049,0.0,0.0,0.0,0.0,0.0,0.0,24
10409,20,13063,0.0,0.0,0.0,0.0,0.0,0.0,24
10410,20,13062,0.0,0.0,0.0,0.0,0.0,0.0,24
10411,20,13061,0.0,0.0,0.0,0.0,0.0,0.0,24
10412,20,13059,0.0,0.0,0.0,0.0,0.0,0.0,24
10413,20,13058,0.0,0.0,0.0,0.0,0.0,0.0,24
10414,20,13057,0.0,0.0,0.0,0.0,0.0,0.0,24
10415,20,13056,0.0,0.0,0.0,0.0,0.0,0.0,24
10416,20,13055,0.0,0.0,0.0,0.0,0.0,0.0,24
10417,20,13054,0.0,0.0,0.0,0.0,0.0,0.0,24
10418,20,13053,0.0,0.0,0.0,0.0,0.0,0.0,24
10419,20,13052,0.0,0.0,0.0,0.0,0.0,0.0,24
10420,20,13051,0.0,0.0,0.0,0.0,0.0,0.0,24
10421,20,13050,0.0,0.0,0.0,0.0,0.0,0.0,24
10422,20,14374,0.0,0.0,0.0,0.0,0.0,0.0,24
10423,20,13048,0.0,0.0,0.0,0.0,0.0,0.0,24
10424,20,13047,0.0,0.0,0.0,0.0,0.0,0.0,24
10425,20,13046,0.0,0.0,0.0,0.0,0.0,0.0,24
10426,20,13045,0.0,0.0,0.0,0.0,0.0,0.0,24
10427,20,13044,0.0,0.0,0.0,0.0,0.0,0.0,24
10428,20,13042,0.0,0.0,0.0,0.0,0.0,0.0,24
10429,20,13041,0.0,0.0,0.0,0.0,0.0,0.0,24
10430,20,13040,0.0,0.0,0.0,0.0,0.0,0.0,24
10431,20,13039,0.0,0.0,0.0,0.0,0.0,0.0,24
10432,20,13038,0.0,0.0,0.0,0.0,0.0,0.0,24
10433,20,13037,0.0,0.0,0.0,0.0,0.0,0.0,24
10434,20,13036,0.0,0.0,0.0,0.0,0.0,0.0,24
10435,20,13035,0.0,0.0,0.0,0.0,0.0,0.0,24
10436,20,15706,0.0,0.0,0.0,0.0,0.0,0.0,24
10437,20,15723,0.0,0.0,0.0,0.0,0.0,0.0,24
10438,20,15722,0.0,0.0,0.0,0.0,0.0,0.0,24
10439,20,15721,0.0,0.0,0.0,0.0,0.0,0.0,24
10440,20,15720,0.0,0.0,0.0,0.0,0.0,0.0,24
10441,20,15719,0.0,0.0,0.0,0.0,0.0,0.0,24
10442,20,15718,0.0,0.0,0.0,0.0,0.0,0.0,24
10443,20,15717,0.0,0.0,0.0,0.0,0.0,0.0,24
10444,20,15716,0.0,0.0,0.0,0.0,0.0,0.0,24
10445,20,15714,0.0,0.0,0.0,0.0,0.0,0.0,24
10446,20,15713,0.0,0.0,0.0,0.0,0.0,0.0,24
10447,20,15712,0.0,0.0,0.0,0.0,0.0,0.0,24
10448,20,15711,0.0,0.0,0.0,0.0,0.0,0.0,24
10449,20,15710,0.0,0.0,0.0,0.0,0.0,0.0,24
10450,20,15708,0.0,0.0,0.0,0.0,0.0,0.0,24
10451,20,15724,0.0,0.0,0.0,0.0,0.0,0.0,24
10452,20,15705,0.0,0.0,0.0,0.0,0.0,0.0,24
10453,20,15704,0.0,0.0,0.0,0.0,0.0,0.0,24
10454,20,15703,0.0,0.0,0.0,0.0,0.0,0.0,24
10455,20,15702,0.0,0.0,0.0,0.0,0.0,0.0,24
10456,20,15701,0.0,0.0,0.0,0.0,0.0,0.0,24
10457,20,15700,0.0,0.0,0.0,0.0,0.0,0.0,24
10458,20,15699,0.0,0.0,0.0,0.0,0.0,0.0,24
10459,20,15698,0.0,0.0,0.0,0.0,0.0,0.0,24
10460,20,15696,0.0,0.0,0.0,0.0,0.0,0.0,24
10461,20,15695,0.0,0.0,0.0,0.0,0.0,0.0,24
10462,20,15694,0.0,0.0,0.0,0.0,0.0,0.0,24
10463,20,15693,0.0,0.0,0.0,0.0,0.0,0.0,24
10464,20,15692,0.0,0.0,0.0,0.0,0.0,0.0,24
10465,20,15742,0.0,0.0,0.0,0.0,0.0,0.0,24
10466,20,15757,0.0,0.0,0.0,0.0,0.0,0.0,24
10467,20,15756,0.0,0.0,0.0,0.0,0.0,0.0,24
10468,20,15755,0.0,0.0,0.0,0.0,0.0,0.0,24
10469,20,15754,0.0,0.0,0.0,0.0,0.0,0.0,24
10470,20,15753,0.0,0.0,0.0,0.0,0.0,0.0,24
10471,20,15752,0.0,0.0,0.0,0.0,0.0,0.0,24
10472,20,15750,0.0,0.0,0.0,0.0,0.0,0.0,24
10473,20,15749,0.0,0.0,0.0,0.0,0.0,0.0,24
10474,20,15748,0.0,0.0,0.0,0.0,0.0,0.0,24
10475,20,15747,0.0,0.0,0.0,0.0,0.0,0.0,24
10476,20,15746,0.0,0.0,0.0,0.0,0.0,0.0,24
10477,20,15745,0.0,0.0,0.0,0.0,0.0,0.0,24
10478,20,15744,0.0,0.0,0.0,0.0,0.0,0.0,24
10479,20,15743,0.0,0.0,0.0,0.0,0.0,0.0,24
10480,20,15691,0.0,0.0,0.0,0.0,0.0,0.0,24
10481,20,15741,0.0,0.0,0.0,0.0,0.0,0.0,24
10482,20,15740,0.0,0.0,0.0,0.0,0.0,0.0,24
10483,20,15739,0.0,0.0,0.0,0.0,0.0,0.0,24
10484,20,15738,0.0,0.0,0.0,0.0,0.0,0.0,24
10485,20,15737,0.0,0.0,0.0,0.0,0.0,0.0,24
10486,20,15736,0.0,0.0,0.0,0.0,0.0,0.0,24
10487,20,15735,0.0,0.0,0.0,0.0,0.0,0.0,24
10488,20,15734,0.0,0.0,0.0,0.0,0.0,0.0,24
10489,20,15733,0.0,0.0,0.0,0.0,0.0,0.0,24
10490,20,15728,0.0,0.0,0.0,0.0,0.0,0.0,24
10491,20,15727,0.0,0.0,0.0,0.0,0.0,0.0,24
10492,20,15726,0.0,0.0,0.0,0.0,0.0,0.0,24
10493,20,15725,0.0,0.0,0.0,0.0,0.0,0.0,24
10494,20,15645,0.0,0.0,0.0,0.0,0.0,0.0,24
10495,20,15659,0.0,0.0,0.0,0.0,0.0,0.0,24
10496,20,15658,0.0,0.0,0.0,0.0,0.0,0.0,24
10497,20,15657,0.0,0.0,0.0,0.0,0.0,0.0,24
10498,20,15656,0.0,0.0,0.0,0.0,0.0,0.0,24
10499,20,15655,0.0,0.0,0.0,0.0,0.0,0.0,24
10500,20,15654,0.0,0.0,0.0,0.0,0.0,0.0,24
10501,20,15653,0.0,0.0,0.0,0.0,0.0,0.0,24
10502,20,15652,0.0,0.0,0.0,0.0,0.0,0.0,24
10503,20,15651,0.0,0.0,0.0,0.0,0.0,0.0,24
10504,20,15650,0.0,0.0,0.0,0.0,0.0,0.0,24
10505,20,15649,0.0,0.0,0.0,0.0,0.0,0.0,24
10506,20,15648,0.0,0.0,0.0,0.0,0.0,0.0,24
10507,20,15647,0.0,0.0,0.0,0.0,0.0,0.0,24
10508,20,15646,0.0,0.0,0.0,0.0,0.0,0.0,24
10509,20,15660,0.0,0.0,0.0,0.0,0.0,0.0,24
10510,20,15643,0.0,0.0,0.0,0.0,0.0,0.0,24
10511,20,15642,0.0,0.0,0.0,0.0,0.0,0.0,24
10512,20,15641,0.0,0.0,0.0,0.0,0.0,0.0,24
10513,20,15640,0.0,0.0,0.0,0.0,0.0,0.0,24
10514,20,15639,0.0,0.0,0.0,0.0,0.0,0.0,24
10515,20,15638,0.0,0.0,0.0,0.0,0.0,0.0,24
10516,20,15636,0.0,0.0,0.0,0.0,0.0,0.0,24
10517,20,15635,0.0,0.0,0.0,0.0,0.0,0.0,24
10518,20,15634,0.0,0.0,0.0,0.0,0.0,0.0,24
10519,20,15632,0.0,0.0,0.0,0.0,0.0,0.0,24
10520,20,15631,0.0,0.0,0.0,0.0,0.0,0.0,24
10521,20,15629,0.0,0.0,0.0,0.0,0.0,0.0,24
10522,20,15627,0.0,0.0,0.0,0.0,0.0,0.0,24
10523,20,15675,0.0,0.0,0.0,0.0,0.0,0.0,24
10524,20,15690,0.0,0.0,0.0,0.0,0.0,0.0,24
10525,20,15689,0.0,0.0,0.0,0.0,0.0,0.0,24
10526,20,15688,0.0,0.0,0.0,0.0,0.0,0.0,24
10527,20,15687,0.0,0.0,0.0,0.0,0.0,0.0,24
10528,20,15686,0.0,0.0,0.0,0.0,0.0,0.0,24
10529,20,15685,0.0,0.0,0.0,0.0,0.0,0.0,24
10530,20,15684,0.0,0.0,0.0,0.0,0.0,0.0,24
10531,20,15683,0.0,0.0,0.0,0.0,0.0,0.0,24
10532,20,15682,0.0,0.0,0.0,0.0,0.0,0.0,24
10533,20,15681,0.0,0.0,0.0,0.0,0.0,0.0,24
10534,20,15679,0.0,0.0,0.0,0.0,0.0,0.0,24
10535,20,15678,0.0,0.0,0.0,0.0,0.0,0.0,24
10536,20,15677,0.0,0.0,0.0,0.0,0.0,0.0,24
10537,20,15676,0.0,0.0,0.0,0.0,0.0,0.0,24
10538,20,15758,0.0,0.0,0.0,0.0,0.0,0.0,24
10539,20,15674,0.0,0.0,0.0,0.0,0.0,0.0,24
10540,20,15673,0.0,0.0,0.0,0.0,0.0,0.0,24
10541,20,15672,0.0,0.0,0.0,0.0,0.0,0.0,24
10542,20,15671,0.0,0.0,0.0,0.0,0.0,0.0,24
10543,20,15670,0.0,0.0,0.0,0.0,0.0,0.0,24
10544,20,15669,0.0,0.0,0.0,0.0,0.0,0.0,24
10545,20,15668,0.0,0.0,0.0,0.0,0.0,0.0,24
10546,20,15667,0.0,0.0,0.0,0.0,0.0,0.0,24
10547,20,15666,0.0,0.0,0.0,0.0,0.0,0.0,24
10548,20,15665,0.0,0.0,0.0,0.0,0.0,0.0,24
10549,20,15664,0.0,0.0,0.0,0.0,0.0,0.0,24
10550,20,15662,0.0,0.0,0.0,0.0,0.0,0.0,24
10551,20,15661,0.0,0.0,0.0,0.0,0.0,0.0,24
10552,20,15837,0.0,0.0,0.0,0.0,0.0,0.0,24
10553,20,15853,0.0,0.0,0.0,0.0,0.0,0.0,24
10554,20,15852,0.0,0.0,0.0,0.0,0.0,0.0,24
10555,20,15851,0.0,0.0,0.0,0.0,0.0,0.0,24
10556,20,15850,0.0,0.0,0.0,0.0,0.0,0.0,24
10557,20,15848,0.0,0.0,0.0,0.0,0.0,0.0,24
10558,20,15847,0.0,0.0,0.0,0.0,0.0,0.0,24
10559,20,15846,0.0,0.0,0.0,0.0,0.0,0.0,24
10560,20,15845,0.0,0.0,0.0,0.0,0.0,0.0,24
10561,20,15844,0.0,0.0,0.0,0.0,0.0,0.0,24
10562,20,15843,0.0,0.0,0.0,0.0,0.0,0.0,24
10563,20,15842,0.0,0.0,0.0,0.0,0.0,0.0,24
10564,20,15841,0.0,0.0,0.0,0.0,0.0,0.0,24
10565,20,15840,0.0,0.0,0.0,0.0,0.0,0.0,24
10566,20,15839,0.0,0.0,0.0,0.0,0.0,0.0,24
10567,20,15854,0.0,0.0,0.0,0.0,0.0,0.0,24
10568,20,15836,0.0,0.0,0.0,0.0,0.0,0.0,24
10569,20,15835,0.0,0.0,0.0,0.0,0.0,0.0,24
10570,20,15834,0.0,0.0,0.0,0.0,0.0,0.0,24
10571,20,15833,0.0,0.0,0.0,0.0,0.0,0.0,24
10572,20,15831,0.0,0.0,0.0,0.0,0.0,0.0,24
10573,20,15830,0.0,0.0,0.0,0.0,0.0,0.0,24
10574,20,15827,0.0,0.0,0.0,0.0,0.0,0.0,24
10575,20,15826,0.0,0.0,0.0,0.0,0.0,0.0,24
10576,20,15825,0.0,0.0,0.0,0.0,0.0,0.0,24
10577,20,15824,0.0,0.0,0.0,0.0,0.0,0.0,24
10578,20,15823,0.0,0.0,0.0,0.0,0.0,0.0,24
10579,20,15822,0.0,0.0,0.0,0.0,0.0,0.0,24
10580,20,15820,0.0,0.0,0.0,0.0,0.0,0.0,24
10581,20,15868,0.0,0.0,0.0,0.0,0.0,0.0,24
10582,20,15883,0.0,0.0,0.0,0.0,0.0,0.0,24
10583,20,15882,0.0,0.0,0.0,0.0,0.0,0.0,24
10584,20,15881,0.0,0.0,0.0,0.0,0.0,0.0,24
10585,20,15880,0.0,0.0,0.0,0.0,0.0,0.0,24
10586,20,15879,0.0,0.0,0.0,0.0,0.0,0.0,24
10587,20,15878,0.0,0.0,0.0,0.0,0.0,0.0,24
10588,20,15876,0.0,0.0,0.0,0.0,0.0,0.0,24
10589,20,15875,0.0,0.0,0.0,0.0,0.0,0.0,24
10590,20,15874,0.0,0.0,0.0,0.0,0.0,0.0,24
10591,20,15873,0.0,0.0,0.0,0.0,0.0,0.0,24
10592,20,15872,0.0,0.0,0.0,0.0,0.0,0.0,24
10593,20,15871,0.0,0.0,0.0,0.0,0.0,0.0,24
10594,20,15870,0.0,0.0,0.0,0.0,0.0,0.0,24
10595,20,15869,0.0,0.0,0.0,0.0,0.0,0.0,24
10596,20,15819,0.0,0.0,0.0,0.0,0.0,0.0,24
10597,20,15867,0.0,0.0,0.0,0.0,0.0,0.0,24
10598,20,15866,0.0,0.0,0.0,0.0,0.0,0.0,24
10599,20,15865,0.0,0.0,0.0,0.0,0.0,0.0,24
10600,20,15864,0.0,0.0,0.0,0.0,0.0,0.0,24
10601,20,15863,0.0,0.0,0.0,0.0,0.0,0.0,24
10602,20,15862,0.0,0.0,0.0,0.0,0.0,0.0,24
10603,20,15861,0.0,0.0,0.0,0.0,0.0,0.0,24
10604,20,15860,0.0,0.0,0.0,0.0,0.0,0.0,24
10605,20,15859,0.0,0.0,0.0,0.0,0.0,0.0,24
10606,20,15858,0.0,0.0,0.0,0.0,0.0,0.0,24
10607,20,15857,0.0,0.0,0.0,0.0,0.0,0.0,24
10608,20,15856,0.0,0.0,0.0,0.0,0.0,0.0,24
10609,20,15855,0.0,0.0,0.0,0.0,0.0,0.0,24
10610,20,15772,0.0,0.0,0.0,0.0,0.0,0.0,24
10611,20,15787,0.0,0.0,0.0,0.0,0.0,0.0,24
10612,20,15786,0.0,0.0,0.0,0.0,0.0,0.0,24
10613,20,15785,0.0,0.0,0.0,0.0,0.0,0.0,24
10614,20,15784,0.0,0.0,0.0,0.0,0.0,0.0,24
10615,20,15783,0.0,0.0,0.0,0.0,0.0,0.0,24
10616,20,15782,0.0,0.0,0.0,0.0,0.0,0.0,24
10617,20,15781,0.0,0.0,0.0,0.0,0.0,0.0,24
10618,20,15780,0.0,0.0,0.0,0.0,0.0,0.0,24
10619,20,15779,0.0,0.0,0.0,0.0,0.0,0.0,24
10620,20,15778,0.0,0.0,0.0,0.0,0.0,0.0,24
10621,20,15777,0.0,0.0,0.0,0.0,0.0,0.0,24
10622,20,15776,0.0,0.0,0.0,0.0,0.0,0.0,24
10623,20,15775,0.0,0.0,0.0,0.0,0.0,0.0,24
10624,20,15774,0.0,0.0,0.0,0.0,0.0,0.0,24
10625,20,15788,0.0,0.0,0.0,0.0,0.0,0.0,24
10626,20,15771,0.0,0.0,0.0,0.0,0.0,0.0,24
10627,20,15770,0.0,0.0,0.0,0.0,0.0,0.0,24
10628,20,15769,0.0,0.0,0.0,0.0,0.0,0.0,24
10629,20,15768,0.0,0.0,0.0,0.0,0.0,0.0,24
10630,20,15767,0.0,0.0,0.0,0.0,0.0,0.0,24
10631,20,15766,0.0,0.0,0.0,0.0,0.0,0.0,24
10632,20,15765,0.0,0.0,0.0,0.0,0.0,0.0,24
10633,20,15764,0.0,0.0,0.0,0.0,0.0,0.0,24
10634,20,15763,0.0,0.0,0.0,0.0,0.0,0.0,24
10635,20,15762,0.0,0.0,0.0,0.0,0.0,0.0,24
10636,20,15761,0.0,0.0,0.0,0.0,0.0,0.0,24
10637,20,15760,0.0,0.0,0.0,0.0,0.0,0.0,24
10638,20,15759,0.0,0.0,0.0,0.0,0.0,0.0,24
10639,20,15803,0.0,0.0,0.0,0.0,0.0,0.0,24
10640,20,15818,0.0,0.0,0.0,0.0,0.0,0.0,24
10641,20,15817,0.0,0.0,0.0,0.0,0.0,0.0,24
10642,20,15816,0.0,0.0,0.0,0.0,0.0,0.0,24
10643,20,15815,0.0,0.0,0.0,0.0,0.0,0.0,24
10644,20,15814,0.0,0.0,0.0,0.0,0.0,0.0,24
10645,20,15813,0.0,0.0,0.0,0.0,0.0,0.0,24
10646,20,15812,0.0,0.0,0.0,0.0,0.0,0.0,24
10647,20,15811,0.0,0.0,0.0,0.0,0.0,0.0,24
10648,20,15809,0.0,0.0,0.0,0.0,0.0,0.0,24
10649,20,15808,0.0,0.0,0.0,0.0,0.0,0.0,24
10650,20,15807,0.0,0.0,0.0,0.0,0.0,0.0,24
10651,20,15806,0.0,0.0,0.0,0.0,0.0,0.0,24
10652,20,15805,0.0,0.0,0.0,0.0,0.0,0.0,24
10653,20,15804,0.0,0.0,0.0,0.0,0.0,0.0,24
10654,20,15626,0.0,0.0,0.0,0.0,0.0,0.0,24
10655,20,15802,0.0,0.0,0.0,0.0,0.0,0.0,24
10656,20,15801,0.0,0.0,0.0,0.0,0.0,0.0,24
10657,20,15800,0.0,0.0,0.0,0.0,0.0,0.0,24
10658,20,15799,0.0,0.0,0.0,0.0,0.0,0.0,24
10659,20,15798,0.0,0.0,0.0,0.0,0.0,0.0,24
10660,20,15797,0.0,0.0,0.0,0.0,0.0,0.0,24
10661,20,15796,0.0,0.0,0.0,0.0,0.0,0.0,24
10662,20,15795,0.0,0.0,0.0,0.0,0.0,0.0,24
10663,20,15794,0.0,0.0,0.0,0.0,0.0,0.0,24
10664,20,15793,0.0,0.0,0.0,0.0,0.0,0.0,24
10665,20,15792,0.0,0.0,0.0,0.0,0.0,0.0,24
10666,20,15791,0.0,0.0,0.0,0.0,0.0,0.0,24
10667,20,15789,0.0,0.0,0.0,0.0,0.0,0.0,24
10668,20,15455,0.0,0.0,0.0,0.0,0.0,0.0,24
10669,20,15471,0.0,0.0,0.0,0.0,0.0,0.0,24
10670,20,15470,0.0,0.0,0.0,0.0,0.0,0.0,24
10671,20,15469,0.0,0.0,0.0,0.0,0.0,0.0,24
10672,20,15468,0.0,0.0,0.0,0.0,0.0,0.0,24
10673,20,15467,0.0,0.0,0.0,0.0,0.0,0.0,24
10674,20,15466,0.0,0.0,0.0,0.0,0.0,0.0,24
10675,20,15464,0.0,0.0,0.0,0.0,0.0,0.0,24
10676,20,15463,0.0,0.0,0.0,0.0,0.0,0.0,24
10677,20,15461,0.0,0.0,0.0,0.0,0.0,0.0,24
10678,20,15460,0.0,0.0,0.0,0.0,0.0,0.0,24
10679,20,15459,0.0,0.0,0.0,0.0,0.0,0.0,24
10680,20,15458,0.0,0.0,0.0,0.0,0.0,0.0,24
10681,20,15457,0.0,0.0,0.0,0.0,0.0,0.0,24
10682,20,15456,0.0,0.0,0.0,0.0,0.0,0.0,24
10683,20,15472,0.0,0.0,0.0,0.0,0.0,0.0,24
10684,20,15454,0.0,0.0,0.0,0.0,0.0,0.0,24
10685,20,15453,0.0,0.0,0.0,0.0,0.0,0.0,24
10686,20,15452,0.0,0.0,0.0,0.0,0.0,0.0,24
10687,20,15451,0.0,0.0,0.0,0.0,0.0,0.0,24
10688,20,15448,0.0,0.0,0.0,0.0,0.0,0.0,24
10689,20,15447,0.0,0.0,0.0,0.0,0.0,0.0,24
10690,20,15446,0.0,0.0,0.0,0.0,0.0,0.0,24
10691,20,15445,0.0,0.0,0.0,0.0,0.0,0.0,24
10692,20,15444,0.0,0.0,0.0,0.0,0.0,0.0,24
10693,20,15443,0.0,0.0,0.0,0.0,0.0,0.0,24
10694,20,15442,0.0,0.0,0.0,0.0,0.0,0.0,24
10695,20,15441,0.0,0.0,0.0,0.0,0.0,0.0,24
10696,20,15440,0.0,0.0,0.0,0.0,0.0,0.0,24
10697,20,15487,0.0,0.0,0.0,0.0,0.0,0.0,24
10698,20,15501,0.0,0.0,0.0,0.0,0.0,0.0,24
10699,20,15500,0.0,0.0,0.0,0.0,0.0,0.0,24
10700,20,15499,0.0,0.0,0.0,0.0,0.0,0.0,24
10701,20,15498,0.0,0.0,0.0,0.0,0.0,0.0,24
10702,20,15497,0.0,0.0,0.0,0.0,0.0,0.0,24
10703,20,15496,0.0,0.0,0.0,0.0,0.0,0.0,24
10704,20,15495,0.0,0.0,0.0,0.0,0.0,0.0,24
10705,20,15494,0.0,0.0,0.0,0.0,0.0,0.0,24
10706,20,15493,0.0,0.0,0.0,0.0,0.0,0.0,24
10707,20,15492,0.0,0.0,0.0,0.0,0.0,0.0,24
10708,20,15491,0.0,0.0,0.0,0.0,0.0,0.0,24
10709,20,15490,0.0,0.0,0.0,0.0,0.0,0.0,24
10710,20,15489,0.0,0.0,0.0,0.0,0.0,0.0,24
10711,20,15488,0.0,0.0,0.0,0.0,0.0,0.0,24
10712,20,15439,0.0,0.0,0.0,0.0,0.0,0.0,24
10713,20,15486,0.0,0.0,0.0,0.0,0.0,0.0,24
10714,20,15485,0.0,0.0,0.0,0.0,0.0,0.0,24
10715,20,15484,0.0,0.0,0.0,0.0,0.0,0.0,24
10716,20,15483,0.0,0.0,0.0,0.0,0.0,0.0,24
10717,20,15482,0.0,0.0,0.0,0.0,0.0,0.0,24
10718,20,15481,0.0,0.0,0.0,0.0,0.0,0.0,24
10719,20,15480,0.0,0.0,0.0,0.0,0.0,0.0,24
10720,20,15478,0.0,0.0,0.0,0.0,0.0,0.0,24
10721,20,15477,0.0,0.0,0.0,0.0,0.0,0.0,24
10722,20,15476,0.0,0.0,0.0,0.0,0.0,0.0,24
10723,20,15475,0.0,0.0,0.0,0.0,0.0,0.0,24
10724,20,15474,0.0,0.0,0.0,0.0,0.0,0.0,24
10725,20,15473,0.0,0.0,0.0,0.0,0.0,0.0,24
10726,20,15392,0.0,0.0,0.0,0.0,0.0,0.0,24
10727,20,15406,0.0,0.0,0.0,0.0,0.0,0.0,24
10728,20,15405,0.0,0.0,0.0,0.0,0.0,0.0,24
10729,20,15404,0.0,0.0,0.0,0.0,0.0,0.0,24
10730,20,15403,0.0,0.0,0.0,0.0,0.0,0.0,24
10731,20,15402,0.0,0.0,0.0,0.0,0.0,0.0,24
10732,20,15401,0.0,0.0,0.0,0.0,0.0,0.0,24
10733,20,15400,0.0,0.0,0.0,0.0,0.0,0.0,24
10734,20,15399,0.0,0.0,0.0,0.0,0.0,0.0,24
10735,20,15398,0.0,0.0,0.0,0.0,0.0,0.0,24
10736,20,15397,0.0,0.0,0.0,0.0,0.0,0.0,24
10737,20,15396,0.0,0.0,0.0,0.0,0.0,0.0,24
10738,20,15395,0.0,0.0,0.0,0.0,0.0,0.0,24
10739,20,15394,0.0,0.0,0.0,0.0,0.0,0.0,24
10740,20,15393,0.0,0.0,0.0,0.0,0.0,0.0,24
10741,20,15409,0.0,0.0,0.0,0.0,0.0,0.0,24
10742,20,15391,0.0,0.0,0.0,0.0,0.0,0.0,24
10743,20,15390,0.0,0.0,0.0,0.0,0.0,0.0,24
10744,20,15388,0.0,0.0,0.0,0.0,0.0,0.0,24
10745,20,15387,0.0,0.0,0.0,0.0,0.0,0.0,24
10746,20,15386,0.0,0.0,0.0,0.0,0.0,0.0,24
10747,20,15385,0.0,0.0,0.0,0.0,0.0,0.0,24
10748,20,15384,0.0,0.0,0.0,0.0,0.0,0.0,24
10749,20,15383,0.0,0.0,0.0,0.0,0.0,0.0,24
10750,20,15382,0.0,0.0,0.0,0.0,0.0,0.0,24
10751,20,15381,0.0,0.0,0.0,0.0,0.0,0.0,24
10752,20,15380,0.0,0.0,0.0,0.0,0.0,0.0,24
10753,20,15378,0.0,0.0,0.0,0.0,0.0,0.0,24
10754,20,15377,0.0,0.0,0.0,0.0,0.0,0.0,24
10755,20,15424,0.0,0.0,0.0,0.0,0.0,0.0,24
10756,20,15438,0.0,0.0,0.0,0.0,0.0,0.0,24
10757,20,15437,0.0,0.0,0.0,0.0,0.0,0.0,24
10758,20,15436,0.0,0.0,0.0,0.0,0.0,0.0,24
10759,20,15435,0.0,0.0,0.0,0.0,0.0,0.0,24
10760,20,15434,0.0,0.0,0.0,0.0,0.0,0.0,24
10761,20,15433,0.0,0.0,0.0,0.0,0.0,0.0,24
10762,20,15432,0.0,0.0,0.0,0.0,0.0,0.0,24
10763,20,15431,0.0,0.0,0.0,0.0,0.0,0.0,24
10764,20,15430,0.0,0.0,0.0,0.0,0.0,0.0,24
10765,20,15429,0.0,0.0,0.0,0.0,0.0,0.0,24
10766,20,15428,0.0,0.0,0.0,0.0,0.0,0.0,24
10767,20,15427,0.0,0.0,0.0,0.0,0.0,0.0,24
10768,20,15426,0.0,0.0,0.0,0.0,0.0,0.0,24
10769,20,15425,0.0,0.0,0.0,0.0,0.0,0.0,24
10770,20,15502,0.0,0.0,0.0,0.0,0.0,0.0,24
10771,20,15423,0.0,0.0,0.0,0.0,0.0,0.0,24
10772,20,15422,0.0,0.0,0.0,0.0,0.0,0.0,24
10773,20,15421,0.0,0.0,0.0,0.0,0.0,0.0,24
10774,20,15420,0.0,0.0,0.0,0.0,0.0,0.0,24
10775,20,15419,0.0,0.0,0.0,0.0,0.0,0.0,24
10776,20,15418,0.0,0.0,0.0,0.0,0.0,0.0,24
10777,20,15417,0.0,0.0,0.0,0.0,0.0,0.0,24
10778,20,15416,0.0,0.0,0.0,0.0,0.0,0.0,24
10779,20,15415,0.0,0.0,0.0,0.0,0.0,0.0,24
10780,20,15414,0.0,0.0,0.0,0.0,0.0,0.0,24
10781,20,15413,0.0,0.0,0.0,0.0,0.0,0.0,24
10782,20,15412,0.0,0.0,0.0,0.0,0.0,0.0,24
10783,20,15410,0.0,0.0,0.0,0.0,0.0,0.0,24
10784,20,15580,0.0,0.0,0.0,0.0,0.0,0.0,24
10785,20,15595,0.0,0.0,0.0,0.0,0.0,0.0,24
10786,20,15594,0.0,0.0,0.0,0.0,0.0,0.0,24
10787,20,15593,0.0,0.0,0.0,0.0,0.0,0.0,24
10788,20,15592,0.0,0.0,0.0,0.0,0.0,0.0,24
10789,20,15591,0.0,0.0,0.0,0.0,0.0,0.0,24
10790,20,15590,0.0,0.0,0.0,0.0,0.0,0.0,24
10791,20,15589,0.0,0.0,0.0,0.0,0.0,0.0,24
10792,20,15587,0.0,0.0,0.0,0.0,0.0,0.0,24
10793,20,15586,0.0,0.0,0.0,0.0,0.0,0.0,24
10794,20,15585,0.0,0.0,0.0,0.0,0.0,0.0,24
10795,20,15584,0.0,0.0,0.0,0.0,0.0,0.0,24
10796,20,15583,0.0,0.0,0.0,0.0,0.0,0.0,24
10797,20,15582,0.0,0.0,0.0,0.0,0.0,0.0,24
10798,20,15581,0.0,0.0,0.0,0.0,0.0,0.0,24
10799,20,15596,0.0,0.0,0.0,0.0,0.0,0.0,24
10800,20,15579,0.0,0.0,0.0,0.0,0.0,0.0,24
10801,20,15578,0.0,0.0,0.0,0.0,0.0,0.0,24
10802,20,15577,0.0,0.0,0.0,0.0,0.0,0.0,24
10803,20,15576,0.0,0.0,0.0,0.0,0.0,0.0,24
10804,20,15575,0.0,0.0,0.0,0.0,0.0,0.0,24
10805,20,15574,0.0,0.0,0.0,0.0,0.0,0.0,24
10806,20,15573,0.0,0.0,0.0,0.0,0.0,0.0,24
10807,20,15572,0.0,0.0,0.0,0.0,0.0,0.0,24
10808,20,15571,0.0,0.0,0.0,0.0,0.0,0.0,24
10809,20,15570,0.0,0.0,0.0,0.0,0.0,0.0,24
10810,20,15569,0.0,0.0,0.0,0.0,0.0,0.0,24
10811,20,15568,0.0,0.0,0.0,0.0,0.0,0.0,24
10812,20,15567,0.0,0.0,0.0,0.0,0.0,0.0,24
10813,20,15610,0.0,0.0,0.0,0.0,0.0,0.0,24
10814,20,15625,0.0,0.0,0.0,0.0,0.0,0.0,24
10815,20,15624,0.0,0.0,0.0,0.0,0.0,0.0,24
10816,20,15623,0.0,0.0,0.0,0.0,0.0,0.0,24
10817,20,15621,0.0,0.0,0.0,0.0,0.0,0.0,24
10818,20,15620,0.0,0.0,0.0,0.0,0.0,0.0,24
10819,20,15619,0.0,0.0,0.0,0.0,0.0,0.0,24
10820,20,15618,0.0,0.0,0.0,0.0,0.0,0.0,24
10821,20,15617,0.0,0.0,0.0,0.0,0.0,0.0,24
10822,20,15616,0.0,0.0,0.0,0.0,0.0,0.0,24
10823,20,15615,0.0,0.0,0.0,0.0,0.0,0.0,24
10824,20,15614,0.0,0.0,0.0,0.0,0.0,0.0,24
10825,20,15613,0.0,0.0,0.0,0.0,0.0,0.0,24
10826,20,15612,0.0,0.0,0.0,0.0,0.0,0.0,24
10827,20,15611,0.0,0.0,0.0,0.0,0.0,0.0,24
10828,20,15565,0.0,0.0,0.0,0.0,0.0,0.0,24
10829,20,15609,0.0,0.0,0.0,0.0,0.0,0.0,24
10830,20,15608,0.0,0.0,0.0,0.0,0.0,0.0,24
10831,20,15607,0.0,0.0,0.0,0.0,0.0,0.0,24
10832,20,15606,0.0,0.0,0.0,0.0,0.0,0.0,24
10833,20,15605,0.0,0.0,0.0,0.0,0.0,0.0,24
10834,20,15604,0.0,0.0,0.0,0.0,0.0,0.0,24
10835,20,15603,0.0,0.0,0.0,0.0,0.0,0.0,24
10836,20,15602,0.0,0.0,0.0,0.0,0.0,0.0,24
10837,20,15601,0.0,0.0,0.0,0.0,0.0,0.0,24
10838,20,15600,0.0,0.0,0.0,0.0,0.0,0.0,24
10839,20,15599,0.0,0.0,0.0,0.0,0.0,0.0,24
10840,20,15598,0.0,0.0,0.0,0.0,0.0,0.0,24
10841,20,15597,0.0,0.0,0.0,0.0,0.0,0.0,24
10842,20,15517,0.0,0.0,0.0,0.0,0.0,0.0,24
10843,20,15532,0.0,0.0,0.0,0.0,0.0,0.0,24
10844,20,15531,0.0,0.0,0.0,0.0,0.0,0.0,24
10845,20,15530,0.0,0.0,0.0,0.0,0.0,0.0,24
10846,20,15529,0.0,0.0,0.0,0.0,0.0,0.0,24
10847,20,15528,0.0,0.0,0.0,0.0,0.0,0.0,24
10848,20,15527,0.0,0.0,0.0,0.0,0.0,0.0,24
10849,20,15526,0.0,0.0,0.0,0.0,0.0,0.0,24
10850,20,15525,0.0,0.0,0.0,0.0,0.0,0.0,24
10851,20,15524,0.0,0.0,0.0,0.0,0.0,0.0,24
10852,20,15523,0.0,0.0,0.0,0.0,0.0,0.0,24
10853,20,15522,0.0,0.0,0.0,0.0,0.0,0.0,24
10854,20,15521,0.0,0.0,0.0,0.0,0.0,0.0,24
10855,20,15519,0.0,0.0,0.0,0.0,0.0,0.0,24
10856,20,15518,0.0,0.0,0.0,0.0,0.0,0.0,24
10857,20,15533,0.0,0.0,0.0,0.0,0.0,0.0,24
10858,20,15515,0.0,0.0,0.0,0.0,0.0,0.0,24
10859,20,15514,0.0,0.0,0.0,0.0,0.0,0.0,24
10860,20,15513,0.0,0.0,0.0,0.0,0.0,0.0,24
10861,20,15512,0.0,0.0,0.0,0.0,0.0,0.0,24
10862,20,15511,0.0,0.0,0.0,0.0,0.0,0.0,24
10863,20,15510,0.0,0.0,0.0,0.0,0.0,0.0,24
10864,20,15509,0.0,0.0,0.0,0.0,0.0,0.0,24
10865,20,15508,0.0,0.0,0.0,0.0,0.0,0.0,24
10866,20,15507,0.0,0.0,0.0,0.0,0.0,0.0,24
10867,20,15506,0.0,0.0,0.0,0.0,0.0,0.0,24
10868,20,15505,0.0,0.0,0.0,0.0,0.0,0.0,24
10869,20,15504,0.0,0.0,0.0,0.0,0.0,0.0,24
10870,20,15503,0.0,0.0,0.0,0.0,0.0,0.0,24
10871,20,15549,0.0,0.0,0.0,0.0,0.0,0.0,24
10872,20,15564,0.0,0.0,0.0,0.0,0.0,0.0,24
10873,20,15563,0.0,0.0,0.0,0.0,0.0,0.0,24
10874,20,15561,0.0,0.0,0.0,0.0,0.0,0.0,24
10875,20,15560,0.0,0.0,0.0,0.0,0.0,0.0,24
10876,20,15559,0.0,0.0,0.0,0.0,0.0,0.0,24
10877,20,15558,0.0,0.0,0.0,0.0,0.0,0.0,24
10878,20,15557,0.0,0.0,0.0,0.0,0.0,0.0,24
10879,20,15556,0.0,0.0,0.0,0.0,0.0,0.0,24
10880,20,15555,0.0,0.0,0.0,0.0,0.0,0.0,24
10881,20,15554,0.0,0.0,0.0,0.0,0.0,0.0,24
10882,20,15553,0.0,0.0,0.0,0.0,0.0,0.0,24
10883,20,15552,0.0,0.0,0.0,0.0,0.0,0.0,24
10884,20,15551,0.0,0.0,0.0,0.0,0.0,0.0,24
10885,20,15550,0.0,0.0,0.0,0.0,0.0,0.0,24
10886,20,15884,0.0,0.0,0.0,0.0,0.0,0.0,24
10887,20,15548,0.0,0.0,0.0,0.0,0.0,0.0,24
10888,20,15547,0.0,0.0,0.0,0.0,0.0,0.0,24
10889,20,15546,0.0,0.0,0.0,0.0,0.0,0.0,24
10890,20,15545,0.0,0.0,0.0,0.0,0.0,0.0,24
10891,20,15544,0.0,0.0,0.0,0.0,0.0,0.0,24
10892,20,15543,0.0,0.0,0.0,0.0,0.0,0.0,24
10893,20,15542,0.0,0.0,0.0,0.0,0.0,0.0,24
10894,20,15541,0.0,0.0,0.0,0.0,0.0,0.0,24
10895,20,15540,0.0,0.0,0.0,0.0,0.0,0.0,24
10896,20,15539,0.0,0.0,0.0,0.0,0.0,0.0,24
10897,20,15538,0.0,0.0,0.0,0.0,0.0,0.0,24
10898,20,15537,0.0,0.0,0.0,0.0,0.0,0.0,24
10899,20,15535,0.0,0.0,0.0,0.0,0.0,0.0,24
10900,20,16208,0.0,0.0,0.0,0.0,0.0,0.0,24
10901,20,16223,0.0,0.0,0.0,0.0,0.0,0.0,24
10902,20,16222,0.0,0.0,0.0,0.0,0.0,0.0,24
10903,20,16221,0.0,0.0,0.0,0.0,0.0,0.0,24
10904,20,16220,0.0,0.0,0.0,0.0,0.0,0.0,24
10905,20,16219,0.0,0.0,0.0,0.0,0.0,0.0,24
10906,20,16218,0.0,0.0,0.0,0.0,0.0,0.0,24
10907,20,16217,0.0,0.0,0.0,0.0,0.0,0.0,24
10908,20,16216,0.0,0.0,0.0,0.0,0.0,0.0,24
10909,20,16215,0.0,0.0,0.0,0.0,0.0,0.0,24
10910,20,16213,0.0,0.0,0.0,0.0,0.0,0.0,24
10911,20,16212,0.0,0.0,0.0,0.0,0.0,0.0,24
10912,20,16211,0.0,0.0,0.0,0.0,0.0,0.0,24
10913,20,16210,0.0,0.0,0.0,0.0,0.0,0.0,24
10914,20,16209,0.0,0.0,0.0,0.0,0.0,0.0,24
10915,20,16225,0.0,0.0,0.0,0.0,0.0,0.0,24
10916,20,16207,0.0,0.0,0.0,0.0,0.0,0.0,24
10917,20,16206,0.0,0.0,0.0,0.0,0.0,0.0,24
10918,20,16205,0.0,0.0,0.0,0.0,0.0,0.0,24
10919,20,16204,0.0,0.0,0.0,0.0,0.0,0.0,24
10920,20,16203,0.0,0.0,0.0,0.0,0.0,0.0,24
10921,20,16202,0.0,0.0,0.0,0.0,0.0,0.0,24
10922,20,16201,0.0,0.0,0.0,0.0,0.0,0.0,24
10923,20,16200,0.0,0.0,0.0,0.0,0.0,0.0,24
10924,20,16199,0.0,0.0,0.0,0.0,0.0,0.0,24
10925,20,16198,0.0,0.0,0.0,0.0,0.0,0.0,24
10926,20,16197,0.0,0.0,0.0,0.0,0.0,0.0,24
10927,20,16196,0.0,0.0,0.0,0.0,0.0,0.0,24
10928,20,16195,0.0,0.0,0.0,0.0,0.0,0.0,24
10929,20,16239,0.0,0.0,0.0,0.0,0.0,0.0,24
10930,20,16254,0.0,0.0,0.0,0.0,0.0,0.0,24
10931,20,16253,0.0,0.0,0.0,0.0,0.0,0.0,24
10932,20,16252,0.0,0.0,0.0,0.0,0.0,0.0,24
10933,20,16251,0.0,0.0,0.0,0.0,0.0,0.0,24
10934,20,16250,0.0,0.0,0.0,0.0,0.0,0.0,24
10935,20,16249,0.0,0.0,0.0,0.0,0.0,0.0,24
10936,20,16248,0.0,0.0,0.0,0.0,0.0,0.0,24
10937,20,16247,0.0,0.0,0.0,0.0,0.0,0.0,24
10938,20,16246,0.0,0.0,0.0,0.0,0.0,0.0,24
10939,20,16245,0.0,0.0,0.0,0.0,0.0,0.0,24
10940,20,16243,0.0,0.0,0.0,0.0,0.0,0.0,24
10941,20,16242,0.0,0.0,0.0,0.0,0.0,0.0,24
10942,20,16241,0.0,0.0,0.0,0.0,0.0,0.0,24
10943,20,16240,0.0,0.0,0.0,0.0,0.0,0.0,24
10944,20,16194,0.0,0.0,0.0,0.0,0.0,0.0,24
10945,20,16238,0.0,0.0,0.0,0.0,0.0,0.0,24
10946,20,16237,0.0,0.0,0.0,0.0,0.0,0.0,24
10947,20,16236,0.0,0.0,0.0,0.0,0.0,0.0,24
10948,20,16235,0.0,0.0,0.0,0.0,0.0,0.0,24
10949,20,16234,0.0,0.0,0.0,0.0,0.0,0.0,24
10950,20,16233,0.0,0.0,0.0,0.0,0.0,0.0,24
10951,20,16232,0.0,0.0,0.0,0.0,0.0,0.0,24
10952,20,16231,0.0,0.0,0.0,0.0,0.0,0.0,24
10953,20,16230,0.0,0.0,0.0,0.0,0.0,0.0,24
10954,20,16229,0.0,0.0,0.0,0.0,0.0,0.0,24
10955,20,16228,0.0,0.0,0.0,0.0,0.0,0.0,24
10956,20,16227,0.0,0.0,0.0,0.0,0.0,0.0,24
10957,20,16226,0.0,0.0,0.0,0.0,0.0,0.0,24
10958,20,16147,0.0,0.0,0.0,0.0,0.0,0.0,24
10959,20,16163,0.0,0.0,0.0,0.0,0.0,0.0,24
10960,20,16162,0.0,0.0,0.0,0.0,0.0,0.0,24
10961,20,16161,0.0,0.0,0.0,0.0,0.0,0.0,24
10962,20,16158,0.0,0.0,0.0,0.0,0.0,0.0,24
10963,20,16157,0.0,0.0,0.0,0.0,0.0,0.0,24
10964,20,16156,0.0,0.0,0.0,0.0,0.0,0.0,24
10965,20,16155,0.0,0.0,0.0,0.0,0.0,0.0,24
10966,20,16154,0.0,0.0,0.0,0.0,0.0,0.0,24
10967,20,16153,0.0,0.0,0.0,0.0,0.0,0.0,24
10968,20,16152,0.0,0.0,0.0,0.0,0.0,0.0,24
10969,20,16151,0.0,0.0,0.0,0.0,0.0,0.0,24
10970,20,16150,0.0,0.0,0.0,0.0,0.0,0.0,24
10971,20,16149,0.0,0.0,0.0,0.0,0.0,0.0,24
10972,20,16148,0.0,0.0,0.0,0.0,0.0,0.0,24
10973,20,16164,0.0,0.0,0.0,0.0,0.0,0.0,24
10974,20,16146,0.0,0.0,0.0,0.0,0.0,0.0,24
10975,20,16145,0.0,0.0,0.0,0.0,0.0,0.0,24
10976,20,16144,0.0,0.0,0.0,0.0,0.0,0.0,24
10977,20,16143,0.0,0.0,0.0,0.0,0.0,0.0,24
10978,20,16142,0.0,0.0,0.0,0.0,0.0,0.0,24
10979,20,16141,0.0,0.0,0.0,0.0,0.0,0.0,24
10980,20,16140,0.0,0.0,0.0,0.0,0.0,0.0,24
10981,20,16139,0.0,0.0,0.0,0.0,0.0,0.0,24
10982,20,16138,0.0,0.0,0.0,0.0,0.0,0.0,24
10983,20,16137,0.0,0.0,0.0,0.0,0.0,0.0,24
10984,20,16135,0.0,0.0,0.0,0.0,0.0,0.0,24
10985,20,16134,0.0,0.0,0.0,0.0,0.0,0.0,24
10986,20,16133,0.0,0.0,0.0,0.0,0.0,0.0,24
10987,20,16179,0.0,0.0,0.0,0.0,0.0,0.0,24
10988,20,16193,0.0,0.0,0.0,0.0,0.0,0.0,24
10989,20,16192,0.0,0.0,0.0,0.0,0.0,0.0,24
10990,20,16191,0.0,0.0,0.0,0.0,0.0,0.0,24
10991,20,16190,0.0,0.0,0.0,0.0,0.0,0.0,24
10992,20,16189,0.0,0.0,0.0,0.0,0.0,0.0,24
10993,20,16188,0.0,0.0,0.0,0.0,0.0,0.0,24
10994,20,16187,0.0,0.0,0.0,0.0,0.0,0.0,24
10995,20,16186,0.0,0.0,0.0,0.0,0.0,0.0,24
10996,20,16185,0.0,0.0,0.0,0.0,0.0,0.0,24
10997,20,16184,0.0,0.0,0.0,0.0,0.0,0.0,24
10998,20,16183,0.0,0.0,0.0,0.0,0.0,0.0,24
10999,20,16182,0.0,0.0,0.0,0.0,0.0,0.0,24
11000,20,16181,0.0,0.0,0.0,0.0,0.0,0.0,24
11001,20,16180,0.0,0.0,0.0,0.0,0.0,0.0,24
11002,20,16255,0.0,0.0,0.0,0.0,0.0,0.0,24
11003,20,16178,0.0,0.0,0.0,0.0,0.0,0.0,24
11004,20,16176,0.0,0.0,0.0,0.0,0.0,0.0,24
11005,20,16175,0.0,0.0,0.0,0.0,0.0,0.0,24
11006,20,16174,0.0,0.0,0.0,0.0,0.0,0.0,24
11007,20,16173,0.0,0.0,0.0,0.0,0.0,0.0,24
11008,20,16172,0.0,0.0,0.0,0.0,0.0,0.0,24
11009,20,16171,0.0,0.0,0.0,0.0,0.0,0.0,24
11010,20,16170,0.0,0.0,0.0,0.0,0.0,0.0,24
11011,20,16169,0.0,0.0,0.0,0.0,0.0,0.0,24
11012,20,16168,0.0,0.0,0.0,0.0,0.0,0.0,24
11013,20,16167,0.0,0.0,0.0,0.0,0.0,0.0,24
11014,20,16166,0.0,0.0,0.0,0.0,0.0,0.0,24
11015,20,16165,0.0,0.0,0.0,0.0,0.0,0.0,24
11016,20,16335,0.0,0.0,0.0,0.0,0.0,0.0,24
11017,20,16351,0.0,0.0,0.0,0.0,0.0,0.0,24
11018,20,16350,0.0,0.0,0.0,0.0,0.0,0.0,24
11019,20,16349,0.0,0.0,0.0,0.0,0.0,0.0,24
11020,20,16348,0.0,0.0,0.0,0.0,0.0,0.0,24
11021,20,16346,0.0,0.0,0.0,0.0,0.0,0.0,24
11022,20,16345,0.0,0.0,0.0,0.0,0.0,0.0,24
11023,20,16344,0.0,0.0,0.0,0.0,0.0,0.0,24
11024,20,16343,0.0,0.0,0.0,0.0,0.0,0.0,24
11025,20,16341,0.0,0.0,0.0,0.0,0.0,0.0,24
11026,20,16340,0.0,0.0,0.0,0.0,0.0,0.0,24
11027,20,16339,0.0,0.0,0.0,0.0,0.0,0.0,24
11028,20,16338,0.0,0.0,0.0,0.0,0.0,0.0,24
11029,20,16337,0.0,0.0,0.0,0.0,0.0,0.0,24
11030,20,16336,0.0,0.0,0.0,0.0,0.0,0.0,24
11031,20,16353,0.0,0.0,0.0,0.0,0.0,0.0,24
11032,20,16334,0.0,0.0,0.0,0.0,0.0,0.0,24
11033,20,16333,0.0,0.0,0.0,0.0,0.0,0.0,24
11034,20,16332,0.0,0.0,0.0,0.0,0.0,0.0,24
11035,20,16331,0.0,0.0,0.0,0.0,0.0,0.0,24
11036,20,16330,0.0,0.0,0.0,0.0,0.0,0.0,24
11037,20,16329,0.0,0.0,0.0,0.0,0.0,0.0,24
11038,20,16328,0.0,0.0,0.0,0.0,0.0,0.0,24
11039,20,16327,0.0,0.0,0.0,0.0,0.0,0.0,24
11040,20,16326,0.0,0.0,0.0,0.0,0.0,0.0,24
11041,20,16325,0.0,0.0,0.0,0.0,0.0,0.0,24
11042,20,16323,0.0,0.0,0.0,0.0,0.0,0.0,24
11043,20,16322,0.0,0.0,0.0,0.0,0.0,0.0,24
11044,20,16321,0.0,0.0,0.0,0.0,0.0,0.0,24
11045,20,16368,0.0,0.0,0.0,0.0,0.0,0.0,24
11046,20,16383,0.0,0.0,0.0,0.0,0.0,0.0,24
11047,20,16382,0.0,0.0,0.0,0.0,0.0,0.0,24
11048,20,16381,0.0,0.0,0.0,0.0,0.0,0.0,24
11049,20,16380,0.0,0.0,0.0,0.0,0.0,0.0,24
11050,20,16378,0.0,0.0,0.0,0.0,0.0,0.0,24
11051,20,16377,0.0,0.0,0.0,0.0,0.0,0.0,24
11052,20,16376,0.0,0.0,0.0,0.0,0.0,0.0,24
11053,20,16375,0.0,0.0,0.0,0.0,0.0,0.0,24
11054,20,16374,0.0,0.0,0.0,0.0,0.0,0.0,24
11055,20,16373,0.0,0.0,0.0,0.0,0.0,0.0,24
11056,20,16372,0.0,0.0,0.0,0.0,0.0,0.0,24
11057,20,16371,0.0,0.0,0.0,0.0,0.0,0.0,24
11058,20,16370,0.0,0.0,0.0,0.0,0.0,0.0,24
11059,20,16369,0.0,0.0,0.0,0.0,0.0,0.0,24
11060,20,16320,0.0,0.0,0.0,0.0,0.0,0.0,24
11061,20,16367,0.0,0.0,0.0,0.0,0.0,0.0,24
11062,20,16366,0.0,0.0,0.0,0.0,0.0,0.0,24
11063,20,16365,0.0,0.0,0.0,0.0,0.0,0.0,24
11064,20,16364,0.0,0.0,0.0,0.0,0.0,0.0,24
11065,20,16363,0.0,0.0,0.0,0.0,0.0,0.0,24
11066,20,16362,0.0,0.0,0.0,0.0,0.0,0.0,24
11067,20,16361,0.0,0.0,0.0,0.0,0.0,0.0,24
11068,20,16360,0.0,0.0,0.0,0.0,0.0,0.0,24
11069,20,16359,0.0,0.0,0.0,0.0,0.0,0.0,24
11070,20,16357,0.0,0.0,0.0,0.0,0.0,0.0,24
11071,20,16356,0.0,0.0,0.0,0.0,0.0,0.0,24
11072,20,16355,0.0,0.0,0.0,0.0,0.0,0.0,24
11073,20,16354,0.0,0.0,0.0,0.0,0.0,0.0,24
11074,20,16269,0.0,0.0,0.0,0.0,0.0,0.0,24
11075,20,16286,0.0,0.0,0.0,0.0,0.0,0.0,24
11076,20,16285,0.0,0.0,0.0,0.0,0.0,0.0,24
11077,20,16284,0.0,0.0,0.0,0.0,0.0,0.0,24
11078,20,16282,0.0,0.0,0.0,0.0,0.0,0.0,24
11079,20,16281,0.0,0.0,0.0,0.0,0.0,0.0,24
11080,20,16280,0.0,0.0,0.0,0.0,0.0,0.0,24
11081,20,16278,0.0,0.0,0.0,0.0,0.0,0.0,24
11082,20,16277,0.0,0.0,0.0,0.0,0.0,0.0,24
11083,20,16275,0.0,0.0,0.0,0.0,0.0,0.0,24
11084,20,16274,0.0,0.0,0.0,0.0,0.0,0.0,24
11085,20,16273,0.0,0.0,0.0,0.0,0.0,0.0,24
11086,20,16272,0.0,0.0,0.0,0.0,0.0,0.0,24
11087,20,16271,0.0,0.0,0.0,0.0,0.0,0.0,24
11088,20,16270,0.0,0.0,0.0,0.0,0.0,0.0,24
11089,20,16287,0.0,0.0,0.0,0.0,0.0,0.0,24
11090,20,16268,0.0,0.0,0.0,0.0,0.0,0.0,24
11091,20,16267,0.0,0.0,0.0,0.0,0.0,0.0,24
11092,20,16266,0.0,0.0,0.0,0.0,0.0,0.0,24
11093,20,16265,0.0,0.0,0.0,0.0,0.0,0.0,24
11094,20,16264,0.0,0.0,0.0,0.0,0.0,0.0,24
11095,20,16263,0.0,0.0,0.0,0.0,0.0,0.0,24
11096,20,16262,0.0,0.0,0.0,0.0,0.0,0.0,24
11097,20,16261,0.0,0.0,0.0,0.0,0.0,0.0,24
11098,20,16260,0.0,0.0,0.0,0.0,0.0,0.0,24
11099,20,16259,0.0,0.0,0.0,0.0,0.0,0.0,24
11100,20,16258,0.0,0.0,0.0,0.0,0.0,0.0,24
11101,20,16257,0.0,0.0,0.0,0.0,0.0,0.0,24
11102,20,16256,0.0,0.0,0.0,0.0,0.0,0.0,24
11103,20,16305,0.0,0.0,0.0,0.0,0.0,0.0,24
11104,20,16319,0.0,0.0,0.0,0.0,0.0,0.0,24
11105,20,16318,0.0,0.0,0.0,0.0,0.0,0.0,24
11106,20,16317,0.0,0.0,0.0,0.0,0.0,0.0,24
11107,20,16316,0.0,0.0,0.0,0.0,0.0,0.0,24
11108,20,16315,0.0,0.0,0.0,0.0,0.0,0.0,24
11109,20,16314,0.0,0.0,0.0,0.0,0.0,0.0,24
11110,20,16313,0.0,0.0,0.0,0.0,0.0,0.0,24
11111,20,16312,0.0,0.0,0.0,0.0,0.0,0.0,24
11112,20,16311,0.0,0.0,0.0,0.0,0.0,0.0,24
11113,20,16310,0.0,0.0,0.0,0.0,0.0,0.0,24
11114,20,16309,0.0,0.0,0.0,0.0,0.0,0.0,24
11115,20,16308,0.0,0.0,0.0,0.0,0.0,0.0,24
11116,20,16307,0.0,0.0,0.0,0.0,0.0,0.0,24
11117,20,16306,0.0,0.0,0.0,0.0,0.0,0.0,24
11118,20,16132,0.0,0.0,0.0,0.0,0.0,0.0,24
11119,20,16304,0.0,0.0,0.0,0.0,0.0,0.0,24
11120,20,16302,0.0,0.0,0.0,0.0,0.0,0.0,24
11121,20,16301,0.0,0.0,0.0,0.0,0.0,0.0,24
11122,20,16299,0.0,0.0,0.0,0.0,0.0,0.0,24
11123,20,16298,0.0,0.0,0.0,0.0,0.0,0.0,24
11124,20,16296,0.0,0.0,0.0,0.0,0.0,0.0,24
11125,20,16295,0.0,0.0,0.0,0.0,0.0,0.0,24
11126,20,16294,0.0,0.0,0.0,0.0,0.0,0.0,24
11127,20,16293,0.0,0.0,0.0,0.0,0.0,0.0,24
11128,20,16291,0.0,0.0,0.0,0.0,0.0,0.0,24
11129,20,16290,0.0,0.0,0.0,0.0,0.0,0.0,24
11130,20,16289,0.0,0.0,0.0,0.0,0.0,0.0,24
11131,20,16288,0.0,0.0,0.0,0.0,0.0,0.0,24
11132,20,15961,0.0,0.0,0.0,0.0,0.0,0.0,24
11133,20,15976,0.0,0.0,0.0,0.0,0.0,0.0,24
11134,20,15975,0.0,0.0,0.0,0.0,0.0,0.0,24
11135,20,15974,0.0,0.0,0.0,0.0,0.0,0.0,24
11136,20,15973,0.0,0.0,0.0,0.0,0.0,0.0,24
11137,20,15972,0.0,0.0,0.0,0.0,0.0,0.0,24
11138,20,15971,0.0,0.0,0.0,0.0,0.0,0.0,24
11139,20,15970,0.0,0.0,0.0,0.0,0.0,0.0,24
11140,20,15969,0.0,0.0,0.0,0.0,0.0,0.0,24
11141,20,15968,0.0,0.0,0.0,0.0,0.0,0.0,24
11142,20,15967,0.0,0.0,0.0,0.0,0.0,0.0,24
11143,20,15965,0.0,0.0,0.0,0.0,0.0,0.0,24
11144,20,15964,0.0,0.0,0.0,0.0,0.0,0.0,24
11145,20,15963,0.0,0.0,0.0,0.0,0.0,0.0,24
11146,20,15962,0.0,0.0,0.0,0.0,0.0,0.0,24
11147,20,15978,0.0,0.0,0.0,0.0,0.0,0.0,24
11148,20,15960,0.0,0.0,0.0,0.0,0.0,0.0,24
11149,20,15959,0.0,0.0,0.0,0.0,0.0,0.0,24
11150,20,15958,0.0,0.0,0.0,0.0,0.0,0.0,24
11151,20,15957,0.0,0.0,0.0,0.0,0.0,0.0,24
11152,20,15956,0.0,0.0,0.0,0.0,0.0,0.0,24
11153,20,15955,0.0,0.0,0.0,0.0,0.0,0.0,24
11154,20,15954,0.0,0.0,0.0,0.0,0.0,0.0,24
11155,20,15953,0.0,0.0,0.0,0.0,0.0,0.0,24
11156,20,15952,0.0,0.0,0.0,0.0,0.0,0.0,24
11157,20,15951,0.0,0.0,0.0,0.0,0.0,0.0,24
11158,20,15950,0.0,0.0,0.0,0.0,0.0,0.0,24
11159,20,15949,0.0,0.0,0.0,0.0,0.0,0.0,24
11160,20,15948,0.0,0.0,0.0,0.0,0.0,0.0,24
11161,20,15992,0.0,0.0,0.0,0.0,0.0,0.0,24
11162,20,16007,0.0,0.0,0.0,0.0,0.0,0.0,24
11163,20,16006,0.0,0.0,0.0,0.0,0.0,0.0,24
11164,20,16005,0.0,0.0,0.0,0.0,0.0,0.0,24
11165,20,16004,0.0,0.0,0.0,0.0,0.0,0.0,24
11166,20,16003,0.0,0.0,0.0,0.0,0.0,0.0,24
11167,20,16001,0.0,0.0,0.0,0.0,0.0,0.0,24
11168,20,16000,0.0,0.0,0.0,0.0,0.0,0.0,24
11169,20,15999,0.0,0.0,0.0,0.0,0.0,0.0,24
11170,20,15998,0.0,0.0,0.0,0.0,0.0,0.0,24
11171,20,15997,0.0,0.0,0.0,0.0,0.0,0.0,24
11172,20,15996,0.0,0.0,0.0,0.0,0.0,0.0,24
11173,20,15995,0.0,0.0,0.0,0.0,0.0,0.0,24
11174,20,15994,0.0,0.0,0.0,0.0,0.0,0.0,24
11175,20,15993,0.0,0.0,0.0,0.0,0.0,0.0,24
11176,20,15947,0.0,0.0,0.0,0.0,0.0,0.0,24
11177,20,15991,0.0,0.0,0.0,0.0,0.0,0.0,24
11178,20,15990,0.0,0.0,0.0,0.0,0.0,0.0,24
11179,20,15989,0.0,0.0,0.0,0.0,0.0,0.0,24
11180,20,15988,0.0,0.0,0.0,0.0,0.0,0.0,24
11181,20,15987,0.0,0.0,0.0,0.0,0.0,0.0,24
11182,20,15986,0.0,0.0,0.0,0.0,0.0,0.0,24
11183,20,15985,0.0,0.0,0.0,0.0,0.0,0.0,24
11184,20,15984,0.0,0.0,0.0,0.0,0.0,0.0,24
11185,20,15983,0.0,0.0,0.0,0.0,0.0,0.0,24
11186,20,15982,0.0,0.0,0.0,0.0,0.0,0.0,24
11187,20,15981,0.0,0.0,0.0,0.0,0.0,0.0,24
11188,20,15980,0.0,0.0,0.0,0.0,0.0,0.0,24
11189,20,15979,0.0,0.0,0.0,0.0,0.0,0.0,24
11190,20,15899,0.0,0.0,0.0,0.0,0.0,0.0,24
11191,20,15914,0.0,0.0,0.0,0.0,0.0,0.0,24
11192,20,15913,0.0,0.0,0.0,0.0,0.0,0.0,24
11193,20,15912,0.0,0.0,0.0,0.0,0.0,0.0,24
11194,20,15911,0.0,0.0,0.0,0.0,0.0,0.0,24
11195,20,15910,0.0,0.0,0.0,0.0,0.0,0.0,24
11196,20,15909,0.0,0.0,0.0,0.0,0.0,0.0,24
11197,20,15908,0.0,0.0,0.0,0.0,0.0,0.0,24
11198,20,15907,0.0,0.0,0.0,0.0,0.0,0.0,24
11199,20,15906,0.0,0.0,0.0,0.0,0.0,0.0,24
11200,20,15905,0.0,0.0,0.0,0.0,0.0,0.0,24
11201,20,15903,0.0,0.0,0.0,0.0,0.0,0.0,24
11202,20,15902,0.0,0.0,0.0,0.0,0.0,0.0,24
11203,20,15901,0.0,0.0,0.0,0.0,0.0,0.0,24
11204,20,15900,0.0,0.0,0.0,0.0,0.0,0.0,24
11205,20,15915,0.0,0.0,0.0,0.0,0.0,0.0,24
11206,20,15898,0.0,0.0,0.0,0.0,0.0,0.0,24
11207,20,15897,0.0,0.0,0.0,0.0,0.0,0.0,24
11208,20,15896,0.0,0.0,0.0,0.0,0.0,0.0,24
11209,20,15895,0.0,0.0,0.0,0.0,0.0,0.0,24
11210,20,15894,0.0,0.0,0.0,0.0,0.0,0.0,24
11211,20,15893,0.0,0.0,0.0,0.0,0.0,0.0,24
11212,20,15892,0.0,0.0,0.0,0.0,0.0,0.0,24
11213,20,15891,0.0,0.0,0.0,0.0,0.0,0.0,24
11214,20,15890,0.0,0.0,0.0,0.0,0.0,0.0,24
11215,20,15889,0.0,0.0,0.0,0.0,0.0,0.0,24
11216,20,15887,0.0,0.0,0.0,0.0,0.0,0.0,24
11217,20,15886,0.0,0.0,0.0,0.0,0.0,0.0,24
11218,20,15885,0.0,0.0,0.0,0.0,0.0,0.0,24
11219,20,15930,0.0,0.0,0.0,0.0,0.0,0.0,24
11220,20,15946,0.0,0.0,0.0,0.0,0.0,0.0,24
11221,20,15945,0.0,0.0,0.0,0.0,0.0,0.0,24
11222,20,15944,0.0,0.0,0.0,0.0,0.0,0.0,24
11223,20,15943,0.0,0.0,0.0,0.0,0.0,0.0,24
11224,20,15942,0.0,0.0,0.0,0.0,0.0,0.0,24
11225,20,15940,0.0,0.0,0.0,0.0,0.0,0.0,24
11226,20,15939,0.0,0.0,0.0,0.0,0.0,0.0,24
11227,20,15938,0.0,0.0,0.0,0.0,0.0,0.0,24
11228,20,15937,0.0,0.0,0.0,0.0,0.0,0.0,24
11229,20,15936,0.0,0.0,0.0,0.0,0.0,0.0,24
11230,20,15935,0.0,0.0,0.0,0.0,0.0,0.0,24
11231,20,15934,0.0,0.0,0.0,0.0,0.0,0.0,24
11232,20,15933,0.0,0.0,0.0,0.0,0.0,0.0,24
11233,20,15932,0.0,0.0,0.0,0.0,0.0,0.0,24
11234,20,16008,0.0,0.0,0.0,0.0,0.0,0.0,24
11235,20,15929,0.0,0.0,0.0,0.0,0.0,0.0,24
11236,20,15928,0.0,0.0,0.0,0.0,0.0,0.0,24
11237,20,15927,0.0,0.0,0.0,0.0,0.0,0.0,24
11238,20,15925,0.0,0.0,0.0,0.0,0.0,0.0,24
11239,20,15924,0.0,0.0,0.0,0.0,0.0,0.0,24
11240,20,15923,0.0,0.0,0.0,0.0,0.0,0.0,24
11241,20,15922,0.0,0.0,0.0,0.0,0.0,0.0,24
11242,20,15921,0.0,0.0,0.0,0.0,0.0,0.0,24
11243,20,15920,0.0,0.0,0.0,0.0,0.0,0.0,24
11244,20,15919,0.0,0.0,0.0,0.0,0.0,0.0,24
11245,20,15918,0.0,0.0,0.0,0.0,0.0,0.0,24
11246,20,15917,0.0,0.0,0.0,0.0,0.0,0.0,24
11247,20,15916,0.0,0.0,0.0,0.0,0.0,0.0,24
11248,20,16083,0.0,0.0,0.0,0.0,0.0,0.0,24
11249,20,16099,0.0,0.0,0.0,0.0,0.0,0.0,24
11250,20,16098,0.0,0.0,0.0,0.0,0.0,0.0,24
11251,20,16097,0.0,0.0,0.0,0.0,0.0,0.0,24
11252,20,16095,0.0,0.0,0.0,0.0,0.0,0.0,24
11253,20,16094,0.0,0.0,0.0,0.0,0.0,0.0,24
11254,20,16093,0.0,0.0,0.0,0.0,0.0,0.0,24
11255,20,16092,0.0,0.0,0.0,0.0,0.0,0.0,24
11256,20,16091,0.0,0.0,0.0,0.0,0.0,0.0,24
11257,20,16090,0.0,0.0,0.0,0.0,0.0,0.0,24
11258,20,16088,0.0,0.0,0.0,0.0,0.0,0.0,24
11259,20,16087,0.0,0.0,0.0,0.0,0.0,0.0,24
11260,20,16086,0.0,0.0,0.0,0.0,0.0,0.0,24
11261,20,16085,0.0,0.0,0.0,0.0,0.0,0.0,24
11262,20,16084,0.0,0.0,0.0,0.0,0.0,0.0,24
11263,20,16100,0.0,0.0,0.0,0.0,0.0,0.0,24
11264,20,16082,0.0,0.0,0.0,0.0,0.0,0.0,24
11265,20,16081,0.0,0.0,0.0,0.0,0.0,0.0,24
11266,20,16080,0.0,0.0,0.0,0.0,0.0,0.0,24
11267,20,16079,0.0,0.0,0.0,0.0,0.0,0.0,24
11268,20,16078,0.0,0.0,0.0,0.0,0.0,0.0,24
11269,20,16077,0.0,0.0,0.0,0.0,0.0,0.0,24
11270,20,16075,0.0,0.0,0.0,0.0,0.0,0.0,24
11271,20,16074,0.0,0.0,0.0,0.0,0.0,0.0,24
11272,20,16073,0.0,0.0,0.0,0.0,0.0,0.0,24
11273,20,16072,0.0,0.0,0.0,0.0,0.0,0.0,24
11274,20,16071,0.0,0.0,0.0,0.0,0.0,0.0,24
11275,20,16070,0.0,0.0,0.0,0.0,0.0,0.0,24
11276,20,16069,0.0,0.0,0.0,0.0,0.0,0.0,24
11277,20,16116,0.0,0.0,0.0,0.0,0.0,0.0,24
11278,20,16131,0.0,0.0,0.0,0.0,0.0,0.0,24
11279,20,16130,0.0,0.0,0.0,0.0,0.0,0.0,24
11280,20,16129,0.0,0.0,0.0,0.0,0.0,0.0,24
11281,20,16128,0.0,0.0,0.0,0.0,0.0,0.0,24
11282,20,16127,0.0,0.0,0.0,0.0,0.0,0.0,24
11283,20,16126,0.0,0.0,0.0,0.0,0.0,0.0,24
11284,20,16124,0.0,0.0,0.0,0.0,0.0,0.0,24
11285,20,16123,0.0,0.0,0.0,0.0,0.0,0.0,24
11286,20,16122,0.0,0.0,0.0,0.0,0.0,0.0,24
11287,20,16121,0.0,0.0,0.0,0.0,0.0,0.0,24
11288,20,16120,0.0,0.0,0.0,0.0,0.0,0.0,24
11289,20,16119,0.0,0.0,0.0,0.0,0.0,0.0,24
11290,20,16118,0.0,0.0,0.0,0.0,0.0,0.0,24
11291,20,16117,0.0,0.0,0.0,0.0,0.0,0.0,24
11292,20,16068,0.0,0.0,0.0,0.0,0.0,0.0,24
11293,20,16114,0.0,0.0,0.0,0.0,0.0,0.0,24
11294,20,16113,0.0,0.0,0.0,0.0,0.0,0.0,24
11295,20,16112,0.0,0.0,0.0,0.0,0.0,0.0,24
11296,20,16111,0.0,0.0,0.0,0.0,0.0,0.0,24
11297,20,16110,0.0,0.0,0.0,0.0,0.0,0.0,24
11298,20,16109,0.0,0.0,0.0,0.0,0.0,0.0,24
11299,20,16108,0.0,0.0,0.0,0.0,0.0,0.0,24
11300,20,16107,0.0,0.0,0.0,0.0,0.0,0.0,24
11301,20,16106,0.0,0.0,0.0,0.0,0.0,0.0,24
11302,20,16104,0.0,0.0,0.0,0.0,0.0,0.0,24
11303,20,16103,0.0,0.0,0.0,0.0,0.0,0.0,24
11304,20,16102,0.0,0.0,0.0,0.0,0.0,0.0,24
11305,20,16101,0.0,0.0,0.0,0.0,0.0,0.0,24
11306,20,16022,0.0,0.0,0.0,0.0,0.0,0.0,24
11307,20,16037,0.0,0.0,0.0,0.0,0.0,0.0,24
11308,20,16036,0.0,0.0,0.0,0.0,0.0,0.0,24
11309,20,16035,0.0,0.0,0.0,0.0,0.0,0.0,24
11310,20,16034,0.0,0.0,0.0,0.0,0.0,0.0,24
11311,20,16033,0.0,0.0,0.0,0.0,0.0,0.0,24
11312,20,16032,0.0,0.0,0.0,0.0,0.0,0.0,24
11313,20,16031,0.0,0.0,0.0,0.0,0.0,0.0,24
11314,20,16030,0.0,0.0,0.0,0.0,0.0,0.0,24
11315,20,16028,0.0,0.0,0.0,0.0,0.0,0.0,24
11316,20,16027,0.0,0.0,0.0,0.0,0.0,0.0,24
11317,20,16026,0.0,0.0,0.0,0.0,0.0,0.0,24
11318,20,16025,0.0,0.0,0.0,0.0,0.0,0.0,24
11319,20,16024,0.0,0.0,0.0,0.0,0.0,0.0,24
11320,20,16023,0.0,0.0,0.0,0.0,0.0,0.0,24
11321,20,16038,0.0,0.0,0.0,0.0,0.0,0.0,24
11322,20,16021,0.0,0.0,0.0,0.0,0.0,0.0,24
11323,20,16020,0.0,0.0,0.0,0.0,0.0,0.0,24
11324,20,16019,0.0,0.0,0.0,0.0,0.0,0.0,24
11325,20,16018,0.0,0.0,0.0,0.0,0.0,0.0,24
11326,20,16017,0.0,0.0,0.0,0.0,0.0,0.0,24
11327,20,16016,0.0,0.0,0.0,0.0,0.0,0.0,24
11328,20,16015,0.0,0.0,0.0,0.0,0.0,0.0,24
11329,20,16014,0.0,0.0,0.0,0.0,0.0,0.0,24
11330,20,16013,0.0,0.0,0.0,0.0,0.0,0.0,24
11331,20,16012,0.0,0.0,0.0,0.0,0.0,0.0,24
11332,20,16011,0.0,0.0,0.0,0.0,0.0,0.0,24
11333,20,16010,0.0,0.0,0.0,0.0,0.0,0.0,24
11334,20,16009,0.0,0.0,0.0,0.0,0.0,0.0,24
11335,20,16052,0.0,0.0,0.0,0.0,0.0,0.0,24
11336,20,16067,0.0,0.0,0.0,0.0,0.0,0.0,24
11337,20,16066,0.0,0.0,0.0,0.0,0.0,0.0,24
11338,20,16065,0.0,0.0,0.0,0.0,0.0,0.0,24
11339,20,16064,0.0,0.0,0.0,0.0,0.0,0.0,24
11340,20,16063,0.0,0.0,0.0,0.0,0.0,0.0,24
11341,20,16062,0.0,0.0,0.0,0.0,0.0,0.0,24
11342,20,16061,0.0,0.0,0.0,0.0,0.0,0.0,24
11343,20,16060,0.0,0.0,0.0,0.0,0.0,0.0,24
11344,20,16059,0.0,0.0,0.0,0.0,0.0,0.0,24
11345,20,16057,0.0,0.0,0.0,0.0,0.0,0.0,24
11346,20,16056,0.0,0.0,0.0,0.0,0.0,0.0,24
11347,20,16055,0.0,0.0,0.0,0.0,0.0,0.0,24
11348,20,16054,0.0,0.0,0.0,0.0,0.0,0.0,24
11349,20,16053,0.0,0.0,0.0,0.0,0.0,0.0,24
11350,20,15376,0.0,0.0,0.0,0.0,0.0,0.0,24
11351,20,16051,0.0,0.0,0.0,0.0,0.0,0.0,24
11352,20,16050,0.0,0.0,0.0,0.0,0.0,0.0,24
11353,20,16049,0.0,0.0,0.0,0.0,0.0,0.0,24
11354,20,16048,0.0,0.0,0.0,0.0,0.0,0.0,24
11355,20,16047,0.0,0.0,0.0,0.0,0.0,0.0,24
11356,20,16046,0.0,0.0,0.0,0.0,0.0,0.0,24
11357,20,16045,0.0,0.0,0.0,0.0,0.0,0.0,24
11358,20,16044,0.0,0.0,0.0,0.0,0.0,0.0,24
11359,20,16043,0.0,0.0,0.0,0.0,0.0,0.0,24
11360,20,16042,0.0,0.0,0.0,0.0,0.0,0.0,24
11361,20,16041,0.0,0.0,0.0,0.0,0.0,0.0,24
11362,20,16040,0.0,0.0,0.0,0.0,0.0,0.0,24
11363,20,16039,0.0,0.0,0.0,0.0,0.0,0.0,24
11364,20,14704,0.0,0.0,0.0,0.0,0.0,0.0,24
11365,20,14718,0.0,0.0,0.0,0.0,0.0,0.0,24
11366,20,14717,0.0,0.0,0.0,0.0,0.0,0.0,24
11367,20,14716,0.0,0.0,0.0,0.0,0.0,0.0,24
11368,20,14715,0.0,0.0,0.0,0.0,0.0,0.0,24
11369,20,14714,0.0,0.0,0.0,0.0,0.0,0.0,24
11370,20,14713,0.0,0.0,0.0,0.0,0.0,0.0,24
11371,20,14712,0.0,0.0,0.0,0.0,0.0,0.0,24
11372,20,14711,0.0,0.0,0.0,0.0,0.0,0.0,24
11373,20,14710,0.0,0.0,0.0,0.0,0.0,0.0,24
11374,20,14709,0.0,0.0,0.0,0.0,0.0,0.0,24
11375,20,14708,0.0,0.0,0.0,0.0,0.0,0.0,24
11376,20,14707,0.0,0.0,0.0,0.0,0.0,0.0,24
11377,20,14706,0.0,0.0,0.0,0.0,0.0,0.0,24
11378,20,14705,0.0,0.0,0.0,0.0,0.0,0.0,24
11379,20,14719,0.0,0.0,0.0,0.0,0.0,0.0,24
11380,20,14703,0.0,0.0,0.0,0.0,0.0,0.0,24
11381,20,14702,0.0,0.0,0.0,0.0,0.0,0.0,24
11382,20,14701,0.0,0.0,0.0,0.0,0.0,0.0,24
11383,20,14700,0.0,0.0,0.0,0.0,0.0,0.0,24
11384,20,14699,0.0,0.0,0.0,0.0,0.0,0.0,24
11385,20,14698,0.0,0.0,0.0,0.0,0.0,0.0,24
11386,20,14697,0.0,0.0,0.0,0.0,0.0,0.0,24
11387,20,14696,0.0,0.0,0.0,0.0,0.0,0.0,24
11388,20,14694,0.0,0.0,0.0,0.0,0.0,0.0,24
11389,20,14693,0.0,0.0,0.0,0.0,0.0,0.0,24
11390,20,14692,0.0,0.0,0.0,0.0,0.0,0.0,24
11391,20,14690,0.0,0.0,0.0,0.0,0.0,0.0,24
11392,20,14689,0.0,0.0,0.0,0.0,0.0,0.0,24
11393,20,14734,0.0,0.0,0.0,0.0,0.0,0.0,24
11394,20,14748,0.0,0.0,0.0,0.0,0.0,0.0,24
11395,20,14747,0.0,0.0,0.0,0.0,0.0,0.0,24
11396,20,14746,0.0,0.0,0.0,0.0,0.0,0.0,24
11397,20,14745,0.0,0.0,0.0,0.0,0.0,0.0,24
11398,20,14744,0.0,0.0,0.0,0.0,0.0,0.0,24
11399,20,14743,0.0,0.0,0.0,0.0,0.0,0.0,24
11400,20,14742,0.0,0.0,0.0,0.0,0.0,0.0,24
11401,20,14741,0.0,0.0,0.0,0.0,0.0,0.0,24
11402,20,14740,0.0,0.0,0.0,0.0,0.0,0.0,24
11403,20,14739,0.0,0.0,0.0,0.0,0.0,0.0,24
11404,20,14738,0.0,0.0,0.0,0.0,0.0,0.0,24
11405,20,14737,0.0,0.0,0.0,0.0,0.0,0.0,24
11406,20,14736,0.0,0.0,0.0,0.0,0.0,0.0,24
11407,20,14735,0.0,0.0,0.0,0.0,0.0,0.0,24
11408,20,14688,0.0,0.0,0.0,0.0,0.0,0.0,24
11409,20,14733,0.0,0.0,0.0,0.0,0.0,0.0,24
11410,20,14732,0.0,0.0,0.0,0.0,0.0,0.0,24
11411,20,14731,0.0,0.0,0.0,0.0,0.0,0.0,24
11412,20,14730,0.0,0.0,0.0,0.0,0.0,0.0,24
11413,20,14728,0.0,0.0,0.0,0.0,0.0,0.0,24
11414,20,14727,0.0,0.0,0.0,0.0,0.0,0.0,24
11415,20,14726,0.0,0.0,0.0,0.0,0.0,0.0,24
11416,20,14725,0.0,0.0,0.0,0.0,0.0,0.0,24
11417,20,14724,0.0,0.0,0.0,0.0,0.0,0.0,24
11418,20,14723,0.0,0.0,0.0,0.0,0.0,0.0,24
11419,20,14722,0.0,0.0,0.0,0.0,0.0,0.0,24
11420,20,14721,0.0,0.0,0.0,0.0,0.0,0.0,24
11421,20,14720,0.0,0.0,0.0,0.0,0.0,0.0,24
11422,20,14639,0.0,0.0,0.0,0.0,0.0,0.0,24
11423,20,14654,0.0,0.0,0.0,0.0,0.0,0.0,24
11424,20,14653,0.0,0.0,0.0,0.0,0.0,0.0,24
11425,20,14651,0.0,0.0,0.0,0.0,0.0,0.0,24
11426,20,14650,0.0,0.0,0.0,0.0,0.0,0.0,24
11427,20,14649,0.0,0.0,0.0,0.0,0.0,0.0,24
11428,20,14648,0.0,0.0,0.0,0.0,0.0,0.0,24
11429,20,14647,0.0,0.0,0.0,0.0,0.0,0.0,24
11430,20,14646,0.0,0.0,0.0,0.0,0.0,0.0,24
11431,20,14645,0.0,0.0,0.0,0.0,0.0,0.0,24
11432,20,14644,0.0,0.0,0.0,0.0,0.0,0.0,24
11433,20,14643,0.0,0.0,0.0,0.0,0.0,0.0,24
11434,20,14642,0.0,0.0,0.0,0.0,0.0,0.0,24
11435,20,14641,0.0,0.0,0.0,0.0,0.0,0.0,24
11436,20,14640,0.0,0.0,0.0,0.0,0.0,0.0,24
11437,20,14656,0.0,0.0,0.0,0.0,0.0,0.0,24
11438,20,14638,0.0,0.0,0.0,0.0,0.0,0.0,24
11439,20,14637,0.0,0.0,0.0,0.0,0.0,0.0,24
11440,20,14636,0.0,0.0,0.0,0.0,0.0,0.0,24
11441,20,14635,0.0,0.0,0.0,0.0,0.0,0.0,24
11442,20,14633,0.0,0.0,0.0,0.0,0.0,0.0,24
11443,20,14632,0.0,0.0,0.0,0.0,0.0,0.0,24
11444,20,14631,0.0,0.0,0.0,0.0,0.0,0.0,24
11445,20,14630,0.0,0.0,0.0,0.0,0.0,0.0,24
11446,20,14629,0.0,0.0,0.0,0.0,0.0,0.0,24
11447,20,14628,0.0,0.0,0.0,0.0,0.0,0.0,24
11448,20,14627,0.0,0.0,0.0,0.0,0.0,0.0,24
11449,20,14626,0.0,0.0,0.0,0.0,0.0,0.0,24
11450,20,14625,0.0,0.0,0.0,0.0,0.0,0.0,24
11451,20,14672,0.0,0.0,0.0,0.0,0.0,0.0,24
11452,20,14687,0.0,0.0,0.0,0.0,0.0,0.0,24
11453,20,14686,0.0,0.0,0.0,0.0,0.0,0.0,24
11454,20,14685,0.0,0.0,0.0,0.0,0.0,0.0,24
11455,20,14684,0.0,0.0,0.0,0.0,0.0,0.0,24
11456,20,14683,0.0,0.0,0.0,0.0,0.0,0.0,24
11457,20,14682,0.0,0.0,0.0,0.0,0.0,0.0,24
11458,20,14681,0.0,0.0,0.0,0.0,0.0,0.0,24
11459,20,14679,0.0,0.0,0.0,0.0,0.0,0.0,24
11460,20,14678,0.0,0.0,0.0,0.0,0.0,0.0,24
11461,20,14677,0.0,0.0,0.0,0.0,0.0,0.0,24
11462,20,14676,0.0,0.0,0.0,0.0,0.0,0.0,24
11463,20,14675,0.0,0.0,0.0,0.0,0.0,0.0,24
11464,20,14674,0.0,0.0,0.0,0.0,0.0,0.0,24
11465,20,14673,0.0,0.0,0.0,0.0,0.0,0.0,24
11466,20,14749,0.0,0.0,0.0,0.0,0.0,0.0,24
11467,20,14670,0.0,0.0,0.0,0.0,0.0,0.0,24
11468,20,14669,0.0,0.0,0.0,0.0,0.0,0.0,24
11469,20,14668,0.0,0.0,0.0,0.0,0.0,0.0,24
11470,20,14667,0.0,0.0,0.0,0.0,0.0,0.0,24
11471,20,14666,0.0,0.0,0.0,0.0,0.0,0.0,24
11472,20,14665,0.0,0.0,0.0,0.0,0.0,0.0,24
11473,20,14664,0.0,0.0,0.0,0.0,0.0,0.0,24
11474,20,14663,0.0,0.0,0.0,0.0,0.0,0.0,24
11475,20,14662,0.0,0.0,0.0,0.0,0.0,0.0,24
11476,20,14661,0.0,0.0,0.0,0.0,0.0,0.0,24
11477,20,14660,0.0,0.0,0.0,0.0,0.0,0.0,24
11478,20,14658,0.0,0.0,0.0,0.0,0.0,0.0,24
11479,20,14657,0.0,0.0,0.0,0.0,0.0,0.0,24
11480,20,14826,0.0,0.0,0.0,0.0,0.0,0.0,24
11481,20,14842,0.0,0.0,0.0,0.0,0.0,0.0,24
11482,20,14841,0.0,0.0,0.0,0.0,0.0,0.0,24
11483,20,14840,0.0,0.0,0.0,0.0,0.0,0.0,24
11484,20,14839,0.0,0.0,0.0,0.0,0.0,0.0,24
11485,20,14838,0.0,0.0,0.0,0.0,0.0,0.0,24
11486,20,14835,0.0,0.0,0.0,0.0,0.0,0.0,24
11487,20,14834,0.0,0.0,0.0,0.0,0.0,0.0,24
11488,20,14833,0.0,0.0,0.0,0.0,0.0,0.0,24
11489,20,14832,0.0,0.0,0.0,0.0,0.0,0.0,24
11490,20,14831,0.0,0.0,0.0,0.0,0.0,0.0,24
11491,20,14830,0.0,0.0,0.0,0.0,0.0,0.0,24
11492,20,14829,0.0,0.0,0.0,0.0,0.0,0.0,24
11493,20,14828,0.0,0.0,0.0,0.0,0.0,0.0,24
11494,20,14827,0.0,0.0,0.0,0.0,0.0,0.0,24
11495,20,14843,0.0,0.0,0.0,0.0,0.0,0.0,24
11496,20,14823,0.0,0.0,0.0,0.0,0.0,0.0,24
11497,20,14822,0.0,0.0,0.0,0.0,0.0,0.0,24
11498,20,14821,0.0,0.0,0.0,0.0,0.0,0.0,24
11499,20,14820,0.0,0.0,0.0,0.0,0.0,0.0,24
11500,20,14819,0.0,0.0,0.0,0.0,0.0,0.0,24
11501,20,14818,0.0,0.0,0.0,0.0,0.0,0.0,24
11502,20,14817,0.0,0.0,0.0,0.0,0.0,0.0,24
11503,20,14816,0.0,0.0,0.0,0.0,0.0,0.0,24
11504,20,14815,0.0,0.0,0.0,0.0,0.0,0.0,24
11505,20,14814,0.0,0.0,0.0,0.0,0.0,0.0,24
11506,20,14813,0.0,0.0,0.0,0.0,0.0,0.0,24
11507,20,14812,0.0,0.0,0.0,0.0,0.0,0.0,24
11508,20,14811,0.0,0.0,0.0,0.0,0.0,0.0,24
11509,20,14857,0.0,0.0,0.0,0.0,0.0,0.0,24
11510,20,14871,0.0,0.0,0.0,0.0,0.0,0.0,24
11511,20,14870,0.0,0.0,0.0,0.0,0.0,0.0,24
11512,20,14869,0.0,0.0,0.0,0.0,0.0,0.0,24
11513,20,14868,0.0,0.0,0.0,0.0,0.0,0.0,24
11514,20,14867,0.0,0.0,0.0,0.0,0.0,0.0,24
11515,20,14866,0.0,0.0,0.0,0.0,0.0,0.0,24
11516,20,14865,0.0,0.0,0.0,0.0,0.0,0.0,24
11517,20,14864,0.0,0.0,0.0,0.0,0.0,0.0,24
11518,20,14863,0.0,0.0,0.0,0.0,0.0,0.0,24
11519,20,14862,0.0,0.0,0.0,0.0,0.0,0.0,24
11520,20,14861,0.0,0.0,0.0,0.0,0.0,0.0,24
11521,20,14860,0.0,0.0,0.0,0.0,0.0,0.0,24
11522,20,14859,0.0,0.0,0.0,0.0,0.0,0.0,24
11523,20,14858,0.0,0.0,0.0,0.0,0.0,0.0,24
11524,20,14810,0.0,0.0,0.0,0.0,0.0,0.0,24
11525,20,14856,0.0,0.0,0.0,0.0,0.0,0.0,24
11526,20,14855,0.0,0.0,0.0,0.0,0.0,0.0,24
11527,20,14854,0.0,0.0,0.0,0.0,0.0,0.0,24
11528,20,14853,0.0,0.0,0.0,0.0,0.0,0.0,24
11529,20,14852,0.0,0.0,0.0,0.0,0.0,0.0,24
11530,20,14851,0.0,0.0,0.0,0.0,0.0,0.0,24
11531,20,14850,0.0,0.0,0.0,0.0,0.0,0.0,24
11532,20,14849,0.0,0.0,0.0,0.0,0.0,0.0,24
11533,20,14848,0.0,0.0,0.0,0.0,0.0,0.0,24
11534,20,14847,0.0,0.0,0.0,0.0,0.0,0.0,24
11535,20,14846,0.0,0.0,0.0,0.0,0.0,0.0,24
11536,20,14845,0.0,0.0,0.0,0.0,0.0,0.0,24
11537,20,14844,0.0,0.0,0.0,0.0,0.0,0.0,24
11538,20,14764,0.0,0.0,0.0,0.0,0.0,0.0,24
11539,20,14778,0.0,0.0,0.0,0.0,0.0,0.0,24
11540,20,14777,0.0,0.0,0.0,0.0,0.0,0.0,24
11541,20,14776,0.0,0.0,0.0,0.0,0.0,0.0,24
11542,20,14775,0.0,0.0,0.0,0.0,0.0,0.0,24
11543,20,14774,0.0,0.0,0.0,0.0,0.0,0.0,24
11544,20,14773,0.0,0.0,0.0,0.0,0.0,0.0,24
11545,20,14772,0.0,0.0,0.0,0.0,0.0,0.0,24
11546,20,14771,0.0,0.0,0.0,0.0,0.0,0.0,24
11547,20,14770,0.0,0.0,0.0,0.0,0.0,0.0,24
11548,20,14769,0.0,0.0,0.0,0.0,0.0,0.0,24
11549,20,14768,0.0,0.0,0.0,0.0,0.0,0.0,24
11550,20,14767,0.0,0.0,0.0,0.0,0.0,0.0,24
11551,20,14766,0.0,0.0,0.0,0.0,0.0,0.0,24
11552,20,14765,0.0,0.0,0.0,0.0,0.0,0.0,24
11553,20,14780,0.0,0.0,0.0,0.0,0.0,0.0,24
11554,20,14763,0.0,0.0,0.0,0.0,0.0,0.0,24
11555,20,14762,0.0,0.0,0.0,0.0,0.0,0.0,24
11556,20,14760,0.0,0.0,0.0,0.0,0.0,0.0,24
11557,20,14759,0.0,0.0,0.0,0.0,0.0,0.0,24
11558,20,14758,0.0,0.0,0.0,0.0,0.0,0.0,24
11559,20,14757,0.0,0.0,0.0,0.0,0.0,0.0,24
11560,20,14756,0.0,0.0,0.0,0.0,0.0,0.0,24
11561,20,14755,0.0,0.0,0.0,0.0,0.0,0.0,24
11562,20,14754,0.0,0.0,0.0,0.0,0.0,0.0,24
11563,20,14753,0.0,0.0,0.0,0.0,0.0,0.0,24
11564,20,14752,0.0,0.0,0.0,0.0,0.0,0.0,24
11565,20,14751,0.0,0.0,0.0,0.0,0.0,0.0,24
11566,20,14750,0.0,0.0,0.0,0.0,0.0,0.0,24
11567,20,14795,0.0,0.0,0.0,0.0,0.0,0.0,24
11568,20,14809,0.0,0.0,0.0,0.0,0.0,0.0,24
11569,20,14808,0.0,0.0,0.0,0.0,0.0,0.0,24
11570,20,14807,0.0,0.0,0.0,0.0,0.0,0.0,24
11571,20,14806,0.0,0.0,0.0,0.0,0.0,0.0,24
11572,20,14805,0.0,0.0,0.0,0.0,0.0,0.0,24
11573,20,14804,0.0,0.0,0.0,0.0,0.0,0.0,24
11574,20,14803,0.0,0.0,0.0,0.0,0.0,0.0,24
11575,20,14802,0.0,0.0,0.0,0.0,0.0,0.0,24
11576,20,14801,0.0,0.0,0.0,0.0,0.0,0.0,24
11577,20,14800,0.0,0.0,0.0,0.0,0.0,0.0,24
11578,20,14799,0.0,0.0,0.0,0.0,0.0,0.0,24
11579,20,14798,0.0,0.0,0.0,0.0,0.0,0.0,24
11580,20,14797,0.0,0.0,0.0,0.0,0.0,0.0,24
11581,20,14796,0.0,0.0,0.0,0.0,0.0,0.0,24
11582,20,14624,0.0,0.0,0.0,0.0,0.0,0.0,24
11583,20,14794,0.0,0.0,0.0,0.0,0.0,0.0,24
11584,20,14793,0.0,0.0,0.0,0.0,0.0,0.0,24
11585,20,14792,0.0,0.0,0.0,0.0,0.0,0.0,24
11586,20,14791,0.0,0.0,0.0,0.0,0.0,0.0,24
11587,20,14790,0.0,0.0,0.0,0.0,0.0,0.0,24
11588,20,14789,0.0,0.0,0.0,0.0,0.0,0.0,24
11589,20,14788,0.0,0.0,0.0,0.0,0.0,0.0,24
11590,20,14787,0.0,0.0,0.0,0.0,0.0,0.0,24
11591,20,14786,0.0,0.0,0.0,0.0,0.0,0.0,24
11592,20,14785,0.0,0.0,0.0,0.0,0.0,0.0,24
11593,20,14784,0.0,0.0,0.0,0.0,0.0,0.0,24
11594,20,14783,0.0,0.0,0.0,0.0,0.0,0.0,24
11595,20,14781,0.0,0.0,0.0,0.0,0.0,0.0,24
11596,20,14451,0.0,0.0,0.0,0.0,0.0,0.0,24
11597,20,14468,0.0,0.0,0.0,0.0,0.0,0.0,24
11598,20,14467,0.0,0.0,0.0,0.0,0.0,0.0,24
11599,20,14466,0.0,0.0,0.0,0.0,0.0,0.0,24
11600,20,14465,0.0,0.0,0.0,0.0,0.0,0.0,24
11601,20,14464,0.0,0.0,0.0,0.0,0.0,0.0,24
11602,20,14462,0.0,0.0,0.0,0.0,0.0,0.0,24
11603,20,14461,0.0,0.0,0.0,0.0,0.0,0.0,24
11604,20,14460,0.0,0.0,0.0,0.0,0.0,0.0,24
11605,20,14458,0.0,0.0,0.0,0.0,0.0,0.0,24
11606,20,14456,0.0,0.0,0.0,0.0,0.0,0.0,24
11607,20,14455,0.0,0.0,0.0,0.0,0.0,0.0,24
11608,20,14454,0.0,0.0,0.0,0.0,0.0,0.0,24
11609,20,14453,0.0,0.0,0.0,0.0,0.0,0.0,24
11610,20,14452,0.0,0.0,0.0,0.0,0.0,0.0,24
11611,20,14470,0.0,0.0,0.0,0.0,0.0,0.0,24
11612,20,14450,0.0,0.0,0.0,0.0,0.0,0.0,24
11613,20,14449,0.0,0.0,0.0,0.0,0.0,0.0,24
11614,20,14448,0.0,0.0,0.0,0.0,0.0,0.0,24
11615,20,14447,0.0,0.0,0.0,0.0,0.0,0.0,24
11616,20,14446,0.0,0.0,0.0,0.0,0.0,0.0,24
11617,20,14445,0.0,0.0,0.0,0.0,0.0,0.0,24
11618,20,14442,0.0,0.0,0.0,0.0,0.0,0.0,24
11619,20,14441,0.0,0.0,0.0,0.0,0.0,0.0,24
11620,20,14440,0.0,0.0,0.0,0.0,0.0,0.0,24
11621,20,14439,0.0,0.0,0.0,0.0,0.0,0.0,24
11622,20,14438,0.0,0.0,0.0,0.0,0.0,0.0,24
11623,20,14437,0.0,0.0,0.0,0.0,0.0,0.0,24
11624,20,14436,0.0,0.0,0.0,0.0,0.0,0.0,24
11625,20,14484,0.0,0.0,0.0,0.0,0.0,0.0,24
11626,20,14499,0.0,0.0,0.0,0.0,0.0,0.0,24
11627,20,14498,0.0,0.0,0.0,0.0,0.0,0.0,24
11628,20,14497,0.0,0.0,0.0,0.0,0.0,0.0,24
11629,20,14495,0.0,0.0,0.0,0.0,0.0,0.0,24
11630,20,14494,0.0,0.0,0.0,0.0,0.0,0.0,24
11631,20,14493,0.0,0.0,0.0,0.0,0.0,0.0,24
11632,20,14492,0.0,0.0,0.0,0.0,0.0,0.0,24
11633,20,14491,0.0,0.0,0.0,0.0,0.0,0.0,24
11634,20,14490,0.0,0.0,0.0,0.0,0.0,0.0,24
11635,20,14489,0.0,0.0,0.0,0.0,0.0,0.0,24
11636,20,14488,0.0,0.0,0.0,0.0,0.0,0.0,24
11637,20,14487,0.0,0.0,0.0,0.0,0.0,0.0,24
11638,20,14486,0.0,0.0,0.0,0.0,0.0,0.0,24
11639,20,14485,0.0,0.0,0.0,0.0,0.0,0.0,24
11640,20,14435,0.0,0.0,0.0,0.0,0.0,0.0,24
11641,20,14483,0.0,0.0,0.0,0.0,0.0,0.0,24
11642,20,14482,0.0,0.0,0.0,0.0,0.0,0.0,24
11643,20,14481,0.0,0.0,0.0,0.0,0.0,0.0,24
11644,20,14480,0.0,0.0,0.0,0.0,0.0,0.0,24
11645,20,14479,0.0,0.0,0.0,0.0,0.0,0.0,24
11646,20,14478,0.0,0.0,0.0,0.0,0.0,0.0,24
11647,20,14477,0.0,0.0,0.0,0.0,0.0,0.0,24
11648,20,14476,0.0,0.0,0.0,0.0,0.0,0.0,24
11649,20,14475,0.0,0.0,0.0,0.0,0.0,0.0,24
11650,20,14474,0.0,0.0,0.0,0.0,0.0,0.0,24
11651,20,14473,0.0,0.0,0.0,0.0,0.0,0.0,24
11652,20,14472,0.0,0.0,0.0,0.0,0.0,0.0,24
11653,20,14471,0.0,0.0,0.0,0.0,0.0,0.0,24
11654,20,14389,0.0,0.0,0.0,0.0,0.0,0.0,24
11655,20,14404,0.0,0.0,0.0,0.0,0.0,0.0,24
11656,20,14403,0.0,0.0,0.0,0.0,0.0,0.0,24
11657,20,14402,0.0,0.0,0.0,0.0,0.0,0.0,24
11658,20,14401,0.0,0.0,0.0,0.0,0.0,0.0,24
11659,20,14400,0.0,0.0,0.0,0.0,0.0,0.0,24
11660,20,14399,0.0,0.0,0.0,0.0,0.0,0.0,24
11661,20,14398,0.0,0.0,0.0,0.0,0.0,0.0,24
11662,20,14397,0.0,0.0,0.0,0.0,0.0,0.0,24
11663,20,14396,0.0,0.0,0.0,0.0,0.0,0.0,24
11664,20,14395,0.0,0.0,0.0,0.0,0.0,0.0,24
11665,20,14394,0.0,0.0,0.0,0.0,0.0,0.0,24
11666,20,14393,0.0,0.0,0.0,0.0,0.0,0.0,24
11667,20,14391,0.0,0.0,0.0,0.0,0.0,0.0,24
11668,20,14390,0.0,0.0,0.0,0.0,0.0,0.0,24
11669,20,14405,0.0,0.0,0.0,0.0,0.0,0.0,24
11670,20,14388,0.0,0.0,0.0,0.0,0.0,0.0,24
11671,20,14387,0.0,0.0,0.0,0.0,0.0,0.0,24
11672,20,14386,0.0,0.0,0.0,0.0,0.0,0.0,24
11673,20,14385,0.0,0.0,0.0,0.0,0.0,0.0,24
11674,20,14384,0.0,0.0,0.0,0.0,0.0,0.0,24
11675,20,14383,0.0,0.0,0.0,0.0,0.0,0.0,24
11676,20,14382,0.0,0.0,0.0,0.0,0.0,0.0,24
11677,20,14381,0.0,0.0,0.0,0.0,0.0,0.0,24
11678,20,14380,0.0,0.0,0.0,0.0,0.0,0.0,24
11679,20,14379,0.0,0.0,0.0,0.0,0.0,0.0,24
11680,20,14377,0.0,0.0,0.0,0.0,0.0,0.0,24
11681,20,14376,0.0,0.0,0.0,0.0,0.0,0.0,24
11682,20,14375,0.0,0.0,0.0,0.0,0.0,0.0,24
11683,20,14419,0.0,0.0,0.0,0.0,0.0,0.0,24
11684,20,14434,0.0,0.0,0.0,0.0,0.0,0.0,24
11685,20,14433,0.0,0.0,0.0,0.0,0.0,0.0,24
11686,20,14432,0.0,0.0,0.0,0.0,0.0,0.0,24
11687,20,14431,0.0,0.0,0.0,0.0,0.0,0.0,24
11688,20,14430,0.0,0.0,0.0,0.0,0.0,0.0,24
11689,20,14429,0.0,0.0,0.0,0.0,0.0,0.0,24
11690,20,14428,0.0,0.0,0.0,0.0,0.0,0.0,24
11691,20,14427,0.0,0.0,0.0,0.0,0.0,0.0,24
11692,20,14426,0.0,0.0,0.0,0.0,0.0,0.0,24
11693,20,14424,0.0,0.0,0.0,0.0,0.0,0.0,24
11694,20,14423,0.0,0.0,0.0,0.0,0.0,0.0,24
11695,20,14422,0.0,0.0,0.0,0.0,0.0,0.0,24
11696,20,14421,0.0,0.0,0.0,0.0,0.0,0.0,24
11697,20,14420,0.0,0.0,0.0,0.0,0.0,0.0,24
11698,20,14500,0.0,0.0,0.0,0.0,0.0,0.0,24
11699,20,14418,0.0,0.0,0.0,0.0,0.0,0.0,24
11700,20,14417,0.0,0.0,0.0,0.0,0.0,0.0,24
11701,20,14416,0.0,0.0,0.0,0.0,0.0,0.0,24
11702,20,14415,0.0,0.0,0.0,0.0,0.0,0.0,24
11703,20,14414,0.0,0.0,0.0,0.0,0.0,0.0,24
11704,20,14413,0.0,0.0,0.0,0.0,0.0,0.0,24
11705,20,14412,0.0,0.0,0.0,0.0,0.0,0.0,24
11706,20,14411,0.0,0.0,0.0,0.0,0.0,0.0,24
11707,20,14410,0.0,0.0,0.0,0.0,0.0,0.0,24
11708,20,14409,0.0,0.0,0.0,0.0,0.0,0.0,24
11709,20,14408,0.0,0.0,0.0,0.0,0.0,0.0,24
11710,20,14407,0.0,0.0,0.0,0.0,0.0,0.0,24
11711,20,14406,0.0,0.0,0.0,0.0,0.0,0.0,24
11712,20,14577,0.0,0.0,0.0,0.0,0.0,0.0,24
11713,20,14592,0.0,0.0,0.0,0.0,0.0,0.0,24
11714,20,14591,0.0,0.0,0.0,0.0,0.0,0.0,24
11715,20,14590,0.0,0.0,0.0,0.0,0.0,0.0,24
11716,20,14589,0.0,0.0,0.0,0.0,0.0,0.0,24
11717,20,14588,0.0,0.0,0.0,0.0,0.0,0.0,24
11718,20,14586,0.0,0.0,0.0,0.0,0.0,0.0,24
11719,20,14585,0.0,0.0,0.0,0.0,0.0,0.0,24
11720,20,14584,0.0,0.0,0.0,0.0,0.0,0.0,24
11721,20,14583,0.0,0.0,0.0,0.0,0.0,0.0,24
11722,20,14582,0.0,0.0,0.0,0.0,0.0,0.0,24
11723,20,14581,0.0,0.0,0.0,0.0,0.0,0.0,24
11724,20,14580,0.0,0.0,0.0,0.0,0.0,0.0,24
11725,20,14579,0.0,0.0,0.0,0.0,0.0,0.0,24
11726,20,14578,0.0,0.0,0.0,0.0,0.0,0.0,24
11727,20,14593,0.0,0.0,0.0,0.0,0.0,0.0,24
11728,20,14576,0.0,0.0,0.0,0.0,0.0,0.0,24
11729,20,14575,0.0,0.0,0.0,0.0,0.0,0.0,24
11730,20,14574,0.0,0.0,0.0,0.0,0.0,0.0,24
11731,20,14573,0.0,0.0,0.0,0.0,0.0,0.0,24
11732,20,14572,0.0,0.0,0.0,0.0,0.0,0.0,24
11733,20,14571,0.0,0.0,0.0,0.0,0.0,0.0,24
11734,20,14570,0.0,0.0,0.0,0.0,0.0,0.0,24
11735,20,14568,0.0,0.0,0.0,0.0,0.0,0.0,24
11736,20,14567,0.0,0.0,0.0,0.0,0.0,0.0,24
11737,20,14566,0.0,0.0,0.0,0.0,0.0,0.0,24
11738,20,14565,0.0,0.0,0.0,0.0,0.0,0.0,24
11739,20,14564,0.0,0.0,0.0,0.0,0.0,0.0,24
11740,20,14563,0.0,0.0,0.0,0.0,0.0,0.0,24
11741,20,14608,0.0,0.0,0.0,0.0,0.0,0.0,24
11742,20,14623,0.0,0.0,0.0,0.0,0.0,0.0,24
11743,20,14622,0.0,0.0,0.0,0.0,0.0,0.0,24
11744,20,14620,0.0,0.0,0.0,0.0,0.0,0.0,24
11745,20,14619,0.0,0.0,0.0,0.0,0.0,0.0,24
11746,20,14618,0.0,0.0,0.0,0.0,0.0,0.0,24
11747,20,14617,0.0,0.0,0.0,0.0,0.0,0.0,24
11748,20,14616,0.0,0.0,0.0,0.0,0.0,0.0,24
11749,20,14615,0.0,0.0,0.0,0.0,0.0,0.0,24
11750,20,14614,0.0,0.0,0.0,0.0,0.0,0.0,24
11751,20,14613,0.0,0.0,0.0,0.0,0.0,0.0,24
11752,20,14612,0.0,0.0,0.0,0.0,0.0,0.0,24
11753,20,14611,0.0,0.0,0.0,0.0,0.0,0.0,24
11754,20,14610,0.0,0.0,0.0,0.0,0.0,0.0,24
11755,20,14609,0.0,0.0,0.0,0.0,0.0,0.0,24
11756,20,14562,0.0,0.0,0.0,0.0,0.0,0.0,24
11757,20,14607,0.0,0.0,0.0,0.0,0.0,0.0,24
11758,20,14606,0.0,0.0,0.0,0.0,0.0,0.0,24
11759,20,14605,0.0,0.0,0.0,0.0,0.0,0.0,24
11760,20,14604,0.0,0.0,0.0,0.0,0.0,0.0,24
11761,20,14603,0.0,0.0,0.0,0.0,0.0,0.0,24
11762,20,14602,0.0,0.0,0.0,0.0,0.0,0.0,24
11763,20,14601,0.0,0.0,0.0,0.0,0.0,0.0,24
11764,20,14600,0.0,0.0,0.0,0.0,0.0,0.0,24
11765,20,14599,0.0,0.0,0.0,0.0,0.0,0.0,24
11766,20,14598,0.0,0.0,0.0,0.0,0.0,0.0,24
11767,20,14597,0.0,0.0,0.0,0.0,0.0,0.0,24
11768,20,14596,0.0,0.0,0.0,0.0,0.0,0.0,24
11769,20,14594,0.0,0.0,0.0,0.0,0.0,0.0,24
11770,20,14516,0.0,0.0,0.0,0.0,0.0,0.0,24
11771,20,14531,0.0,0.0,0.0,0.0,0.0,0.0,24
11772,20,14530,0.0,0.0,0.0,0.0,0.0,0.0,24
11773,20,14529,0.0,0.0,0.0,0.0,0.0,0.0,24
11774,20,14528,0.0,0.0,0.0,0.0,0.0,0.0,24
11775,20,14527,0.0,0.0,0.0,0.0,0.0,0.0,24
11776,20,14526,0.0,0.0,0.0,0.0,0.0,0.0,24
11777,20,14524,0.0,0.0,0.0,0.0,0.0,0.0,24
11778,20,14523,0.0,0.0,0.0,0.0,0.0,0.0,24
11779,20,14522,0.0,0.0,0.0,0.0,0.0,0.0,24
11780,20,14521,0.0,0.0,0.0,0.0,0.0,0.0,24
11781,20,14520,0.0,0.0,0.0,0.0,0.0,0.0,24
11782,20,14519,0.0,0.0,0.0,0.0,0.0,0.0,24
11783,20,14518,0.0,0.0,0.0,0.0,0.0,0.0,24
11784,20,14517,0.0,0.0,0.0,0.0,0.0,0.0,24
11785,20,14532,0.0,0.0,0.0,0.0,0.0,0.0,24
11786,20,14515,0.0,0.0,0.0,0.0,0.0,0.0,24
11787,20,14514,0.0,0.0,0.0,0.0,0.0,0.0,24
11788,20,14513,0.0,0.0,0.0,0.0,0.0,0.0,24
11789,20,14512,0.0,0.0,0.0,0.0,0.0,0.0,24
11790,20,14511,0.0,0.0,0.0,0.0,0.0,0.0,24
11791,20,14510,0.0,0.0,0.0,0.0,0.0,0.0,24
11792,20,14509,0.0,0.0,0.0,0.0,0.0,0.0,24
11793,20,14508,0.0,0.0,0.0,0.0,0.0,0.0,24
11794,20,14507,0.0,0.0,0.0,0.0,0.0,0.0,24
11795,20,14506,0.0,0.0,0.0,0.0,0.0,0.0,24
11796,20,14505,0.0,0.0,0.0,0.0,0.0,0.0,24
11797,20,14502,0.0,0.0,0.0,0.0,0.0,0.0,24
11798,20,14501,0.0,0.0,0.0,0.0,0.0,0.0,24
11799,20,14547,0.0,0.0,0.0,0.0,0.0,0.0,24
11800,20,14561,0.0,0.0,0.0,0.0,0.0,0.0,24
11801,20,14560,0.0,0.0,0.0,0.0,0.0,0.0,24
11802,20,14559,0.0,0.0,0.0,0.0,0.0,0.0,24
11803,20,14558,0.0,0.0,0.0,0.0,0.0,0.0,24
11804,20,14557,0.0,0.0,0.0,0.0,0.0,0.0,24
11805,20,14556,0.0,0.0,0.0,0.0,0.0,0.0,24
11806,20,14555,0.0,0.0,0.0,0.0,0.0,0.0,24
11807,20,14554,0.0,0.0,0.0,0.0,0.0,0.0,24
11808,20,14553,0.0,0.0,0.0,0.0,0.0,0.0,24
11809,20,14552,0.0,0.0,0.0,0.0,0.0,0.0,24
11810,20,14551,0.0,0.0,0.0,0.0,0.0,0.0,24
11811,20,14550,0.0,0.0,0.0,0.0,0.0,0.0,24
11812,20,14549,0.0,0.0,0.0,0.0,0.0,0.0,24
11813,20,14548,0.0,0.0,0.0,0.0,0.0,0.0,24
11814,20,14872,0.0,0.0,0.0,0.0,0.0,0.0,24
11815,20,14546,0.0,0.0,0.0,0.0,0.0,0.0,24
11816,20,14545,0.0,0.0,0.0,0.0,0.0,0.0,24
11817,20,14544,0.0,0.0,0.0,0.0,0.0,0.0,24
11818,20,14543,0.0,0.0,0.0,0.0,0.0,0.0,24
11819,20,14542,0.0,0.0,0.0,0.0,0.0,0.0,24
11820,20,14541,0.0,0.0,0.0,0.0,0.0,0.0,24
11821,20,14540,0.0,0.0,0.0,0.0,0.0,0.0,24
11822,20,14539,0.0,0.0,0.0,0.0,0.0,0.0,24
11823,20,14538,0.0,0.0,0.0,0.0,0.0,0.0,24
11824,20,14537,0.0,0.0,0.0,0.0,0.0,0.0,24
11825,20,14536,0.0,0.0,0.0,0.0,0.0,0.0,24
11826,20,14534,0.0,0.0,0.0,0.0,0.0,0.0,24
11827,20,14533,0.0,0.0,0.0,0.0,0.0,0.0,24
11828,20,15204,0.0,0.0,0.0,0.0,0.0,0.0,24
11829,20,15218,0.0,0.0,0.0,0.0,0.0,0.0,24
11830,20,15217,0.0,0.0,0.0,0.0,0.0,0.0,24
11831,20,15216,0.0,0.0,0.0,0.0,0.0,0.0,24
11832,20,15215,0.0,0.0,0.0,0.0,0.0,0.0,24
11833,20,15214,0.0,0.0,0.0,0.0,0.0,0.0,24
11834,20,15213,0.0,0.0,0.0,0.0,0.0,0.0,24
11835,20,15212,0.0,0.0,0.0,0.0,0.0,0.0,24
11836,20,15211,0.0,0.0,0.0,0.0,0.0,0.0,24
11837,20,15210,0.0,0.0,0.0,0.0,0.0,0.0,24
11838,20,15209,0.0,0.0,0.0,0.0,0.0,0.0,24
11839,20,15208,0.0,0.0,0.0,0.0,0.0,0.0,24
11840,20,15207,0.0,0.0,0.0,0.0,0.0,0.0,24
11841,20,15206,0.0,0.0,0.0,0.0,0.0,0.0,24
11842,20,15205,0.0,0.0,0.0,0.0,0.0,0.0,24
11843,20,15219,0.0,0.0,0.0,0.0,0.0,0.0,24
11844,20,15203,0.0,0.0,0.0,0.0,0.0,0.0,24
11845,20,15202,0.0,0.0,0.0,0.0,0.0,0.0,24
11846,20,15201,0.0,0.0,0.0,0.0,0.0,0.0,24
11847,20,15200,0.0,0.0,0.0,0.0,0.0,0.0,24
11848,20,15199,0.0,0.0,0.0,0.0,0.0,0.0,24
11849,20,15198,0.0,0.0,0.0,0.0,0.0,0.0,24
11850,20,15197,0.0,0.0,0.0,0.0,0.0,0.0,24
11851,20,15196,0.0,0.0,0.0,0.0,0.0,0.0,24
11852,20,15195,0.0,0.0,0.0,0.0,0.0,0.0,24
11853,20,15194,0.0,0.0,0.0,0.0,0.0,0.0,24
11854,20,15193,0.0,0.0,0.0,0.0,0.0,0.0,24
11855,20,15192,0.0,0.0,0.0,0.0,0.0,0.0,24
11856,20,15191,0.0,0.0,0.0,0.0,0.0,0.0,24
11857,20,15233,0.0,0.0,0.0,0.0,0.0,0.0,24
11858,20,15250,0.0,0.0,0.0,0.0,0.0,0.0,24
11859,20,15249,0.0,0.0,0.0,0.0,0.0,0.0,24
11860,20,15248,0.0,0.0,0.0,0.0,0.0,0.0,24
11861,20,15246,0.0,0.0,0.0,0.0,0.0,0.0,24
11862,20,15245,0.0,0.0,0.0,0.0,0.0,0.0,24
11863,20,15244,0.0,0.0,0.0,0.0,0.0,0.0,24
11864,20,15243,0.0,0.0,0.0,0.0,0.0,0.0,24
11865,20,15242,0.0,0.0,0.0,0.0,0.0,0.0,24
11866,20,15241,0.0,0.0,0.0,0.0,0.0,0.0,24
11867,20,15240,0.0,0.0,0.0,0.0,0.0,0.0,24
11868,20,15237,0.0,0.0,0.0,0.0,0.0,0.0,24
11869,20,15236,0.0,0.0,0.0,0.0,0.0,0.0,24
11870,20,15235,0.0,0.0,0.0,0.0,0.0,0.0,24
11871,20,15234,0.0,0.0,0.0,0.0,0.0,0.0,24
11872,20,15189,0.0,0.0,0.0,0.0,0.0,0.0,24
11873,20,15232,0.0,0.0,0.0,0.0,0.0,0.0,24
11874,20,15231,0.0,0.0,0.0,0.0,0.0,0.0,24
11875,20,15230,0.0,0.0,0.0,0.0,0.0,0.0,24
11876,20,15229,0.0,0.0,0.0,0.0,0.0,0.0,24
11877,20,15228,0.0,0.0,0.0,0.0,0.0,0.0,24
11878,20,15227,0.0,0.0,0.0,0.0,0.0,0.0,24
11879,20,15226,0.0,0.0,0.0,0.0,0.0,0.0,24
11880,20,15225,0.0,0.0,0.0,0.0,0.0,0.0,24
11881,20,15224,0.0,0.0,0.0,0.0,0.0,0.0,24
11882,20,15223,0.0,0.0,0.0,0.0,0.0,0.0,24
11883,20,15222,0.0,0.0,0.0,0.0,0.0,0.0,24
11884,20,15221,0.0,0.0,0.0,0.0,0.0,0.0,24
11885,20,15220,0.0,0.0,0.0,0.0,0.0,0.0,24
11886,20,15142,0.0,0.0,0.0,0.0,0.0,0.0,24
11887,20,15156,0.0,0.0,0.0,0.0,0.0,0.0,24
11888,20,15155,0.0,0.0,0.0,0.0,0.0,0.0,24
11889,20,15154,0.0,0.0,0.0,0.0,0.0,0.0,24
11890,20,15153,0.0,0.0,0.0,0.0,0.0,0.0,24
11891,20,15152,0.0,0.0,0.0,0.0,0.0,0.0,24
11892,20,15151,0.0,0.0,0.0,0.0,0.0,0.0,24
11893,20,15150,0.0,0.0,0.0,0.0,0.0,0.0,24
11894,20,15149,0.0,0.0,0.0,0.0,0.0,0.0,24
11895,20,15148,0.0,0.0,0.0,0.0,0.0,0.0,24
11896,20,15147,0.0,0.0,0.0,0.0,0.0,0.0,24
11897,20,15146,0.0,0.0,0.0,0.0,0.0,0.0,24
11898,20,15145,0.0,0.0,0.0,0.0,0.0,0.0,24
11899,20,15144,0.0,0.0,0.0,0.0,0.0,0.0,24
11900,20,15143,0.0,0.0,0.0,0.0,0.0,0.0,24
11901,20,15157,0.0,0.0,0.0,0.0,0.0,0.0,24
11902,20,15141,0.0,0.0,0.0,0.0,0.0,0.0,24
11903,20,15139,0.0,0.0,0.0,0.0,0.0,0.0,24
11904,20,15137,0.0,0.0,0.0,0.0,0.0,0.0,24
11905,20,15135,0.0,0.0,0.0,0.0,0.0,0.0,24
11906,20,15134,0.0,0.0,0.0,0.0,0.0,0.0,24
11907,20,15133,0.0,0.0,0.0,0.0,0.0,0.0,24
11908,20,15132,0.0,0.0,0.0,0.0,0.0,0.0,24
11909,20,15131,0.0,0.0,0.0,0.0,0.0,0.0,24
11910,20,15130,0.0,0.0,0.0,0.0,0.0,0.0,24
11911,20,15129,0.0,0.0,0.0,0.0,0.0,0.0,24
11912,20,15128,0.0,0.0,0.0,0.0,0.0,0.0,24
11913,20,15127,0.0,0.0,0.0,0.0,0.0,0.0,24
11914,20,15126,0.0,0.0,0.0,0.0,0.0,0.0,24
11915,20,15172,0.0,0.0,0.0,0.0,0.0,0.0,24
11916,20,15188,0.0,0.0,0.0,0.0,0.0,0.0,24
11917,20,15187,0.0,0.0,0.0,0.0,0.0,0.0,24
11918,20,15186,0.0,0.0,0.0,0.0,0.0,0.0,24
11919,20,15184,0.0,0.0,0.0,0.0,0.0,0.0,24
11920,20,15183,0.0,0.0,0.0,0.0,0.0,0.0,24
11921,20,15182,0.0,0.0,0.0,0.0,0.0,0.0,24
11922,20,15181,0.0,0.0,0.0,0.0,0.0,0.0,24
11923,20,15180,0.0,0.0,0.0,0.0,0.0,0.0,24
11924,20,15178,0.0,0.0,0.0,0.0,0.0,0.0,24
11925,20,15177,0.0,0.0,0.0,0.0,0.0,0.0,24
11926,20,15176,0.0,0.0,0.0,0.0,0.0,0.0,24
11927,20,15175,0.0,0.0,0.0,0.0,0.0,0.0,24
11928,20,15174,0.0,0.0,0.0,0.0,0.0,0.0,24
11929,20,15173,0.0,0.0,0.0,0.0,0.0,0.0,24
11930,20,15251,0.0,0.0,0.0,0.0,0.0,0.0,24
11931,20,15171,0.0,0.0,0.0,0.0,0.0,0.0,24
11932,20,15170,0.0,0.0,0.0,0.0,0.0,0.0,24
11933,20,15168,0.0,0.0,0.0,0.0,0.0,0.0,24
11934,20,15167,0.0,0.0,0.0,0.0,0.0,0.0,24
11935,20,15166,0.0,0.0,0.0,0.0,0.0,0.0,24
11936,20,15165,0.0,0.0,0.0,0.0,0.0,0.0,24
11937,20,15164,0.0,0.0,0.0,0.0,0.0,0.0,24
11938,20,15163,0.0,0.0,0.0,0.0,0.0,0.0,24
11939,20,15162,0.0,0.0,0.0,0.0,0.0,0.0,24
11940,20,15161,0.0,0.0,0.0,0.0,0.0,0.0,24
11941,20,15160,0.0,0.0,0.0,0.0,0.0,0.0,24
11942,20,15159,0.0,0.0,0.0,0.0,0.0,0.0,24
11943,20,15158,0.0,0.0,0.0,0.0,0.0,0.0,24
11944,20,15326,0.0,0.0,0.0,0.0,0.0,0.0,24
11945,20,15341,0.0,0.0,0.0,0.0,0.0,0.0,24
11946,20,15339,0.0,0.0,0.0,0.0,0.0,0.0,24
11947,20,15338,0.0,0.0,0.0,0.0,0.0,0.0,24
11948,20,15337,0.0,0.0,0.0,0.0,0.0,0.0,24
11949,20,15336,0.0,0.0,0.0,0.0,0.0,0.0,24
11950,20,15335,0.0,0.0,0.0,0.0,0.0,0.0,24
11951,20,15334,0.0,0.0,0.0,0.0,0.0,0.0,24
11952,20,15333,0.0,0.0,0.0,0.0,0.0,0.0,24
11953,20,15332,0.0,0.0,0.0,0.0,0.0,0.0,24
11954,20,15331,0.0,0.0,0.0,0.0,0.0,0.0,24
11955,20,15330,0.0,0.0,0.0,0.0,0.0,0.0,24
11956,20,15329,0.0,0.0,0.0,0.0,0.0,0.0,24
11957,20,15328,0.0,0.0,0.0,0.0,0.0,0.0,24
11958,20,15327,0.0,0.0,0.0,0.0,0.0,0.0,24
11959,20,15342,0.0,0.0,0.0,0.0,0.0,0.0,24
11960,20,15325,0.0,0.0,0.0,0.0,0.0,0.0,24
11961,20,15324,0.0,0.0,0.0,0.0,0.0,0.0,24
11962,20,15323,0.0,0.0,0.0,0.0,0.0,0.0,24
11963,20,15322,0.0,0.0,0.0,0.0,0.0,0.0,24
11964,20,15321,0.0,0.0,0.0,0.0,0.0,0.0,24
11965,20,15320,0.0,0.0,0.0,0.0,0.0,0.0,24
11966,20,15319,0.0,0.0,0.0,0.0,0.0,0.0,24
11967,20,15318,0.0,0.0,0.0,0.0,0.0,0.0,24
11968,20,15317,0.0,0.0,0.0,0.0,0.0,0.0,24
11969,20,15316,0.0,0.0,0.0,0.0,0.0,0.0,24
11970,20,15315,0.0,0.0,0.0,0.0,0.0,0.0,24
11971,20,15314,0.0,0.0,0.0,0.0,0.0,0.0,24
11972,20,15313,0.0,0.0,0.0,0.0,0.0,0.0,24
11973,20,15359,0.0,0.0,0.0,0.0,0.0,0.0,24
11974,20,15375,0.0,0.0,0.0,0.0,0.0,0.0,24
11975,20,15374,0.0,0.0,0.0,0.0,0.0,0.0,24
11976,20,15373,0.0,0.0,0.0,0.0,0.0,0.0,24
11977,20,15372,0.0,0.0,0.0,0.0,0.0,0.0,24
11978,20,15371,0.0,0.0,0.0,0.0,0.0,0.0,24
11979,20,15369,0.0,0.0,0.0,0.0,0.0,0.0,24
11980,20,15367,0.0,0.0,0.0,0.0,0.0,0.0,24
11981,20,15366,0.0,0.0,0.0,0.0,0.0,0.0,24
11982,20,15365,0.0,0.0,0.0,0.0,0.0,0.0,24
11983,20,15364,0.0,0.0,0.0,0.0,0.0,0.0,24
11984,20,15363,0.0,0.0,0.0,0.0,0.0,0.0,24
11985,20,15362,0.0,0.0,0.0,0.0,0.0,0.0,24
11986,20,15361,0.0,0.0,0.0,0.0,0.0,0.0,24
11987,20,15360,0.0,0.0,0.0,0.0,0.0,0.0,24
11988,20,15312,0.0,0.0,0.0,0.0,0.0,0.0,24
11989,20,15357,0.0,0.0,0.0,0.0,0.0,0.0,24
11990,20,15356,0.0,0.0,0.0,0.0,0.0,0.0,24
11991,20,15355,0.0,0.0,0.0,0.0,0.0,0.0,24
11992,20,15354,0.0,0.0,0.0,0.0,0.0,0.0,24
11993,20,15353,0.0,0.0,0.0,0.0,0.0,0.0,24
11994,20,15352,0.0,0.0,0.0,0.0,0.0,0.0,24
11995,20,15351,0.0,0.0,0.0,0.0,0.0,0.0,24
11996,20,15349,0.0,0.0,0.0,0.0,0.0,0.0,24
11997,20,15348,0.0,0.0,0.0,0.0,0.0,0.0,24
11998,20,15347,0.0,0.0,0.0,0.0,0.0,0.0,24
11999,20,15346,0.0,0.0,0.0,0.0,0.0,0.0,24
12000,20,15345,0.0,0.0,0.0,0.0,0.0,0.0,24
12001,20,15343,0.0,0.0,0.0,0.0,0.0,0.0,24
12002,20,15267,0.0,0.0,0.0,0.0,0.0,0.0,24
12003,20,15281,0.0,0.0,0.0,0.0,0.0,0.0,24
12004,20,15280,0.0,0.0,0.0,0.0,0.0,0.0,24
12005,20,15279,0.0,0.0,0.0,0.0,0.0,0.0,24
12006,20,15278,0.0,0.0,0.0,0.0,0.0,0.0,24
12007,20,15277,0.0,0.0,0.0,0.0,0.0,0.0,24
12008,20,15276,0.0,0.0,0.0,0.0,0.0,0.0,24
12009,20,15275,0.0,0.0,0.0,0.0,0.0,0.0,24
12010,20,15274,0.0,0.0,0.0,0.0,0.0,0.0,24
12011,20,15273,0.0,0.0,0.0,0.0,0.0,0.0,24
12012,20,15272,0.0,0.0,0.0,0.0,0.0,0.0,24
12013,20,15271,0.0,0.0,0.0,0.0,0.0,0.0,24
12014,20,15270,0.0,0.0,0.0,0.0,0.0,0.0,24
12015,20,15269,0.0,0.0,0.0,0.0,0.0,0.0,24
12016,20,15268,0.0,0.0,0.0,0.0,0.0,0.0,24
12017,20,15282,0.0,0.0,0.0,0.0,0.0,0.0,24
12018,20,15266,0.0,0.0,0.0,0.0,0.0,0.0,24
12019,20,15265,0.0,0.0,0.0,0.0,0.0,0.0,24
12020,20,15264,0.0,0.0,0.0,0.0,0.0,0.0,24
12021,20,15262,0.0,0.0,0.0,0.0,0.0,0.0,24
12022,20,15261,0.0,0.0,0.0,0.0,0.0,0.0,24
12023,20,15260,0.0,0.0,0.0,0.0,0.0,0.0,24
12024,20,15259,0.0,0.0,0.0,0.0,0.0,0.0,24
12025,20,15257,0.0,0.0,0.0,0.0,0.0,0.0,24
12026,20,15256,0.0,0.0,0.0,0.0,0.0,0.0,24
12027,20,15255,0.0,0.0,0.0,0.0,0.0,0.0,24
12028,20,15254,0.0,0.0,0.0,0.0,0.0,0.0,24
12029,20,15253,0.0,0.0,0.0,0.0,0.0,0.0,24
12030,20,15252,0.0,0.0,0.0,0.0,0.0,0.0,24
12031,20,15297,0.0,0.0,0.0,0.0,0.0,0.0,24
12032,20,15311,0.0,0.0,0.0,0.0,0.0,0.0,24
12033,20,15310,0.0,0.0,0.0,0.0,0.0,0.0,24
12034,20,15309,0.0,0.0,0.0,0.0,0.0,0.0,24
12035,20,15308,0.0,0.0,0.0,0.0,0.0,0.0,24
12036,20,15307,0.0,0.0,0.0,0.0,0.0,0.0,24
12037,20,15306,0.0,0.0,0.0,0.0,0.0,0.0,24
12038,20,15305,0.0,0.0,0.0,0.0,0.0,0.0,24
12039,20,15304,0.0,0.0,0.0,0.0,0.0,0.0,24
12040,20,15303,0.0,0.0,0.0,0.0,0.0,0.0,24
12041,20,15302,0.0,0.0,0.0,0.0,0.0,0.0,24
12042,20,15301,0.0,0.0,0.0,0.0,0.0,0.0,24
12043,20,15300,0.0,0.0,0.0,0.0,0.0,0.0,24
12044,20,15299,0.0,0.0,0.0,0.0,0.0,0.0,24
12045,20,15298,0.0,0.0,0.0,0.0,0.0,0.0,24
12046,20,15125,0.0,0.0,0.0,0.0,0.0,0.0,24
12047,20,15296,0.0,0.0,0.0,0.0,0.0,0.0,24
12048,20,15295,0.0,0.0,0.0,0.0,0.0,0.0,24
12049,20,15294,0.0,0.0,0.0,0.0,0.0,0.0,24
12050,20,15293,0.0,0.0,0.0,0.0,0.0,0.0,24
12051,20,15292,0.0,0.0,0.0,0.0,0.0,0.0,24
12052,20,15291,0.0,0.0,0.0,0.0,0.0,0.0,24
12053,20,15289,0.0,0.0,0.0,0.0,0.0,0.0,24
12054,20,15288,0.0,0.0,0.0,0.0,0.0,0.0,24
12055,20,15287,0.0,0.0,0.0,0.0,0.0,0.0,24
12056,20,15286,0.0,0.0,0.0,0.0,0.0,0.0,24
12057,20,15285,0.0,0.0,0.0,0.0,0.0,0.0,24
12058,20,15284,0.0,0.0,0.0,0.0,0.0,0.0,24
12059,20,15283,0.0,0.0,0.0,0.0,0.0,0.0,24
12060,20,14952,0.0,0.0,0.0,0.0,0.0,0.0,24
12061,20,14968,0.0,0.0,0.0,0.0,0.0,0.0,24
12062,20,14967,0.0,0.0,0.0,0.0,0.0,0.0,24
12063,20,14966,0.0,0.0,0.0,0.0,0.0,0.0,24
12064,20,14965,0.0,0.0,0.0,0.0,0.0,0.0,24
12065,20,14963,0.0,0.0,0.0,0.0,0.0,0.0,24
12066,20,14962,0.0,0.0,0.0,0.0,0.0,0.0,24
12067,20,14961,0.0,0.0,0.0,0.0,0.0,0.0,24
12068,20,14960,0.0,0.0,0.0,0.0,0.0,0.0,24
12069,20,14958,0.0,0.0,0.0,0.0,0.0,0.0,24
12070,20,14957,0.0,0.0,0.0,0.0,0.0,0.0,24
12071,20,14956,0.0,0.0,0.0,0.0,0.0,0.0,24
12072,20,14955,0.0,0.0,0.0,0.0,0.0,0.0,24
12073,20,14954,0.0,0.0,0.0,0.0,0.0,0.0,24
12074,20,14953,0.0,0.0,0.0,0.0,0.0,0.0,24
12075,20,14969,0.0,0.0,0.0,0.0,0.0,0.0,24
12076,20,14950,0.0,0.0,0.0,0.0,0.0,0.0,24
12077,20,14949,0.0,0.0,0.0,0.0,0.0,0.0,24
12078,20,14947,0.0,0.0,0.0,0.0,0.0,0.0,24
12079,20,14946,0.0,0.0,0.0,0.0,0.0,0.0,24
12080,20,14945,0.0,0.0,0.0,0.0,0.0,0.0,24
12081,20,14944,0.0,0.0,0.0,0.0,0.0,0.0,24
12082,20,14943,0.0,0.0,0.0,0.0,0.0,0.0,24
12083,20,14942,0.0,0.0,0.0,0.0,0.0,0.0,24
12084,20,14941,0.0,0.0,0.0,0.0,0.0,0.0,24
12085,20,14940,0.0,0.0,0.0,0.0,0.0,0.0,24
12086,20,14939,0.0,0.0,0.0,0.0,0.0,0.0,24
12087,20,14938,0.0,0.0,0.0,0.0,0.0,0.0,24
12088,20,14937,0.0,0.0,0.0,0.0,0.0,0.0,24
12089,20,14983,0.0,0.0,0.0,0.0,0.0,0.0,24
12090,20,14999,0.0,0.0,0.0,0.0,0.0,0.0,24
12091,20,14998,0.0,0.0,0.0,0.0,0.0,0.0,24
12092,20,14997,0.0,0.0,0.0,0.0,0.0,0.0,24
12093,20,14996,0.0,0.0,0.0,0.0,0.0,0.0,24
12094,20,14994,0.0,0.0,0.0,0.0,0.0,0.0,24
12095,20,14993,0.0,0.0,0.0,0.0,0.0,0.0,24
12096,20,14992,0.0,0.0,0.0,0.0,0.0,0.0,24
12097,20,14990,0.0,0.0,0.0,0.0,0.0,0.0,24
12098,20,14989,0.0,0.0,0.0,0.0,0.0,0.0,24
12099,20,14988,0.0,0.0,0.0,0.0,0.0,0.0,24
12100,20,14987,0.0,0.0,0.0,0.0,0.0,0.0,24
12101,20,14986,0.0,0.0,0.0,0.0,0.0,0.0,24
12102,20,14985,0.0,0.0,0.0,0.0,0.0,0.0,24
12103,20,14984,0.0,0.0,0.0,0.0,0.0,0.0,24
12104,20,14936,0.0,0.0,0.0,0.0,0.0,0.0,24
12105,20,14982,0.0,0.0,0.0,0.0,0.0,0.0,24
12106,20,14981,0.0,0.0,0.0,0.0,0.0,0.0,24
12107,20,14980,0.0,0.0,0.0,0.0,0.0,0.0,24
12108,20,14979,0.0,0.0,0.0,0.0,0.0,0.0,24
12109,20,14978,0.0,0.0,0.0,0.0,0.0,0.0,24
12110,20,14977,0.0,0.0,0.0,0.0,0.0,0.0,24
12111,20,14976,0.0,0.0,0.0,0.0,0.0,0.0,24
12112,20,14975,0.0,0.0,0.0,0.0,0.0,0.0,24
12113,20,14974,0.0,0.0,0.0,0.0,0.0,0.0,24
12114,20,14973,0.0,0.0,0.0,0.0,0.0,0.0,24
12115,20,14972,0.0,0.0,0.0,0.0,0.0,0.0,24
12116,20,14971,0.0,0.0,0.0,0.0,0.0,0.0,24
12117,20,14970,0.0,0.0,0.0,0.0,0.0,0.0,24
12118,20,14890,0.0,0.0,0.0,0.0,0.0,0.0,24
12119,20,14905,0.0,0.0,0.0,0.0,0.0,0.0,24
12120,20,14903,0.0,0.0,0.0,0.0,0.0,0.0,24
12121,20,14902,0.0,0.0,0.0,0.0,0.0,0.0,24
12122,20,14901,0.0,0.0,0.0,0.0,0.0,0.0,24
12123,20,14900,0.0,0.0,0.0,0.0,0.0,0.0,24
12124,20,14899,0.0,0.0,0.0,0.0,0.0,0.0,24
12125,20,14898,0.0,0.0,0.0,0.0,0.0,0.0,24
12126,20,14897,0.0,0.0,0.0,0.0,0.0,0.0,24
12127,20,14896,0.0,0.0,0.0,0.0,0.0,0.0,24
12128,20,14895,0.0,0.0,0.0,0.0,0.0,0.0,24
12129,20,14894,0.0,0.0,0.0,0.0,0.0,0.0,24
12130,20,14893,0.0,0.0,0.0,0.0,0.0,0.0,24
12131,20,14892,0.0,0.0,0.0,0.0,0.0,0.0,24
12132,20,14891,0.0,0.0,0.0,0.0,0.0,0.0,24
12133,20,14906,0.0,0.0,0.0,0.0,0.0,0.0,24
12134,20,14888,0.0,0.0,0.0,0.0,0.0,0.0,24
12135,20,14887,0.0,0.0,0.0,0.0,0.0,0.0,24
12136,20,14886,0.0,0.0,0.0,0.0,0.0,0.0,24
12137,20,14885,0.0,0.0,0.0,0.0,0.0,0.0,24
12138,20,14883,0.0,0.0,0.0,0.0,0.0,0.0,24
12139,20,14882,0.0,0.0,0.0,0.0,0.0,0.0,24
12140,20,14881,0.0,0.0,0.0,0.0,0.0,0.0,24
12141,20,14880,0.0,0.0,0.0,0.0,0.0,0.0,24
12142,20,14879,0.0,0.0,0.0,0.0,0.0,0.0,24
12143,20,14877,0.0,0.0,0.0,0.0,0.0,0.0,24
12144,20,14875,0.0,0.0,0.0,0.0,0.0,0.0,24
12145,20,14874,0.0,0.0,0.0,0.0,0.0,0.0,24
12146,20,14873,0.0,0.0,0.0,0.0,0.0,0.0,24
12147,20,14921,0.0,0.0,0.0,0.0,0.0,0.0,24
12148,20,14935,0.0,0.0,0.0,0.0,0.0,0.0,24
12149,20,14934,0.0,0.0,0.0,0.0,0.0,0.0,24
12150,20,14933,0.0,0.0,0.0,0.0,0.0,0.0,24
12151,20,14932,0.0,0.0,0.0,0.0,0.0,0.0,24
12152,20,14931,0.0,0.0,0.0,0.0,0.0,0.0,24
12153,20,14930,0.0,0.0,0.0,0.0,0.0,0.0,24
12154,20,14929,0.0,0.0,0.0,0.0,0.0,0.0,24
12155,20,14928,0.0,0.0,0.0,0.0,0.0,0.0,24
12156,20,14927,0.0,0.0,0.0,0.0,0.0,0.0,24
12157,20,14926,0.0,0.0,0.0,0.0,0.0,0.0,24
12158,20,14925,0.0,0.0,0.0,0.0,0.0,0.0,24
12159,20,14924,0.0,0.0,0.0,0.0,0.0,0.0,24
12160,20,14923,0.0,0.0,0.0,0.0,0.0,0.0,24
12161,20,14922,0.0,0.0,0.0,0.0,0.0,0.0,24
12162,20,15000,0.0,0.0,0.0,0.0,0.0,0.0,24
12163,20,14920,0.0,0.0,0.0,0.0,0.0,0.0,24
12164,20,14919,0.0,0.0,0.0,0.0,0.0,0.0,24
12165,20,14918,0.0,0.0,0.0,0.0,0.0,0.0,24
12166,20,14917,0.0,0.0,0.0,0.0,0.0,0.0,24
12167,20,14916,0.0,0.0,0.0,0.0,0.0,0.0,24
12168,20,14915,0.0,0.0,0.0,0.0,0.0,0.0,24
12169,20,14914,0.0,0.0,0.0,0.0,0.0,0.0,24
12170,20,14913,0.0,0.0,0.0,0.0,0.0,0.0,24
12171,20,14912,0.0,0.0,0.0,0.0,0.0,0.0,24
12172,20,14911,0.0,0.0,0.0,0.0,0.0,0.0,24
12173,20,14909,0.0,0.0,0.0,0.0,0.0,0.0,24
12174,20,14908,0.0,0.0,0.0,0.0,0.0,0.0,24
12175,20,14907,0.0,0.0,0.0,0.0,0.0,0.0,24
12176,20,15079,0.0,0.0,0.0,0.0,0.0,0.0,24
12177,20,15093,0.0,0.0,0.0,0.0,0.0,0.0,24
12178,20,15092,0.0,0.0,0.0,0.0,0.0,0.0,24
12179,20,15091,0.0,0.0,0.0,0.0,0.0,0.0,24
12180,20,15090,0.0,0.0,0.0,0.0,0.0,0.0,24
12181,20,15089,0.0,0.0,0.0,0.0,0.0,0.0,24
12182,20,15088,0.0,0.0,0.0,0.0,0.0,0.0,24
12183,20,15087,0.0,0.0,0.0,0.0,0.0,0.0,24
12184,20,15086,0.0,0.0,0.0,0.0,0.0,0.0,24
12185,20,15085,0.0,0.0,0.0,0.0,0.0,0.0,24
12186,20,15084,0.0,0.0,0.0,0.0,0.0,0.0,24
12187,20,15083,0.0,0.0,0.0,0.0,0.0,0.0,24
12188,20,15082,0.0,0.0,0.0,0.0,0.0,0.0,24
12189,20,15081,0.0,0.0,0.0,0.0,0.0,0.0,24
12190,20,15080,0.0,0.0,0.0,0.0,0.0,0.0,24
12191,20,15094,0.0,0.0,0.0,0.0,0.0,0.0,24
12192,20,15078,0.0,0.0,0.0,0.0,0.0,0.0,24
12193,20,15076,0.0,0.0,0.0,0.0,0.0,0.0,24
12194,20,15075,0.0,0.0,0.0,0.0,0.0,0.0,24
12195,20,15074,0.0,0.0,0.0,0.0,0.0,0.0,24
12196,20,15073,0.0,0.0,0.0,0.0,0.0,0.0,24
12197,20,15072,0.0,0.0,0.0,0.0,0.0,0.0,24
12198,20,15071,0.0,0.0,0.0,0.0,0.0,0.0,24
12199,20,15070,0.0,0.0,0.0,0.0,0.0,0.0,24
12200,20,15069,0.0,0.0,0.0,0.0,0.0,0.0,24
12201,20,15068,0.0,0.0,0.0,0.0,0.0,0.0,24
12202,20,15067,0.0,0.0,0.0,0.0,0.0,0.0,24
12203,20,15066,0.0,0.0,0.0,0.0,0.0,0.0,24
12204,20,15065,0.0,0.0,0.0,0.0,0.0,0.0,24
12205,20,15108,0.0,0.0,0.0,0.0,0.0,0.0,24
12206,20,15124,0.0,0.0,0.0,0.0,0.0,0.0,24
12207,20,15123,0.0,0.0,0.0,0.0,0.0,0.0,24
12208,20,15122,0.0,0.0,0.0,0.0,0.0,0.0,24
12209,20,15121,0.0,0.0,0.0,0.0,0.0,0.0,24
12210,20,15119,0.0,0.0,0.0,0.0,0.0,0.0,24
12211,20,15118,0.0,0.0,0.0,0.0,0.0,0.0,24
12212,20,15117,0.0,0.0,0.0,0.0,0.0,0.0,24
12213,20,15116,0.0,0.0,0.0,0.0,0.0,0.0,24
12214,20,15115,0.0,0.0,0.0,0.0,0.0,0.0,24
12215,20,15114,0.0,0.0,0.0,0.0,0.0,0.0,24
12216,20,15113,0.0,0.0,0.0,0.0,0.0,0.0,24
12217,20,15111,0.0,0.0,0.0,0.0,0.0,0.0,24
12218,20,15110,0.0,0.0,0.0,0.0,0.0,0.0,24
12219,20,15109,0.0,0.0,0.0,0.0,0.0,0.0,24
12220,20,15064,0.0,0.0,0.0,0.0,0.0,0.0,24
12221,20,15107,0.0,0.0,0.0,0.0,0.0,0.0,24
12222,20,15106,0.0,0.0,0.0,0.0,0.0,0.0,24
12223,20,15105,0.0,0.0,0.0,0.0,0.0,0.0,24
12224,20,15104,0.0,0.0,0.0,0.0,0.0,0.0,24
12225,20,15103,0.0,0.0,0.0,0.0,0.0,0.0,24
12226,20,15102,0.0,0.0,0.0,0.0,0.0,0.0,24
12227,20,15101,0.0,0.0,0.0,0.0,0.0,0.0,24
12228,20,15100,0.0,0.0,0.0,0.0,0.0,0.0,24
12229,20,15099,0.0,0.0,0.0,0.0,0.0,0.0,24
12230,20,15098,0.0,0.0,0.0,0.0,0.0,0.0,24
12231,20,15097,0.0,0.0,0.0,0.0,0.0,0.0,24
12232,20,15096,0.0,0.0,0.0,0.0,0.0,0.0,24
12233,20,15095,0.0,0.0,0.0,0.0,0.0,0.0,24
12234,20,15016,0.0,0.0,0.0,0.0,0.0,0.0,24
12235,20,15031,0.0,0.0,0.0,0.0,0.0,0.0,24
12236,20,15030,0.0,0.0,0.0,0.0,0.0,0.0,24
12237,20,15029,0.0,0.0,0.0,0.0,0.0,0.0,24
12238,20,15028,0.0,0.0,0.0,0.0,0.0,0.0,24
12239,20,15027,0.0,0.0,0.0,0.0,0.0,0.0,24
12240,20,15025,0.0,0.0,0.0,0.0,0.0,0.0,24
12241,20,15024,0.0,0.0,0.0,0.0,0.0,0.0,24
12242,20,15023,0.0,0.0,0.0,0.0,0.0,0.0,24
12243,20,15022,0.0,0.0,0.0,0.0,0.0,0.0,24
12244,20,15021,0.0,0.0,0.0,0.0,0.0,0.0,24
12245,20,15020,0.0,0.0,0.0,0.0,0.0,0.0,24
12246,20,15019,0.0,0.0,0.0,0.0,0.0,0.0,24
12247,20,15018,0.0,0.0,0.0,0.0,0.0,0.0,24
12248,20,15017,0.0,0.0,0.0,0.0,0.0,0.0,24
12249,20,15032,0.0,0.0,0.0,0.0,0.0,0.0,24
12250,20,15015,0.0,0.0,0.0,0.0,0.0,0.0,24
12251,20,15014,0.0,0.0,0.0,0.0,0.0,0.0,24
12252,20,15013,0.0,0.0,0.0,0.0,0.0,0.0,24
12253,20,15010,0.0,0.0,0.0,0.0,0.0,0.0,24
12254,20,15009,0.0,0.0,0.0,0.0,0.0,0.0,24
12255,20,15008,0.0,0.0,0.0,0.0,0.0,0.0,24
12256,20,15007,0.0,0.0,0.0,0.0,0.0,0.0,24
12257,20,15006,0.0,0.0,0.0,0.0,0.0,0.0,24
12258,20,15005,0.0,0.0,0.0,0.0,0.0,0.0,24
12259,20,15004,0.0,0.0,0.0,0.0,0.0,0.0,24
12260,20,15003,0.0,0.0,0.0,0.0,0.0,0.0,24
12261,20,15002,0.0,0.0,0.0,0.0,0.0,0.0,24
12262,20,15001,0.0,0.0,0.0,0.0,0.0,0.0,24
12263,20,15046,0.0,0.0,0.0,0.0,0.0,0.0,24
12264,20,15063,0.0,0.0,0.0,0.0,0.0,0.0,24
12265,20,15062,0.0,0.0,0.0,0.0,0.0,0.0,24
12266,20,15061,0.0,0.0,0.0,0.0,0.0,0.0,24
12267,20,15060,0.0,0.0,0.0,0.0,0.0,0.0,24
12268,20,15059,0.0,0.0,0.0,0.0,0.0,0.0,24
12269,20,15058,0.0,0.0,0.0,0.0,0.0,0.0,24
12270,20,15057,0.0,0.0,0.0,0.0,0.0,0.0,24
12271,20,15056,0.0,0.0,0.0,0.0,0.0,0.0,24
12272,20,15055,0.0,0.0,0.0,0.0,0.0,0.0,24
12273,20,15053,0.0,0.0,0.0,0.0,0.0,0.0,24
12274,20,15052,0.0,0.0,0.0,0.0,0.0,0.0,24
12275,20,15050,0.0,0.0,0.0,0.0,0.0,0.0,24
12276,20,15047,0.0,0.0,0.0,0.0,0.0,0.0,24
12277,20,12366,0.0,0.0,0.0,0.0,0.0,0.0,24
12278,20,15045,0.0,0.0,0.0,0.0,0.0,0.0,24
12279,20,15044,0.0,0.0,0.0,0.0,0.0,0.0,24
12280,20,15043,0.0,0.0,0.0,0.0,0.0,0.0,24
12281,20,15042,0.0,0.0,0.0,0.0,0.0,0.0,24
12282,20,15041,0.0,0.0,0.0,0.0,0.0,0.0,24
12283,20,15040,0.0,0.0,0.0,0.0,0.0,0.0,24
12284,20,15039,0.0,0.0,0.0,0.0,0.0,0.0,24
12285,20,15038,0.0,0.0,0.0,0.0,0.0,0.0,24
12286,20,15037,0.0,0.0,0.0,0.0,0.0,0.0,24
12287,20,15036,0.0,0.0,0.0,0.0,0.0,0.0,24
12288,20,15035,0.0,0.0,0.0,0.0,0.0,0.0,24
12289,20,15034,0.0,0.0,0.0,0.0,0.0,0.0,24
12290,20,15033,0.0,0.0,0.0,0.0,0.0,0.0,24
12291,20,9698,0.0,0.0,0.0,0.0,0.0,0.0,24
12292,20,9715,0.0,0.0,0.0,0.0,0.0,0.0,24
12293,20,9713,0.0,0.0,0.0,0.0,0.0,0.0,24
12294,20,9712,0.0,0.0,0.0,0.0,0.0,0.0,24
12295,20,9710,0.0,0.0,0.0,0.0,0.0,0.0,24
12296,20,9709,0.0,0.0,0.0,0.0,0.0,0.0,24
12297,20,9708,0.0,0.0,0.0,0.0,0.0,0.0,24
12298,20,9707,0.0,0.0,0.0,0.0,0.0,0.0,24
12299,20,9706,0.0,0.0,0.0,0.0,0.0,0.0,24
12300,20,9705,0.0,0.0,0.0,0.0,0.0,0.0,24
12301,20,9704,0.0,0.0,0.0,0.0,0.0,0.0,24
12302,20,9703,0.0,0.0,0.0,0.0,0.0,0.0,24
12303,20,9702,0.0,0.0,0.0,0.0,0.0,0.0,24
12304,20,9700,0.0,0.0,0.0,0.0,0.0,0.0,24
12305,20,9699,0.0,0.0,0.0,0.0,0.0,0.0,24
12306,20,9716,0.0,0.0,0.0,0.0,0.0,0.0,24
12307,20,9697,0.0,0.0,0.0,0.0,0.0,0.0,24
12308,20,9696,0.0,0.0,0.0,0.0,0.0,0.0,24
12309,20,9694,0.0,0.0,0.0,0.0,0.0,0.0,24
12310,20,9692,0.0,0.0,0.0,0.0,0.0,0.0,24
12311,20,9691,0.0,0.0,0.0,0.0,0.0,0.0,24
12312,20,9690,0.0,0.0,0.0,0.0,0.0,0.0,24
12313,20,9689,0.0,0.0,0.0,0.0,0.0,0.0,24
12314,20,9688,0.0,0.0,0.0,0.0,0.0,0.0,24
12315,20,9687,0.0,0.0,0.0,0.0,0.0,0.0,24
12316,20,9686,0.0,0.0,0.0,0.0,0.0,0.0,24
12317,20,9685,0.0,0.0,0.0,0.0,0.0,0.0,24
12318,20,9684,0.0,0.0,0.0,0.0,0.0,0.0,24
12319,20,9683,0.0,0.0,0.0,0.0,0.0,0.0,24
12320,20,9732,0.0,0.0,0.0,0.0,0.0,0.0,24
12321,20,9747,0.0,0.0,0.0,0.0,0.0,0.0,24
12322,20,9746,0.0,0.0,0.0,0.0,0.0,0.0,24
12323,20,9744,0.0,0.0,0.0,0.0,0.0,0.0,24
12324,20,9743,0.0,0.0,0.0,0.0,0.0,0.0,24
12325,20,9742,0.0,0.0,0.0,0.0,0.0,0.0,24
12326,20,9741,0.0,0.0,0.0,0.0,0.0,0.0,24
12327,20,9740,0.0,0.0,0.0,0.0,0.0,0.0,24
12328,20,9739,0.0,0.0,0.0,0.0,0.0,0.0,24
12329,20,9738,0.0,0.0,0.0,0.0,0.0,0.0,24
12330,20,9737,0.0,0.0,0.0,0.0,0.0,0.0,24
12331,20,9736,0.0,0.0,0.0,0.0,0.0,0.0,24
12332,20,9735,0.0,0.0,0.0,0.0,0.0,0.0,24
12333,20,9734,0.0,0.0,0.0,0.0,0.0,0.0,24
12334,20,9733,0.0,0.0,0.0,0.0,0.0,0.0,24
12335,20,9682,0.0,0.0,0.0,0.0,0.0,0.0,24
12336,20,9730,0.0,0.0,0.0,0.0,0.0,0.0,24
12337,20,9729,0.0,0.0,0.0,0.0,0.0,0.0,24
12338,20,9728,0.0,0.0,0.0,0.0,0.0,0.0,24
12339,20,9726,0.0,0.0,0.0,0.0,0.0,0.0,24
12340,20,9725,0.0,0.0,0.0,0.0,0.0,0.0,24
12341,20,9724,0.0,0.0,0.0,0.0,0.0,0.0,24
12342,20,9723,0.0,0.0,0.0,0.0,0.0,0.0,24
12343,20,9722,0.0,0.0,0.0,0.0,0.0,0.0,24
12344,20,9721,0.0,0.0,0.0,0.0,0.0,0.0,24
12345,20,9720,0.0,0.0,0.0,0.0,0.0,0.0,24
12346,20,9719,0.0,0.0,0.0,0.0,0.0,0.0,24
12347,20,9718,0.0,0.0,0.0,0.0,0.0,0.0,24
12348,20,9717,0.0,0.0,0.0,0.0,0.0,0.0,24
12349,20,9636,0.0,0.0,0.0,0.0,0.0,0.0,24
12350,20,9651,0.0,0.0,0.0,0.0,0.0,0.0,24
12351,20,9650,0.0,0.0,0.0,0.0,0.0,0.0,24
12352,20,9649,0.0,0.0,0.0,0.0,0.0,0.0,24
12353,20,9648,0.0,0.0,0.0,0.0,0.0,0.0,24
12354,20,9647,0.0,0.0,0.0,0.0,0.0,0.0,24
12355,20,9646,0.0,0.0,0.0,0.0,0.0,0.0,24
12356,20,9645,0.0,0.0,0.0,0.0,0.0,0.0,24
12357,20,9643,0.0,0.0,0.0,0.0,0.0,0.0,24
12358,20,9642,0.0,0.0,0.0,0.0,0.0,0.0,24
12359,20,9641,0.0,0.0,0.0,0.0,0.0,0.0,24
12360,20,9640,0.0,0.0,0.0,0.0,0.0,0.0,24
12361,20,9639,0.0,0.0,0.0,0.0,0.0,0.0,24
12362,20,9638,0.0,0.0,0.0,0.0,0.0,0.0,24
12363,20,9637,0.0,0.0,0.0,0.0,0.0,0.0,24
12364,20,9652,0.0,0.0,0.0,0.0,0.0,0.0,24
12365,20,9635,0.0,0.0,0.0,0.0,0.0,0.0,24
12366,20,9634,0.0,0.0,0.0,0.0,0.0,0.0,24
12367,20,9633,0.0,0.0,0.0,0.0,0.0,0.0,24
12368,20,9632,0.0,0.0,0.0,0.0,0.0,0.0,24
12369,20,9631,0.0,0.0,0.0,0.0,0.0,0.0,24
12370,20,9630,0.0,0.0,0.0,0.0,0.0,0.0,24
12371,20,9629,0.0,0.0,0.0,0.0,0.0,0.0,24
12372,20,9628,0.0,0.0,0.0,0.0,0.0,0.0,24
12373,20,9627,0.0,0.0,0.0,0.0,0.0,0.0,24
12374,20,9625,0.0,0.0,0.0,0.0,0.0,0.0,24
12375,20,9624,0.0,0.0,0.0,0.0,0.0,0.0,24
12376,20,9623,0.0,0.0,0.0,0.0,0.0,0.0,24
12377,20,9622,0.0,0.0,0.0,0.0,0.0,0.0,24
12378,20,9666,0.0,0.0,0.0,0.0,0.0,0.0,24
12379,20,9681,0.0,0.0,0.0,0.0,0.0,0.0,24
12380,20,9680,0.0,0.0,0.0,0.0,0.0,0.0,24
12381,20,9679,0.0,0.0,0.0,0.0,0.0,0.0,24
12382,20,9678,0.0,0.0,0.0,0.0,0.0,0.0,24
12383,20,9677,0.0,0.0,0.0,0.0,0.0,0.0,24
12384,20,9676,0.0,0.0,0.0,0.0,0.0,0.0,24
12385,20,9675,0.0,0.0,0.0,0.0,0.0,0.0,24
12386,20,9673,0.0,0.0,0.0,0.0,0.0,0.0,24
12387,20,9672,0.0,0.0,0.0,0.0,0.0,0.0,24
12388,20,9671,0.0,0.0,0.0,0.0,0.0,0.0,24
12389,20,9670,0.0,0.0,0.0,0.0,0.0,0.0,24
12390,20,9669,0.0,0.0,0.0,0.0,0.0,0.0,24
12391,20,9668,0.0,0.0,0.0,0.0,0.0,0.0,24
12392,20,9667,0.0,0.0,0.0,0.0,0.0,0.0,24
12393,20,9748,0.0,0.0,0.0,0.0,0.0,0.0,24
12394,20,9665,0.0,0.0,0.0,0.0,0.0,0.0,24
12395,20,9664,0.0,0.0,0.0,0.0,0.0,0.0,24
12396,20,9663,0.0,0.0,0.0,0.0,0.0,0.0,24
12397,20,9662,0.0,0.0,0.0,0.0,0.0,0.0,24
12398,20,9661,0.0,0.0,0.0,0.0,0.0,0.0,24
12399,20,9660,0.0,0.0,0.0,0.0,0.0,0.0,24
12400,20,9659,0.0,0.0,0.0,0.0,0.0,0.0,24
12401,20,9658,0.0,0.0,0.0,0.0,0.0,0.0,24
12402,20,9657,0.0,0.0,0.0,0.0,0.0,0.0,24
12403,20,9656,0.0,0.0,0.0,0.0,0.0,0.0,24
12404,20,9655,0.0,0.0,0.0,0.0,0.0,0.0,24
12405,20,9654,0.0,0.0,0.0,0.0,0.0,0.0,24
12406,20,9653,0.0,0.0,0.0,0.0,0.0,0.0,24
12407,20,9827,0.0,0.0,0.0,0.0,0.0,0.0,24
12408,20,9844,0.0,0.0,0.0,0.0,0.0,0.0,24
12409,20,9842,0.0,0.0,0.0,0.0,0.0,0.0,24
12410,20,9841,0.0,0.0,0.0,0.0,0.0,0.0,24
12411,20,9840,0.0,0.0,0.0,0.0,0.0,0.0,24
12412,20,9839,0.0,0.0,0.0,0.0,0.0,0.0,24
12413,20,9838,0.0,0.0,0.0,0.0,0.0,0.0,24
12414,20,9837,0.0,0.0,0.0,0.0,0.0,0.0,24
12415,20,9836,0.0,0.0,0.0,0.0,0.0,0.0,24
12416,20,9833,0.0,0.0,0.0,0.0,0.0,0.0,24
12417,20,9832,0.0,0.0,0.0,0.0,0.0,0.0,24
12418,20,9831,0.0,0.0,0.0,0.0,0.0,0.0,24
12419,20,9830,0.0,0.0,0.0,0.0,0.0,0.0,24
12420,20,9829,0.0,0.0,0.0,0.0,0.0,0.0,24
12421,20,9828,0.0,0.0,0.0,0.0,0.0,0.0,24
12422,20,9845,0.0,0.0,0.0,0.0,0.0,0.0,24
12423,20,9826,0.0,0.0,0.0,0.0,0.0,0.0,24
12424,20,9825,0.0,0.0,0.0,0.0,0.0,0.0,24
12425,20,9824,0.0,0.0,0.0,0.0,0.0,0.0,24
12426,20,9823,0.0,0.0,0.0,0.0,0.0,0.0,24
12427,20,9822,0.0,0.0,0.0,0.0,0.0,0.0,24
12428,20,9820,0.0,0.0,0.0,0.0,0.0,0.0,24
12429,20,9819,0.0,0.0,0.0,0.0,0.0,0.0,24
12430,20,9818,0.0,0.0,0.0,0.0,0.0,0.0,24
12431,20,9817,0.0,0.0,0.0,0.0,0.0,0.0,24
12432,20,9816,0.0,0.0,0.0,0.0,0.0,0.0,24
12433,20,9815,0.0,0.0,0.0,0.0,0.0,0.0,24
12434,20,9814,0.0,0.0,0.0,0.0,0.0,0.0,24
12435,20,9813,0.0,0.0,0.0,0.0,0.0,0.0,24
12436,20,9860,0.0,0.0,0.0,0.0,0.0,0.0,24
12437,20,9874,0.0,0.0,0.0,0.0,0.0,0.0,24
12438,20,9873,0.0,0.0,0.0,0.0,0.0,0.0,24
12439,20,9872,0.0,0.0,0.0,0.0,0.0,0.0,24
12440,20,9871,0.0,0.0,0.0,0.0,0.0,0.0,24
12441,20,9870,0.0,0.0,0.0,0.0,0.0,0.0,24
12442,20,9869,0.0,0.0,0.0,0.0,0.0,0.0,24
12443,20,9868,0.0,0.0,0.0,0.0,0.0,0.0,24
12444,20,9867,0.0,0.0,0.0,0.0,0.0,0.0,24
12445,20,9866,0.0,0.0,0.0,0.0,0.0,0.0,24
12446,20,9865,0.0,0.0,0.0,0.0,0.0,0.0,24
12447,20,9864,0.0,0.0,0.0,0.0,0.0,0.0,24
12448,20,9863,0.0,0.0,0.0,0.0,0.0,0.0,24
12449,20,9862,0.0,0.0,0.0,0.0,0.0,0.0,24
12450,20,9861,0.0,0.0,0.0,0.0,0.0,0.0,24
12451,20,9812,0.0,0.0,0.0,0.0,0.0,0.0,24
12452,20,9858,0.0,0.0,0.0,0.0,0.0,0.0,24
12453,20,9857,0.0,0.0,0.0,0.0,0.0,0.0,24
12454,20,9856,0.0,0.0,0.0,0.0,0.0,0.0,24
12455,20,9855,0.0,0.0,0.0,0.0,0.0,0.0,24
12456,20,9854,0.0,0.0,0.0,0.0,0.0,0.0,24
12457,20,9853,0.0,0.0,0.0,0.0,0.0,0.0,24
12458,20,9852,0.0,0.0,0.0,0.0,0.0,0.0,24
12459,20,9851,0.0,0.0,0.0,0.0,0.0,0.0,24
12460,20,9850,0.0,0.0,0.0,0.0,0.0,0.0,24
12461,20,9849,0.0,0.0,0.0,0.0,0.0,0.0,24
12462,20,9848,0.0,0.0,0.0,0.0,0.0,0.0,24
12463,20,9847,0.0,0.0,0.0,0.0,0.0,0.0,24
12464,20,9846,0.0,0.0,0.0,0.0,0.0,0.0,24
12465,20,9764,0.0,0.0,0.0,0.0,0.0,0.0,24
12466,20,9781,0.0,0.0,0.0,0.0,0.0,0.0,24
12467,20,9780,0.0,0.0,0.0,0.0,0.0,0.0,24
12468,20,9779,0.0,0.0,0.0,0.0,0.0,0.0,24
12469,20,9778,0.0,0.0,0.0,0.0,0.0,0.0,24
12470,20,9776,0.0,0.0,0.0,0.0,0.0,0.0,24
12471,20,9775,0.0,0.0,0.0,0.0,0.0,0.0,24
12472,20,9774,0.0,0.0,0.0,0.0,0.0,0.0,24
12473,20,9772,0.0,0.0,0.0,0.0,0.0,0.0,24
12474,20,9771,0.0,0.0,0.0,0.0,0.0,0.0,24
12475,20,9769,0.0,0.0,0.0,0.0,0.0,0.0,24
12476,20,9768,0.0,0.0,0.0,0.0,0.0,0.0,24
12477,20,9767,0.0,0.0,0.0,0.0,0.0,0.0,24
12478,20,9766,0.0,0.0,0.0,0.0,0.0,0.0,24
12479,20,9765,0.0,0.0,0.0,0.0,0.0,0.0,24
12480,20,9782,0.0,0.0,0.0,0.0,0.0,0.0,24
12481,20,9763,0.0,0.0,0.0,0.0,0.0,0.0,24
12482,20,9762,0.0,0.0,0.0,0.0,0.0,0.0,24
12483,20,9761,0.0,0.0,0.0,0.0,0.0,0.0,24
12484,20,9760,0.0,0.0,0.0,0.0,0.0,0.0,24
12485,20,9759,0.0,0.0,0.0,0.0,0.0,0.0,24
12486,20,9758,0.0,0.0,0.0,0.0,0.0,0.0,24
12487,20,9757,0.0,0.0,0.0,0.0,0.0,0.0,24
12488,20,9756,0.0,0.0,0.0,0.0,0.0,0.0,24
12489,20,9755,0.0,0.0,0.0,0.0,0.0,0.0,24
12490,20,9753,0.0,0.0,0.0,0.0,0.0,0.0,24
12491,20,9752,0.0,0.0,0.0,0.0,0.0,0.0,24
12492,20,9751,0.0,0.0,0.0,0.0,0.0,0.0,24
12493,20,9750,0.0,0.0,0.0,0.0,0.0,0.0,24
12494,20,9796,0.0,0.0,0.0,0.0,0.0,0.0,24
12495,20,9811,0.0,0.0,0.0,0.0,0.0,0.0,24
12496,20,9810,0.0,0.0,0.0,0.0,0.0,0.0,24
12497,20,9809,0.0,0.0,0.0,0.0,0.0,0.0,24
12498,20,9808,0.0,0.0,0.0,0.0,0.0,0.0,24
12499,20,9807,0.0,0.0,0.0,0.0,0.0,0.0,24
12500,20,9806,0.0,0.0,0.0,0.0,0.0,0.0,24
12501,20,9805,0.0,0.0,0.0,0.0,0.0,0.0,24
12502,20,9804,0.0,0.0,0.0,0.0,0.0,0.0,24
12503,20,9803,0.0,0.0,0.0,0.0,0.0,0.0,24
12504,20,9802,0.0,0.0,0.0,0.0,0.0,0.0,24
12505,20,9801,0.0,0.0,0.0,0.0,0.0,0.0,24
12506,20,9799,0.0,0.0,0.0,0.0,0.0,0.0,24
12507,20,9798,0.0,0.0,0.0,0.0,0.0,0.0,24
12508,20,9797,0.0,0.0,0.0,0.0,0.0,0.0,24
12509,20,9621,0.0,0.0,0.0,0.0,0.0,0.0,24
12510,20,9795,0.0,0.0,0.0,0.0,0.0,0.0,24
12511,20,9794,0.0,0.0,0.0,0.0,0.0,0.0,24
12512,20,9793,0.0,0.0,0.0,0.0,0.0,0.0,24
12513,20,9792,0.0,0.0,0.0,0.0,0.0,0.0,24
12514,20,9791,0.0,0.0,0.0,0.0,0.0,0.0,24
12515,20,9790,0.0,0.0,0.0,0.0,0.0,0.0,24
12516,20,9789,0.0,0.0,0.0,0.0,0.0,0.0,24
12517,20,9788,0.0,0.0,0.0,0.0,0.0,0.0,24
12518,20,9787,0.0,0.0,0.0,0.0,0.0,0.0,24
12519,20,9786,0.0,0.0,0.0,0.0,0.0,0.0,24
12520,20,9785,0.0,0.0,0.0,0.0,0.0,0.0,24
12521,20,9784,0.0,0.0,0.0,0.0,0.0,0.0,24
12522,20,9783,0.0,0.0,0.0,0.0,0.0,0.0,24
12523,20,9444,0.0,0.0,0.0,0.0,0.0,0.0,24
12524,20,9459,0.0,0.0,0.0,0.0,0.0,0.0,24
12525,20,9458,0.0,0.0,0.0,0.0,0.0,0.0,24
12526,20,9457,0.0,0.0,0.0,0.0,0.0,0.0,24
12527,20,9456,0.0,0.0,0.0,0.0,0.0,0.0,24
12528,20,9455,0.0,0.0,0.0,0.0,0.0,0.0,24
12529,20,9453,0.0,0.0,0.0,0.0,0.0,0.0,24
12530,20,9452,0.0,0.0,0.0,0.0,0.0,0.0,24
12531,20,9451,0.0,0.0,0.0,0.0,0.0,0.0,24
12532,20,9450,0.0,0.0,0.0,0.0,0.0,0.0,24
12533,20,9449,0.0,0.0,0.0,0.0,0.0,0.0,24
12534,20,9448,0.0,0.0,0.0,0.0,0.0,0.0,24
12535,20,9447,0.0,0.0,0.0,0.0,0.0,0.0,24
12536,20,9446,0.0,0.0,0.0,0.0,0.0,0.0,24
12537,20,9445,0.0,0.0,0.0,0.0,0.0,0.0,24
12538,20,9460,0.0,0.0,0.0,0.0,0.0,0.0,24
12539,20,9443,0.0,0.0,0.0,0.0,0.0,0.0,24
12540,20,9442,0.0,0.0,0.0,0.0,0.0,0.0,24
12541,20,9441,0.0,0.0,0.0,0.0,0.0,0.0,24
12542,20,9440,0.0,0.0,0.0,0.0,0.0,0.0,24
12543,20,9439,0.0,0.0,0.0,0.0,0.0,0.0,24
12544,20,9438,0.0,0.0,0.0,0.0,0.0,0.0,24
12545,20,9437,0.0,0.0,0.0,0.0,0.0,0.0,24
12546,20,9436,0.0,0.0,0.0,0.0,0.0,0.0,24
12547,20,9435,0.0,0.0,0.0,0.0,0.0,0.0,24
12548,20,9434,0.0,0.0,0.0,0.0,0.0,0.0,24
12549,20,9433,0.0,0.0,0.0,0.0,0.0,0.0,24
12550,20,9432,0.0,0.0,0.0,0.0,0.0,0.0,24
12551,20,9431,0.0,0.0,0.0,0.0,0.0,0.0,24
12552,20,9476,0.0,0.0,0.0,0.0,0.0,0.0,24
12553,20,9490,0.0,0.0,0.0,0.0,0.0,0.0,24
12554,20,9489,0.0,0.0,0.0,0.0,0.0,0.0,24
12555,20,9488,0.0,0.0,0.0,0.0,0.0,0.0,24
12556,20,9487,0.0,0.0,0.0,0.0,0.0,0.0,24
12557,20,9486,0.0,0.0,0.0,0.0,0.0,0.0,24
12558,20,9485,0.0,0.0,0.0,0.0,0.0,0.0,24
12559,20,9484,0.0,0.0,0.0,0.0,0.0,0.0,24
12560,20,9483,0.0,0.0,0.0,0.0,0.0,0.0,24
12561,20,9482,0.0,0.0,0.0,0.0,0.0,0.0,24
12562,20,9481,0.0,0.0,0.0,0.0,0.0,0.0,24
12563,20,9480,0.0,0.0,0.0,0.0,0.0,0.0,24
12564,20,9479,0.0,0.0,0.0,0.0,0.0,0.0,24
12565,20,9478,0.0,0.0,0.0,0.0,0.0,0.0,24
12566,20,9477,0.0,0.0,0.0,0.0,0.0,0.0,24
12567,20,9430,0.0,0.0,0.0,0.0,0.0,0.0,24
12568,20,9475,0.0,0.0,0.0,0.0,0.0,0.0,24
12569,20,9474,0.0,0.0,0.0,0.0,0.0,0.0,24
12570,20,9473,0.0,0.0,0.0,0.0,0.0,0.0,24
12571,20,9472,0.0,0.0,0.0,0.0,0.0,0.0,24
12572,20,9471,0.0,0.0,0.0,0.0,0.0,0.0,24
12573,20,9470,0.0,0.0,0.0,0.0,0.0,0.0,24
12574,20,9469,0.0,0.0,0.0,0.0,0.0,0.0,24
12575,20,9468,0.0,0.0,0.0,0.0,0.0,0.0,24
12576,20,9467,0.0,0.0,0.0,0.0,0.0,0.0,24
12577,20,9466,0.0,0.0,0.0,0.0,0.0,0.0,24
12578,20,9465,0.0,0.0,0.0,0.0,0.0,0.0,24
12579,20,9464,0.0,0.0,0.0,0.0,0.0,0.0,24
12580,20,9463,0.0,0.0,0.0,0.0,0.0,0.0,24
12581,20,9383,0.0,0.0,0.0,0.0,0.0,0.0,24
12582,20,9397,0.0,0.0,0.0,0.0,0.0,0.0,24
12583,20,9396,0.0,0.0,0.0,0.0,0.0,0.0,24
12584,20,9395,0.0,0.0,0.0,0.0,0.0,0.0,24
12585,20,9394,0.0,0.0,0.0,0.0,0.0,0.0,24
12586,20,9393,0.0,0.0,0.0,0.0,0.0,0.0,24
12587,20,9392,0.0,0.0,0.0,0.0,0.0,0.0,24
12588,20,9391,0.0,0.0,0.0,0.0,0.0,0.0,24
12589,20,9390,0.0,0.0,0.0,0.0,0.0,0.0,24
12590,20,9389,0.0,0.0,0.0,0.0,0.0,0.0,24
12591,20,9388,0.0,0.0,0.0,0.0,0.0,0.0,24
12592,20,9387,0.0,0.0,0.0,0.0,0.0,0.0,24
12593,20,9386,0.0,0.0,0.0,0.0,0.0,0.0,24
12594,20,9385,0.0,0.0,0.0,0.0,0.0,0.0,24
12595,20,9384,0.0,0.0,0.0,0.0,0.0,0.0,24
12596,20,9399,0.0,0.0,0.0,0.0,0.0,0.0,24
12597,20,9382,0.0,0.0,0.0,0.0,0.0,0.0,24
12598,20,9381,0.0,0.0,0.0,0.0,0.0,0.0,24
12599,20,9380,0.0,0.0,0.0,0.0,0.0,0.0,24
12600,20,9379,0.0,0.0,0.0,0.0,0.0,0.0,24
12601,20,9378,0.0,0.0,0.0,0.0,0.0,0.0,24
12602,20,9377,0.0,0.0,0.0,0.0,0.0,0.0,24
12603,20,9376,0.0,0.0,0.0,0.0,0.0,0.0,24
12604,20,9375,0.0,0.0,0.0,0.0,0.0,0.0,24
12605,20,9374,0.0,0.0,0.0,0.0,0.0,0.0,24
12606,20,9373,0.0,0.0,0.0,0.0,0.0,0.0,24
12607,20,9372,0.0,0.0,0.0,0.0,0.0,0.0,24
12608,20,9371,0.0,0.0,0.0,0.0,0.0,0.0,24
12609,20,9370,0.0,0.0,0.0,0.0,0.0,0.0,24
12610,20,9415,0.0,0.0,0.0,0.0,0.0,0.0,24
12611,20,9429,0.0,0.0,0.0,0.0,0.0,0.0,24
12612,20,9428,0.0,0.0,0.0,0.0,0.0,0.0,24
12613,20,9427,0.0,0.0,0.0,0.0,0.0,0.0,24
12614,20,9426,0.0,0.0,0.0,0.0,0.0,0.0,24
12615,20,9425,0.0,0.0,0.0,0.0,0.0,0.0,24
12616,20,9424,0.0,0.0,0.0,0.0,0.0,0.0,24
12617,20,9423,0.0,0.0,0.0,0.0,0.0,0.0,24
12618,20,9422,0.0,0.0,0.0,0.0,0.0,0.0,24
12619,20,9421,0.0,0.0,0.0,0.0,0.0,0.0,24
12620,20,9420,0.0,0.0,0.0,0.0,0.0,0.0,24
12621,20,9419,0.0,0.0,0.0,0.0,0.0,0.0,24
12622,20,9418,0.0,0.0,0.0,0.0,0.0,0.0,24
12623,20,9417,0.0,0.0,0.0,0.0,0.0,0.0,24
12624,20,9416,0.0,0.0,0.0,0.0,0.0,0.0,24
12625,20,9491,0.0,0.0,0.0,0.0,0.0,0.0,24
12626,20,9414,0.0,0.0,0.0,0.0,0.0,0.0,24
12627,20,9413,0.0,0.0,0.0,0.0,0.0,0.0,24
12628,20,9412,0.0,0.0,0.0,0.0,0.0,0.0,24
12629,20,9411,0.0,0.0,0.0,0.0,0.0,0.0,24
12630,20,9410,0.0,0.0,0.0,0.0,0.0,0.0,24
12631,20,9408,0.0,0.0,0.0,0.0,0.0,0.0,24
12632,20,9406,0.0,0.0,0.0,0.0,0.0,0.0,24
12633,20,9405,0.0,0.0,0.0,0.0,0.0,0.0,24
12634,20,9404,0.0,0.0,0.0,0.0,0.0,0.0,24
12635,20,9403,0.0,0.0,0.0,0.0,0.0,0.0,24
12636,20,9402,0.0,0.0,0.0,0.0,0.0,0.0,24
12637,20,9401,0.0,0.0,0.0,0.0,0.0,0.0,24
12638,20,9400,0.0,0.0,0.0,0.0,0.0,0.0,24
12639,20,9571,0.0,0.0,0.0,0.0,0.0,0.0,24
12640,20,9586,0.0,0.0,0.0,0.0,0.0,0.0,24
12641,20,9585,0.0,0.0,0.0,0.0,0.0,0.0,24
12642,20,9584,0.0,0.0,0.0,0.0,0.0,0.0,24
12643,20,9583,0.0,0.0,0.0,0.0,0.0,0.0,24
12644,20,9582,0.0,0.0,0.0,0.0,0.0,0.0,24
12645,20,9581,0.0,0.0,0.0,0.0,0.0,0.0,24
12646,20,9580,0.0,0.0,0.0,0.0,0.0,0.0,24
12647,20,9579,0.0,0.0,0.0,0.0,0.0,0.0,24
12648,20,9578,0.0,0.0,0.0,0.0,0.0,0.0,24
12649,20,9577,0.0,0.0,0.0,0.0,0.0,0.0,24
12650,20,9576,0.0,0.0,0.0,0.0,0.0,0.0,24
12651,20,9575,0.0,0.0,0.0,0.0,0.0,0.0,24
12652,20,9574,0.0,0.0,0.0,0.0,0.0,0.0,24
12653,20,9573,0.0,0.0,0.0,0.0,0.0,0.0,24
12654,20,9587,0.0,0.0,0.0,0.0,0.0,0.0,24
12655,20,9569,0.0,0.0,0.0,0.0,0.0,0.0,24
12656,20,9568,0.0,0.0,0.0,0.0,0.0,0.0,24
12657,20,9567,0.0,0.0,0.0,0.0,0.0,0.0,24
12658,20,9566,0.0,0.0,0.0,0.0,0.0,0.0,24
12659,20,9565,0.0,0.0,0.0,0.0,0.0,0.0,24
12660,20,9564,0.0,0.0,0.0,0.0,0.0,0.0,24
12661,20,9563,0.0,0.0,0.0,0.0,0.0,0.0,24
12662,20,9562,0.0,0.0,0.0,0.0,0.0,0.0,24
12663,20,9561,0.0,0.0,0.0,0.0,0.0,0.0,24
12664,20,9560,0.0,0.0,0.0,0.0,0.0,0.0,24
12665,20,9559,0.0,0.0,0.0,0.0,0.0,0.0,24
12666,20,9558,0.0,0.0,0.0,0.0,0.0,0.0,24
12667,20,9557,0.0,0.0,0.0,0.0,0.0,0.0,24
12668,20,9602,0.0,0.0,0.0,0.0,0.0,0.0,24
12669,20,9620,0.0,0.0,0.0,0.0,0.0,0.0,24
12670,20,9619,0.0,0.0,0.0,0.0,0.0,0.0,24
12671,20,9618,0.0,0.0,0.0,0.0,0.0,0.0,24
12672,20,9617,0.0,0.0,0.0,0.0,0.0,0.0,24
12673,20,9616,0.0,0.0,0.0,0.0,0.0,0.0,24
12674,20,9615,0.0,0.0,0.0,0.0,0.0,0.0,24
12675,20,9614,0.0,0.0,0.0,0.0,0.0,0.0,24
12676,20,9613,0.0,0.0,0.0,0.0,0.0,0.0,24
12677,20,9611,0.0,0.0,0.0,0.0,0.0,0.0,24
12678,20,9610,0.0,0.0,0.0,0.0,0.0,0.0,24
12679,20,9609,0.0,0.0,0.0,0.0,0.0,0.0,24
12680,20,9606,0.0,0.0,0.0,0.0,0.0,0.0,24
12681,20,9605,0.0,0.0,0.0,0.0,0.0,0.0,24
12682,20,9603,0.0,0.0,0.0,0.0,0.0,0.0,24
12683,20,9555,0.0,0.0,0.0,0.0,0.0,0.0,24
12684,20,9601,0.0,0.0,0.0,0.0,0.0,0.0,24
12685,20,9600,0.0,0.0,0.0,0.0,0.0,0.0,24
12686,20,9599,0.0,0.0,0.0,0.0,0.0,0.0,24
12687,20,9598,0.0,0.0,0.0,0.0,0.0,0.0,24
12688,20,9597,0.0,0.0,0.0,0.0,0.0,0.0,24
12689,20,9596,0.0,0.0,0.0,0.0,0.0,0.0,24
12690,20,9595,0.0,0.0,0.0,0.0,0.0,0.0,24
12691,20,9594,0.0,0.0,0.0,0.0,0.0,0.0,24
12692,20,9592,0.0,0.0,0.0,0.0,0.0,0.0,24
12693,20,9591,0.0,0.0,0.0,0.0,0.0,0.0,24
12694,20,9590,0.0,0.0,0.0,0.0,0.0,0.0,24
12695,20,9589,0.0,0.0,0.0,0.0,0.0,0.0,24
12696,20,9588,0.0,0.0,0.0,0.0,0.0,0.0,24
12697,20,9506,0.0,0.0,0.0,0.0,0.0,0.0,24
12698,20,9522,0.0,0.0,0.0,0.0,0.0,0.0,24
12699,20,9521,0.0,0.0,0.0,0.0,0.0,0.0,24
12700,20,9520,0.0,0.0,0.0,0.0,0.0,0.0,24
12701,20,9519,0.0,0.0,0.0,0.0,0.0,0.0,24
12702,20,9518,0.0,0.0,0.0,0.0,0.0,0.0,24
12703,20,9517,0.0,0.0,0.0,0.0,0.0,0.0,24
12704,20,9516,0.0,0.0,0.0,0.0,0.0,0.0,24
12705,20,9515,0.0,0.0,0.0,0.0,0.0,0.0,24
12706,20,9514,0.0,0.0,0.0,0.0,0.0,0.0,24
12707,20,9512,0.0,0.0,0.0,0.0,0.0,0.0,24
12708,20,9511,0.0,0.0,0.0,0.0,0.0,0.0,24
12709,20,9509,0.0,0.0,0.0,0.0,0.0,0.0,24
12710,20,9508,0.0,0.0,0.0,0.0,0.0,0.0,24
12711,20,9507,0.0,0.0,0.0,0.0,0.0,0.0,24
12712,20,9523,0.0,0.0,0.0,0.0,0.0,0.0,24
12713,20,9505,0.0,0.0,0.0,0.0,0.0,0.0,24
12714,20,9504,0.0,0.0,0.0,0.0,0.0,0.0,24
12715,20,9503,0.0,0.0,0.0,0.0,0.0,0.0,24
12716,20,9502,0.0,0.0,0.0,0.0,0.0,0.0,24
12717,20,9501,0.0,0.0,0.0,0.0,0.0,0.0,24
12718,20,9500,0.0,0.0,0.0,0.0,0.0,0.0,24
12719,20,9499,0.0,0.0,0.0,0.0,0.0,0.0,24
12720,20,9498,0.0,0.0,0.0,0.0,0.0,0.0,24
12721,20,9497,0.0,0.0,0.0,0.0,0.0,0.0,24
12722,20,9495,0.0,0.0,0.0,0.0,0.0,0.0,24
12723,20,9494,0.0,0.0,0.0,0.0,0.0,0.0,24
12724,20,9493,0.0,0.0,0.0,0.0,0.0,0.0,24
12725,20,9492,0.0,0.0,0.0,0.0,0.0,0.0,24
12726,20,9538,0.0,0.0,0.0,0.0,0.0,0.0,24
12727,20,9554,0.0,0.0,0.0,0.0,0.0,0.0,24
12728,20,9553,0.0,0.0,0.0,0.0,0.0,0.0,24
12729,20,9552,0.0,0.0,0.0,0.0,0.0,0.0,24
12730,20,9551,0.0,0.0,0.0,0.0,0.0,0.0,24
12731,20,9550,0.0,0.0,0.0,0.0,0.0,0.0,24
12732,20,9548,0.0,0.0,0.0,0.0,0.0,0.0,24
12733,20,9547,0.0,0.0,0.0,0.0,0.0,0.0,24
12734,20,9546,0.0,0.0,0.0,0.0,0.0,0.0,24
12735,20,9545,0.0,0.0,0.0,0.0,0.0,0.0,24
12736,20,9544,0.0,0.0,0.0,0.0,0.0,0.0,24
12737,20,9543,0.0,0.0,0.0,0.0,0.0,0.0,24
12738,20,9542,0.0,0.0,0.0,0.0,0.0,0.0,24
12739,20,9540,0.0,0.0,0.0,0.0,0.0,0.0,24
12740,20,9539,0.0,0.0,0.0,0.0,0.0,0.0,24
12741,20,9875,0.0,0.0,0.0,0.0,0.0,0.0,24
12742,20,9536,0.0,0.0,0.0,0.0,0.0,0.0,24
12743,20,9535,0.0,0.0,0.0,0.0,0.0,0.0,24
12744,20,9534,0.0,0.0,0.0,0.0,0.0,0.0,24
12745,20,9533,0.0,0.0,0.0,0.0,0.0,0.0,24
12746,20,9532,0.0,0.0,0.0,0.0,0.0,0.0,24
12747,20,9531,0.0,0.0,0.0,0.0,0.0,0.0,24
12748,20,9530,0.0,0.0,0.0,0.0,0.0,0.0,24
12749,20,9529,0.0,0.0,0.0,0.0,0.0,0.0,24
12750,20,9528,0.0,0.0,0.0,0.0,0.0,0.0,24
12751,20,9527,0.0,0.0,0.0,0.0,0.0,0.0,24
12752,20,9526,0.0,0.0,0.0,0.0,0.0,0.0,24
12753,20,9525,0.0,0.0,0.0,0.0,0.0,0.0,24
12754,20,9524,0.0,0.0,0.0,0.0,0.0,0.0,24
12755,20,10205,0.0,0.0,0.0,0.0,0.0,0.0,24
12756,20,10220,0.0,0.0,0.0,0.0,0.0,0.0,24
12757,20,10219,0.0,0.0,0.0,0.0,0.0,0.0,24
12758,20,10218,0.0,0.0,0.0,0.0,0.0,0.0,24
12759,20,10217,0.0,0.0,0.0,0.0,0.0,0.0,24
12760,20,10216,0.0,0.0,0.0,0.0,0.0,0.0,24
12761,20,10215,0.0,0.0,0.0,0.0,0.0,0.0,24
12762,20,10214,0.0,0.0,0.0,0.0,0.0,0.0,24
12763,20,10213,0.0,0.0,0.0,0.0,0.0,0.0,24
12764,20,10212,0.0,0.0,0.0,0.0,0.0,0.0,24
12765,20,10211,0.0,0.0,0.0,0.0,0.0,0.0,24
12766,20,10210,0.0,0.0,0.0,0.0,0.0,0.0,24
12767,20,10208,0.0,0.0,0.0,0.0,0.0,0.0,24
12768,20,10207,0.0,0.0,0.0,0.0,0.0,0.0,24
12769,20,10206,0.0,0.0,0.0,0.0,0.0,0.0,24
12770,20,10221,0.0,0.0,0.0,0.0,0.0,0.0,24
12771,20,10204,0.0,0.0,0.0,0.0,0.0,0.0,24
12772,20,10203,0.0,0.0,0.0,0.0,0.0,0.0,24
12773,20,10202,0.0,0.0,0.0,0.0,0.0,0.0,24
12774,20,10201,0.0,0.0,0.0,0.0,0.0,0.0,24
12775,20,10200,0.0,0.0,0.0,0.0,0.0,0.0,24
12776,20,10199,0.0,0.0,0.0,0.0,0.0,0.0,24
12777,20,10198,0.0,0.0,0.0,0.0,0.0,0.0,24
12778,20,10197,0.0,0.0,0.0,0.0,0.0,0.0,24
12779,20,10196,0.0,0.0,0.0,0.0,0.0,0.0,24
12780,20,10195,0.0,0.0,0.0,0.0,0.0,0.0,24
12781,20,10194,0.0,0.0,0.0,0.0,0.0,0.0,24
12782,20,10193,0.0,0.0,0.0,0.0,0.0,0.0,24
12783,20,10192,0.0,0.0,0.0,0.0,0.0,0.0,24
12784,20,10235,0.0,0.0,0.0,0.0,0.0,0.0,24
12785,20,10250,0.0,0.0,0.0,0.0,0.0,0.0,24
12786,20,10249,0.0,0.0,0.0,0.0,0.0,0.0,24
12787,20,10248,0.0,0.0,0.0,0.0,0.0,0.0,24
12788,20,10246,0.0,0.0,0.0,0.0,0.0,0.0,24
12789,20,10245,0.0,0.0,0.0,0.0,0.0,0.0,24
12790,20,10244,0.0,0.0,0.0,0.0,0.0,0.0,24
12791,20,10243,0.0,0.0,0.0,0.0,0.0,0.0,24
12792,20,10242,0.0,0.0,0.0,0.0,0.0,0.0,24
12793,20,10241,0.0,0.0,0.0,0.0,0.0,0.0,24
12794,20,10240,0.0,0.0,0.0,0.0,0.0,0.0,24
12795,20,10239,0.0,0.0,0.0,0.0,0.0,0.0,24
12796,20,10238,0.0,0.0,0.0,0.0,0.0,0.0,24
12797,20,10237,0.0,0.0,0.0,0.0,0.0,0.0,24
12798,20,10236,0.0,0.0,0.0,0.0,0.0,0.0,24
12799,20,10191,0.0,0.0,0.0,0.0,0.0,0.0,24
12800,20,10234,0.0,0.0,0.0,0.0,0.0,0.0,24
12801,20,10233,0.0,0.0,0.0,0.0,0.0,0.0,24
12802,20,10232,0.0,0.0,0.0,0.0,0.0,0.0,24
12803,20,10231,0.0,0.0,0.0,0.0,0.0,0.0,24
12804,20,10230,0.0,0.0,0.0,0.0,0.0,0.0,24
12805,20,10229,0.0,0.0,0.0,0.0,0.0,0.0,24
12806,20,10228,0.0,0.0,0.0,0.0,0.0,0.0,24
12807,20,10227,0.0,0.0,0.0,0.0,0.0,0.0,24
12808,20,10226,0.0,0.0,0.0,0.0,0.0,0.0,24
12809,20,10225,0.0,0.0,0.0,0.0,0.0,0.0,24
12810,20,10224,0.0,0.0,0.0,0.0,0.0,0.0,24
12811,20,10223,0.0,0.0,0.0,0.0,0.0,0.0,24
12812,20,10222,0.0,0.0,0.0,0.0,0.0,0.0,24
12813,20,10146,0.0,0.0,0.0,0.0,0.0,0.0,24
12814,20,10160,0.0,0.0,0.0,0.0,0.0,0.0,24
12815,20,10159,0.0,0.0,0.0,0.0,0.0,0.0,24
12816,20,10158,0.0,0.0,0.0,0.0,0.0,0.0,24
12817,20,10157,0.0,0.0,0.0,0.0,0.0,0.0,24
12818,20,10156,0.0,0.0,0.0,0.0,0.0,0.0,24
12819,20,10155,0.0,0.0,0.0,0.0,0.0,0.0,24
12820,20,10154,0.0,0.0,0.0,0.0,0.0,0.0,24
12821,20,10153,0.0,0.0,0.0,0.0,0.0,0.0,24
12822,20,10152,0.0,0.0,0.0,0.0,0.0,0.0,24
12823,20,10151,0.0,0.0,0.0,0.0,0.0,0.0,24
12824,20,10150,0.0,0.0,0.0,0.0,0.0,0.0,24
12825,20,10149,0.0,0.0,0.0,0.0,0.0,0.0,24
12826,20,10148,0.0,0.0,0.0,0.0,0.0,0.0,24
12827,20,10147,0.0,0.0,0.0,0.0,0.0,0.0,24
12828,20,10161,0.0,0.0,0.0,0.0,0.0,0.0,24
12829,20,10145,0.0,0.0,0.0,0.0,0.0,0.0,24
12830,20,10144,0.0,0.0,0.0,0.0,0.0,0.0,24
12831,20,10143,0.0,0.0,0.0,0.0,0.0,0.0,24
12832,20,10142,0.0,0.0,0.0,0.0,0.0,0.0,24
12833,20,10141,0.0,0.0,0.0,0.0,0.0,0.0,24
12834,20,10140,0.0,0.0,0.0,0.0,0.0,0.0,24
12835,20,10139,0.0,0.0,0.0,0.0,0.0,0.0,24
12836,20,10138,0.0,0.0,0.0,0.0,0.0,0.0,24
12837,20,10137,0.0,0.0,0.0,0.0,0.0,0.0,24
12838,20,10136,0.0,0.0,0.0,0.0,0.0,0.0,24
12839,20,10135,0.0,0.0,0.0,0.0,0.0,0.0,24
12840,20,10134,0.0,0.0,0.0,0.0,0.0,0.0,24
12841,20,10133,0.0,0.0,0.0,0.0,0.0,0.0,24
12842,20,10175,0.0,0.0,0.0,0.0,0.0,0.0,24
12843,20,10190,0.0,0.0,0.0,0.0,0.0,0.0,24
12844,20,10189,0.0,0.0,0.0,0.0,0.0,0.0,24
12845,20,10188,0.0,0.0,0.0,0.0,0.0,0.0,24
12846,20,10187,0.0,0.0,0.0,0.0,0.0,0.0,24
12847,20,10186,0.0,0.0,0.0,0.0,0.0,0.0,24
12848,20,10185,0.0,0.0,0.0,0.0,0.0,0.0,24
12849,20,10184,0.0,0.0,0.0,0.0,0.0,0.0,24
12850,20,10183,0.0,0.0,0.0,0.0,0.0,0.0,24
12851,20,10182,0.0,0.0,0.0,0.0,0.0,0.0,24
12852,20,10180,0.0,0.0,0.0,0.0,0.0,0.0,24
12853,20,10179,0.0,0.0,0.0,0.0,0.0,0.0,24
12854,20,10178,0.0,0.0,0.0,0.0,0.0,0.0,24
12855,20,10177,0.0,0.0,0.0,0.0,0.0,0.0,24
12856,20,10176,0.0,0.0,0.0,0.0,0.0,0.0,24
12857,20,10251,0.0,0.0,0.0,0.0,0.0,0.0,24
12858,20,10174,0.0,0.0,0.0,0.0,0.0,0.0,24
12859,20,10173,0.0,0.0,0.0,0.0,0.0,0.0,24
12860,20,10172,0.0,0.0,0.0,0.0,0.0,0.0,24
12861,20,10171,0.0,0.0,0.0,0.0,0.0,0.0,24
12862,20,10170,0.0,0.0,0.0,0.0,0.0,0.0,24
12863,20,10169,0.0,0.0,0.0,0.0,0.0,0.0,24
12864,20,10168,0.0,0.0,0.0,0.0,0.0,0.0,24
12865,20,10167,0.0,0.0,0.0,0.0,0.0,0.0,24
12866,20,10166,0.0,0.0,0.0,0.0,0.0,0.0,24
12867,20,10165,0.0,0.0,0.0,0.0,0.0,0.0,24
12868,20,10164,0.0,0.0,0.0,0.0,0.0,0.0,24
12869,20,10163,0.0,0.0,0.0,0.0,0.0,0.0,24
12870,20,10162,0.0,0.0,0.0,0.0,0.0,0.0,24
12871,20,10329,0.0,0.0,0.0,0.0,0.0,0.0,24
12872,20,10346,0.0,0.0,0.0,0.0,0.0,0.0,24
12873,20,10345,0.0,0.0,0.0,0.0,0.0,0.0,24
12874,20,10343,0.0,0.0,0.0,0.0,0.0,0.0,24
12875,20,10342,0.0,0.0,0.0,0.0,0.0,0.0,24
12876,20,10340,0.0,0.0,0.0,0.0,0.0,0.0,24
12877,20,10339,0.0,0.0,0.0,0.0,0.0,0.0,24
12878,20,10338,0.0,0.0,0.0,0.0,0.0,0.0,24
12879,20,10337,0.0,0.0,0.0,0.0,0.0,0.0,24
12880,20,10336,0.0,0.0,0.0,0.0,0.0,0.0,24
12881,20,10335,0.0,0.0,0.0,0.0,0.0,0.0,24
12882,20,10333,0.0,0.0,0.0,0.0,0.0,0.0,24
12883,20,10332,0.0,0.0,0.0,0.0,0.0,0.0,24
12884,20,10331,0.0,0.0,0.0,0.0,0.0,0.0,24
12885,20,10330,0.0,0.0,0.0,0.0,0.0,0.0,24
12886,20,10347,0.0,0.0,0.0,0.0,0.0,0.0,24
12887,20,10328,0.0,0.0,0.0,0.0,0.0,0.0,24
12888,20,10327,0.0,0.0,0.0,0.0,0.0,0.0,24
12889,20,10326,0.0,0.0,0.0,0.0,0.0,0.0,24
12890,20,10325,0.0,0.0,0.0,0.0,0.0,0.0,24
12891,20,10324,0.0,0.0,0.0,0.0,0.0,0.0,24
12892,20,10323,0.0,0.0,0.0,0.0,0.0,0.0,24
12893,20,10322,0.0,0.0,0.0,0.0,0.0,0.0,24
12894,20,10321,0.0,0.0,0.0,0.0,0.0,0.0,24
12895,20,10320,0.0,0.0,0.0,0.0,0.0,0.0,24
12896,20,10319,0.0,0.0,0.0,0.0,0.0,0.0,24
12897,20,10318,0.0,0.0,0.0,0.0,0.0,0.0,24
12898,20,10316,0.0,0.0,0.0,0.0,0.0,0.0,24
12899,20,10315,0.0,0.0,0.0,0.0,0.0,0.0,24
12900,20,10362,0.0,0.0,0.0,0.0,0.0,0.0,24
12901,20,10376,0.0,0.0,0.0,0.0,0.0,0.0,24
12902,20,10375,0.0,0.0,0.0,0.0,0.0,0.0,24
12903,20,10374,0.0,0.0,0.0,0.0,0.0,0.0,24
12904,20,10373,0.0,0.0,0.0,0.0,0.0,0.0,24
12905,20,10372,0.0,0.0,0.0,0.0,0.0,0.0,24
12906,20,10371,0.0,0.0,0.0,0.0,0.0,0.0,24
12907,20,10370,0.0,0.0,0.0,0.0,0.0,0.0,24
12908,20,10369,0.0,0.0,0.0,0.0,0.0,0.0,24
12909,20,10368,0.0,0.0,0.0,0.0,0.0,0.0,24
12910,20,10367,0.0,0.0,0.0,0.0,0.0,0.0,24
12911,20,10366,0.0,0.0,0.0,0.0,0.0,0.0,24
12912,20,10365,0.0,0.0,0.0,0.0,0.0,0.0,24
12913,20,10364,0.0,0.0,0.0,0.0,0.0,0.0,24
12914,20,10363,0.0,0.0,0.0,0.0,0.0,0.0,24
12915,20,10314,0.0,0.0,0.0,0.0,0.0,0.0,24
12916,20,10361,0.0,0.0,0.0,0.0,0.0,0.0,24
12917,20,10360,0.0,0.0,0.0,0.0,0.0,0.0,24
12918,20,10359,0.0,0.0,0.0,0.0,0.0,0.0,24
12919,20,10358,0.0,0.0,0.0,0.0,0.0,0.0,24
12920,20,10357,0.0,0.0,0.0,0.0,0.0,0.0,24
12921,20,10356,0.0,0.0,0.0,0.0,0.0,0.0,24
12922,20,10355,0.0,0.0,0.0,0.0,0.0,0.0,24
12923,20,10353,0.0,0.0,0.0,0.0,0.0,0.0,24
12924,20,10352,0.0,0.0,0.0,0.0,0.0,0.0,24
12925,20,10351,0.0,0.0,0.0,0.0,0.0,0.0,24
12926,20,10350,0.0,0.0,0.0,0.0,0.0,0.0,24
12927,20,10349,0.0,0.0,0.0,0.0,0.0,0.0,24
12928,20,10348,0.0,0.0,0.0,0.0,0.0,0.0,24
12929,20,10265,0.0,0.0,0.0,0.0,0.0,0.0,24
12930,20,10279,0.0,0.0,0.0,0.0,0.0,0.0,24
12931,20,10278,0.0,0.0,0.0,0.0,0.0,0.0,24
12932,20,10277,0.0,0.0,0.0,0.0,0.0,0.0,24
12933,20,10276,0.0,0.0,0.0,0.0,0.0,0.0,24
12934,20,10275,0.0,0.0,0.0,0.0,0.0,0.0,24
12935,20,10274,0.0,0.0,0.0,0.0,0.0,0.0,24
12936,20,10273,0.0,0.0,0.0,0.0,0.0,0.0,24
12937,20,10272,0.0,0.0,0.0,0.0,0.0,0.0,24
12938,20,10271,0.0,0.0,0.0,0.0,0.0,0.0,24
12939,20,10270,0.0,0.0,0.0,0.0,0.0,0.0,24
12940,20,10269,0.0,0.0,0.0,0.0,0.0,0.0,24
12941,20,10268,0.0,0.0,0.0,0.0,0.0,0.0,24
12942,20,10267,0.0,0.0,0.0,0.0,0.0,0.0,24
12943,20,10266,0.0,0.0,0.0,0.0,0.0,0.0,24
12944,20,10280,0.0,0.0,0.0,0.0,0.0,0.0,24
12945,20,10264,0.0,0.0,0.0,0.0,0.0,0.0,24
12946,20,10263,0.0,0.0,0.0,0.0,0.0,0.0,24
12947,20,10262,0.0,0.0,0.0,0.0,0.0,0.0,24
12948,20,10261,0.0,0.0,0.0,0.0,0.0,0.0,24
12949,20,10260,0.0,0.0,0.0,0.0,0.0,0.0,24
12950,20,10259,0.0,0.0,0.0,0.0,0.0,0.0,24
12951,20,10258,0.0,0.0,0.0,0.0,0.0,0.0,24
12952,20,10257,0.0,0.0,0.0,0.0,0.0,0.0,24
12953,20,10256,0.0,0.0,0.0,0.0,0.0,0.0,24
12954,20,10255,0.0,0.0,0.0,0.0,0.0,0.0,24
12955,20,10254,0.0,0.0,0.0,0.0,0.0,0.0,24
12956,20,10253,0.0,0.0,0.0,0.0,0.0,0.0,24
12957,20,10252,0.0,0.0,0.0,0.0,0.0,0.0,24
12958,20,10297,0.0,0.0,0.0,0.0,0.0,0.0,24
12959,20,10313,0.0,0.0,0.0,0.0,0.0,0.0,24
12960,20,10312,0.0,0.0,0.0,0.0,0.0,0.0,24
12961,20,10311,0.0,0.0,0.0,0.0,0.0,0.0,24
12962,20,10310,0.0,0.0,0.0,0.0,0.0,0.0,24
12963,20,10309,0.0,0.0,0.0,0.0,0.0,0.0,24
12964,20,10308,0.0,0.0,0.0,0.0,0.0,0.0,24
12965,20,10307,0.0,0.0,0.0,0.0,0.0,0.0,24
12966,20,10306,0.0,0.0,0.0,0.0,0.0,0.0,24
12967,20,10305,0.0,0.0,0.0,0.0,0.0,0.0,24
12968,20,10304,0.0,0.0,0.0,0.0,0.0,0.0,24
12969,20,10303,0.0,0.0,0.0,0.0,0.0,0.0,24
12970,20,10302,0.0,0.0,0.0,0.0,0.0,0.0,24
12971,20,10301,0.0,0.0,0.0,0.0,0.0,0.0,24
12972,20,10300,0.0,0.0,0.0,0.0,0.0,0.0,24
12973,20,10132,0.0,0.0,0.0,0.0,0.0,0.0,24
12974,20,10296,0.0,0.0,0.0,0.0,0.0,0.0,24
12975,20,10295,0.0,0.0,0.0,0.0,0.0,0.0,24
12976,20,10294,0.0,0.0,0.0,0.0,0.0,0.0,24
12977,20,10293,0.0,0.0,0.0,0.0,0.0,0.0,24
12978,20,10292,0.0,0.0,0.0,0.0,0.0,0.0,24
12979,20,10291,0.0,0.0,0.0,0.0,0.0,0.0,24
12980,20,10290,0.0,0.0,0.0,0.0,0.0,0.0,24
12981,20,10289,0.0,0.0,0.0,0.0,0.0,0.0,24
12982,20,10288,0.0,0.0,0.0,0.0,0.0,0.0,24
12983,20,10287,0.0,0.0,0.0,0.0,0.0,0.0,24
12984,20,10285,0.0,0.0,0.0,0.0,0.0,0.0,24
12985,20,10283,0.0,0.0,0.0,0.0,0.0,0.0,24
12986,20,10282,0.0,0.0,0.0,0.0,0.0,0.0,24
12987,20,9956,0.0,0.0,0.0,0.0,0.0,0.0,24
12988,20,9970,0.0,0.0,0.0,0.0,0.0,0.0,24
12989,20,9969,0.0,0.0,0.0,0.0,0.0,0.0,24
12990,20,9968,0.0,0.0,0.0,0.0,0.0,0.0,24
12991,20,9967,0.0,0.0,0.0,0.0,0.0,0.0,24
12992,20,9966,0.0,0.0,0.0,0.0,0.0,0.0,24
12993,20,9965,0.0,0.0,0.0,0.0,0.0,0.0,24
12994,20,9964,0.0,0.0,0.0,0.0,0.0,0.0,24
12995,20,9963,0.0,0.0,0.0,0.0,0.0,0.0,24
12996,20,9962,0.0,0.0,0.0,0.0,0.0,0.0,24
12997,20,9961,0.0,0.0,0.0,0.0,0.0,0.0,24
12998,20,9960,0.0,0.0,0.0,0.0,0.0,0.0,24
12999,20,9959,0.0,0.0,0.0,0.0,0.0,0.0,24
13000,20,9958,0.0,0.0,0.0,0.0,0.0,0.0,24
13001,20,9957,0.0,0.0,0.0,0.0,0.0,0.0,24
13002,20,9971,0.0,0.0,0.0,0.0,0.0,0.0,24
13003,20,9954,0.0,0.0,0.0,0.0,0.0,0.0,24
13004,20,9953,0.0,0.0,0.0,0.0,0.0,0.0,24
13005,20,9951,0.0,0.0,0.0,0.0,0.0,0.0,24
13006,20,9950,0.0,0.0,0.0,0.0,0.0,0.0,24
13007,20,9949,0.0,0.0,0.0,0.0,0.0,0.0,24
13008,20,9948,0.0,0.0,0.0,0.0,0.0,0.0,24
13009,20,9947,0.0,0.0,0.0,0.0,0.0,0.0,24
13010,20,9946,0.0,0.0,0.0,0.0,0.0,0.0,24
13011,20,9945,0.0,0.0,0.0,0.0,0.0,0.0,24
13012,20,9944,0.0,0.0,0.0,0.0,0.0,0.0,24
13013,20,9943,0.0,0.0,0.0,0.0,0.0,0.0,24
13014,20,9942,0.0,0.0,0.0,0.0,0.0,0.0,24
13015,20,9941,0.0,0.0,0.0,0.0,0.0,0.0,24
13016,20,9987,0.0,0.0,0.0,0.0,0.0,0.0,24
13017,20,10001,0.0,0.0,0.0,0.0,0.0,0.0,24
13018,20,10000,0.0,0.0,0.0,0.0,0.0,0.0,24
13019,20,9999,0.0,0.0,0.0,0.0,0.0,0.0,24
13020,20,9998,0.0,0.0,0.0,0.0,0.0,0.0,24
13021,20,9997,0.0,0.0,0.0,0.0,0.0,0.0,24
13022,20,9996,0.0,0.0,0.0,0.0,0.0,0.0,24
13023,20,9995,0.0,0.0,0.0,0.0,0.0,0.0,24
13024,20,9994,0.0,0.0,0.0,0.0,0.0,0.0,24
13025,20,9993,0.0,0.0,0.0,0.0,0.0,0.0,24
13026,20,9992,0.0,0.0,0.0,0.0,0.0,0.0,24
13027,20,9991,0.0,0.0,0.0,0.0,0.0,0.0,24
13028,20,9990,0.0,0.0,0.0,0.0,0.0,0.0,24
13029,20,9989,0.0,0.0,0.0,0.0,0.0,0.0,24
13030,20,9988,0.0,0.0,0.0,0.0,0.0,0.0,24
13031,20,9939,0.0,0.0,0.0,0.0,0.0,0.0,24
13032,20,9986,0.0,0.0,0.0,0.0,0.0,0.0,24
13033,20,9985,0.0,0.0,0.0,0.0,0.0,0.0,24
13034,20,9984,0.0,0.0,0.0,0.0,0.0,0.0,24
13035,20,9983,0.0,0.0,0.0,0.0,0.0,0.0,24
13036,20,9981,0.0,0.0,0.0,0.0,0.0,0.0,24
13037,20,9980,0.0,0.0,0.0,0.0,0.0,0.0,24
13038,20,9979,0.0,0.0,0.0,0.0,0.0,0.0,24
13039,20,9978,0.0,0.0,0.0,0.0,0.0,0.0,24
13040,20,9977,0.0,0.0,0.0,0.0,0.0,0.0,24
13041,20,9976,0.0,0.0,0.0,0.0,0.0,0.0,24
13042,20,9975,0.0,0.0,0.0,0.0,0.0,0.0,24
13043,20,9973,0.0,0.0,0.0,0.0,0.0,0.0,24
13044,20,9972,0.0,0.0,0.0,0.0,0.0,0.0,24
13045,20,9890,0.0,0.0,0.0,0.0,0.0,0.0,24
13046,20,9907,0.0,0.0,0.0,0.0,0.0,0.0,24
13047,20,9906,0.0,0.0,0.0,0.0,0.0,0.0,24
13048,20,9905,0.0,0.0,0.0,0.0,0.0,0.0,24
13049,20,9904,0.0,0.0,0.0,0.0,0.0,0.0,24
13050,20,9903,0.0,0.0,0.0,0.0,0.0,0.0,24
13051,20,9901,0.0,0.0,0.0,0.0,0.0,0.0,24
13052,20,9900,0.0,0.0,0.0,0.0,0.0,0.0,24
13053,20,9899,0.0,0.0,0.0,0.0,0.0,0.0,24
13054,20,9898,0.0,0.0,0.0,0.0,0.0,0.0,24
13055,20,9897,0.0,0.0,0.0,0.0,0.0,0.0,24
13056,20,9896,0.0,0.0,0.0,0.0,0.0,0.0,24
13057,20,9895,0.0,0.0,0.0,0.0,0.0,0.0,24
13058,20,9894,0.0,0.0,0.0,0.0,0.0,0.0,24
13059,20,9893,0.0,0.0,0.0,0.0,0.0,0.0,24
13060,20,9908,0.0,0.0,0.0,0.0,0.0,0.0,24
13061,20,9889,0.0,0.0,0.0,0.0,0.0,0.0,24
13062,20,9888,0.0,0.0,0.0,0.0,0.0,0.0,24
13063,20,9887,0.0,0.0,0.0,0.0,0.0,0.0,24
13064,20,9885,0.0,0.0,0.0,0.0,0.0,0.0,24
13065,20,9884,0.0,0.0,0.0,0.0,0.0,0.0,24
13066,20,9883,0.0,0.0,0.0,0.0,0.0,0.0,24
13067,20,9882,0.0,0.0,0.0,0.0,0.0,0.0,24
13068,20,9881,0.0,0.0,0.0,0.0,0.0,0.0,24
13069,20,9880,0.0,0.0,0.0,0.0,0.0,0.0,24
13070,20,9879,0.0,0.0,0.0,0.0,0.0,0.0,24
13071,20,9878,0.0,0.0,0.0,0.0,0.0,0.0,24
13072,20,9877,0.0,0.0,0.0,0.0,0.0,0.0,24
13073,20,9876,0.0,0.0,0.0,0.0,0.0,0.0,24
13074,20,9923,0.0,0.0,0.0,0.0,0.0,0.0,24
13075,20,9938,0.0,0.0,0.0,0.0,0.0,0.0,24
13076,20,9937,0.0,0.0,0.0,0.0,0.0,0.0,24
13077,20,9936,0.0,0.0,0.0,0.0,0.0,0.0,24
13078,20,9935,0.0,0.0,0.0,0.0,0.0,0.0,24
13079,20,9934,0.0,0.0,0.0,0.0,0.0,0.0,24
13080,20,9933,0.0,0.0,0.0,0.0,0.0,0.0,24
13081,20,9932,0.0,0.0,0.0,0.0,0.0,0.0,24
13082,20,9931,0.0,0.0,0.0,0.0,0.0,0.0,24
13083,20,9930,0.0,0.0,0.0,0.0,0.0,0.0,24
13084,20,9929,0.0,0.0,0.0,0.0,0.0,0.0,24
13085,20,9928,0.0,0.0,0.0,0.0,0.0,0.0,24
13086,20,9927,0.0,0.0,0.0,0.0,0.0,0.0,24
13087,20,9925,0.0,0.0,0.0,0.0,0.0,0.0,24
13088,20,9924,0.0,0.0,0.0,0.0,0.0,0.0,24
13089,20,10002,0.0,0.0,0.0,0.0,0.0,0.0,24
13090,20,9922,0.0,0.0,0.0,0.0,0.0,0.0,24
13091,20,9921,0.0,0.0,0.0,0.0,0.0,0.0,24
13092,20,9920,0.0,0.0,0.0,0.0,0.0,0.0,24
13093,20,9919,0.0,0.0,0.0,0.0,0.0,0.0,24
13094,20,9918,0.0,0.0,0.0,0.0,0.0,0.0,24
13095,20,9917,0.0,0.0,0.0,0.0,0.0,0.0,24
13096,20,9916,0.0,0.0,0.0,0.0,0.0,0.0,24
13097,20,9915,0.0,0.0,0.0,0.0,0.0,0.0,24
13098,20,9914,0.0,0.0,0.0,0.0,0.0,0.0,24
13099,20,9913,0.0,0.0,0.0,0.0,0.0,0.0,24
13100,20,9912,0.0,0.0,0.0,0.0,0.0,0.0,24
13101,20,9911,0.0,0.0,0.0,0.0,0.0,0.0,24
13102,20,9910,0.0,0.0,0.0,0.0,0.0,0.0,24
13103,20,10080,0.0,0.0,0.0,0.0,0.0,0.0,24
13104,20,10098,0.0,0.0,0.0,0.0,0.0,0.0,24
13105,20,10096,0.0,0.0,0.0,0.0,0.0,0.0,24
13106,20,10095,0.0,0.0,0.0,0.0,0.0,0.0,24
13107,20,10093,0.0,0.0,0.0,0.0,0.0,0.0,24
13108,20,10091,0.0,0.0,0.0,0.0,0.0,0.0,24
13109,20,10090,0.0,0.0,0.0,0.0,0.0,0.0,24
13110,20,10088,0.0,0.0,0.0,0.0,0.0,0.0,24
13111,20,10087,0.0,0.0,0.0,0.0,0.0,0.0,24
13112,20,10086,0.0,0.0,0.0,0.0,0.0,0.0,24
13113,20,10085,0.0,0.0,0.0,0.0,0.0,0.0,24
13114,20,10084,0.0,0.0,0.0,0.0,0.0,0.0,24
13115,20,10083,0.0,0.0,0.0,0.0,0.0,0.0,24
13116,20,10082,0.0,0.0,0.0,0.0,0.0,0.0,24
13117,20,10081,0.0,0.0,0.0,0.0,0.0,0.0,24
13118,20,10099,0.0,0.0,0.0,0.0,0.0,0.0,24
13119,20,10079,0.0,0.0,0.0,0.0,0.0,0.0,24
13120,20,10078,0.0,0.0,0.0,0.0,0.0,0.0,24
13121,20,10076,0.0,0.0,0.0,0.0,0.0,0.0,24
13122,20,10075,0.0,0.0,0.0,0.0,0.0,0.0,24
13123,20,10074,0.0,0.0,0.0,0.0,0.0,0.0,24
13124,20,10073,0.0,0.0,0.0,0.0,0.0,0.0,24
13125,20,10072,0.0,0.0,0.0,0.0,0.0,0.0,24
13126,20,10071,0.0,0.0,0.0,0.0,0.0,0.0,24
13127,20,10070,0.0,0.0,0.0,0.0,0.0,0.0,24
13128,20,10068,0.0,0.0,0.0,0.0,0.0,0.0,24
13129,20,10067,0.0,0.0,0.0,0.0,0.0,0.0,24
13130,20,10066,0.0,0.0,0.0,0.0,0.0,0.0,24
13131,20,10065,0.0,0.0,0.0,0.0,0.0,0.0,24
13132,20,10115,0.0,0.0,0.0,0.0,0.0,0.0,24
13133,20,10131,0.0,0.0,0.0,0.0,0.0,0.0,24
13134,20,10130,0.0,0.0,0.0,0.0,0.0,0.0,24
13135,20,10129,0.0,0.0,0.0,0.0,0.0,0.0,24
13136,20,10128,0.0,0.0,0.0,0.0,0.0,0.0,24
13137,20,10127,0.0,0.0,0.0,0.0,0.0,0.0,24
13138,20,10125,0.0,0.0,0.0,0.0,0.0,0.0,24
13139,20,10124,0.0,0.0,0.0,0.0,0.0,0.0,24
13140,20,10123,0.0,0.0,0.0,0.0,0.0,0.0,24
13141,20,10122,0.0,0.0,0.0,0.0,0.0,0.0,24
13142,20,10121,0.0,0.0,0.0,0.0,0.0,0.0,24
13143,20,10120,0.0,0.0,0.0,0.0,0.0,0.0,24
13144,20,10119,0.0,0.0,0.0,0.0,0.0,0.0,24
13145,20,10118,0.0,0.0,0.0,0.0,0.0,0.0,24
13146,20,10116,0.0,0.0,0.0,0.0,0.0,0.0,24
13147,20,10063,0.0,0.0,0.0,0.0,0.0,0.0,24
13148,20,10114,0.0,0.0,0.0,0.0,0.0,0.0,24
13149,20,10113,0.0,0.0,0.0,0.0,0.0,0.0,24
13150,20,10112,0.0,0.0,0.0,0.0,0.0,0.0,24
13151,20,10111,0.0,0.0,0.0,0.0,0.0,0.0,24
13152,20,10110,0.0,0.0,0.0,0.0,0.0,0.0,24
13153,20,10109,0.0,0.0,0.0,0.0,0.0,0.0,24
13154,20,10108,0.0,0.0,0.0,0.0,0.0,0.0,24
13155,20,10107,0.0,0.0,0.0,0.0,0.0,0.0,24
13156,20,10106,0.0,0.0,0.0,0.0,0.0,0.0,24
13157,20,10104,0.0,0.0,0.0,0.0,0.0,0.0,24
13158,20,10103,0.0,0.0,0.0,0.0,0.0,0.0,24
13159,20,10102,0.0,0.0,0.0,0.0,0.0,0.0,24
13160,20,10100,0.0,0.0,0.0,0.0,0.0,0.0,24
13161,20,10016,0.0,0.0,0.0,0.0,0.0,0.0,24
13162,20,10030,0.0,0.0,0.0,0.0,0.0,0.0,24
13163,20,10029,0.0,0.0,0.0,0.0,0.0,0.0,24
13164,20,10028,0.0,0.0,0.0,0.0,0.0,0.0,24
13165,20,10027,0.0,0.0,0.0,0.0,0.0,0.0,24
13166,20,10026,0.0,0.0,0.0,0.0,0.0,0.0,24
13167,20,10025,0.0,0.0,0.0,0.0,0.0,0.0,24
13168,20,10024,0.0,0.0,0.0,0.0,0.0,0.0,24
13169,20,10023,0.0,0.0,0.0,0.0,0.0,0.0,24
13170,20,10022,0.0,0.0,0.0,0.0,0.0,0.0,24
13171,20,10021,0.0,0.0,0.0,0.0,0.0,0.0,24
13172,20,10020,0.0,0.0,0.0,0.0,0.0,0.0,24
13173,20,10019,0.0,0.0,0.0,0.0,0.0,0.0,24
13174,20,10018,0.0,0.0,0.0,0.0,0.0,0.0,24
13175,20,10017,0.0,0.0,0.0,0.0,0.0,0.0,24
13176,20,10031,0.0,0.0,0.0,0.0,0.0,0.0,24
13177,20,10015,0.0,0.0,0.0,0.0,0.0,0.0,24
13178,20,10014,0.0,0.0,0.0,0.0,0.0,0.0,24
13179,20,10013,0.0,0.0,0.0,0.0,0.0,0.0,24
13180,20,10012,0.0,0.0,0.0,0.0,0.0,0.0,24
13181,20,10011,0.0,0.0,0.0,0.0,0.0,0.0,24
13182,20,10010,0.0,0.0,0.0,0.0,0.0,0.0,24
13183,20,10009,0.0,0.0,0.0,0.0,0.0,0.0,24
13184,20,10008,0.0,0.0,0.0,0.0,0.0,0.0,24
13185,20,10007,0.0,0.0,0.0,0.0,0.0,0.0,24
13186,20,10006,0.0,0.0,0.0,0.0,0.0,0.0,24
13187,20,10005,0.0,0.0,0.0,0.0,0.0,0.0,24
13188,20,10004,0.0,0.0,0.0,0.0,0.0,0.0,24
13189,20,10003,0.0,0.0,0.0,0.0,0.0,0.0,24
13190,20,10047,0.0,0.0,0.0,0.0,0.0,0.0,24
13191,20,10062,0.0,0.0,0.0,0.0,0.0,0.0,24
13192,20,10061,0.0,0.0,0.0,0.0,0.0,0.0,24
13193,20,10060,0.0,0.0,0.0,0.0,0.0,0.0,24
13194,20,10059,0.0,0.0,0.0,0.0,0.0,0.0,24
13195,20,10058,0.0,0.0,0.0,0.0,0.0,0.0,24
13196,20,10057,0.0,0.0,0.0,0.0,0.0,0.0,24
13197,20,10056,0.0,0.0,0.0,0.0,0.0,0.0,24
13198,20,10055,0.0,0.0,0.0,0.0,0.0,0.0,24
13199,20,10054,0.0,0.0,0.0,0.0,0.0,0.0,24
13200,20,10053,0.0,0.0,0.0,0.0,0.0,0.0,24
13201,20,10052,0.0,0.0,0.0,0.0,0.0,0.0,24
13202,20,10051,0.0,0.0,0.0,0.0,0.0,0.0,24
13203,20,10050,0.0,0.0,0.0,0.0,0.0,0.0,24
13204,20,10049,0.0,0.0,0.0,0.0,0.0,0.0,24
13205,20,9369,0.0,0.0,0.0,0.0,0.0,0.0,24
13206,20,10046,0.0,0.0,0.0,0.0,0.0,0.0,24
13207,20,10045,0.0,0.0,0.0,0.0,0.0,0.0,24
13208,20,10044,0.0,0.0,0.0,0.0,0.0,0.0,24
13209,20,10043,0.0,0.0,0.0,0.0,0.0,0.0,24
13210,20,10042,0.0,0.0,0.0,0.0,0.0,0.0,24
13211,20,10041,0.0,0.0,0.0,0.0,0.0,0.0,24
13212,20,10039,0.0,0.0,0.0,0.0,0.0,0.0,24
13213,20,10037,0.0,0.0,0.0,0.0,0.0,0.0,24
13214,20,10036,0.0,0.0,0.0,0.0,0.0,0.0,24
13215,20,10035,0.0,0.0,0.0,0.0,0.0,0.0,24
13216,20,10034,0.0,0.0,0.0,0.0,0.0,0.0,24
13217,20,10033,0.0,0.0,0.0,0.0,0.0,0.0,24
13218,20,10032,0.0,0.0,0.0,0.0,0.0,0.0,24
13219,20,8709,0.0,0.0,0.0,0.0,0.0,0.0,24
13220,20,8723,0.0,0.0,0.0,0.0,0.0,0.0,24
13221,20,8722,0.0,0.0,0.0,0.0,0.0,0.0,24
13222,20,8721,0.0,0.0,0.0,0.0,0.0,0.0,24
13223,20,8720,0.0,0.0,0.0,0.0,0.0,0.0,24
13224,20,8719,0.0,0.0,0.0,0.0,0.0,0.0,24
13225,20,8718,0.0,0.0,0.0,0.0,0.0,0.0,24
13226,20,8717,0.0,0.0,0.0,0.0,0.0,0.0,24
13227,20,8716,0.0,0.0,0.0,0.0,0.0,0.0,24
13228,20,8715,0.0,0.0,0.0,0.0,0.0,0.0,24
13229,20,8714,0.0,0.0,0.0,0.0,0.0,0.0,24
13230,20,8713,0.0,0.0,0.0,0.0,0.0,0.0,24
13231,20,8712,0.0,0.0,0.0,0.0,0.0,0.0,24
13232,20,8711,0.0,0.0,0.0,0.0,0.0,0.0,24
13233,20,8710,0.0,0.0,0.0,0.0,0.0,0.0,24
13234,20,8724,0.0,0.0,0.0,0.0,0.0,0.0,24
13235,20,8708,0.0,0.0,0.0,0.0,0.0,0.0,24
13236,20,8707,0.0,0.0,0.0,0.0,0.0,0.0,24
13237,20,8706,0.0,0.0,0.0,0.0,0.0,0.0,24
13238,20,8705,0.0,0.0,0.0,0.0,0.0,0.0,24
13239,20,8704,0.0,0.0,0.0,0.0,0.0,0.0,24
13240,20,8703,0.0,0.0,0.0,0.0,0.0,0.0,24
13241,20,8702,0.0,0.0,0.0,0.0,0.0,0.0,24
13242,20,8701,0.0,0.0,0.0,0.0,0.0,0.0,24
13243,20,8700,0.0,0.0,0.0,0.0,0.0,0.0,24
13244,20,8699,0.0,0.0,0.0,0.0,0.0,0.0,24
13245,20,8698,0.0,0.0,0.0,0.0,0.0,0.0,24
13246,20,8697,0.0,0.0,0.0,0.0,0.0,0.0,24
13247,20,8696,0.0,0.0,0.0,0.0,0.0,0.0,24
13248,20,8739,0.0,0.0,0.0,0.0,0.0,0.0,24
13249,20,8756,0.0,0.0,0.0,0.0,0.0,0.0,24
13250,20,8755,0.0,0.0,0.0,0.0,0.0,0.0,24
13251,20,8753,0.0,0.0,0.0,0.0,0.0,0.0,24
13252,20,8751,0.0,0.0,0.0,0.0,0.0,0.0,24
13253,20,8750,0.0,0.0,0.0,0.0,0.0,0.0,24
13254,20,8749,0.0,0.0,0.0,0.0,0.0,0.0,24
13255,20,8748,0.0,0.0,0.0,0.0,0.0,0.0,24
13256,20,8747,0.0,0.0,0.0,0.0,0.0,0.0,24
13257,20,8746,0.0,0.0,0.0,0.0,0.0,0.0,24
13258,20,8745,0.0,0.0,0.0,0.0,0.0,0.0,24
13259,20,8744,0.0,0.0,0.0,0.0,0.0,0.0,24
13260,20,8743,0.0,0.0,0.0,0.0,0.0,0.0,24
13261,20,8741,0.0,0.0,0.0,0.0,0.0,0.0,24
13262,20,8740,0.0,0.0,0.0,0.0,0.0,0.0,24
13263,20,8695,0.0,0.0,0.0,0.0,0.0,0.0,24
13264,20,8737,0.0,0.0,0.0,0.0,0.0,0.0,24
13265,20,8736,0.0,0.0,0.0,0.0,0.0,0.0,24
13266,20,8735,0.0,0.0,0.0,0.0,0.0,0.0,24
13267,20,8734,0.0,0.0,0.0,0.0,0.0,0.0,24
13268,20,8733,0.0,0.0,0.0,0.0,0.0,0.0,24
13269,20,8732,0.0,0.0,0.0,0.0,0.0,0.0,24
13270,20,8731,0.0,0.0,0.0,0.0,0.0,0.0,24
13271,20,8730,0.0,0.0,0.0,0.0,0.0,0.0,24
13272,20,8729,0.0,0.0,0.0,0.0,0.0,0.0,24
13273,20,8728,0.0,0.0,0.0,0.0,0.0,0.0,24
13274,20,8727,0.0,0.0,0.0,0.0,0.0,0.0,24
13275,20,8726,0.0,0.0,0.0,0.0,0.0,0.0,24
13276,20,8725,0.0,0.0,0.0,0.0,0.0,0.0,24
13277,20,8648,0.0,0.0,0.0,0.0,0.0,0.0,24
13278,20,8663,0.0,0.0,0.0,0.0,0.0,0.0,24
13279,20,8662,0.0,0.0,0.0,0.0,0.0,0.0,24
13280,20,8661,0.0,0.0,0.0,0.0,0.0,0.0,24
13281,20,8660,0.0,0.0,0.0,0.0,0.0,0.0,24
13282,20,8659,0.0,0.0,0.0,0.0,0.0,0.0,24
13283,20,8658,0.0,0.0,0.0,0.0,0.0,0.0,24
13284,20,8657,0.0,0.0,0.0,0.0,0.0,0.0,24
13285,20,8656,0.0,0.0,0.0,0.0,0.0,0.0,24
13286,20,8655,0.0,0.0,0.0,0.0,0.0,0.0,24
13287,20,8654,0.0,0.0,0.0,0.0,0.0,0.0,24
13288,20,8653,0.0,0.0,0.0,0.0,0.0,0.0,24
13289,20,8652,0.0,0.0,0.0,0.0,0.0,0.0,24
13290,20,8651,0.0,0.0,0.0,0.0,0.0,0.0,24
13291,20,8650,0.0,0.0,0.0,0.0,0.0,0.0,24
13292,20,8664,0.0,0.0,0.0,0.0,0.0,0.0,24
13293,20,8647,0.0,0.0,0.0,0.0,0.0,0.0,24
13294,20,8646,0.0,0.0,0.0,0.0,0.0,0.0,24
13295,20,8645,0.0,0.0,0.0,0.0,0.0,0.0,24
13296,20,8644,0.0,0.0,0.0,0.0,0.0,0.0,24
13297,20,8643,0.0,0.0,0.0,0.0,0.0,0.0,24
13298,20,8642,0.0,0.0,0.0,0.0,0.0,0.0,24
13299,20,8641,0.0,0.0,0.0,0.0,0.0,0.0,24
13300,20,8639,0.0,0.0,0.0,0.0,0.0,0.0,24
13301,20,8638,0.0,0.0,0.0,0.0,0.0,0.0,24
13302,20,8637,0.0,0.0,0.0,0.0,0.0,0.0,24
13303,20,8636,0.0,0.0,0.0,0.0,0.0,0.0,24
13304,20,8635,0.0,0.0,0.0,0.0,0.0,0.0,24
13305,20,8634,0.0,0.0,0.0,0.0,0.0,0.0,24
13306,20,8678,0.0,0.0,0.0,0.0,0.0,0.0,24
13307,20,8694,0.0,0.0,0.0,0.0,0.0,0.0,24
13308,20,8693,0.0,0.0,0.0,0.0,0.0,0.0,24
13309,20,8692,0.0,0.0,0.0,0.0,0.0,0.0,24
13310,20,8691,0.0,0.0,0.0,0.0,0.0,0.0,24
13311,20,8690,0.0,0.0,0.0,0.0,0.0,0.0,24
13312,20,8688,0.0,0.0,0.0,0.0,0.0,0.0,24
13313,20,8687,0.0,0.0,0.0,0.0,0.0,0.0,24
13314,20,8686,0.0,0.0,0.0,0.0,0.0,0.0,24
13315,20,8685,0.0,0.0,0.0,0.0,0.0,0.0,24
13316,20,8684,0.0,0.0,0.0,0.0,0.0,0.0,24
13317,20,8683,0.0,0.0,0.0,0.0,0.0,0.0,24
13318,20,8682,0.0,0.0,0.0,0.0,0.0,0.0,24
13319,20,8681,0.0,0.0,0.0,0.0,0.0,0.0,24
13320,20,8679,0.0,0.0,0.0,0.0,0.0,0.0,24
13321,20,8757,0.0,0.0,0.0,0.0,0.0,0.0,24
13322,20,8677,0.0,0.0,0.0,0.0,0.0,0.0,24
13323,20,8676,0.0,0.0,0.0,0.0,0.0,0.0,24
13324,20,8675,0.0,0.0,0.0,0.0,0.0,0.0,24
13325,20,8674,0.0,0.0,0.0,0.0,0.0,0.0,24
13326,20,8673,0.0,0.0,0.0,0.0,0.0,0.0,24
13327,20,8672,0.0,0.0,0.0,0.0,0.0,0.0,24
13328,20,8671,0.0,0.0,0.0,0.0,0.0,0.0,24
13329,20,8670,0.0,0.0,0.0,0.0,0.0,0.0,24
13330,20,8669,0.0,0.0,0.0,0.0,0.0,0.0,24
13331,20,8668,0.0,0.0,0.0,0.0,0.0,0.0,24
13332,20,8667,0.0,0.0,0.0,0.0,0.0,0.0,24
13333,20,8666,0.0,0.0,0.0,0.0,0.0,0.0,24
13334,20,8665,0.0,0.0,0.0,0.0,0.0,0.0,24
13335,20,8833,0.0,0.0,0.0,0.0,0.0,0.0,24
13336,20,8847,0.0,0.0,0.0,0.0,0.0,0.0,24
13337,20,8846,0.0,0.0,0.0,0.0,0.0,0.0,24
13338,20,8845,0.0,0.0,0.0,0.0,0.0,0.0,24
13339,20,8844,0.0,0.0,0.0,0.0,0.0,0.0,24
13340,20,8843,0.0,0.0,0.0,0.0,0.0,0.0,24
13341,20,8842,0.0,0.0,0.0,0.0,0.0,0.0,24
13342,20,8841,0.0,0.0,0.0,0.0,0.0,0.0,24
13343,20,8840,0.0,0.0,0.0,0.0,0.0,0.0,24
13344,20,8839,0.0,0.0,0.0,0.0,0.0,0.0,24
13345,20,8838,0.0,0.0,0.0,0.0,0.0,0.0,24
13346,20,8837,0.0,0.0,0.0,0.0,0.0,0.0,24
13347,20,8836,0.0,0.0,0.0,0.0,0.0,0.0,24
13348,20,8835,0.0,0.0,0.0,0.0,0.0,0.0,24
13349,20,8834,0.0,0.0,0.0,0.0,0.0,0.0,24
13350,20,8848,0.0,0.0,0.0,0.0,0.0,0.0,24
13351,20,8832,0.0,0.0,0.0,0.0,0.0,0.0,24
13352,20,8831,0.0,0.0,0.0,0.0,0.0,0.0,24
13353,20,8830,0.0,0.0,0.0,0.0,0.0,0.0,24
13354,20,8829,0.0,0.0,0.0,0.0,0.0,0.0,24
13355,20,8828,0.0,0.0,0.0,0.0,0.0,0.0,24
13356,20,8827,0.0,0.0,0.0,0.0,0.0,0.0,24
13357,20,8826,0.0,0.0,0.0,0.0,0.0,0.0,24
13358,20,8825,0.0,0.0,0.0,0.0,0.0,0.0,24
13359,20,8824,0.0,0.0,0.0,0.0,0.0,0.0,24
13360,20,8823,0.0,0.0,0.0,0.0,0.0,0.0,24
13361,20,8822,0.0,0.0,0.0,0.0,0.0,0.0,24
13362,20,8821,0.0,0.0,0.0,0.0,0.0,0.0,24
13363,20,8820,0.0,0.0,0.0,0.0,0.0,0.0,24
13364,20,8863,0.0,0.0,0.0,0.0,0.0,0.0,24
13365,20,8877,0.0,0.0,0.0,0.0,0.0,0.0,24
13366,20,8876,0.0,0.0,0.0,0.0,0.0,0.0,24
13367,20,8875,0.0,0.0,0.0,0.0,0.0,0.0,24
13368,20,8874,0.0,0.0,0.0,0.0,0.0,0.0,24
13369,20,8873,0.0,0.0,0.0,0.0,0.0,0.0,24
13370,20,8872,0.0,0.0,0.0,0.0,0.0,0.0,24
13371,20,8871,0.0,0.0,0.0,0.0,0.0,0.0,24
13372,20,8870,0.0,0.0,0.0,0.0,0.0,0.0,24
13373,20,8869,0.0,0.0,0.0,0.0,0.0,0.0,24
13374,20,8868,0.0,0.0,0.0,0.0,0.0,0.0,24
13375,20,8867,0.0,0.0,0.0,0.0,0.0,0.0,24
13376,20,8866,0.0,0.0,0.0,0.0,0.0,0.0,24
13377,20,8865,0.0,0.0,0.0,0.0,0.0,0.0,24
13378,20,8864,0.0,0.0,0.0,0.0,0.0,0.0,24
13379,20,8819,0.0,0.0,0.0,0.0,0.0,0.0,24
13380,20,8862,0.0,0.0,0.0,0.0,0.0,0.0,24
13381,20,8861,0.0,0.0,0.0,0.0,0.0,0.0,24
13382,20,8860,0.0,0.0,0.0,0.0,0.0,0.0,24
13383,20,8859,0.0,0.0,0.0,0.0,0.0,0.0,24
13384,20,8858,0.0,0.0,0.0,0.0,0.0,0.0,24
13385,20,8857,0.0,0.0,0.0,0.0,0.0,0.0,24
13386,20,8856,0.0,0.0,0.0,0.0,0.0,0.0,24
13387,20,8855,0.0,0.0,0.0,0.0,0.0,0.0,24
13388,20,8854,0.0,0.0,0.0,0.0,0.0,0.0,24
13389,20,8852,0.0,0.0,0.0,0.0,0.0,0.0,24
13390,20,8851,0.0,0.0,0.0,0.0,0.0,0.0,24
13391,20,8850,0.0,0.0,0.0,0.0,0.0,0.0,24
13392,20,8849,0.0,0.0,0.0,0.0,0.0,0.0,24
13393,20,8773,0.0,0.0,0.0,0.0,0.0,0.0,24
13394,20,8788,0.0,0.0,0.0,0.0,0.0,0.0,24
13395,20,8787,0.0,0.0,0.0,0.0,0.0,0.0,24
13396,20,8786,0.0,0.0,0.0,0.0,0.0,0.0,24
13397,20,8785,0.0,0.0,0.0,0.0,0.0,0.0,24
13398,20,8784,0.0,0.0,0.0,0.0,0.0,0.0,24
13399,20,8783,0.0,0.0,0.0,0.0,0.0,0.0,24
13400,20,8782,0.0,0.0,0.0,0.0,0.0,0.0,24
13401,20,8781,0.0,0.0,0.0,0.0,0.0,0.0,24
13402,20,8780,0.0,0.0,0.0,0.0,0.0,0.0,24
13403,20,8779,0.0,0.0,0.0,0.0,0.0,0.0,24
13404,20,8778,0.0,0.0,0.0,0.0,0.0,0.0,24
13405,20,8777,0.0,0.0,0.0,0.0,0.0,0.0,24
13406,20,8776,0.0,0.0,0.0,0.0,0.0,0.0,24
13407,20,8774,0.0,0.0,0.0,0.0,0.0,0.0,24
13408,20,8789,0.0,0.0,0.0,0.0,0.0,0.0,24
13409,20,8772,0.0,0.0,0.0,0.0,0.0,0.0,24
13410,20,8771,0.0,0.0,0.0,0.0,0.0,0.0,24
13411,20,8770,0.0,0.0,0.0,0.0,0.0,0.0,24
13412,20,8769,0.0,0.0,0.0,0.0,0.0,0.0,24
13413,20,8768,0.0,0.0,0.0,0.0,0.0,0.0,24
13414,20,8766,0.0,0.0,0.0,0.0,0.0,0.0,24
13415,20,8765,0.0,0.0,0.0,0.0,0.0,0.0,24
13416,20,8764,0.0,0.0,0.0,0.0,0.0,0.0,24
13417,20,8763,0.0,0.0,0.0,0.0,0.0,0.0,24
13418,20,8762,0.0,0.0,0.0,0.0,0.0,0.0,24
13419,20,8761,0.0,0.0,0.0,0.0,0.0,0.0,24
13420,20,8760,0.0,0.0,0.0,0.0,0.0,0.0,24
13421,20,8758,0.0,0.0,0.0,0.0,0.0,0.0,24
13422,20,8803,0.0,0.0,0.0,0.0,0.0,0.0,24
13423,20,8818,0.0,0.0,0.0,0.0,0.0,0.0,24
13424,20,8817,0.0,0.0,0.0,0.0,0.0,0.0,24
13425,20,8816,0.0,0.0,0.0,0.0,0.0,0.0,24
13426,20,8815,0.0,0.0,0.0,0.0,0.0,0.0,24
13427,20,8814,0.0,0.0,0.0,0.0,0.0,0.0,24
13428,20,8813,0.0,0.0,0.0,0.0,0.0,0.0,24
13429,20,8812,0.0,0.0,0.0,0.0,0.0,0.0,24
13430,20,8811,0.0,0.0,0.0,0.0,0.0,0.0,24
13431,20,8810,0.0,0.0,0.0,0.0,0.0,0.0,24
13432,20,8808,0.0,0.0,0.0,0.0,0.0,0.0,24
13433,20,8807,0.0,0.0,0.0,0.0,0.0,0.0,24
13434,20,8806,0.0,0.0,0.0,0.0,0.0,0.0,24
13435,20,8805,0.0,0.0,0.0,0.0,0.0,0.0,24
13436,20,8804,0.0,0.0,0.0,0.0,0.0,0.0,24
13437,20,8633,0.0,0.0,0.0,0.0,0.0,0.0,24
13438,20,8802,0.0,0.0,0.0,0.0,0.0,0.0,24
13439,20,8801,0.0,0.0,0.0,0.0,0.0,0.0,24
13440,20,8800,0.0,0.0,0.0,0.0,0.0,0.0,24
13441,20,8799,0.0,0.0,0.0,0.0,0.0,0.0,24
13442,20,8798,0.0,0.0,0.0,0.0,0.0,0.0,24
13443,20,8797,0.0,0.0,0.0,0.0,0.0,0.0,24
13444,20,8796,0.0,0.0,0.0,0.0,0.0,0.0,24
13445,20,8795,0.0,0.0,0.0,0.0,0.0,0.0,24
13446,20,8794,0.0,0.0,0.0,0.0,0.0,0.0,24
13447,20,8793,0.0,0.0,0.0,0.0,0.0,0.0,24
13448,20,8792,0.0,0.0,0.0,0.0,0.0,0.0,24
13449,20,8791,0.0,0.0,0.0,0.0,0.0,0.0,24
13450,20,8790,0.0,0.0,0.0,0.0,0.0,0.0,24
13451,20,23,0.0,0.0,0.0,0.0,0.0,0.0,24
13452,20,9,0.0,0.0,0.0,0.0,0.0,0.0,24
13453,20,10,0.0,0.0,0.0,0.0,0.0,0.0,24
13454,20,11,0.0,0.0,0.0,0.0,0.0,0.0,24
13455,20,12,0.0,0.0,0.0,0.0,0.0,0.0,24
13456,20,13,0.0,0.0,0.0,0.0,0.0,0.0,24
13457,20,14,0.0,0.0,0.0,0.0,0.0,0.0,24
13458,20,15,0.0,0.0,0.0,0.0,0.0,0.0,24
13459,20,16,0.0,0.0,0.0,0.0,0.0,0.0,24
13460,20,17,0.0,0.0,0.0,0.0,0.0,0.0,24
13461,20,18,0.0,0.0,0.0,0.0,0.0,0.0,24
13462,20,19,0.0,0.0,0.0,0.0,0.0,0.0,24
13463,20,20,0.0,0.0,0.0,0.0,0.0,0.0,24
13464,20,21,0.0,0.0,0.0,0.0,0.0,0.0,24
13465,20,22,0.0,0.0,0.0,0.0,0.0,0.0,24
13466,20,8,0.0,0.0,0.0,0.0,0.0,0.0,24
13467,20,24,0.0,0.0,0.0,0.0,0.0,0.0,24
13468,20,25,0.0,0.0,0.0,0.0,0.0,0.0,24
13469,20,26,0.0,0.0,0.0,0.0,0.0,0.0,24
13470,20,27,0.0,0.0,0.0,0.0,0.0,0.0,24
13471,20,28,0.0,0.0,0.0,0.0,0.0,0.0,24
13472,20,29,0.0,0.0,0.0,0.0,0.0,0.0,24
13473,20,31,0.0,0.0,0.0,0.0,0.0,0.0,24
13474,20,32,0.0,0.0,0.0,0.0,0.0,0.0,24
13475,20,33,0.0,0.0,0.0,0.0,0.0,0.0,24
13476,20,34,0.0,0.0,0.0,0.0,0.0,0.0,24
13477,20,35,0.0,0.0,0.0,0.0,0.0,0.0,24
13478,20,36,0.0,0.0,0.0,0.0,0.0,0.0,24
13479,20,37,0.0,0.0,0.0,0.0,0.0,0.0,24
13480,20,8492,0.0,0.0,0.0,0.0,0.0,0.0,24
13481,20,8508,0.0,0.0,0.0,0.0,0.0,0.0,24
13482,20,8507,0.0,0.0,0.0,0.0,0.0,0.0,24
13483,20,8506,0.0,0.0,0.0,0.0,0.0,0.0,24
13484,20,8505,0.0,0.0,0.0,0.0,0.0,0.0,24
13485,20,8504,0.0,0.0,0.0,0.0,0.0,0.0,24
13486,20,8503,0.0,0.0,0.0,0.0,0.0,0.0,24
13487,20,8502,0.0,0.0,0.0,0.0,0.0,0.0,24
13488,20,8501,0.0,0.0,0.0,0.0,0.0,0.0,24
13489,20,8499,0.0,0.0,0.0,0.0,0.0,0.0,24
13490,20,8498,0.0,0.0,0.0,0.0,0.0,0.0,24
13491,20,8496,0.0,0.0,0.0,0.0,0.0,0.0,24
13492,20,8495,0.0,0.0,0.0,0.0,0.0,0.0,24
13493,20,8494,0.0,0.0,0.0,0.0,0.0,0.0,24
13494,20,8493,0.0,0.0,0.0,0.0,0.0,0.0,24
13495,20,38,0.0,0.0,0.0,0.0,0.0,0.0,24
13496,20,8491,0.0,0.0,0.0,0.0,0.0,0.0,24
13497,20,8490,0.0,0.0,0.0,0.0,0.0,0.0,24
13498,20,8488,0.0,0.0,0.0,0.0,0.0,0.0,24
13499,20,8487,0.0,0.0,0.0,0.0,0.0,0.0,24
13500,20,8486,0.0,0.0,0.0,0.0,0.0,0.0,24
13501,20,8485,0.0,0.0,0.0,0.0,0.0,0.0,24
13502,20,4243,0.0,0.0,0.0,0.0,0.0,0.0,24
13503,20,1,0.0,0.0,0.0,0.0,0.0,0.0,24
13504,20,2,0.0,0.0,0.0,0.0,0.0,0.0,24
13505,20,4,0.0,0.0,0.0,0.0,0.0,0.0,24
13506,20,5,0.0,0.0,0.0,0.0,0.0,0.0,24
13507,20,6,0.0,0.0,0.0,0.0,0.0,0.0,24
13508,20,7,0.0,0.0,0.0,0.0,0.0,0.0,24
13509,20,84,0.0,0.0,0.0,0.0,0.0,0.0,24
13510,20,70,0.0,0.0,0.0,0.0,0.0,0.0,24
13511,20,71,0.0,0.0,0.0,0.0,0.0,0.0,24
13512,20,72,0.0,0.0,0.0,0.0,0.0,0.0,24
13513,20,73,0.0,0.0,0.0,0.0,0.0,0.0,24
13514,20,74,0.0,0.0,0.0,0.0,0.0,0.0,24
13515,20,75,0.0,0.0,0.0,0.0,0.0,0.0,24
13516,20,76,0.0,0.0,0.0,0.0,0.0,0.0,24
13517,20,77,0.0,0.0,0.0,0.0,0.0,0.0,24
13518,20,78,0.0,0.0,0.0,0.0,0.0,0.0,24
13519,20,79,0.0,0.0,0.0,0.0,0.0,0.0,24
13520,20,80,0.0,0.0,0.0,0.0,0.0,0.0,24
13521,20,81,0.0,0.0,0.0,0.0,0.0,0.0,24
13522,20,82,0.0,0.0,0.0,0.0,0.0,0.0,24
13523,20,83,0.0,0.0,0.0,0.0,0.0,0.0,24
13524,20,69,0.0,0.0,0.0,0.0,0.0,0.0,24
13525,20,85,0.0,0.0,0.0,0.0,0.0,0.0,24
13526,20,86,0.0,0.0,0.0,0.0,0.0,0.0,24
13527,20,87,0.0,0.0,0.0,0.0,0.0,0.0,24
13528,20,88,0.0,0.0,0.0,0.0,0.0,0.0,24
13529,20,89,0.0,0.0,0.0,0.0,0.0,0.0,24
13530,20,90,0.0,0.0,0.0,0.0,0.0,0.0,24
13531,20,91,0.0,0.0,0.0,0.0,0.0,0.0,24
13532,20,92,0.0,0.0,0.0,0.0,0.0,0.0,24
13533,20,94,0.0,0.0,0.0,0.0,0.0,0.0,24
13534,20,95,0.0,0.0,0.0,0.0,0.0,0.0,24
13535,20,96,0.0,0.0,0.0,0.0,0.0,0.0,24
13536,20,98,0.0,0.0,0.0,0.0,0.0,0.0,24
13537,20,99,0.0,0.0,0.0,0.0,0.0,0.0,24
13538,20,55,0.0,0.0,0.0,0.0,0.0,0.0,24
13539,20,39,0.0,0.0,0.0,0.0,0.0,0.0,24
13540,20,40,0.0,0.0,0.0,0.0,0.0,0.0,24
13541,20,41,0.0,0.0,0.0,0.0,0.0,0.0,24
13542,20,42,0.0,0.0,0.0,0.0,0.0,0.0,24
13543,20,43,0.0,0.0,0.0,0.0,0.0,0.0,24
13544,20,44,0.0,0.0,0.0,0.0,0.0,0.0,24
13545,20,45,0.0,0.0,0.0,0.0,0.0,0.0,24
13546,20,47,0.0,0.0,0.0,0.0,0.0,0.0,24
13547,20,48,0.0,0.0,0.0,0.0,0.0,0.0,24
13548,20,49,0.0,0.0,0.0,0.0,0.0,0.0,24
13549,20,51,0.0,0.0,0.0,0.0,0.0,0.0,24
13550,20,52,0.0,0.0,0.0,0.0,0.0,0.0,24
13551,20,53,0.0,0.0,0.0,0.0,0.0,0.0,24
13552,20,54,0.0,0.0,0.0,0.0,0.0,0.0,24
13553,20,8509,0.0,0.0,0.0,0.0,0.0,0.0,24
13554,20,56,0.0,0.0,0.0,0.0,0.0,0.0,24
13555,20,57,0.0,0.0,0.0,0.0,0.0,0.0,24
13556,20,58,0.0,0.0,0.0,0.0,0.0,0.0,24
13557,20,59,0.0,0.0,0.0,0.0,0.0,0.0,24
13558,20,60,0.0,0.0,0.0,0.0,0.0,0.0,24
13559,20,61,0.0,0.0,0.0,0.0,0.0,0.0,24
13560,20,62,0.0,0.0,0.0,0.0,0.0,0.0,24
13561,20,63,0.0,0.0,0.0,0.0,0.0,0.0,24
13562,20,64,0.0,0.0,0.0,0.0,0.0,0.0,24
13563,20,65,0.0,0.0,0.0,0.0,0.0,0.0,24
13564,20,66,0.0,0.0,0.0,0.0,0.0,0.0,24
13565,20,67,0.0,0.0,0.0,0.0,0.0,0.0,24
13566,20,68,0.0,0.0,0.0,0.0,0.0,0.0,24
13567,20,8587,0.0,0.0,0.0,0.0,0.0,0.0,24
13568,20,8602,0.0,0.0,0.0,0.0,0.0,0.0,24
13569,20,8601,0.0,0.0,0.0,0.0,0.0,0.0,24
13570,20,8600,0.0,0.0,0.0,0.0,0.0,0.0,24
13571,20,8599,0.0,0.0,0.0,0.0,0.0,0.0,24
13572,20,8598,0.0,0.0,0.0,0.0,0.0,0.0,24
13573,20,8597,0.0,0.0,0.0,0.0,0.0,0.0,24
13574,20,8596,0.0,0.0,0.0,0.0,0.0,0.0,24
13575,20,8595,0.0,0.0,0.0,0.0,0.0,0.0,24
13576,20,8594,0.0,0.0,0.0,0.0,0.0,0.0,24
13577,20,8592,0.0,0.0,0.0,0.0,0.0,0.0,24
13578,20,8591,0.0,0.0,0.0,0.0,0.0,0.0,24
13579,20,8590,0.0,0.0,0.0,0.0,0.0,0.0,24
13580,20,8589,0.0,0.0,0.0,0.0,0.0,0.0,24
13581,20,8588,0.0,0.0,0.0,0.0,0.0,0.0,24
13582,20,8603,0.0,0.0,0.0,0.0,0.0,0.0,24
13583,20,8586,0.0,0.0,0.0,0.0,0.0,0.0,24
13584,20,8585,0.0,0.0,0.0,0.0,0.0,0.0,24
13585,20,8584,0.0,0.0,0.0,0.0,0.0,0.0,24
13586,20,8583,0.0,0.0,0.0,0.0,0.0,0.0,24
13587,20,8582,0.0,0.0,0.0,0.0,0.0,0.0,24
13588,20,8581,0.0,0.0,0.0,0.0,0.0,0.0,24
13589,20,8580,0.0,0.0,0.0,0.0,0.0,0.0,24
13590,20,8579,0.0,0.0,0.0,0.0,0.0,0.0,24
13591,20,8578,0.0,0.0,0.0,0.0,0.0,0.0,24
13592,20,8577,0.0,0.0,0.0,0.0,0.0,0.0,24
13593,20,8576,0.0,0.0,0.0,0.0,0.0,0.0,24
13594,20,8575,0.0,0.0,0.0,0.0,0.0,0.0,24
13595,20,8574,0.0,0.0,0.0,0.0,0.0,0.0,24
13596,20,8618,0.0,0.0,0.0,0.0,0.0,0.0,24
13597,20,8632,0.0,0.0,0.0,0.0,0.0,0.0,24
13598,20,8631,0.0,0.0,0.0,0.0,0.0,0.0,24
13599,20,8630,0.0,0.0,0.0,0.0,0.0,0.0,24
13600,20,8629,0.0,0.0,0.0,0.0,0.0,0.0,24
13601,20,8628,0.0,0.0,0.0,0.0,0.0,0.0,24
13602,20,8627,0.0,0.0,0.0,0.0,0.0,0.0,24
13603,20,8626,0.0,0.0,0.0,0.0,0.0,0.0,24
13604,20,8625,0.0,0.0,0.0,0.0,0.0,0.0,24
13605,20,8624,0.0,0.0,0.0,0.0,0.0,0.0,24
13606,20,8623,0.0,0.0,0.0,0.0,0.0,0.0,24
13607,20,8622,0.0,0.0,0.0,0.0,0.0,0.0,24
13608,20,8621,0.0,0.0,0.0,0.0,0.0,0.0,24
13609,20,8620,0.0,0.0,0.0,0.0,0.0,0.0,24
13610,20,8619,0.0,0.0,0.0,0.0,0.0,0.0,24
13611,20,8573,0.0,0.0,0.0,0.0,0.0,0.0,24
13612,20,8617,0.0,0.0,0.0,0.0,0.0,0.0,24
13613,20,8616,0.0,0.0,0.0,0.0,0.0,0.0,24
13614,20,8615,0.0,0.0,0.0,0.0,0.0,0.0,24
13615,20,8614,0.0,0.0,0.0,0.0,0.0,0.0,24
13616,20,8613,0.0,0.0,0.0,0.0,0.0,0.0,24
13617,20,8612,0.0,0.0,0.0,0.0,0.0,0.0,24
13618,20,8610,0.0,0.0,0.0,0.0,0.0,0.0,24
13619,20,8609,0.0,0.0,0.0,0.0,0.0,0.0,24
13620,20,8608,0.0,0.0,0.0,0.0,0.0,0.0,24
13621,20,8607,0.0,0.0,0.0,0.0,0.0,0.0,24
13622,20,8606,0.0,0.0,0.0,0.0,0.0,0.0,24
13623,20,8605,0.0,0.0,0.0,0.0,0.0,0.0,24
13624,20,8604,0.0,0.0,0.0,0.0,0.0,0.0,24
13625,20,8525,0.0,0.0,0.0,0.0,0.0,0.0,24
13626,20,8540,0.0,0.0,0.0,0.0,0.0,0.0,24
13627,20,8539,0.0,0.0,0.0,0.0,0.0,0.0,24
13628,20,8538,0.0,0.0,0.0,0.0,0.0,0.0,24
13629,20,8537,0.0,0.0,0.0,0.0,0.0,0.0,24
13630,20,8536,0.0,0.0,0.0,0.0,0.0,0.0,24
13631,20,8535,0.0,0.0,0.0,0.0,0.0,0.0,24
13632,20,8534,0.0,0.0,0.0,0.0,0.0,0.0,24
13633,20,8533,0.0,0.0,0.0,0.0,0.0,0.0,24
13634,20,8532,0.0,0.0,0.0,0.0,0.0,0.0,24
13635,20,8531,0.0,0.0,0.0,0.0,0.0,0.0,24
13636,20,8529,0.0,0.0,0.0,0.0,0.0,0.0,24
13637,20,8528,0.0,0.0,0.0,0.0,0.0,0.0,24
13638,20,8527,0.0,0.0,0.0,0.0,0.0,0.0,24
13639,20,8526,0.0,0.0,0.0,0.0,0.0,0.0,24
13640,20,8541,0.0,0.0,0.0,0.0,0.0,0.0,24
13641,20,8524,0.0,0.0,0.0,0.0,0.0,0.0,24
13642,20,8523,0.0,0.0,0.0,0.0,0.0,0.0,24
13643,20,8522,0.0,0.0,0.0,0.0,0.0,0.0,24
13644,20,8521,0.0,0.0,0.0,0.0,0.0,0.0,24
13645,20,8520,0.0,0.0,0.0,0.0,0.0,0.0,24
13646,20,8519,0.0,0.0,0.0,0.0,0.0,0.0,24
13647,20,8517,0.0,0.0,0.0,0.0,0.0,0.0,24
13648,20,8516,0.0,0.0,0.0,0.0,0.0,0.0,24
13649,20,8514,0.0,0.0,0.0,0.0,0.0,0.0,24
13650,20,8513,0.0,0.0,0.0,0.0,0.0,0.0,24
13651,20,8512,0.0,0.0,0.0,0.0,0.0,0.0,24
13652,20,8511,0.0,0.0,0.0,0.0,0.0,0.0,24
13653,20,8510,0.0,0.0,0.0,0.0,0.0,0.0,24
13654,20,8557,0.0,0.0,0.0,0.0,0.0,0.0,24
13655,20,8572,0.0,0.0,0.0,0.0,0.0,0.0,24
13656,20,8571,0.0,0.0,0.0,0.0,0.0,0.0,24
13657,20,8570,0.0,0.0,0.0,0.0,0.0,0.0,24
13658,20,8568,0.0,0.0,0.0,0.0,0.0,0.0,24
13659,20,8567,0.0,0.0,0.0,0.0,0.0,0.0,24
13660,20,8566,0.0,0.0,0.0,0.0,0.0,0.0,24
13661,20,8565,0.0,0.0,0.0,0.0,0.0,0.0,24
13662,20,8564,0.0,0.0,0.0,0.0,0.0,0.0,24
13663,20,8563,0.0,0.0,0.0,0.0,0.0,0.0,24
13664,20,8562,0.0,0.0,0.0,0.0,0.0,0.0,24
13665,20,8561,0.0,0.0,0.0,0.0,0.0,0.0,24
13666,20,8560,0.0,0.0,0.0,0.0,0.0,0.0,24
13667,20,8559,0.0,0.0,0.0,0.0,0.0,0.0,24
13668,20,8558,0.0,0.0,0.0,0.0,0.0,0.0,24
13669,20,8878,0.0,0.0,0.0,0.0,0.0,0.0,24
13670,20,8556,0.0,0.0,0.0,0.0,0.0,0.0,24
13671,20,8555,0.0,0.0,0.0,0.0,0.0,0.0,24
13672,20,8554,0.0,0.0,0.0,0.0,0.0,0.0,24
13673,20,8553,0.0,0.0,0.0,0.0,0.0,0.0,24
13674,20,8552,0.0,0.0,0.0,0.0,0.0,0.0,24
13675,20,8551,0.0,0.0,0.0,0.0,0.0,0.0,24
13676,20,8550,0.0,0.0,0.0,0.0,0.0,0.0,24
13677,20,8549,0.0,0.0,0.0,0.0,0.0,0.0,24
13678,20,8548,0.0,0.0,0.0,0.0,0.0,0.0,24
13679,20,8547,0.0,0.0,0.0,0.0,0.0,0.0,24
13680,20,8546,0.0,0.0,0.0,0.0,0.0,0.0,24
13681,20,8545,0.0,0.0,0.0,0.0,0.0,0.0,24
13682,20,8543,0.0,0.0,0.0,0.0,0.0,0.0,24
13683,20,9202,0.0,0.0,0.0,0.0,0.0,0.0,24
13684,20,9217,0.0,0.0,0.0,0.0,0.0,0.0,24
13685,20,9216,0.0,0.0,0.0,0.0,0.0,0.0,24
13686,20,9214,0.0,0.0,0.0,0.0,0.0,0.0,24
13687,20,9213,0.0,0.0,0.0,0.0,0.0,0.0,24
13688,20,9212,0.0,0.0,0.0,0.0,0.0,0.0,24
13689,20,9211,0.0,0.0,0.0,0.0,0.0,0.0,24
13690,20,9210,0.0,0.0,0.0,0.0,0.0,0.0,24
13691,20,9209,0.0,0.0,0.0,0.0,0.0,0.0,24
13692,20,9208,0.0,0.0,0.0,0.0,0.0,0.0,24
13693,20,9207,0.0,0.0,0.0,0.0,0.0,0.0,24
13694,20,9206,0.0,0.0,0.0,0.0,0.0,0.0,24
13695,20,9205,0.0,0.0,0.0,0.0,0.0,0.0,24
13696,20,9204,0.0,0.0,0.0,0.0,0.0,0.0,24
13697,20,9203,0.0,0.0,0.0,0.0,0.0,0.0,24
13698,20,9218,0.0,0.0,0.0,0.0,0.0,0.0,24
13699,20,9201,0.0,0.0,0.0,0.0,0.0,0.0,24
13700,20,9199,0.0,0.0,0.0,0.0,0.0,0.0,24
13701,20,9198,0.0,0.0,0.0,0.0,0.0,0.0,24
13702,20,9197,0.0,0.0,0.0,0.0,0.0,0.0,24
13703,20,9196,0.0,0.0,0.0,0.0,0.0,0.0,24
13704,20,9195,0.0,0.0,0.0,0.0,0.0,0.0,24
13705,20,9194,0.0,0.0,0.0,0.0,0.0,0.0,24
13706,20,9193,0.0,0.0,0.0,0.0,0.0,0.0,24
13707,20,9192,0.0,0.0,0.0,0.0,0.0,0.0,24
13708,20,9191,0.0,0.0,0.0,0.0,0.0,0.0,24
13709,20,9190,0.0,0.0,0.0,0.0,0.0,0.0,24
13710,20,9189,0.0,0.0,0.0,0.0,0.0,0.0,24
13711,20,9188,0.0,0.0,0.0,0.0,0.0,0.0,24
13712,20,9232,0.0,0.0,0.0,0.0,0.0,0.0,24
13713,20,9247,0.0,0.0,0.0,0.0,0.0,0.0,24
13714,20,9246,0.0,0.0,0.0,0.0,0.0,0.0,24
13715,20,9245,0.0,0.0,0.0,0.0,0.0,0.0,24
13716,20,9244,0.0,0.0,0.0,0.0,0.0,0.0,24
13717,20,9243,0.0,0.0,0.0,0.0,0.0,0.0,24
13718,20,9242,0.0,0.0,0.0,0.0,0.0,0.0,24
13719,20,9241,0.0,0.0,0.0,0.0,0.0,0.0,24
13720,20,9240,0.0,0.0,0.0,0.0,0.0,0.0,24
13721,20,9239,0.0,0.0,0.0,0.0,0.0,0.0,24
13722,20,9238,0.0,0.0,0.0,0.0,0.0,0.0,24
13723,20,9237,0.0,0.0,0.0,0.0,0.0,0.0,24
13724,20,9236,0.0,0.0,0.0,0.0,0.0,0.0,24
13725,20,9234,0.0,0.0,0.0,0.0,0.0,0.0,24
13726,20,9233,0.0,0.0,0.0,0.0,0.0,0.0,24
13727,20,9186,0.0,0.0,0.0,0.0,0.0,0.0,24
13728,20,9231,0.0,0.0,0.0,0.0,0.0,0.0,24
13729,20,9230,0.0,0.0,0.0,0.0,0.0,0.0,24
13730,20,9229,0.0,0.0,0.0,0.0,0.0,0.0,24
13731,20,9228,0.0,0.0,0.0,0.0,0.0,0.0,24
13732,20,9227,0.0,0.0,0.0,0.0,0.0,0.0,24
13733,20,9226,0.0,0.0,0.0,0.0,0.0,0.0,24
13734,20,9225,0.0,0.0,0.0,0.0,0.0,0.0,24
13735,20,9224,0.0,0.0,0.0,0.0,0.0,0.0,24
13736,20,9223,0.0,0.0,0.0,0.0,0.0,0.0,24
13737,20,9222,0.0,0.0,0.0,0.0,0.0,0.0,24
13738,20,9221,0.0,0.0,0.0,0.0,0.0,0.0,24
13739,20,9220,0.0,0.0,0.0,0.0,0.0,0.0,24
13740,20,9219,0.0,0.0,0.0,0.0,0.0,0.0,24
13741,20,9140,0.0,0.0,0.0,0.0,0.0,0.0,24
13742,20,9156,0.0,0.0,0.0,0.0,0.0,0.0,24
13743,20,9155,0.0,0.0,0.0,0.0,0.0,0.0,24
13744,20,9154,0.0,0.0,0.0,0.0,0.0,0.0,24
13745,20,9153,0.0,0.0,0.0,0.0,0.0,0.0,24
13746,20,9152,0.0,0.0,0.0,0.0,0.0,0.0,24
13747,20,9151,0.0,0.0,0.0,0.0,0.0,0.0,24
13748,20,9150,0.0,0.0,0.0,0.0,0.0,0.0,24
13749,20,9148,0.0,0.0,0.0,0.0,0.0,0.0,24
13750,20,9147,0.0,0.0,0.0,0.0,0.0,0.0,24
13751,20,9146,0.0,0.0,0.0,0.0,0.0,0.0,24
13752,20,9145,0.0,0.0,0.0,0.0,0.0,0.0,24
13753,20,9144,0.0,0.0,0.0,0.0,0.0,0.0,24
13754,20,9143,0.0,0.0,0.0,0.0,0.0,0.0,24
13755,20,9141,0.0,0.0,0.0,0.0,0.0,0.0,24
13756,20,9157,0.0,0.0,0.0,0.0,0.0,0.0,24
13757,20,9139,0.0,0.0,0.0,0.0,0.0,0.0,24
13758,20,9137,0.0,0.0,0.0,0.0,0.0,0.0,24
13759,20,9136,0.0,0.0,0.0,0.0,0.0,0.0,24
13760,20,9134,0.0,0.0,0.0,0.0,0.0,0.0,24
13761,20,9133,0.0,0.0,0.0,0.0,0.0,0.0,24
13762,20,9132,0.0,0.0,0.0,0.0,0.0,0.0,24
13763,20,9131,0.0,0.0,0.0,0.0,0.0,0.0,24
13764,20,9130,0.0,0.0,0.0,0.0,0.0,0.0,24
13765,20,9129,0.0,0.0,0.0,0.0,0.0,0.0,24
13766,20,9128,0.0,0.0,0.0,0.0,0.0,0.0,24
13767,20,9127,0.0,0.0,0.0,0.0,0.0,0.0,24
13768,20,9126,0.0,0.0,0.0,0.0,0.0,0.0,24
13769,20,9125,0.0,0.0,0.0,0.0,0.0,0.0,24
13770,20,9171,0.0,0.0,0.0,0.0,0.0,0.0,24
13771,20,9185,0.0,0.0,0.0,0.0,0.0,0.0,24
13772,20,9184,0.0,0.0,0.0,0.0,0.0,0.0,24
13773,20,9183,0.0,0.0,0.0,0.0,0.0,0.0,24
13774,20,9182,0.0,0.0,0.0,0.0,0.0,0.0,24
13775,20,9181,0.0,0.0,0.0,0.0,0.0,0.0,24
13776,20,9180,0.0,0.0,0.0,0.0,0.0,0.0,24
13777,20,9179,0.0,0.0,0.0,0.0,0.0,0.0,24
13778,20,9178,0.0,0.0,0.0,0.0,0.0,0.0,24
13779,20,9177,0.0,0.0,0.0,0.0,0.0,0.0,24
13780,20,9176,0.0,0.0,0.0,0.0,0.0,0.0,24
13781,20,9175,0.0,0.0,0.0,0.0,0.0,0.0,24
13782,20,9174,0.0,0.0,0.0,0.0,0.0,0.0,24
13783,20,9173,0.0,0.0,0.0,0.0,0.0,0.0,24
13784,20,9172,0.0,0.0,0.0,0.0,0.0,0.0,24
13785,20,9248,0.0,0.0,0.0,0.0,0.0,0.0,24
13786,20,9170,0.0,0.0,0.0,0.0,0.0,0.0,24
13787,20,9169,0.0,0.0,0.0,0.0,0.0,0.0,24
13788,20,9168,0.0,0.0,0.0,0.0,0.0,0.0,24
13789,20,9167,0.0,0.0,0.0,0.0,0.0,0.0,24
13790,20,9166,0.0,0.0,0.0,0.0,0.0,0.0,24
13791,20,9165,0.0,0.0,0.0,0.0,0.0,0.0,24
13792,20,9164,0.0,0.0,0.0,0.0,0.0,0.0,24
13793,20,9163,0.0,0.0,0.0,0.0,0.0,0.0,24
13794,20,9162,0.0,0.0,0.0,0.0,0.0,0.0,24
13795,20,9161,0.0,0.0,0.0,0.0,0.0,0.0,24
13796,20,9160,0.0,0.0,0.0,0.0,0.0,0.0,24
13797,20,9159,0.0,0.0,0.0,0.0,0.0,0.0,24
13798,20,9158,0.0,0.0,0.0,0.0,0.0,0.0,24
13799,20,9322,0.0,0.0,0.0,0.0,0.0,0.0,24
13800,20,9337,0.0,0.0,0.0,0.0,0.0,0.0,24
13801,20,9336,0.0,0.0,0.0,0.0,0.0,0.0,24
13802,20,9335,0.0,0.0,0.0,0.0,0.0,0.0,24
13803,20,9334,0.0,0.0,0.0,0.0,0.0,0.0,24
13804,20,9333,0.0,0.0,0.0,0.0,0.0,0.0,24
13805,20,9332,0.0,0.0,0.0,0.0,0.0,0.0,24
13806,20,9331,0.0,0.0,0.0,0.0,0.0,0.0,24
13807,20,9330,0.0,0.0,0.0,0.0,0.0,0.0,24
13808,20,9329,0.0,0.0,0.0,0.0,0.0,0.0,24
13809,20,9328,0.0,0.0,0.0,0.0,0.0,0.0,24
13810,20,9327,0.0,0.0,0.0,0.0,0.0,0.0,24
13811,20,9326,0.0,0.0,0.0,0.0,0.0,0.0,24
13812,20,9325,0.0,0.0,0.0,0.0,0.0,0.0,24
13813,20,9324,0.0,0.0,0.0,0.0,0.0,0.0,24
13814,20,9338,0.0,0.0,0.0,0.0,0.0,0.0,24
13815,20,9321,0.0,0.0,0.0,0.0,0.0,0.0,24
13816,20,9320,0.0,0.0,0.0,0.0,0.0,0.0,24
13817,20,9319,0.0,0.0,0.0,0.0,0.0,0.0,24
13818,20,9318,0.0,0.0,0.0,0.0,0.0,0.0,24
13819,20,9317,0.0,0.0,0.0,0.0,0.0,0.0,24
13820,20,9316,0.0,0.0,0.0,0.0,0.0,0.0,24
13821,20,9315,0.0,0.0,0.0,0.0,0.0,0.0,24
13822,20,9314,0.0,0.0,0.0,0.0,0.0,0.0,24
13823,20,9313,0.0,0.0,0.0,0.0,0.0,0.0,24
13824,20,9312,0.0,0.0,0.0,0.0,0.0,0.0,24
13825,20,9311,0.0,0.0,0.0,0.0,0.0,0.0,24
13826,20,9310,0.0,0.0,0.0,0.0,0.0,0.0,24
13827,20,9309,0.0,0.0,0.0,0.0,0.0,0.0,24
13828,20,9354,0.0,0.0,0.0,0.0,0.0,0.0,24
13829,20,9368,0.0,0.0,0.0,0.0,0.0,0.0,24
13830,20,9367,0.0,0.0,0.0,0.0,0.0,0.0,24
13831,20,9366,0.0,0.0,0.0,0.0,0.0,0.0,24
13832,20,9365,0.0,0.0,0.0,0.0,0.0,0.0,24
13833,20,9364,0.0,0.0,0.0,0.0,0.0,0.0,24
13834,20,9363,0.0,0.0,0.0,0.0,0.0,0.0,24
13835,20,9362,0.0,0.0,0.0,0.0,0.0,0.0,24
13836,20,9361,0.0,0.0,0.0,0.0,0.0,0.0,24
13837,20,9360,0.0,0.0,0.0,0.0,0.0,0.0,24
13838,20,9359,0.0,0.0,0.0,0.0,0.0,0.0,24
13839,20,9358,0.0,0.0,0.0,0.0,0.0,0.0,24
13840,20,9357,0.0,0.0,0.0,0.0,0.0,0.0,24
13841,20,9356,0.0,0.0,0.0,0.0,0.0,0.0,24
13842,20,9355,0.0,0.0,0.0,0.0,0.0,0.0,24
13843,20,9307,0.0,0.0,0.0,0.0,0.0,0.0,24
13844,20,9353,0.0,0.0,0.0,0.0,0.0,0.0,24
13845,20,9352,0.0,0.0,0.0,0.0,0.0,0.0,24
13846,20,9351,0.0,0.0,0.0,0.0,0.0,0.0,24
13847,20,9350,0.0,0.0,0.0,0.0,0.0,0.0,24
13848,20,9348,0.0,0.0,0.0,0.0,0.0,0.0,24
13849,20,9347,0.0,0.0,0.0,0.0,0.0,0.0,24
13850,20,9346,0.0,0.0,0.0,0.0,0.0,0.0,24
13851,20,9345,0.0,0.0,0.0,0.0,0.0,0.0,24
13852,20,9343,0.0,0.0,0.0,0.0,0.0,0.0,24
13853,20,9342,0.0,0.0,0.0,0.0,0.0,0.0,24
13854,20,9341,0.0,0.0,0.0,0.0,0.0,0.0,24
13855,20,9340,0.0,0.0,0.0,0.0,0.0,0.0,24
13856,20,9339,0.0,0.0,0.0,0.0,0.0,0.0,24
13857,20,9262,0.0,0.0,0.0,0.0,0.0,0.0,24
13858,20,9277,0.0,0.0,0.0,0.0,0.0,0.0,24
13859,20,9276,0.0,0.0,0.0,0.0,0.0,0.0,24
13860,20,9275,0.0,0.0,0.0,0.0,0.0,0.0,24
13861,20,9274,0.0,0.0,0.0,0.0,0.0,0.0,24
13862,20,9272,0.0,0.0,0.0,0.0,0.0,0.0,24
13863,20,9271,0.0,0.0,0.0,0.0,0.0,0.0,24
13864,20,9270,0.0,0.0,0.0,0.0,0.0,0.0,24
13865,20,9269,0.0,0.0,0.0,0.0,0.0,0.0,24
13866,20,9268,0.0,0.0,0.0,0.0,0.0,0.0,24
13867,20,9267,0.0,0.0,0.0,0.0,0.0,0.0,24
13868,20,9266,0.0,0.0,0.0,0.0,0.0,0.0,24
13869,20,9265,0.0,0.0,0.0,0.0,0.0,0.0,24
13870,20,9264,0.0,0.0,0.0,0.0,0.0,0.0,24
13871,20,9263,0.0,0.0,0.0,0.0,0.0,0.0,24
13872,20,9278,0.0,0.0,0.0,0.0,0.0,0.0,24
13873,20,9261,0.0,0.0,0.0,0.0,0.0,0.0,24
13874,20,9260,0.0,0.0,0.0,0.0,0.0,0.0,24
13875,20,9259,0.0,0.0,0.0,0.0,0.0,0.0,24
13876,20,9258,0.0,0.0,0.0,0.0,0.0,0.0,24
13877,20,9257,0.0,0.0,0.0,0.0,0.0,0.0,24
13878,20,9256,0.0,0.0,0.0,0.0,0.0,0.0,24
13879,20,9255,0.0,0.0,0.0,0.0,0.0,0.0,24
13880,20,9254,0.0,0.0,0.0,0.0,0.0,0.0,24
13881,20,9253,0.0,0.0,0.0,0.0,0.0,0.0,24
13882,20,9252,0.0,0.0,0.0,0.0,0.0,0.0,24
13883,20,9251,0.0,0.0,0.0,0.0,0.0,0.0,24
13884,20,9250,0.0,0.0,0.0,0.0,0.0,0.0,24
13885,20,9249,0.0,0.0,0.0,0.0,0.0,0.0,24
13886,20,9292,0.0,0.0,0.0,0.0,0.0,0.0,24
13887,20,9306,0.0,0.0,0.0,0.0,0.0,0.0,24
13888,20,9305,0.0,0.0,0.0,0.0,0.0,0.0,24
13889,20,9304,0.0,0.0,0.0,0.0,0.0,0.0,24
13890,20,9303,0.0,0.0,0.0,0.0,0.0,0.0,24
13891,20,9302,0.0,0.0,0.0,0.0,0.0,0.0,24
13892,20,9301,0.0,0.0,0.0,0.0,0.0,0.0,24
13893,20,9300,0.0,0.0,0.0,0.0,0.0,0.0,24
13894,20,9299,0.0,0.0,0.0,0.0,0.0,0.0,24
13895,20,9298,0.0,0.0,0.0,0.0,0.0,0.0,24
13896,20,9297,0.0,0.0,0.0,0.0,0.0,0.0,24
13897,20,9296,0.0,0.0,0.0,0.0,0.0,0.0,24
13898,20,9295,0.0,0.0,0.0,0.0,0.0,0.0,24
13899,20,9294,0.0,0.0,0.0,0.0,0.0,0.0,24
13900,20,9293,0.0,0.0,0.0,0.0,0.0,0.0,24
13901,20,9124,0.0,0.0,0.0,0.0,0.0,0.0,24
13902,20,9291,0.0,0.0,0.0,0.0,0.0,0.0,24
13903,20,9290,0.0,0.0,0.0,0.0,0.0,0.0,24
13904,20,9289,0.0,0.0,0.0,0.0,0.0,0.0,24
13905,20,9288,0.0,0.0,0.0,0.0,0.0,0.0,24
13906,20,9287,0.0,0.0,0.0,0.0,0.0,0.0,24
13907,20,9286,0.0,0.0,0.0,0.0,0.0,0.0,24
13908,20,9285,0.0,0.0,0.0,0.0,0.0,0.0,24
13909,20,9284,0.0,0.0,0.0,0.0,0.0,0.0,24
13910,20,9283,0.0,0.0,0.0,0.0,0.0,0.0,24
13911,20,9282,0.0,0.0,0.0,0.0,0.0,0.0,24
13912,20,9281,0.0,0.0,0.0,0.0,0.0,0.0,24
13913,20,9280,0.0,0.0,0.0,0.0,0.0,0.0,24
13914,20,9279,0.0,0.0,0.0,0.0,0.0,0.0,24
13915,20,8955,0.0,0.0,0.0,0.0,0.0,0.0,24
13916,20,8969,0.0,0.0,0.0,0.0,0.0,0.0,24
13917,20,8968,0.0,0.0,0.0,0.0,0.0,0.0,24
13918,20,8967,0.0,0.0,0.0,0.0,0.0,0.0,24
13919,20,8966,0.0,0.0,0.0,0.0,0.0,0.0,24
13920,20,8965,0.0,0.0,0.0,0.0,0.0,0.0,24
13921,20,8964,0.0,0.0,0.0,0.0,0.0,0.0,24
13922,20,8963,0.0,0.0,0.0,0.0,0.0,0.0,24
13923,20,8962,0.0,0.0,0.0,0.0,0.0,0.0,24
13924,20,8961,0.0,0.0,0.0,0.0,0.0,0.0,24
13925,20,8960,0.0,0.0,0.0,0.0,0.0,0.0,24
13926,20,8959,0.0,0.0,0.0,0.0,0.0,0.0,24
13927,20,8958,0.0,0.0,0.0,0.0,0.0,0.0,24
13928,20,8957,0.0,0.0,0.0,0.0,0.0,0.0,24
13929,20,8956,0.0,0.0,0.0,0.0,0.0,0.0,24
13930,20,8970,0.0,0.0,0.0,0.0,0.0,0.0,24
13931,20,8954,0.0,0.0,0.0,0.0,0.0,0.0,24
13932,20,8953,0.0,0.0,0.0,0.0,0.0,0.0,24
13933,20,8952,0.0,0.0,0.0,0.0,0.0,0.0,24
13934,20,8951,0.0,0.0,0.0,0.0,0.0,0.0,24
13935,20,8950,0.0,0.0,0.0,0.0,0.0,0.0,24
13936,20,8948,0.0,0.0,0.0,0.0,0.0,0.0,24
13937,20,8947,0.0,0.0,0.0,0.0,0.0,0.0,24
13938,20,8946,0.0,0.0,0.0,0.0,0.0,0.0,24
13939,20,8945,0.0,0.0,0.0,0.0,0.0,0.0,24
13940,20,8944,0.0,0.0,0.0,0.0,0.0,0.0,24
13941,20,8943,0.0,0.0,0.0,0.0,0.0,0.0,24
13942,20,8942,0.0,0.0,0.0,0.0,0.0,0.0,24
13943,20,8941,0.0,0.0,0.0,0.0,0.0,0.0,24
13944,20,8985,0.0,0.0,0.0,0.0,0.0,0.0,24
13945,20,8999,0.0,0.0,0.0,0.0,0.0,0.0,24
13946,20,8998,0.0,0.0,0.0,0.0,0.0,0.0,24
13947,20,8997,0.0,0.0,0.0,0.0,0.0,0.0,24
13948,20,8996,0.0,0.0,0.0,0.0,0.0,0.0,24
13949,20,8995,0.0,0.0,0.0,0.0,0.0,0.0,24
13950,20,8994,0.0,0.0,0.0,0.0,0.0,0.0,24
13951,20,8993,0.0,0.0,0.0,0.0,0.0,0.0,24
13952,20,8992,0.0,0.0,0.0,0.0,0.0,0.0,24
13953,20,8991,0.0,0.0,0.0,0.0,0.0,0.0,24
13954,20,8990,0.0,0.0,0.0,0.0,0.0,0.0,24
13955,20,8989,0.0,0.0,0.0,0.0,0.0,0.0,24
13956,20,8988,0.0,0.0,0.0,0.0,0.0,0.0,24
13957,20,8987,0.0,0.0,0.0,0.0,0.0,0.0,24
13958,20,8986,0.0,0.0,0.0,0.0,0.0,0.0,24
13959,20,8940,0.0,0.0,0.0,0.0,0.0,0.0,24
13960,20,8984,0.0,0.0,0.0,0.0,0.0,0.0,24
13961,20,8983,0.0,0.0,0.0,0.0,0.0,0.0,24
13962,20,8982,0.0,0.0,0.0,0.0,0.0,0.0,24
13963,20,8981,0.0,0.0,0.0,0.0,0.0,0.0,24
13964,20,8980,0.0,0.0,0.0,0.0,0.0,0.0,24
13965,20,8979,0.0,0.0,0.0,0.0,0.0,0.0,24
13966,20,8978,0.0,0.0,0.0,0.0,0.0,0.0,24
13967,20,8977,0.0,0.0,0.0,0.0,0.0,0.0,24
13968,20,8976,0.0,0.0,0.0,0.0,0.0,0.0,24
13969,20,8974,0.0,0.0,0.0,0.0,0.0,0.0,24
13970,20,8973,0.0,0.0,0.0,0.0,0.0,0.0,24
13971,20,8972,0.0,0.0,0.0,0.0,0.0,0.0,24
13972,20,8971,0.0,0.0,0.0,0.0,0.0,0.0,24
13973,20,8894,0.0,0.0,0.0,0.0,0.0,0.0,24
13974,20,8908,0.0,0.0,0.0,0.0,0.0,0.0,24
13975,20,8907,0.0,0.0,0.0,0.0,0.0,0.0,24
13976,20,8906,0.0,0.0,0.0,0.0,0.0,0.0,24
13977,20,8905,0.0,0.0,0.0,0.0,0.0,0.0,24
13978,20,8904,0.0,0.0,0.0,0.0,0.0,0.0,24
13979,20,8903,0.0,0.0,0.0,0.0,0.0,0.0,24
13980,20,8902,0.0,0.0,0.0,0.0,0.0,0.0,24
13981,20,8901,0.0,0.0,0.0,0.0,0.0,0.0,24
13982,20,8900,0.0,0.0,0.0,0.0,0.0,0.0,24
13983,20,8899,0.0,0.0,0.0,0.0,0.0,0.0,24
13984,20,8898,0.0,0.0,0.0,0.0,0.0,0.0,24
13985,20,8897,0.0,0.0,0.0,0.0,0.0,0.0,24
13986,20,8896,0.0,0.0,0.0,0.0,0.0,0.0,24
13987,20,8895,0.0,0.0,0.0,0.0,0.0,0.0,24
13988,20,8909,0.0,0.0,0.0,0.0,0.0,0.0,24
13989,20,8893,0.0,0.0,0.0,0.0,0.0,0.0,24
13990,20,8892,0.0,0.0,0.0,0.0,0.0,0.0,24
13991,20,8891,0.0,0.0,0.0,0.0,0.0,0.0,24
13992,20,8890,0.0,0.0,0.0,0.0,0.0,0.0,24
13993,20,8888,0.0,0.0,0.0,0.0,0.0,0.0,24
13994,20,8887,0.0,0.0,0.0,0.0,0.0,0.0,24
13995,20,8886,0.0,0.0,0.0,0.0,0.0,0.0,24
13996,20,8885,0.0,0.0,0.0,0.0,0.0,0.0,24
13997,20,8884,0.0,0.0,0.0,0.0,0.0,0.0,24
13998,20,8882,0.0,0.0,0.0,0.0,0.0,0.0,24
13999,20,8881,0.0,0.0,0.0,0.0,0.0,0.0,24
14000,20,8880,0.0,0.0,0.0,0.0,0.0,0.0,24
14001,20,8879,0.0,0.0,0.0,0.0,0.0,0.0,24
14002,20,8924,0.0,0.0,0.0,0.0,0.0,0.0,24
14003,20,8939,0.0,0.0,0.0,0.0,0.0,0.0,24
14004,20,8938,0.0,0.0,0.0,0.0,0.0,0.0,24
14005,20,8937,0.0,0.0,0.0,0.0,0.0,0.0,24
14006,20,8936,0.0,0.0,0.0,0.0,0.0,0.0,24
14007,20,8935,0.0,0.0,0.0,0.0,0.0,0.0,24
14008,20,8934,0.0,0.0,0.0,0.0,0.0,0.0,24
14009,20,8933,0.0,0.0,0.0,0.0,0.0,0.0,24
14010,20,8932,0.0,0.0,0.0,0.0,0.0,0.0,24
14011,20,8931,0.0,0.0,0.0,0.0,0.0,0.0,24
14012,20,8930,0.0,0.0,0.0,0.0,0.0,0.0,24
14013,20,8929,0.0,0.0,0.0,0.0,0.0,0.0,24
14014,20,8928,0.0,0.0,0.0,0.0,0.0,0.0,24
14015,20,8927,0.0,0.0,0.0,0.0,0.0,0.0,24
14016,20,8925,0.0,0.0,0.0,0.0,0.0,0.0,24
14017,20,9000,0.0,0.0,0.0,0.0,0.0,0.0,24
14018,20,8923,0.0,0.0,0.0,0.0,0.0,0.0,24
14019,20,8922,0.0,0.0,0.0,0.0,0.0,0.0,24
14020,20,8921,0.0,0.0,0.0,0.0,0.0,0.0,24
14021,20,8920,0.0,0.0,0.0,0.0,0.0,0.0,24
14022,20,8919,0.0,0.0,0.0,0.0,0.0,0.0,24
14023,20,8918,0.0,0.0,0.0,0.0,0.0,0.0,24
14024,20,8917,0.0,0.0,0.0,0.0,0.0,0.0,24
14025,20,8915,0.0,0.0,0.0,0.0,0.0,0.0,24
14026,20,8914,0.0,0.0,0.0,0.0,0.0,0.0,24
14027,20,8913,0.0,0.0,0.0,0.0,0.0,0.0,24
14028,20,8912,0.0,0.0,0.0,0.0,0.0,0.0,24
14029,20,8911,0.0,0.0,0.0,0.0,0.0,0.0,24
14030,20,8910,0.0,0.0,0.0,0.0,0.0,0.0,24
14031,20,9080,0.0,0.0,0.0,0.0,0.0,0.0,24
14032,20,9094,0.0,0.0,0.0,0.0,0.0,0.0,24
14033,20,9093,0.0,0.0,0.0,0.0,0.0,0.0,24
14034,20,9092,0.0,0.0,0.0,0.0,0.0,0.0,24
14035,20,9091,0.0,0.0,0.0,0.0,0.0,0.0,24
14036,20,9090,0.0,0.0,0.0,0.0,0.0,0.0,24
14037,20,9089,0.0,0.0,0.0,0.0,0.0,0.0,24
14038,20,9088,0.0,0.0,0.0,0.0,0.0,0.0,24
14039,20,9087,0.0,0.0,0.0,0.0,0.0,0.0,24
14040,20,9086,0.0,0.0,0.0,0.0,0.0,0.0,24
14041,20,9085,0.0,0.0,0.0,0.0,0.0,0.0,24
14042,20,9084,0.0,0.0,0.0,0.0,0.0,0.0,24
14043,20,9083,0.0,0.0,0.0,0.0,0.0,0.0,24
14044,20,9082,0.0,0.0,0.0,0.0,0.0,0.0,24
14045,20,9081,0.0,0.0,0.0,0.0,0.0,0.0,24
14046,20,9095,0.0,0.0,0.0,0.0,0.0,0.0,24
14047,20,9079,0.0,0.0,0.0,0.0,0.0,0.0,24
14048,20,9078,0.0,0.0,0.0,0.0,0.0,0.0,24
14049,20,9077,0.0,0.0,0.0,0.0,0.0,0.0,24
14050,20,9076,0.0,0.0,0.0,0.0,0.0,0.0,24
14051,20,9074,0.0,0.0,0.0,0.0,0.0,0.0,24
14052,20,9073,0.0,0.0,0.0,0.0,0.0,0.0,24
14053,20,9072,0.0,0.0,0.0,0.0,0.0,0.0,24
14054,20,9071,0.0,0.0,0.0,0.0,0.0,0.0,24
14055,20,9070,0.0,0.0,0.0,0.0,0.0,0.0,24
14056,20,9069,0.0,0.0,0.0,0.0,0.0,0.0,24
14057,20,9067,0.0,0.0,0.0,0.0,0.0,0.0,24
14058,20,9066,0.0,0.0,0.0,0.0,0.0,0.0,24
14059,20,9065,0.0,0.0,0.0,0.0,0.0,0.0,24
14060,20,9109,0.0,0.0,0.0,0.0,0.0,0.0,24
14061,20,9123,0.0,0.0,0.0,0.0,0.0,0.0,24
14062,20,9122,0.0,0.0,0.0,0.0,0.0,0.0,24
14063,20,9121,0.0,0.0,0.0,0.0,0.0,0.0,24
14064,20,9120,0.0,0.0,0.0,0.0,0.0,0.0,24
14065,20,9119,0.0,0.0,0.0,0.0,0.0,0.0,24
14066,20,9118,0.0,0.0,0.0,0.0,0.0,0.0,24
14067,20,9117,0.0,0.0,0.0,0.0,0.0,0.0,24
14068,20,9116,0.0,0.0,0.0,0.0,0.0,0.0,24
14069,20,9115,0.0,0.0,0.0,0.0,0.0,0.0,24
14070,20,9114,0.0,0.0,0.0,0.0,0.0,0.0,24
14071,20,9113,0.0,0.0,0.0,0.0,0.0,0.0,24
14072,20,9112,0.0,0.0,0.0,0.0,0.0,0.0,24
14073,20,9111,0.0,0.0,0.0,0.0,0.0,0.0,24
14074,20,9110,0.0,0.0,0.0,0.0,0.0,0.0,24
14075,20,9063,0.0,0.0,0.0,0.0,0.0,0.0,24
14076,20,9108,0.0,0.0,0.0,0.0,0.0,0.0,24
14077,20,9107,0.0,0.0,0.0,0.0,0.0,0.0,24
14078,20,9106,0.0,0.0,0.0,0.0,0.0,0.0,24
14079,20,9105,0.0,0.0,0.0,0.0,0.0,0.0,24
14080,20,9104,0.0,0.0,0.0,0.0,0.0,0.0,24
14081,20,9103,0.0,0.0,0.0,0.0,0.0,0.0,24
14082,20,9102,0.0,0.0,0.0,0.0,0.0,0.0,24
14083,20,9101,0.0,0.0,0.0,0.0,0.0,0.0,24
14084,20,9100,0.0,0.0,0.0,0.0,0.0,0.0,24
14085,20,9099,0.0,0.0,0.0,0.0,0.0,0.0,24
14086,20,9098,0.0,0.0,0.0,0.0,0.0,0.0,24
14087,20,9097,0.0,0.0,0.0,0.0,0.0,0.0,24
14088,20,9096,0.0,0.0,0.0,0.0,0.0,0.0,24
14089,20,9015,0.0,0.0,0.0,0.0,0.0,0.0,24
14090,20,9030,0.0,0.0,0.0,0.0,0.0,0.0,24
14091,20,9029,0.0,0.0,0.0,0.0,0.0,0.0,24
14092,20,9028,0.0,0.0,0.0,0.0,0.0,0.0,24
14093,20,9027,0.0,0.0,0.0,0.0,0.0,0.0,24
14094,20,9026,0.0,0.0,0.0,0.0,0.0,0.0,24
14095,20,9025,0.0,0.0,0.0,0.0,0.0,0.0,24
14096,20,9023,0.0,0.0,0.0,0.0,0.0,0.0,24
14097,20,9022,0.0,0.0,0.0,0.0,0.0,0.0,24
14098,20,9021,0.0,0.0,0.0,0.0,0.0,0.0,24
14099,20,9020,0.0,0.0,0.0,0.0,0.0,0.0,24
14100,20,9019,0.0,0.0,0.0,0.0,0.0,0.0,24
14101,20,9018,0.0,0.0,0.0,0.0,0.0,0.0,24
14102,20,9017,0.0,0.0,0.0,0.0,0.0,0.0,24
14103,20,9016,0.0,0.0,0.0,0.0,0.0,0.0,24
14104,20,9031,0.0,0.0,0.0,0.0,0.0,0.0,24
14105,20,9014,0.0,0.0,0.0,0.0,0.0,0.0,24
14106,20,9013,0.0,0.0,0.0,0.0,0.0,0.0,24
14107,20,9012,0.0,0.0,0.0,0.0,0.0,0.0,24
14108,20,9011,0.0,0.0,0.0,0.0,0.0,0.0,24
14109,20,9010,0.0,0.0,0.0,0.0,0.0,0.0,24
14110,20,9009,0.0,0.0,0.0,0.0,0.0,0.0,24
14111,20,9008,0.0,0.0,0.0,0.0,0.0,0.0,24
14112,20,9007,0.0,0.0,0.0,0.0,0.0,0.0,24
14113,20,9006,0.0,0.0,0.0,0.0,0.0,0.0,24
14114,20,9005,0.0,0.0,0.0,0.0,0.0,0.0,24
14115,20,9004,0.0,0.0,0.0,0.0,0.0,0.0,24
14116,20,9003,0.0,0.0,0.0,0.0,0.0,0.0,24
14117,20,9002,0.0,0.0,0.0,0.0,0.0,0.0,24
14118,20,9048,0.0,0.0,0.0,0.0,0.0,0.0,24
14119,20,9061,0.0,0.0,0.0,0.0,0.0,0.0,24
14120,20,9060,0.0,0.0,0.0,0.0,0.0,0.0,24
14121,20,9059,0.0,0.0,0.0,0.0,0.0,0.0,24
14122,20,9058,0.0,0.0,0.0,0.0,0.0,0.0,24
14123,20,9057,0.0,0.0,0.0,0.0,0.0,0.0,24
14124,20,9056,0.0,0.0,0.0,0.0,0.0,0.0,24
14125,20,9055,0.0,0.0,0.0,0.0,0.0,0.0,24
14126,20,9054,0.0,0.0,0.0,0.0,0.0,0.0,24
14127,20,9053,0.0,0.0,0.0,0.0,0.0,0.0,24
14128,20,9052,0.0,0.0,0.0,0.0,0.0,0.0,24
14129,20,9051,0.0,0.0,0.0,0.0,0.0,0.0,24
14130,20,9050,0.0,0.0,0.0,0.0,0.0,0.0,24
14131,20,9049,0.0,0.0,0.0,0.0,0.0,0.0,24
14132,20,10377,0.0,0.0,0.0,0.0,0.0,0.0,24
14133,20,9047,0.0,0.0,0.0,0.0,0.0,0.0,24
14134,20,9045,0.0,0.0,0.0,0.0,0.0,0.0,24
14135,20,9044,0.0,0.0,0.0,0.0,0.0,0.0,24
14136,20,9043,0.0,0.0,0.0,0.0,0.0,0.0,24
14137,20,9042,0.0,0.0,0.0,0.0,0.0,0.0,24
14138,20,9041,0.0,0.0,0.0,0.0,0.0,0.0,24
14139,20,9040,0.0,0.0,0.0,0.0,0.0,0.0,24
14140,20,9039,0.0,0.0,0.0,0.0,0.0,0.0,24
14141,20,9037,0.0,0.0,0.0,0.0,0.0,0.0,24
14142,20,9036,0.0,0.0,0.0,0.0,0.0,0.0,24
14143,20,9035,0.0,0.0,0.0,0.0,0.0,0.0,24
14144,20,9033,0.0,0.0,0.0,0.0,0.0,0.0,24
14145,20,9032,0.0,0.0,0.0,0.0,0.0,0.0,24
14146,20,11701,0.0,0.0,0.0,0.0,0.0,0.0,24
14147,20,11715,0.0,0.0,0.0,0.0,0.0,0.0,24
14148,20,11714,0.0,0.0,0.0,0.0,0.0,0.0,24
14149,20,11713,0.0,0.0,0.0,0.0,0.0,0.0,24
14150,20,11712,0.0,0.0,0.0,0.0,0.0,0.0,24
14151,20,11711,0.0,0.0,0.0,0.0,0.0,0.0,24
14152,20,11710,0.0,0.0,0.0,0.0,0.0,0.0,24
14153,20,11709,0.0,0.0,0.0,0.0,0.0,0.0,24
14154,20,11708,0.0,0.0,0.0,0.0,0.0,0.0,24
14155,20,11707,0.0,0.0,0.0,0.0,0.0,0.0,24
14156,20,11706,0.0,0.0,0.0,0.0,0.0,0.0,24
14157,20,11705,0.0,0.0,0.0,0.0,0.0,0.0,24
14158,20,11704,0.0,0.0,0.0,0.0,0.0,0.0,24
14159,20,11703,0.0,0.0,0.0,0.0,0.0,0.0,24
14160,20,11702,0.0,0.0,0.0,0.0,0.0,0.0,24
14161,20,11716,0.0,0.0,0.0,0.0,0.0,0.0,24
14162,20,11700,0.0,0.0,0.0,0.0,0.0,0.0,24
14163,20,11699,0.0,0.0,0.0,0.0,0.0,0.0,24
14164,20,11698,0.0,0.0,0.0,0.0,0.0,0.0,24
14165,20,11697,0.0,0.0,0.0,0.0,0.0,0.0,24
14166,20,11696,0.0,0.0,0.0,0.0,0.0,0.0,24
14167,20,11695,0.0,0.0,0.0,0.0,0.0,0.0,24
14168,20,11694,0.0,0.0,0.0,0.0,0.0,0.0,24
14169,20,11693,0.0,0.0,0.0,0.0,0.0,0.0,24
14170,20,11692,0.0,0.0,0.0,0.0,0.0,0.0,24
14171,20,11691,0.0,0.0,0.0,0.0,0.0,0.0,24
14172,20,11690,0.0,0.0,0.0,0.0,0.0,0.0,24
14173,20,11689,0.0,0.0,0.0,0.0,0.0,0.0,24
14174,20,11688,0.0,0.0,0.0,0.0,0.0,0.0,24
14175,20,11732,0.0,0.0,0.0,0.0,0.0,0.0,24
14176,20,11747,0.0,0.0,0.0,0.0,0.0,0.0,24
14177,20,11746,0.0,0.0,0.0,0.0,0.0,0.0,24
14178,20,11745,0.0,0.0,0.0,0.0,0.0,0.0,24
14179,20,11744,0.0,0.0,0.0,0.0,0.0,0.0,24
14180,20,11743,0.0,0.0,0.0,0.0,0.0,0.0,24
14181,20,11742,0.0,0.0,0.0,0.0,0.0,0.0,24
14182,20,11741,0.0,0.0,0.0,0.0,0.0,0.0,24
14183,20,11740,0.0,0.0,0.0,0.0,0.0,0.0,24
14184,20,11739,0.0,0.0,0.0,0.0,0.0,0.0,24
14185,20,11737,0.0,0.0,0.0,0.0,0.0,0.0,24
14186,20,11736,0.0,0.0,0.0,0.0,0.0,0.0,24
14187,20,11735,0.0,0.0,0.0,0.0,0.0,0.0,24
14188,20,11734,0.0,0.0,0.0,0.0,0.0,0.0,24
14189,20,11733,0.0,0.0,0.0,0.0,0.0,0.0,24
14190,20,11687,0.0,0.0,0.0,0.0,0.0,0.0,24
14191,20,11731,0.0,0.0,0.0,0.0,0.0,0.0,24
14192,20,11730,0.0,0.0,0.0,0.0,0.0,0.0,24
14193,20,11729,0.0,0.0,0.0,0.0,0.0,0.0,24
14194,20,11728,0.0,0.0,0.0,0.0,0.0,0.0,24
14195,20,11727,0.0,0.0,0.0,0.0,0.0,0.0,24
14196,20,11726,0.0,0.0,0.0,0.0,0.0,0.0,24
14197,20,11725,0.0,0.0,0.0,0.0,0.0,0.0,24
14198,20,11724,0.0,0.0,0.0,0.0,0.0,0.0,24
14199,20,11722,0.0,0.0,0.0,0.0,0.0,0.0,24
14200,20,11720,0.0,0.0,0.0,0.0,0.0,0.0,24
14201,20,11719,0.0,0.0,0.0,0.0,0.0,0.0,24
14202,20,11718,0.0,0.0,0.0,0.0,0.0,0.0,24
14203,20,11717,0.0,0.0,0.0,0.0,0.0,0.0,24
14204,20,11641,0.0,0.0,0.0,0.0,0.0,0.0,24
14205,20,11656,0.0,0.0,0.0,0.0,0.0,0.0,24
14206,20,11655,0.0,0.0,0.0,0.0,0.0,0.0,24
14207,20,11654,0.0,0.0,0.0,0.0,0.0,0.0,24
14208,20,11653,0.0,0.0,0.0,0.0,0.0,0.0,24
14209,20,11652,0.0,0.0,0.0,0.0,0.0,0.0,24
14210,20,11651,0.0,0.0,0.0,0.0,0.0,0.0,24
14211,20,11649,0.0,0.0,0.0,0.0,0.0,0.0,24
14212,20,11648,0.0,0.0,0.0,0.0,0.0,0.0,24
14213,20,11647,0.0,0.0,0.0,0.0,0.0,0.0,24
14214,20,11646,0.0,0.0,0.0,0.0,0.0,0.0,24
14215,20,11645,0.0,0.0,0.0,0.0,0.0,0.0,24
14216,20,11644,0.0,0.0,0.0,0.0,0.0,0.0,24
14217,20,11643,0.0,0.0,0.0,0.0,0.0,0.0,24
14218,20,11642,0.0,0.0,0.0,0.0,0.0,0.0,24
14219,20,11657,0.0,0.0,0.0,0.0,0.0,0.0,24
14220,20,11640,0.0,0.0,0.0,0.0,0.0,0.0,24
14221,20,11639,0.0,0.0,0.0,0.0,0.0,0.0,24
14222,20,11638,0.0,0.0,0.0,0.0,0.0,0.0,24
14223,20,11637,0.0,0.0,0.0,0.0,0.0,0.0,24
14224,20,11634,0.0,0.0,0.0,0.0,0.0,0.0,24
14225,20,11633,0.0,0.0,0.0,0.0,0.0,0.0,24
14226,20,11632,0.0,0.0,0.0,0.0,0.0,0.0,24
14227,20,11631,0.0,0.0,0.0,0.0,0.0,0.0,24
14228,20,11630,0.0,0.0,0.0,0.0,0.0,0.0,24
14229,20,11628,0.0,0.0,0.0,0.0,0.0,0.0,24
14230,20,11626,0.0,0.0,0.0,0.0,0.0,0.0,24
14231,20,11625,0.0,0.0,0.0,0.0,0.0,0.0,24
14232,20,11623,0.0,0.0,0.0,0.0,0.0,0.0,24
14233,20,11672,0.0,0.0,0.0,0.0,0.0,0.0,24
14234,20,11686,0.0,0.0,0.0,0.0,0.0,0.0,24
14235,20,11685,0.0,0.0,0.0,0.0,0.0,0.0,24
14236,20,11684,0.0,0.0,0.0,0.0,0.0,0.0,24
14237,20,11683,0.0,0.0,0.0,0.0,0.0,0.0,24
14238,20,11682,0.0,0.0,0.0,0.0,0.0,0.0,24
14239,20,11681,0.0,0.0,0.0,0.0,0.0,0.0,24
14240,20,11680,0.0,0.0,0.0,0.0,0.0,0.0,24
14241,20,11679,0.0,0.0,0.0,0.0,0.0,0.0,24
14242,20,11678,0.0,0.0,0.0,0.0,0.0,0.0,24
14243,20,11677,0.0,0.0,0.0,0.0,0.0,0.0,24
14244,20,11676,0.0,0.0,0.0,0.0,0.0,0.0,24
14245,20,11675,0.0,0.0,0.0,0.0,0.0,0.0,24
14246,20,11674,0.0,0.0,0.0,0.0,0.0,0.0,24
14247,20,11673,0.0,0.0,0.0,0.0,0.0,0.0,24
14248,20,11748,0.0,0.0,0.0,0.0,0.0,0.0,24
14249,20,11671,0.0,0.0,0.0,0.0,0.0,0.0,24
14250,20,11670,0.0,0.0,0.0,0.0,0.0,0.0,24
14251,20,11669,0.0,0.0,0.0,0.0,0.0,0.0,24
14252,20,11668,0.0,0.0,0.0,0.0,0.0,0.0,24
14253,20,11667,0.0,0.0,0.0,0.0,0.0,0.0,24
14254,20,11666,0.0,0.0,0.0,0.0,0.0,0.0,24
14255,20,11665,0.0,0.0,0.0,0.0,0.0,0.0,24
14256,20,11664,0.0,0.0,0.0,0.0,0.0,0.0,24
14257,20,11663,0.0,0.0,0.0,0.0,0.0,0.0,24
14258,20,11662,0.0,0.0,0.0,0.0,0.0,0.0,24
14259,20,11661,0.0,0.0,0.0,0.0,0.0,0.0,24
14260,20,11659,0.0,0.0,0.0,0.0,0.0,0.0,24
14261,20,11658,0.0,0.0,0.0,0.0,0.0,0.0,24
14262,20,11824,0.0,0.0,0.0,0.0,0.0,0.0,24
14263,20,11839,0.0,0.0,0.0,0.0,0.0,0.0,24
14264,20,11838,0.0,0.0,0.0,0.0,0.0,0.0,24
14265,20,11836,0.0,0.0,0.0,0.0,0.0,0.0,24
14266,20,11835,0.0,0.0,0.0,0.0,0.0,0.0,24
14267,20,11834,0.0,0.0,0.0,0.0,0.0,0.0,24
14268,20,11833,0.0,0.0,0.0,0.0,0.0,0.0,24
14269,20,11832,0.0,0.0,0.0,0.0,0.0,0.0,24
14270,20,11831,0.0,0.0,0.0,0.0,0.0,0.0,24
14271,20,11830,0.0,0.0,0.0,0.0,0.0,0.0,24
14272,20,11829,0.0,0.0,0.0,0.0,0.0,0.0,24
14273,20,11828,0.0,0.0,0.0,0.0,0.0,0.0,24
14274,20,11827,0.0,0.0,0.0,0.0,0.0,0.0,24
14275,20,11826,0.0,0.0,0.0,0.0,0.0,0.0,24
14276,20,11825,0.0,0.0,0.0,0.0,0.0,0.0,24
14277,20,11840,0.0,0.0,0.0,0.0,0.0,0.0,24
14278,20,11823,0.0,0.0,0.0,0.0,0.0,0.0,24
14279,20,11821,0.0,0.0,0.0,0.0,0.0,0.0,24
14280,20,11820,0.0,0.0,0.0,0.0,0.0,0.0,24
14281,20,11819,0.0,0.0,0.0,0.0,0.0,0.0,24
14282,20,11818,0.0,0.0,0.0,0.0,0.0,0.0,24
14283,20,11817,0.0,0.0,0.0,0.0,0.0,0.0,24
14284,20,11816,0.0,0.0,0.0,0.0,0.0,0.0,24
14285,20,11815,0.0,0.0,0.0,0.0,0.0,0.0,24
14286,20,11814,0.0,0.0,0.0,0.0,0.0,0.0,24
14287,20,11813,0.0,0.0,0.0,0.0,0.0,0.0,24
14288,20,11812,0.0,0.0,0.0,0.0,0.0,0.0,24
14289,20,11811,0.0,0.0,0.0,0.0,0.0,0.0,24
14290,20,11810,0.0,0.0,0.0,0.0,0.0,0.0,24
14291,20,11854,0.0,0.0,0.0,0.0,0.0,0.0,24
14292,20,11868,0.0,0.0,0.0,0.0,0.0,0.0,24
14293,20,11867,0.0,0.0,0.0,0.0,0.0,0.0,24
14294,20,11866,0.0,0.0,0.0,0.0,0.0,0.0,24
14295,20,11865,0.0,0.0,0.0,0.0,0.0,0.0,24
14296,20,11864,0.0,0.0,0.0,0.0,0.0,0.0,24
14297,20,11863,0.0,0.0,0.0,0.0,0.0,0.0,24
14298,20,11862,0.0,0.0,0.0,0.0,0.0,0.0,24
14299,20,11861,0.0,0.0,0.0,0.0,0.0,0.0,24
14300,20,11860,0.0,0.0,0.0,0.0,0.0,0.0,24
14301,20,11859,0.0,0.0,0.0,0.0,0.0,0.0,24
14302,20,11858,0.0,0.0,0.0,0.0,0.0,0.0,24
14303,20,11857,0.0,0.0,0.0,0.0,0.0,0.0,24
14304,20,11856,0.0,0.0,0.0,0.0,0.0,0.0,24
14305,20,11855,0.0,0.0,0.0,0.0,0.0,0.0,24
14306,20,11809,0.0,0.0,0.0,0.0,0.0,0.0,24
14307,20,11853,0.0,0.0,0.0,0.0,0.0,0.0,24
14308,20,11852,0.0,0.0,0.0,0.0,0.0,0.0,24
14309,20,11851,0.0,0.0,0.0,0.0,0.0,0.0,24
14310,20,11850,0.0,0.0,0.0,0.0,0.0,0.0,24
14311,20,11849,0.0,0.0,0.0,0.0,0.0,0.0,24
14312,20,11848,0.0,0.0,0.0,0.0,0.0,0.0,24
14313,20,11847,0.0,0.0,0.0,0.0,0.0,0.0,24
14314,20,11846,0.0,0.0,0.0,0.0,0.0,0.0,24
14315,20,11845,0.0,0.0,0.0,0.0,0.0,0.0,24
14316,20,11844,0.0,0.0,0.0,0.0,0.0,0.0,24
14317,20,11843,0.0,0.0,0.0,0.0,0.0,0.0,24
14318,20,11842,0.0,0.0,0.0,0.0,0.0,0.0,24
14319,20,11841,0.0,0.0,0.0,0.0,0.0,0.0,24
14320,20,11762,0.0,0.0,0.0,0.0,0.0,0.0,24
14321,20,11777,0.0,0.0,0.0,0.0,0.0,0.0,24
14322,20,11776,0.0,0.0,0.0,0.0,0.0,0.0,24
14323,20,11775,0.0,0.0,0.0,0.0,0.0,0.0,24
14324,20,11774,0.0,0.0,0.0,0.0,0.0,0.0,24
14325,20,11773,0.0,0.0,0.0,0.0,0.0,0.0,24
14326,20,11772,0.0,0.0,0.0,0.0,0.0,0.0,24
14327,20,11771,0.0,0.0,0.0,0.0,0.0,0.0,24
14328,20,11770,0.0,0.0,0.0,0.0,0.0,0.0,24
14329,20,11769,0.0,0.0,0.0,0.0,0.0,0.0,24
14330,20,11767,0.0,0.0,0.0,0.0,0.0,0.0,24
14331,20,11766,0.0,0.0,0.0,0.0,0.0,0.0,24
14332,20,11765,0.0,0.0,0.0,0.0,0.0,0.0,24
14333,20,11764,0.0,0.0,0.0,0.0,0.0,0.0,24
14334,20,11763,0.0,0.0,0.0,0.0,0.0,0.0,24
14335,20,11778,0.0,0.0,0.0,0.0,0.0,0.0,24
14336,20,11761,0.0,0.0,0.0,0.0,0.0,0.0,24
14337,20,11760,0.0,0.0,0.0,0.0,0.0,0.0,24
14338,20,11759,0.0,0.0,0.0,0.0,0.0,0.0,24
14339,20,11758,0.0,0.0,0.0,0.0,0.0,0.0,24
14340,20,11757,0.0,0.0,0.0,0.0,0.0,0.0,24
14341,20,11756,0.0,0.0,0.0,0.0,0.0,0.0,24
14342,20,11755,0.0,0.0,0.0,0.0,0.0,0.0,24
14343,20,11754,0.0,0.0,0.0,0.0,0.0,0.0,24
14344,20,11753,0.0,0.0,0.0,0.0,0.0,0.0,24
14345,20,11752,0.0,0.0,0.0,0.0,0.0,0.0,24
14346,20,11751,0.0,0.0,0.0,0.0,0.0,0.0,24
14347,20,11750,0.0,0.0,0.0,0.0,0.0,0.0,24
14348,20,11749,0.0,0.0,0.0,0.0,0.0,0.0,24
14349,20,11792,0.0,0.0,0.0,0.0,0.0,0.0,24
14350,20,11808,0.0,0.0,0.0,0.0,0.0,0.0,24
14351,20,11806,0.0,0.0,0.0,0.0,0.0,0.0,24
14352,20,11805,0.0,0.0,0.0,0.0,0.0,0.0,24
14353,20,11804,0.0,0.0,0.0,0.0,0.0,0.0,24
14354,20,11803,0.0,0.0,0.0,0.0,0.0,0.0,24
14355,20,11802,0.0,0.0,0.0,0.0,0.0,0.0,24
14356,20,11801,0.0,0.0,0.0,0.0,0.0,0.0,24
14357,20,11799,0.0,0.0,0.0,0.0,0.0,0.0,24
14358,20,11798,0.0,0.0,0.0,0.0,0.0,0.0,24
14359,20,11797,0.0,0.0,0.0,0.0,0.0,0.0,24
14360,20,11796,0.0,0.0,0.0,0.0,0.0,0.0,24
14361,20,11795,0.0,0.0,0.0,0.0,0.0,0.0,24
14362,20,11794,0.0,0.0,0.0,0.0,0.0,0.0,24
14363,20,11793,0.0,0.0,0.0,0.0,0.0,0.0,24
14364,20,11622,0.0,0.0,0.0,0.0,0.0,0.0,24
14365,20,11791,0.0,0.0,0.0,0.0,0.0,0.0,24
14366,20,11790,0.0,0.0,0.0,0.0,0.0,0.0,24
14367,20,11789,0.0,0.0,0.0,0.0,0.0,0.0,24
14368,20,11788,0.0,0.0,0.0,0.0,0.0,0.0,24
14369,20,11787,0.0,0.0,0.0,0.0,0.0,0.0,24
14370,20,11786,0.0,0.0,0.0,0.0,0.0,0.0,24
14371,20,11785,0.0,0.0,0.0,0.0,0.0,0.0,24
14372,20,11784,0.0,0.0,0.0,0.0,0.0,0.0,24
14373,20,11783,0.0,0.0,0.0,0.0,0.0,0.0,24
14374,20,11782,0.0,0.0,0.0,0.0,0.0,0.0,24
14375,20,11781,0.0,0.0,0.0,0.0,0.0,0.0,24
14376,20,11780,0.0,0.0,0.0,0.0,0.0,0.0,24
14377,20,11779,0.0,0.0,0.0,0.0,0.0,0.0,24
14378,20,11445,0.0,0.0,0.0,0.0,0.0,0.0,24
14379,20,11460,0.0,0.0,0.0,0.0,0.0,0.0,24
14380,20,11459,0.0,0.0,0.0,0.0,0.0,0.0,24
14381,20,11458,0.0,0.0,0.0,0.0,0.0,0.0,24
14382,20,11457,0.0,0.0,0.0,0.0,0.0,0.0,24
14383,20,11456,0.0,0.0,0.0,0.0,0.0,0.0,24
14384,20,11455,0.0,0.0,0.0,0.0,0.0,0.0,24
14385,20,11454,0.0,0.0,0.0,0.0,0.0,0.0,24
14386,20,11453,0.0,0.0,0.0,0.0,0.0,0.0,24
14387,20,11452,0.0,0.0,0.0,0.0,0.0,0.0,24
14388,20,11451,0.0,0.0,0.0,0.0,0.0,0.0,24
14389,20,11450,0.0,0.0,0.0,0.0,0.0,0.0,24
14390,20,11449,0.0,0.0,0.0,0.0,0.0,0.0,24
14391,20,11448,0.0,0.0,0.0,0.0,0.0,0.0,24
14392,20,11446,0.0,0.0,0.0,0.0,0.0,0.0,24
14393,20,11461,0.0,0.0,0.0,0.0,0.0,0.0,24
14394,20,11444,0.0,0.0,0.0,0.0,0.0,0.0,24
14395,20,11443,0.0,0.0,0.0,0.0,0.0,0.0,24
14396,20,11442,0.0,0.0,0.0,0.0,0.0,0.0,24
14397,20,11441,0.0,0.0,0.0,0.0,0.0,0.0,24
14398,20,11440,0.0,0.0,0.0,0.0,0.0,0.0,24
14399,20,11439,0.0,0.0,0.0,0.0,0.0,0.0,24
14400,20,11438,0.0,0.0,0.0,0.0,0.0,0.0,24
14401,20,11437,0.0,0.0,0.0,0.0,0.0,0.0,24
14402,20,11436,0.0,0.0,0.0,0.0,0.0,0.0,24
14403,20,11435,0.0,0.0,0.0,0.0,0.0,0.0,24
14404,20,11434,0.0,0.0,0.0,0.0,0.0,0.0,24
14405,20,11433,0.0,0.0,0.0,0.0,0.0,0.0,24
14406,20,11432,0.0,0.0,0.0,0.0,0.0,0.0,24
14407,20,11475,0.0,0.0,0.0,0.0,0.0,0.0,24
14408,20,11490,0.0,0.0,0.0,0.0,0.0,0.0,24
14409,20,11489,0.0,0.0,0.0,0.0,0.0,0.0,24
14410,20,11488,0.0,0.0,0.0,0.0,0.0,0.0,24
14411,20,11487,0.0,0.0,0.0,0.0,0.0,0.0,24
14412,20,11486,0.0,0.0,0.0,0.0,0.0,0.0,24
14413,20,11485,0.0,0.0,0.0,0.0,0.0,0.0,24
14414,20,11484,0.0,0.0,0.0,0.0,0.0,0.0,24
14415,20,11483,0.0,0.0,0.0,0.0,0.0,0.0,24
14416,20,11482,0.0,0.0,0.0,0.0,0.0,0.0,24
14417,20,11481,0.0,0.0,0.0,0.0,0.0,0.0,24
14418,20,11480,0.0,0.0,0.0,0.0,0.0,0.0,24
14419,20,11479,0.0,0.0,0.0,0.0,0.0,0.0,24
14420,20,11478,0.0,0.0,0.0,0.0,0.0,0.0,24
14421,20,11477,0.0,0.0,0.0,0.0,0.0,0.0,24
14422,20,11431,0.0,0.0,0.0,0.0,0.0,0.0,24
14423,20,11474,0.0,0.0,0.0,0.0,0.0,0.0,24
14424,20,11473,0.0,0.0,0.0,0.0,0.0,0.0,24
14425,20,11472,0.0,0.0,0.0,0.0,0.0,0.0,24
14426,20,11471,0.0,0.0,0.0,0.0,0.0,0.0,24
14427,20,11470,0.0,0.0,0.0,0.0,0.0,0.0,24
14428,20,11469,0.0,0.0,0.0,0.0,0.0,0.0,24
14429,20,11468,0.0,0.0,0.0,0.0,0.0,0.0,24
14430,20,11467,0.0,0.0,0.0,0.0,0.0,0.0,24
14431,20,11466,0.0,0.0,0.0,0.0,0.0,0.0,24
14432,20,11465,0.0,0.0,0.0,0.0,0.0,0.0,24
14433,20,11464,0.0,0.0,0.0,0.0,0.0,0.0,24
14434,20,11463,0.0,0.0,0.0,0.0,0.0,0.0,24
14435,20,11462,0.0,0.0,0.0,0.0,0.0,0.0,24
14436,20,11382,0.0,0.0,0.0,0.0,0.0,0.0,24
14437,20,11397,0.0,0.0,0.0,0.0,0.0,0.0,24
14438,20,11396,0.0,0.0,0.0,0.0,0.0,0.0,24
14439,20,11395,0.0,0.0,0.0,0.0,0.0,0.0,24
14440,20,11394,0.0,0.0,0.0,0.0,0.0,0.0,24
14441,20,11393,0.0,0.0,0.0,0.0,0.0,0.0,24
14442,20,11392,0.0,0.0,0.0,0.0,0.0,0.0,24
14443,20,11391,0.0,0.0,0.0,0.0,0.0,0.0,24
14444,20,11390,0.0,0.0,0.0,0.0,0.0,0.0,24
14445,20,11388,0.0,0.0,0.0,0.0,0.0,0.0,24
14446,20,11387,0.0,0.0,0.0,0.0,0.0,0.0,24
14447,20,11386,0.0,0.0,0.0,0.0,0.0,0.0,24
14448,20,11385,0.0,0.0,0.0,0.0,0.0,0.0,24
14449,20,11384,0.0,0.0,0.0,0.0,0.0,0.0,24
14450,20,11383,0.0,0.0,0.0,0.0,0.0,0.0,24
14451,20,11398,0.0,0.0,0.0,0.0,0.0,0.0,24
14452,20,11381,0.0,0.0,0.0,0.0,0.0,0.0,24
14453,20,11380,0.0,0.0,0.0,0.0,0.0,0.0,24
14454,20,11379,0.0,0.0,0.0,0.0,0.0,0.0,24
14455,20,11378,0.0,0.0,0.0,0.0,0.0,0.0,24
14456,20,11377,0.0,0.0,0.0,0.0,0.0,0.0,24
14457,20,11376,0.0,0.0,0.0,0.0,0.0,0.0,24
14458,20,11375,0.0,0.0,0.0,0.0,0.0,0.0,24
14459,20,11374,0.0,0.0,0.0,0.0,0.0,0.0,24
14460,20,11373,0.0,0.0,0.0,0.0,0.0,0.0,24
14461,20,11372,0.0,0.0,0.0,0.0,0.0,0.0,24
14462,20,11371,0.0,0.0,0.0,0.0,0.0,0.0,24
14463,20,11370,0.0,0.0,0.0,0.0,0.0,0.0,24
14464,20,11369,0.0,0.0,0.0,0.0,0.0,0.0,24
14465,20,11415,0.0,0.0,0.0,0.0,0.0,0.0,24
14466,20,11430,0.0,0.0,0.0,0.0,0.0,0.0,24
14467,20,11429,0.0,0.0,0.0,0.0,0.0,0.0,24
14468,20,11428,0.0,0.0,0.0,0.0,0.0,0.0,24
14469,20,11427,0.0,0.0,0.0,0.0,0.0,0.0,24
14470,20,11426,0.0,0.0,0.0,0.0,0.0,0.0,24
14471,20,11424,0.0,0.0,0.0,0.0,0.0,0.0,24
14472,20,11423,0.0,0.0,0.0,0.0,0.0,0.0,24
14473,20,11422,0.0,0.0,0.0,0.0,0.0,0.0,24
14474,20,11421,0.0,0.0,0.0,0.0,0.0,0.0,24
14475,20,11420,0.0,0.0,0.0,0.0,0.0,0.0,24
14476,20,11419,0.0,0.0,0.0,0.0,0.0,0.0,24
14477,20,11418,0.0,0.0,0.0,0.0,0.0,0.0,24
14478,20,11417,0.0,0.0,0.0,0.0,0.0,0.0,24
14479,20,11416,0.0,0.0,0.0,0.0,0.0,0.0,24
14480,20,11491,0.0,0.0,0.0,0.0,0.0,0.0,24
14481,20,11413,0.0,0.0,0.0,0.0,0.0,0.0,24
14482,20,11412,0.0,0.0,0.0,0.0,0.0,0.0,24
14483,20,11410,0.0,0.0,0.0,0.0,0.0,0.0,24
14484,20,11409,0.0,0.0,0.0,0.0,0.0,0.0,24
14485,20,11408,0.0,0.0,0.0,0.0,0.0,0.0,24
14486,20,11407,0.0,0.0,0.0,0.0,0.0,0.0,24
14487,20,11405,0.0,0.0,0.0,0.0,0.0,0.0,24
14488,20,11404,0.0,0.0,0.0,0.0,0.0,0.0,24
14489,20,11403,0.0,0.0,0.0,0.0,0.0,0.0,24
14490,20,11402,0.0,0.0,0.0,0.0,0.0,0.0,24
14491,20,11401,0.0,0.0,0.0,0.0,0.0,0.0,24
14492,20,11400,0.0,0.0,0.0,0.0,0.0,0.0,24
14493,20,11399,0.0,0.0,0.0,0.0,0.0,0.0,24
14494,20,11573,0.0,0.0,0.0,0.0,0.0,0.0,24
14495,20,11588,0.0,0.0,0.0,0.0,0.0,0.0,24
14496,20,11587,0.0,0.0,0.0,0.0,0.0,0.0,24
14497,20,11586,0.0,0.0,0.0,0.0,0.0,0.0,24
14498,20,11585,0.0,0.0,0.0,0.0,0.0,0.0,24
14499,20,11584,0.0,0.0,0.0,0.0,0.0,0.0,24
14500,20,11583,0.0,0.0,0.0,0.0,0.0,0.0,24
14501,20,11582,0.0,0.0,0.0,0.0,0.0,0.0,24
14502,20,11580,0.0,0.0,0.0,0.0,0.0,0.0,24
14503,20,11579,0.0,0.0,0.0,0.0,0.0,0.0,24
14504,20,11578,0.0,0.0,0.0,0.0,0.0,0.0,24
14505,20,11577,0.0,0.0,0.0,0.0,0.0,0.0,24
14506,20,11576,0.0,0.0,0.0,0.0,0.0,0.0,24
14507,20,11575,0.0,0.0,0.0,0.0,0.0,0.0,24
14508,20,11574,0.0,0.0,0.0,0.0,0.0,0.0,24
14509,20,11589,0.0,0.0,0.0,0.0,0.0,0.0,24
14510,20,11571,0.0,0.0,0.0,0.0,0.0,0.0,24
14511,20,11570,0.0,0.0,0.0,0.0,0.0,0.0,24
14512,20,11569,0.0,0.0,0.0,0.0,0.0,0.0,24
14513,20,11568,0.0,0.0,0.0,0.0,0.0,0.0,24
14514,20,11567,0.0,0.0,0.0,0.0,0.0,0.0,24
14515,20,11566,0.0,0.0,0.0,0.0,0.0,0.0,24
14516,20,11565,0.0,0.0,0.0,0.0,0.0,0.0,24
14517,20,11564,0.0,0.0,0.0,0.0,0.0,0.0,24
14518,20,11563,0.0,0.0,0.0,0.0,0.0,0.0,24
14519,20,11562,0.0,0.0,0.0,0.0,0.0,0.0,24
14520,20,11561,0.0,0.0,0.0,0.0,0.0,0.0,24
14521,20,11560,0.0,0.0,0.0,0.0,0.0,0.0,24
14522,20,11558,0.0,0.0,0.0,0.0,0.0,0.0,24
14523,20,11604,0.0,0.0,0.0,0.0,0.0,0.0,24
14524,20,11621,0.0,0.0,0.0,0.0,0.0,0.0,24
14525,20,11620,0.0,0.0,0.0,0.0,0.0,0.0,24
14526,20,11618,0.0,0.0,0.0,0.0,0.0,0.0,24
14527,20,11617,0.0,0.0,0.0,0.0,0.0,0.0,24
14528,20,11616,0.0,0.0,0.0,0.0,0.0,0.0,24
14529,20,11615,0.0,0.0,0.0,0.0,0.0,0.0,24
14530,20,11614,0.0,0.0,0.0,0.0,0.0,0.0,24
14531,20,11613,0.0,0.0,0.0,0.0,0.0,0.0,24
14532,20,11612,0.0,0.0,0.0,0.0,0.0,0.0,24
14533,20,11610,0.0,0.0,0.0,0.0,0.0,0.0,24
14534,20,11609,0.0,0.0,0.0,0.0,0.0,0.0,24
14535,20,11608,0.0,0.0,0.0,0.0,0.0,0.0,24
14536,20,11607,0.0,0.0,0.0,0.0,0.0,0.0,24
14537,20,11605,0.0,0.0,0.0,0.0,0.0,0.0,24
14538,20,11557,0.0,0.0,0.0,0.0,0.0,0.0,24
14539,20,11603,0.0,0.0,0.0,0.0,0.0,0.0,24
14540,20,11602,0.0,0.0,0.0,0.0,0.0,0.0,24
14541,20,11601,0.0,0.0,0.0,0.0,0.0,0.0,24
14542,20,11600,0.0,0.0,0.0,0.0,0.0,0.0,24
14543,20,11599,0.0,0.0,0.0,0.0,0.0,0.0,24
14544,20,11598,0.0,0.0,0.0,0.0,0.0,0.0,24
14545,20,11597,0.0,0.0,0.0,0.0,0.0,0.0,24
14546,20,11596,0.0,0.0,0.0,0.0,0.0,0.0,24
14547,20,11595,0.0,0.0,0.0,0.0,0.0,0.0,24
14548,20,11594,0.0,0.0,0.0,0.0,0.0,0.0,24
14549,20,11592,0.0,0.0,0.0,0.0,0.0,0.0,24
14550,20,11591,0.0,0.0,0.0,0.0,0.0,0.0,24
14551,20,11590,0.0,0.0,0.0,0.0,0.0,0.0,24
14552,20,11505,0.0,0.0,0.0,0.0,0.0,0.0,24
14553,20,11522,0.0,0.0,0.0,0.0,0.0,0.0,24
14554,20,11521,0.0,0.0,0.0,0.0,0.0,0.0,24
14555,20,11519,0.0,0.0,0.0,0.0,0.0,0.0,24
14556,20,11518,0.0,0.0,0.0,0.0,0.0,0.0,24
14557,20,11516,0.0,0.0,0.0,0.0,0.0,0.0,24
14558,20,11514,0.0,0.0,0.0,0.0,0.0,0.0,24
14559,20,11513,0.0,0.0,0.0,0.0,0.0,0.0,24
14560,20,11512,0.0,0.0,0.0,0.0,0.0,0.0,24
14561,20,11511,0.0,0.0,0.0,0.0,0.0,0.0,24
14562,20,11510,0.0,0.0,0.0,0.0,0.0,0.0,24
14563,20,11509,0.0,0.0,0.0,0.0,0.0,0.0,24
14564,20,11508,0.0,0.0,0.0,0.0,0.0,0.0,24
14565,20,11507,0.0,0.0,0.0,0.0,0.0,0.0,24
14566,20,11506,0.0,0.0,0.0,0.0,0.0,0.0,24
14567,20,11523,0.0,0.0,0.0,0.0,0.0,0.0,24
14568,20,11504,0.0,0.0,0.0,0.0,0.0,0.0,24
14569,20,11503,0.0,0.0,0.0,0.0,0.0,0.0,24
14570,20,11502,0.0,0.0,0.0,0.0,0.0,0.0,24
14571,20,11501,0.0,0.0,0.0,0.0,0.0,0.0,24
14572,20,11500,0.0,0.0,0.0,0.0,0.0,0.0,24
14573,20,11499,0.0,0.0,0.0,0.0,0.0,0.0,24
14574,20,11498,0.0,0.0,0.0,0.0,0.0,0.0,24
14575,20,11497,0.0,0.0,0.0,0.0,0.0,0.0,24
14576,20,11496,0.0,0.0,0.0,0.0,0.0,0.0,24
14577,20,11495,0.0,0.0,0.0,0.0,0.0,0.0,24
14578,20,11494,0.0,0.0,0.0,0.0,0.0,0.0,24
14579,20,11493,0.0,0.0,0.0,0.0,0.0,0.0,24
14580,20,11492,0.0,0.0,0.0,0.0,0.0,0.0,24
14581,20,11538,0.0,0.0,0.0,0.0,0.0,0.0,24
14582,20,11555,0.0,0.0,0.0,0.0,0.0,0.0,24
14583,20,11554,0.0,0.0,0.0,0.0,0.0,0.0,24
14584,20,11553,0.0,0.0,0.0,0.0,0.0,0.0,24
14585,20,11552,0.0,0.0,0.0,0.0,0.0,0.0,24
14586,20,11551,0.0,0.0,0.0,0.0,0.0,0.0,24
14587,20,11550,0.0,0.0,0.0,0.0,0.0,0.0,24
14588,20,11548,0.0,0.0,0.0,0.0,0.0,0.0,24
14589,20,11546,0.0,0.0,0.0,0.0,0.0,0.0,24
14590,20,11544,0.0,0.0,0.0,0.0,0.0,0.0,24
14591,20,11543,0.0,0.0,0.0,0.0,0.0,0.0,24
14592,20,11542,0.0,0.0,0.0,0.0,0.0,0.0,24
14593,20,11541,0.0,0.0,0.0,0.0,0.0,0.0,24
14594,20,11540,0.0,0.0,0.0,0.0,0.0,0.0,24
14595,20,11539,0.0,0.0,0.0,0.0,0.0,0.0,24
14596,20,11869,0.0,0.0,0.0,0.0,0.0,0.0,24
14597,20,11537,0.0,0.0,0.0,0.0,0.0,0.0,24
14598,20,11536,0.0,0.0,0.0,0.0,0.0,0.0,24
14599,20,11535,0.0,0.0,0.0,0.0,0.0,0.0,24
14600,20,11534,0.0,0.0,0.0,0.0,0.0,0.0,24
14601,20,11533,0.0,0.0,0.0,0.0,0.0,0.0,24
14602,20,11532,0.0,0.0,0.0,0.0,0.0,0.0,24
14603,20,11531,0.0,0.0,0.0,0.0,0.0,0.0,24
14604,20,11530,0.0,0.0,0.0,0.0,0.0,0.0,24
14605,20,11529,0.0,0.0,0.0,0.0,0.0,0.0,24
14606,20,11528,0.0,0.0,0.0,0.0,0.0,0.0,24
14607,20,11526,0.0,0.0,0.0,0.0,0.0,0.0,24
14608,20,11525,0.0,0.0,0.0,0.0,0.0,0.0,24
14609,20,11524,0.0,0.0,0.0,0.0,0.0,0.0,24
14610,20,12194,0.0,0.0,0.0,0.0,0.0,0.0,24
14611,20,12208,0.0,0.0,0.0,0.0,0.0,0.0,24
14612,20,12207,0.0,0.0,0.0,0.0,0.0,0.0,24
14613,20,12206,0.0,0.0,0.0,0.0,0.0,0.0,24
14614,20,12205,0.0,0.0,0.0,0.0,0.0,0.0,24
14615,20,12204,0.0,0.0,0.0,0.0,0.0,0.0,24
14616,20,12203,0.0,0.0,0.0,0.0,0.0,0.0,24
14617,20,12202,0.0,0.0,0.0,0.0,0.0,0.0,24
14618,20,12201,0.0,0.0,0.0,0.0,0.0,0.0,24
14619,20,12200,0.0,0.0,0.0,0.0,0.0,0.0,24
14620,20,12199,0.0,0.0,0.0,0.0,0.0,0.0,24
14621,20,12198,0.0,0.0,0.0,0.0,0.0,0.0,24
14622,20,12197,0.0,0.0,0.0,0.0,0.0,0.0,24
14623,20,12196,0.0,0.0,0.0,0.0,0.0,0.0,24
14624,20,12195,0.0,0.0,0.0,0.0,0.0,0.0,24
14625,20,12209,0.0,0.0,0.0,0.0,0.0,0.0,24
14626,20,12193,0.0,0.0,0.0,0.0,0.0,0.0,24
14627,20,12192,0.0,0.0,0.0,0.0,0.0,0.0,24
14628,20,12191,0.0,0.0,0.0,0.0,0.0,0.0,24
14629,20,12190,0.0,0.0,0.0,0.0,0.0,0.0,24
14630,20,12189,0.0,0.0,0.0,0.0,0.0,0.0,24
14631,20,12188,0.0,0.0,0.0,0.0,0.0,0.0,24
14632,20,12187,0.0,0.0,0.0,0.0,0.0,0.0,24
14633,20,12186,0.0,0.0,0.0,0.0,0.0,0.0,24
14634,20,12185,0.0,0.0,0.0,0.0,0.0,0.0,24
14635,20,12183,0.0,0.0,0.0,0.0,0.0,0.0,24
14636,20,12182,0.0,0.0,0.0,0.0,0.0,0.0,24
14637,20,12181,0.0,0.0,0.0,0.0,0.0,0.0,24
14638,20,12180,0.0,0.0,0.0,0.0,0.0,0.0,24
14639,20,12226,0.0,0.0,0.0,0.0,0.0,0.0,24
14640,20,12240,0.0,0.0,0.0,0.0,0.0,0.0,24
14641,20,12239,0.0,0.0,0.0,0.0,0.0,0.0,24
14642,20,12238,0.0,0.0,0.0,0.0,0.0,0.0,24
14643,20,12237,0.0,0.0,0.0,0.0,0.0,0.0,24
14644,20,12236,0.0,0.0,0.0,0.0,0.0,0.0,24
14645,20,12235,0.0,0.0,0.0,0.0,0.0,0.0,24
14646,20,12234,0.0,0.0,0.0,0.0,0.0,0.0,24
14647,20,12233,0.0,0.0,0.0,0.0,0.0,0.0,24
14648,20,12232,0.0,0.0,0.0,0.0,0.0,0.0,24
14649,20,12231,0.0,0.0,0.0,0.0,0.0,0.0,24
14650,20,12230,0.0,0.0,0.0,0.0,0.0,0.0,24
14651,20,12229,0.0,0.0,0.0,0.0,0.0,0.0,24
14652,20,12228,0.0,0.0,0.0,0.0,0.0,0.0,24
14653,20,12227,0.0,0.0,0.0,0.0,0.0,0.0,24
14654,20,12179,0.0,0.0,0.0,0.0,0.0,0.0,24
14655,20,12224,0.0,0.0,0.0,0.0,0.0,0.0,24
14656,20,12223,0.0,0.0,0.0,0.0,0.0,0.0,24
14657,20,12222,0.0,0.0,0.0,0.0,0.0,0.0,24
14658,20,12221,0.0,0.0,0.0,0.0,0.0,0.0,24
14659,20,12220,0.0,0.0,0.0,0.0,0.0,0.0,24
14660,20,12219,0.0,0.0,0.0,0.0,0.0,0.0,24
14661,20,12218,0.0,0.0,0.0,0.0,0.0,0.0,24
14662,20,12215,0.0,0.0,0.0,0.0,0.0,0.0,24
14663,20,12214,0.0,0.0,0.0,0.0,0.0,0.0,24
14664,20,12213,0.0,0.0,0.0,0.0,0.0,0.0,24
14665,20,12212,0.0,0.0,0.0,0.0,0.0,0.0,24
14666,20,12211,0.0,0.0,0.0,0.0,0.0,0.0,24
14667,20,12210,0.0,0.0,0.0,0.0,0.0,0.0,24
14668,20,12131,0.0,0.0,0.0,0.0,0.0,0.0,24
14669,20,12145,0.0,0.0,0.0,0.0,0.0,0.0,24
14670,20,12144,0.0,0.0,0.0,0.0,0.0,0.0,24
14671,20,12143,0.0,0.0,0.0,0.0,0.0,0.0,24
14672,20,12142,0.0,0.0,0.0,0.0,0.0,0.0,24
14673,20,12141,0.0,0.0,0.0,0.0,0.0,0.0,24
14674,20,12140,0.0,0.0,0.0,0.0,0.0,0.0,24
14675,20,12139,0.0,0.0,0.0,0.0,0.0,0.0,24
14676,20,12138,0.0,0.0,0.0,0.0,0.0,0.0,24
14677,20,12137,0.0,0.0,0.0,0.0,0.0,0.0,24
14678,20,12136,0.0,0.0,0.0,0.0,0.0,0.0,24
14679,20,12135,0.0,0.0,0.0,0.0,0.0,0.0,24
14680,20,12134,0.0,0.0,0.0,0.0,0.0,0.0,24
14681,20,12133,0.0,0.0,0.0,0.0,0.0,0.0,24
14682,20,12132,0.0,0.0,0.0,0.0,0.0,0.0,24
14683,20,12146,0.0,0.0,0.0,0.0,0.0,0.0,24
14684,20,12130,0.0,0.0,0.0,0.0,0.0,0.0,24
14685,20,12129,0.0,0.0,0.0,0.0,0.0,0.0,24
14686,20,12128,0.0,0.0,0.0,0.0,0.0,0.0,24
14687,20,12127,0.0,0.0,0.0,0.0,0.0,0.0,24
14688,20,12126,0.0,0.0,0.0,0.0,0.0,0.0,24
14689,20,12125,0.0,0.0,0.0,0.0,0.0,0.0,24
14690,20,12124,0.0,0.0,0.0,0.0,0.0,0.0,24
14691,20,12123,0.0,0.0,0.0,0.0,0.0,0.0,24
14692,20,12122,0.0,0.0,0.0,0.0,0.0,0.0,24
14693,20,12121,0.0,0.0,0.0,0.0,0.0,0.0,24
14694,20,12120,0.0,0.0,0.0,0.0,0.0,0.0,24
14695,20,12119,0.0,0.0,0.0,0.0,0.0,0.0,24
14696,20,12118,0.0,0.0,0.0,0.0,0.0,0.0,24
14697,20,12162,0.0,0.0,0.0,0.0,0.0,0.0,24
14698,20,12178,0.0,0.0,0.0,0.0,0.0,0.0,24
14699,20,12177,0.0,0.0,0.0,0.0,0.0,0.0,24
14700,20,12176,0.0,0.0,0.0,0.0,0.0,0.0,24
14701,20,12175,0.0,0.0,0.0,0.0,0.0,0.0,24
14702,20,12174,0.0,0.0,0.0,0.0,0.0,0.0,24
14703,20,12172,0.0,0.0,0.0,0.0,0.0,0.0,24
14704,20,12171,0.0,0.0,0.0,0.0,0.0,0.0,24
14705,20,12169,0.0,0.0,0.0,0.0,0.0,0.0,24
14706,20,12168,0.0,0.0,0.0,0.0,0.0,0.0,24
14707,20,12167,0.0,0.0,0.0,0.0,0.0,0.0,24
14708,20,12166,0.0,0.0,0.0,0.0,0.0,0.0,24
14709,20,12165,0.0,0.0,0.0,0.0,0.0,0.0,24
14710,20,12164,0.0,0.0,0.0,0.0,0.0,0.0,24
14711,20,12163,0.0,0.0,0.0,0.0,0.0,0.0,24
14712,20,12241,0.0,0.0,0.0,0.0,0.0,0.0,24
14713,20,12161,0.0,0.0,0.0,0.0,0.0,0.0,24
14714,20,12160,0.0,0.0,0.0,0.0,0.0,0.0,24
14715,20,12159,0.0,0.0,0.0,0.0,0.0,0.0,24
14716,20,12158,0.0,0.0,0.0,0.0,0.0,0.0,24
14717,20,12156,0.0,0.0,0.0,0.0,0.0,0.0,24
14718,20,12155,0.0,0.0,0.0,0.0,0.0,0.0,24
14719,20,12154,0.0,0.0,0.0,0.0,0.0,0.0,24
14720,20,12153,0.0,0.0,0.0,0.0,0.0,0.0,24
14721,20,12152,0.0,0.0,0.0,0.0,0.0,0.0,24
14722,20,12151,0.0,0.0,0.0,0.0,0.0,0.0,24
14723,20,12149,0.0,0.0,0.0,0.0,0.0,0.0,24
14724,20,12148,0.0,0.0,0.0,0.0,0.0,0.0,24
14725,20,12147,0.0,0.0,0.0,0.0,0.0,0.0,24
14726,20,12319,0.0,0.0,0.0,0.0,0.0,0.0,24
14727,20,12335,0.0,0.0,0.0,0.0,0.0,0.0,24
14728,20,12334,0.0,0.0,0.0,0.0,0.0,0.0,24
14729,20,12333,0.0,0.0,0.0,0.0,0.0,0.0,24
14730,20,12332,0.0,0.0,0.0,0.0,0.0,0.0,24
14731,20,12331,0.0,0.0,0.0,0.0,0.0,0.0,24
14732,20,12330,0.0,0.0,0.0,0.0,0.0,0.0,24
14733,20,12329,0.0,0.0,0.0,0.0,0.0,0.0,24
14734,20,12328,0.0,0.0,0.0,0.0,0.0,0.0,24
14735,20,12327,0.0,0.0,0.0,0.0,0.0,0.0,24
14736,20,12326,0.0,0.0,0.0,0.0,0.0,0.0,24
14737,20,12325,0.0,0.0,0.0,0.0,0.0,0.0,24
14738,20,12323,0.0,0.0,0.0,0.0,0.0,0.0,24
14739,20,12322,0.0,0.0,0.0,0.0,0.0,0.0,24
14740,20,12320,0.0,0.0,0.0,0.0,0.0,0.0,24
14741,20,12336,0.0,0.0,0.0,0.0,0.0,0.0,24
14742,20,12318,0.0,0.0,0.0,0.0,0.0,0.0,24
14743,20,12317,0.0,0.0,0.0,0.0,0.0,0.0,24
14744,20,12316,0.0,0.0,0.0,0.0,0.0,0.0,24
14745,20,12314,0.0,0.0,0.0,0.0,0.0,0.0,24
14746,20,12312,0.0,0.0,0.0,0.0,0.0,0.0,24
14747,20,12311,0.0,0.0,0.0,0.0,0.0,0.0,24
14748,20,12310,0.0,0.0,0.0,0.0,0.0,0.0,24
14749,20,12309,0.0,0.0,0.0,0.0,0.0,0.0,24
14750,20,12307,0.0,0.0,0.0,0.0,0.0,0.0,24
14751,20,12306,0.0,0.0,0.0,0.0,0.0,0.0,24
14752,20,12305,0.0,0.0,0.0,0.0,0.0,0.0,24
14753,20,12304,0.0,0.0,0.0,0.0,0.0,0.0,24
14754,20,12303,0.0,0.0,0.0,0.0,0.0,0.0,24
14755,20,12350,0.0,0.0,0.0,0.0,0.0,0.0,24
14756,20,12365,0.0,0.0,0.0,0.0,0.0,0.0,24
14757,20,12363,0.0,0.0,0.0,0.0,0.0,0.0,24
14758,20,12362,0.0,0.0,0.0,0.0,0.0,0.0,24
14759,20,12361,0.0,0.0,0.0,0.0,0.0,0.0,24
14760,20,12360,0.0,0.0,0.0,0.0,0.0,0.0,24
14761,20,12359,0.0,0.0,0.0,0.0,0.0,0.0,24
14762,20,12358,0.0,0.0,0.0,0.0,0.0,0.0,24
14763,20,12357,0.0,0.0,0.0,0.0,0.0,0.0,24
14764,20,12356,0.0,0.0,0.0,0.0,0.0,0.0,24
14765,20,12355,0.0,0.0,0.0,0.0,0.0,0.0,24
14766,20,12354,0.0,0.0,0.0,0.0,0.0,0.0,24
14767,20,12353,0.0,0.0,0.0,0.0,0.0,0.0,24
14768,20,12352,0.0,0.0,0.0,0.0,0.0,0.0,24
14769,20,12351,0.0,0.0,0.0,0.0,0.0,0.0,24
14770,20,12302,0.0,0.0,0.0,0.0,0.0,0.0,24
14771,20,12349,0.0,0.0,0.0,0.0,0.0,0.0,24
14772,20,12348,0.0,0.0,0.0,0.0,0.0,0.0,24
14773,20,12347,0.0,0.0,0.0,0.0,0.0,0.0,24
14774,20,12346,0.0,0.0,0.0,0.0,0.0,0.0,24
14775,20,12345,0.0,0.0,0.0,0.0,0.0,0.0,24
14776,20,12344,0.0,0.0,0.0,0.0,0.0,0.0,24
14777,20,12343,0.0,0.0,0.0,0.0,0.0,0.0,24
14778,20,12342,0.0,0.0,0.0,0.0,0.0,0.0,24
14779,20,12341,0.0,0.0,0.0,0.0,0.0,0.0,24
14780,20,12340,0.0,0.0,0.0,0.0,0.0,0.0,24
14781,20,12339,0.0,0.0,0.0,0.0,0.0,0.0,24
14782,20,12338,0.0,0.0,0.0,0.0,0.0,0.0,24
14783,20,12337,0.0,0.0,0.0,0.0,0.0,0.0,24
14784,20,12255,0.0,0.0,0.0,0.0,0.0,0.0,24
14785,20,12270,0.0,0.0,0.0,0.0,0.0,0.0,24
14786,20,12269,0.0,0.0,0.0,0.0,0.0,0.0,24
14787,20,12268,0.0,0.0,0.0,0.0,0.0,0.0,24
14788,20,12267,0.0,0.0,0.0,0.0,0.0,0.0,24
14789,20,12266,0.0,0.0,0.0,0.0,0.0,0.0,24
14790,20,12265,0.0,0.0,0.0,0.0,0.0,0.0,24
14791,20,12264,0.0,0.0,0.0,0.0,0.0,0.0,24
14792,20,12263,0.0,0.0,0.0,0.0,0.0,0.0,24
14793,20,12262,0.0,0.0,0.0,0.0,0.0,0.0,24
14794,20,12261,0.0,0.0,0.0,0.0,0.0,0.0,24
14795,20,12259,0.0,0.0,0.0,0.0,0.0,0.0,24
14796,20,12258,0.0,0.0,0.0,0.0,0.0,0.0,24
14797,20,12257,0.0,0.0,0.0,0.0,0.0,0.0,24
14798,20,12256,0.0,0.0,0.0,0.0,0.0,0.0,24
14799,20,12271,0.0,0.0,0.0,0.0,0.0,0.0,24
14800,20,12254,0.0,0.0,0.0,0.0,0.0,0.0,24
14801,20,12253,0.0,0.0,0.0,0.0,0.0,0.0,24
14802,20,12252,0.0,0.0,0.0,0.0,0.0,0.0,24
14803,20,12251,0.0,0.0,0.0,0.0,0.0,0.0,24
14804,20,12250,0.0,0.0,0.0,0.0,0.0,0.0,24
14805,20,12249,0.0,0.0,0.0,0.0,0.0,0.0,24
14806,20,12248,0.0,0.0,0.0,0.0,0.0,0.0,24
14807,20,12247,0.0,0.0,0.0,0.0,0.0,0.0,24
14808,20,12246,0.0,0.0,0.0,0.0,0.0,0.0,24
14809,20,12245,0.0,0.0,0.0,0.0,0.0,0.0,24
14810,20,12244,0.0,0.0,0.0,0.0,0.0,0.0,24
14811,20,12243,0.0,0.0,0.0,0.0,0.0,0.0,24
14812,20,12242,0.0,0.0,0.0,0.0,0.0,0.0,24
14813,20,12286,0.0,0.0,0.0,0.0,0.0,0.0,24
14814,20,12301,0.0,0.0,0.0,0.0,0.0,0.0,24
14815,20,12300,0.0,0.0,0.0,0.0,0.0,0.0,24
14816,20,12299,0.0,0.0,0.0,0.0,0.0,0.0,24
14817,20,12298,0.0,0.0,0.0,0.0,0.0,0.0,24
14818,20,12297,0.0,0.0,0.0,0.0,0.0,0.0,24
14819,20,12296,0.0,0.0,0.0,0.0,0.0,0.0,24
14820,20,12295,0.0,0.0,0.0,0.0,0.0,0.0,24
14821,20,12294,0.0,0.0,0.0,0.0,0.0,0.0,24
14822,20,12292,0.0,0.0,0.0,0.0,0.0,0.0,24
14823,20,12291,0.0,0.0,0.0,0.0,0.0,0.0,24
14824,20,12290,0.0,0.0,0.0,0.0,0.0,0.0,24
14825,20,12289,0.0,0.0,0.0,0.0,0.0,0.0,24
14826,20,12288,0.0,0.0,0.0,0.0,0.0,0.0,24
14827,20,12287,0.0,0.0,0.0,0.0,0.0,0.0,24
14828,20,12117,0.0,0.0,0.0,0.0,0.0,0.0,24
14829,20,12285,0.0,0.0,0.0,0.0,0.0,0.0,24
14830,20,12284,0.0,0.0,0.0,0.0,0.0,0.0,24
14831,20,12283,0.0,0.0,0.0,0.0,0.0,0.0,24
14832,20,12282,0.0,0.0,0.0,0.0,0.0,0.0,24
14833,20,12281,0.0,0.0,0.0,0.0,0.0,0.0,24
14834,20,12280,0.0,0.0,0.0,0.0,0.0,0.0,24
14835,20,12279,0.0,0.0,0.0,0.0,0.0,0.0,24
14836,20,12278,0.0,0.0,0.0,0.0,0.0,0.0,24
14837,20,12276,0.0,0.0,0.0,0.0,0.0,0.0,24
14838,20,12275,0.0,0.0,0.0,0.0,0.0,0.0,24
14839,20,12274,0.0,0.0,0.0,0.0,0.0,0.0,24
14840,20,12273,0.0,0.0,0.0,0.0,0.0,0.0,24
14841,20,12272,0.0,0.0,0.0,0.0,0.0,0.0,24
14842,20,11944,0.0,0.0,0.0,0.0,0.0,0.0,24
14843,20,11958,0.0,0.0,0.0,0.0,0.0,0.0,24
14844,20,11957,0.0,0.0,0.0,0.0,0.0,0.0,24
14845,20,11956,0.0,0.0,0.0,0.0,0.0,0.0,24
14846,20,11955,0.0,0.0,0.0,0.0,0.0,0.0,24
14847,20,11954,0.0,0.0,0.0,0.0,0.0,0.0,24
14848,20,11953,0.0,0.0,0.0,0.0,0.0,0.0,24
14849,20,11952,0.0,0.0,0.0,0.0,0.0,0.0,24
14850,20,11951,0.0,0.0,0.0,0.0,0.0,0.0,24
14851,20,11950,0.0,0.0,0.0,0.0,0.0,0.0,24
14852,20,11949,0.0,0.0,0.0,0.0,0.0,0.0,24
14853,20,11948,0.0,0.0,0.0,0.0,0.0,0.0,24
14854,20,11947,0.0,0.0,0.0,0.0,0.0,0.0,24
14855,20,11946,0.0,0.0,0.0,0.0,0.0,0.0,24
14856,20,11945,0.0,0.0,0.0,0.0,0.0,0.0,24
14857,20,11960,0.0,0.0,0.0,0.0,0.0,0.0,24
14858,20,11943,0.0,0.0,0.0,0.0,0.0,0.0,24
14859,20,11942,0.0,0.0,0.0,0.0,0.0,0.0,24
14860,20,11941,0.0,0.0,0.0,0.0,0.0,0.0,24
14861,20,11940,0.0,0.0,0.0,0.0,0.0,0.0,24
14862,20,11939,0.0,0.0,0.0,0.0,0.0,0.0,24
14863,20,11938,0.0,0.0,0.0,0.0,0.0,0.0,24
14864,20,11937,0.0,0.0,0.0,0.0,0.0,0.0,24
14865,20,11936,0.0,0.0,0.0,0.0,0.0,0.0,24
14866,20,11935,0.0,0.0,0.0,0.0,0.0,0.0,24
14867,20,11934,0.0,0.0,0.0,0.0,0.0,0.0,24
14868,20,11933,0.0,0.0,0.0,0.0,0.0,0.0,24
14869,20,11932,0.0,0.0,0.0,0.0,0.0,0.0,24
14870,20,11931,0.0,0.0,0.0,0.0,0.0,0.0,24
14871,20,11974,0.0,0.0,0.0,0.0,0.0,0.0,24
14872,20,11989,0.0,0.0,0.0,0.0,0.0,0.0,24
14873,20,11988,0.0,0.0,0.0,0.0,0.0,0.0,24
14874,20,11987,0.0,0.0,0.0,0.0,0.0,0.0,24
14875,20,11985,0.0,0.0,0.0,0.0,0.0,0.0,24
14876,20,11984,0.0,0.0,0.0,0.0,0.0,0.0,24
14877,20,11983,0.0,0.0,0.0,0.0,0.0,0.0,24
14878,20,11982,0.0,0.0,0.0,0.0,0.0,0.0,24
14879,20,11981,0.0,0.0,0.0,0.0,0.0,0.0,24
14880,20,11980,0.0,0.0,0.0,0.0,0.0,0.0,24
14881,20,11979,0.0,0.0,0.0,0.0,0.0,0.0,24
14882,20,11978,0.0,0.0,0.0,0.0,0.0,0.0,24
14883,20,11977,0.0,0.0,0.0,0.0,0.0,0.0,24
14884,20,11976,0.0,0.0,0.0,0.0,0.0,0.0,24
14885,20,11975,0.0,0.0,0.0,0.0,0.0,0.0,24
14886,20,11930,0.0,0.0,0.0,0.0,0.0,0.0,24
14887,20,11973,0.0,0.0,0.0,0.0,0.0,0.0,24
14888,20,11972,0.0,0.0,0.0,0.0,0.0,0.0,24
14889,20,11971,0.0,0.0,0.0,0.0,0.0,0.0,24
14890,20,11970,0.0,0.0,0.0,0.0,0.0,0.0,24
14891,20,11969,0.0,0.0,0.0,0.0,0.0,0.0,24
14892,20,11968,0.0,0.0,0.0,0.0,0.0,0.0,24
14893,20,11967,0.0,0.0,0.0,0.0,0.0,0.0,24
14894,20,11966,0.0,0.0,0.0,0.0,0.0,0.0,24
14895,20,11965,0.0,0.0,0.0,0.0,0.0,0.0,24
14896,20,11964,0.0,0.0,0.0,0.0,0.0,0.0,24
14897,20,11963,0.0,0.0,0.0,0.0,0.0,0.0,24
14898,20,11962,0.0,0.0,0.0,0.0,0.0,0.0,24
14899,20,11961,0.0,0.0,0.0,0.0,0.0,0.0,24
14900,20,11883,0.0,0.0,0.0,0.0,0.0,0.0,24
14901,20,11897,0.0,0.0,0.0,0.0,0.0,0.0,24
14902,20,11896,0.0,0.0,0.0,0.0,0.0,0.0,24
14903,20,11895,0.0,0.0,0.0,0.0,0.0,0.0,24
14904,20,11894,0.0,0.0,0.0,0.0,0.0,0.0,24
14905,20,11893,0.0,0.0,0.0,0.0,0.0,0.0,24
14906,20,11892,0.0,0.0,0.0,0.0,0.0,0.0,24
14907,20,11891,0.0,0.0,0.0,0.0,0.0,0.0,24
14908,20,11890,0.0,0.0,0.0,0.0,0.0,0.0,24
14909,20,11889,0.0,0.0,0.0,0.0,0.0,0.0,24
14910,20,11888,0.0,0.0,0.0,0.0,0.0,0.0,24
14911,20,11887,0.0,0.0,0.0,0.0,0.0,0.0,24
14912,20,11886,0.0,0.0,0.0,0.0,0.0,0.0,24
14913,20,11885,0.0,0.0,0.0,0.0,0.0,0.0,24
14914,20,11884,0.0,0.0,0.0,0.0,0.0,0.0,24
14915,20,11898,0.0,0.0,0.0,0.0,0.0,0.0,24
14916,20,11882,0.0,0.0,0.0,0.0,0.0,0.0,24
14917,20,11881,0.0,0.0,0.0,0.0,0.0,0.0,24
14918,20,11880,0.0,0.0,0.0,0.0,0.0,0.0,24
14919,20,11879,0.0,0.0,0.0,0.0,0.0,0.0,24
14920,20,11878,0.0,0.0,0.0,0.0,0.0,0.0,24
14921,20,11877,0.0,0.0,0.0,0.0,0.0,0.0,24
14922,20,11876,0.0,0.0,0.0,0.0,0.0,0.0,24
14923,20,11875,0.0,0.0,0.0,0.0,0.0,0.0,24
14924,20,11874,0.0,0.0,0.0,0.0,0.0,0.0,24
14925,20,11873,0.0,0.0,0.0,0.0,0.0,0.0,24
14926,20,11872,0.0,0.0,0.0,0.0,0.0,0.0,24
14927,20,11871,0.0,0.0,0.0,0.0,0.0,0.0,24
14928,20,11870,0.0,0.0,0.0,0.0,0.0,0.0,24
14929,20,11912,0.0,0.0,0.0,0.0,0.0,0.0,24
14930,20,11929,0.0,0.0,0.0,0.0,0.0,0.0,24
14931,20,11928,0.0,0.0,0.0,0.0,0.0,0.0,24
14932,20,11927,0.0,0.0,0.0,0.0,0.0,0.0,24
14933,20,11926,0.0,0.0,0.0,0.0,0.0,0.0,24
14934,20,11925,0.0,0.0,0.0,0.0,0.0,0.0,24
14935,20,11923,0.0,0.0,0.0,0.0,0.0,0.0,24
14936,20,11922,0.0,0.0,0.0,0.0,0.0,0.0,24
14937,20,11921,0.0,0.0,0.0,0.0,0.0,0.0,24
14938,20,11919,0.0,0.0,0.0,0.0,0.0,0.0,24
14939,20,11918,0.0,0.0,0.0,0.0,0.0,0.0,24
14940,20,11917,0.0,0.0,0.0,0.0,0.0,0.0,24
14941,20,11916,0.0,0.0,0.0,0.0,0.0,0.0,24
14942,20,11915,0.0,0.0,0.0,0.0,0.0,0.0,24
14943,20,11913,0.0,0.0,0.0,0.0,0.0,0.0,24
14944,20,11990,0.0,0.0,0.0,0.0,0.0,0.0,24
14945,20,11911,0.0,0.0,0.0,0.0,0.0,0.0,24
14946,20,11910,0.0,0.0,0.0,0.0,0.0,0.0,24
14947,20,11909,0.0,0.0,0.0,0.0,0.0,0.0,24
14948,20,11908,0.0,0.0,0.0,0.0,0.0,0.0,24
14949,20,11907,0.0,0.0,0.0,0.0,0.0,0.0,24
14950,20,11906,0.0,0.0,0.0,0.0,0.0,0.0,24
14951,20,11905,0.0,0.0,0.0,0.0,0.0,0.0,24
14952,20,11904,0.0,0.0,0.0,0.0,0.0,0.0,24
14953,20,11903,0.0,0.0,0.0,0.0,0.0,0.0,24
14954,20,11902,0.0,0.0,0.0,0.0,0.0,0.0,24
14955,20,11901,0.0,0.0,0.0,0.0,0.0,0.0,24
14956,20,11900,0.0,0.0,0.0,0.0,0.0,0.0,24
14957,20,11899,0.0,0.0,0.0,0.0,0.0,0.0,24
14958,20,12070,0.0,0.0,0.0,0.0,0.0,0.0,24
14959,20,12084,0.0,0.0,0.0,0.0,0.0,0.0,24
14960,20,12083,0.0,0.0,0.0,0.0,0.0,0.0,24
14961,20,12082,0.0,0.0,0.0,0.0,0.0,0.0,24
14962,20,12081,0.0,0.0,0.0,0.0,0.0,0.0,24
14963,20,12080,0.0,0.0,0.0,0.0,0.0,0.0,24
14964,20,12079,0.0,0.0,0.0,0.0,0.0,0.0,24
14965,20,12078,0.0,0.0,0.0,0.0,0.0,0.0,24
14966,20,12077,0.0,0.0,0.0,0.0,0.0,0.0,24
14967,20,12076,0.0,0.0,0.0,0.0,0.0,0.0,24
14968,20,12075,0.0,0.0,0.0,0.0,0.0,0.0,24
14969,20,12074,0.0,0.0,0.0,0.0,0.0,0.0,24
14970,20,12073,0.0,0.0,0.0,0.0,0.0,0.0,24
14971,20,12072,0.0,0.0,0.0,0.0,0.0,0.0,24
14972,20,12071,0.0,0.0,0.0,0.0,0.0,0.0,24
14973,20,12085,0.0,0.0,0.0,0.0,0.0,0.0,24
14974,20,12069,0.0,0.0,0.0,0.0,0.0,0.0,24
14975,20,12067,0.0,0.0,0.0,0.0,0.0,0.0,24
14976,20,12066,0.0,0.0,0.0,0.0,0.0,0.0,24
14977,20,12065,0.0,0.0,0.0,0.0,0.0,0.0,24
14978,20,12064,0.0,0.0,0.0,0.0,0.0,0.0,24
14979,20,12063,0.0,0.0,0.0,0.0,0.0,0.0,24
14980,20,12062,0.0,0.0,0.0,0.0,0.0,0.0,24
14981,20,12061,0.0,0.0,0.0,0.0,0.0,0.0,24
14982,20,12060,0.0,0.0,0.0,0.0,0.0,0.0,24
14983,20,12059,0.0,0.0,0.0,0.0,0.0,0.0,24
14984,20,12058,0.0,0.0,0.0,0.0,0.0,0.0,24
14985,20,12057,0.0,0.0,0.0,0.0,0.0,0.0,24
14986,20,12056,0.0,0.0,0.0,0.0,0.0,0.0,24
14987,20,12100,0.0,0.0,0.0,0.0,0.0,0.0,24
14988,20,12116,0.0,0.0,0.0,0.0,0.0,0.0,24
14989,20,12115,0.0,0.0,0.0,0.0,0.0,0.0,24
14990,20,12112,0.0,0.0,0.0,0.0,0.0,0.0,24
14991,20,12111,0.0,0.0,0.0,0.0,0.0,0.0,24
14992,20,12110,0.0,0.0,0.0,0.0,0.0,0.0,24
14993,20,12109,0.0,0.0,0.0,0.0,0.0,0.0,24
14994,20,12108,0.0,0.0,0.0,0.0,0.0,0.0,24
14995,20,12107,0.0,0.0,0.0,0.0,0.0,0.0,24
14996,20,12106,0.0,0.0,0.0,0.0,0.0,0.0,24
14997,20,12105,0.0,0.0,0.0,0.0,0.0,0.0,24
14998,20,12104,0.0,0.0,0.0,0.0,0.0,0.0,24
14999,20,12103,0.0,0.0,0.0,0.0,0.0,0.0,24
15000,20,12102,0.0,0.0,0.0,0.0,0.0,0.0,24
15001,20,12101,0.0,0.0,0.0,0.0,0.0,0.0,24
15002,20,12055,0.0,0.0,0.0,0.0,0.0,0.0,24
15003,20,12099,0.0,0.0,0.0,0.0,0.0,0.0,24
15004,20,12098,0.0,0.0,0.0,0.0,0.0,0.0,24
15005,20,12097,0.0,0.0,0.0,0.0,0.0,0.0,24
15006,20,12096,0.0,0.0,0.0,0.0,0.0,0.0,24
15007,20,12095,0.0,0.0,0.0,0.0,0.0,0.0,24
15008,20,12094,0.0,0.0,0.0,0.0,0.0,0.0,24
15009,20,12093,0.0,0.0,0.0,0.0,0.0,0.0,24
15010,20,12092,0.0,0.0,0.0,0.0,0.0,0.0,24
15011,20,12090,0.0,0.0,0.0,0.0,0.0,0.0,24
15012,20,12089,0.0,0.0,0.0,0.0,0.0,0.0,24
15013,20,12088,0.0,0.0,0.0,0.0,0.0,0.0,24
15014,20,12087,0.0,0.0,0.0,0.0,0.0,0.0,24
15015,20,12086,0.0,0.0,0.0,0.0,0.0,0.0,24
15016,20,12009,0.0,0.0,0.0,0.0,0.0,0.0,24
15017,20,12025,0.0,0.0,0.0,0.0,0.0,0.0,24
15018,20,12023,0.0,0.0,0.0,0.0,0.0,0.0,24
15019,20,12021,0.0,0.0,0.0,0.0,0.0,0.0,24
15020,20,12020,0.0,0.0,0.0,0.0,0.0,0.0,24
15021,20,12019,0.0,0.0,0.0,0.0,0.0,0.0,24
15022,20,12018,0.0,0.0,0.0,0.0,0.0,0.0,24
15023,20,12017,0.0,0.0,0.0,0.0,0.0,0.0,24
15024,20,12016,0.0,0.0,0.0,0.0,0.0,0.0,24
15025,20,12015,0.0,0.0,0.0,0.0,0.0,0.0,24
15026,20,12014,0.0,0.0,0.0,0.0,0.0,0.0,24
15027,20,12013,0.0,0.0,0.0,0.0,0.0,0.0,24
15028,20,12012,0.0,0.0,0.0,0.0,0.0,0.0,24
15029,20,12011,0.0,0.0,0.0,0.0,0.0,0.0,24
15030,20,12010,0.0,0.0,0.0,0.0,0.0,0.0,24
15031,20,12026,0.0,0.0,0.0,0.0,0.0,0.0,24
15032,20,12007,0.0,0.0,0.0,0.0,0.0,0.0,24
15033,20,12006,0.0,0.0,0.0,0.0,0.0,0.0,24
15034,20,12005,0.0,0.0,0.0,0.0,0.0,0.0,24
15035,20,12004,0.0,0.0,0.0,0.0,0.0,0.0,24
15036,20,12003,0.0,0.0,0.0,0.0,0.0,0.0,24
15037,20,12001,0.0,0.0,0.0,0.0,0.0,0.0,24
15038,20,12000,0.0,0.0,0.0,0.0,0.0,0.0,24
15039,20,11998,0.0,0.0,0.0,0.0,0.0,0.0,24
15040,20,11996,0.0,0.0,0.0,0.0,0.0,0.0,24
15041,20,11995,0.0,0.0,0.0,0.0,0.0,0.0,24
15042,20,11994,0.0,0.0,0.0,0.0,0.0,0.0,24
15043,20,11993,0.0,0.0,0.0,0.0,0.0,0.0,24
15044,20,11991,0.0,0.0,0.0,0.0,0.0,0.0,24
15045,20,12040,0.0,0.0,0.0,0.0,0.0,0.0,24
15046,20,12054,0.0,0.0,0.0,0.0,0.0,0.0,24
15047,20,12053,0.0,0.0,0.0,0.0,0.0,0.0,24
15048,20,12052,0.0,0.0,0.0,0.0,0.0,0.0,24
15049,20,12051,0.0,0.0,0.0,0.0,0.0,0.0,24
15050,20,12050,0.0,0.0,0.0,0.0,0.0,0.0,24
15051,20,12048,0.0,0.0,0.0,0.0,0.0,0.0,24
15052,20,12047,0.0,0.0,0.0,0.0,0.0,0.0,24
15053,20,12046,0.0,0.0,0.0,0.0,0.0,0.0,24
15054,20,12045,0.0,0.0,0.0,0.0,0.0,0.0,24
15055,20,12044,0.0,0.0,0.0,0.0,0.0,0.0,24
15056,20,12043,0.0,0.0,0.0,0.0,0.0,0.0,24
15057,20,12042,0.0,0.0,0.0,0.0,0.0,0.0,24
15058,20,12041,0.0,0.0,0.0,0.0,0.0,0.0,24
15059,20,11368,0.0,0.0,0.0,0.0,0.0,0.0,24
15060,20,12039,0.0,0.0,0.0,0.0,0.0,0.0,24
15061,20,12038,0.0,0.0,0.0,0.0,0.0,0.0,24
15062,20,12037,0.0,0.0,0.0,0.0,0.0,0.0,24
15063,20,12036,0.0,0.0,0.0,0.0,0.0,0.0,24
15064,20,12035,0.0,0.0,0.0,0.0,0.0,0.0,24
15065,20,12034,0.0,0.0,0.0,0.0,0.0,0.0,24
15066,20,12033,0.0,0.0,0.0,0.0,0.0,0.0,24
15067,20,12032,0.0,0.0,0.0,0.0,0.0,0.0,24
15068,20,12031,0.0,0.0,0.0,0.0,0.0,0.0,24
15069,20,12030,0.0,0.0,0.0,0.0,0.0,0.0,24
15070,20,12029,0.0,0.0,0.0,0.0,0.0,0.0,24
15071,20,12028,0.0,0.0,0.0,0.0,0.0,0.0,24
15072,20,12027,0.0,0.0,0.0,0.0,0.0,0.0,24
15073,20,10702,0.0,0.0,0.0,0.0,0.0,0.0,24
15074,20,10717,0.0,0.0,0.0,0.0,0.0,0.0,24
15075,20,10716,0.0,0.0,0.0,0.0,0.0,0.0,24
15076,20,10715,0.0,0.0,0.0,0.0,0.0,0.0,24
15077,20,10714,0.0,0.0,0.0,0.0,0.0,0.0,24
15078,20,10713,0.0,0.0,0.0,0.0,0.0,0.0,24
15079,20,10712,0.0,0.0,0.0,0.0,0.0,0.0,24
15080,20,10711,0.0,0.0,0.0,0.0,0.0,0.0,24
15081,20,10710,0.0,0.0,0.0,0.0,0.0,0.0,24
15082,20,10709,0.0,0.0,0.0,0.0,0.0,0.0,24
15083,20,10708,0.0,0.0,0.0,0.0,0.0,0.0,24
15084,20,10707,0.0,0.0,0.0,0.0,0.0,0.0,24
15085,20,10706,0.0,0.0,0.0,0.0,0.0,0.0,24
15086,20,10705,0.0,0.0,0.0,0.0,0.0,0.0,24
15087,20,10703,0.0,0.0,0.0,0.0,0.0,0.0,24
15088,20,10718,0.0,0.0,0.0,0.0,0.0,0.0,24
15089,20,10701,0.0,0.0,0.0,0.0,0.0,0.0,24
15090,20,10700,0.0,0.0,0.0,0.0,0.0,0.0,24
15091,20,10699,0.0,0.0,0.0,0.0,0.0,0.0,24
15092,20,10698,0.0,0.0,0.0,0.0,0.0,0.0,24
15093,20,10697,0.0,0.0,0.0,0.0,0.0,0.0,24
15094,20,10696,0.0,0.0,0.0,0.0,0.0,0.0,24
15095,20,10695,0.0,0.0,0.0,0.0,0.0,0.0,24
15096,20,10694,0.0,0.0,0.0,0.0,0.0,0.0,24
15097,20,10693,0.0,0.0,0.0,0.0,0.0,0.0,24
15098,20,10692,0.0,0.0,0.0,0.0,0.0,0.0,24
15099,20,10691,0.0,0.0,0.0,0.0,0.0,0.0,24
15100,20,10690,0.0,0.0,0.0,0.0,0.0,0.0,24
15101,20,10689,0.0,0.0,0.0,0.0,0.0,0.0,24
15102,20,10734,0.0,0.0,0.0,0.0,0.0,0.0,24
15103,20,10748,0.0,0.0,0.0,0.0,0.0,0.0,24
15104,20,10747,0.0,0.0,0.0,0.0,0.0,0.0,24
15105,20,10746,0.0,0.0,0.0,0.0,0.0,0.0,24
15106,20,10745,0.0,0.0,0.0,0.0,0.0,0.0,24
15107,20,10744,0.0,0.0,0.0,0.0,0.0,0.0,24
15108,20,10743,0.0,0.0,0.0,0.0,0.0,0.0,24
15109,20,10742,0.0,0.0,0.0,0.0,0.0,0.0,24
15110,20,10741,0.0,0.0,0.0,0.0,0.0,0.0,24
15111,20,10740,0.0,0.0,0.0,0.0,0.0,0.0,24
15112,20,10739,0.0,0.0,0.0,0.0,0.0,0.0,24
15113,20,10738,0.0,0.0,0.0,0.0,0.0,0.0,24
15114,20,10737,0.0,0.0,0.0,0.0,0.0,0.0,24
15115,20,10736,0.0,0.0,0.0,0.0,0.0,0.0,24
15116,20,10735,0.0,0.0,0.0,0.0,0.0,0.0,24
15117,20,10688,0.0,0.0,0.0,0.0,0.0,0.0,24
15118,20,10733,0.0,0.0,0.0,0.0,0.0,0.0,24
15119,20,10732,0.0,0.0,0.0,0.0,0.0,0.0,24
15120,20,10731,0.0,0.0,0.0,0.0,0.0,0.0,24
15121,20,10729,0.0,0.0,0.0,0.0,0.0,0.0,24
15122,20,10728,0.0,0.0,0.0,0.0,0.0,0.0,24
15123,20,10727,0.0,0.0,0.0,0.0,0.0,0.0,24
15124,20,10726,0.0,0.0,0.0,0.0,0.0,0.0,24
15125,20,10725,0.0,0.0,0.0,0.0,0.0,0.0,24
15126,20,10724,0.0,0.0,0.0,0.0,0.0,0.0,24
15127,20,10723,0.0,0.0,0.0,0.0,0.0,0.0,24
15128,20,10722,0.0,0.0,0.0,0.0,0.0,0.0,24
15129,20,10721,0.0,0.0,0.0,0.0,0.0,0.0,24
15130,20,10720,0.0,0.0,0.0,0.0,0.0,0.0,24
15131,20,10642,0.0,0.0,0.0,0.0,0.0,0.0,24
15132,20,10657,0.0,0.0,0.0,0.0,0.0,0.0,24
15133,20,10656,0.0,0.0,0.0,0.0,0.0,0.0,24
15134,20,10655,0.0,0.0,0.0,0.0,0.0,0.0,24
15135,20,10654,0.0,0.0,0.0,0.0,0.0,0.0,24
15136,20,10653,0.0,0.0,0.0,0.0,0.0,0.0,24
15137,20,10651,0.0,0.0,0.0,0.0,0.0,0.0,24
15138,20,10650,0.0,0.0,0.0,0.0,0.0,0.0,24
15139,20,10649,0.0,0.0,0.0,0.0,0.0,0.0,24
15140,20,10648,0.0,0.0,0.0,0.0,0.0,0.0,24
15141,20,10647,0.0,0.0,0.0,0.0,0.0,0.0,24
15142,20,10646,0.0,0.0,0.0,0.0,0.0,0.0,24
15143,20,10645,0.0,0.0,0.0,0.0,0.0,0.0,24
15144,20,10644,0.0,0.0,0.0,0.0,0.0,0.0,24
15145,20,10643,0.0,0.0,0.0,0.0,0.0,0.0,24
15146,20,10658,0.0,0.0,0.0,0.0,0.0,0.0,24
15147,20,10641,0.0,0.0,0.0,0.0,0.0,0.0,24
15148,20,10639,0.0,0.0,0.0,0.0,0.0,0.0,24
15149,20,10638,0.0,0.0,0.0,0.0,0.0,0.0,24
15150,20,10637,0.0,0.0,0.0,0.0,0.0,0.0,24
15151,20,10636,0.0,0.0,0.0,0.0,0.0,0.0,24
15152,20,10635,0.0,0.0,0.0,0.0,0.0,0.0,24
15153,20,10634,0.0,0.0,0.0,0.0,0.0,0.0,24
15154,20,10633,0.0,0.0,0.0,0.0,0.0,0.0,24
15155,20,10632,0.0,0.0,0.0,0.0,0.0,0.0,24
15156,20,10631,0.0,0.0,0.0,0.0,0.0,0.0,24
15157,20,10630,0.0,0.0,0.0,0.0,0.0,0.0,24
15158,20,10629,0.0,0.0,0.0,0.0,0.0,0.0,24
15159,20,10628,0.0,0.0,0.0,0.0,0.0,0.0,24
15160,20,10673,0.0,0.0,0.0,0.0,0.0,0.0,24
15161,20,10687,0.0,0.0,0.0,0.0,0.0,0.0,24
15162,20,10686,0.0,0.0,0.0,0.0,0.0,0.0,24
15163,20,10685,0.0,0.0,0.0,0.0,0.0,0.0,24
15164,20,10684,0.0,0.0,0.0,0.0,0.0,0.0,24
15165,20,10683,0.0,0.0,0.0,0.0,0.0,0.0,24
15166,20,10682,0.0,0.0,0.0,0.0,0.0,0.0,24
15167,20,10681,0.0,0.0,0.0,0.0,0.0,0.0,24
15168,20,10680,0.0,0.0,0.0,0.0,0.0,0.0,24
15169,20,10679,0.0,0.0,0.0,0.0,0.0,0.0,24
15170,20,10678,0.0,0.0,0.0,0.0,0.0,0.0,24
15171,20,10677,0.0,0.0,0.0,0.0,0.0,0.0,24
15172,20,10676,0.0,0.0,0.0,0.0,0.0,0.0,24
15173,20,10675,0.0,0.0,0.0,0.0,0.0,0.0,24
15174,20,10674,0.0,0.0,0.0,0.0,0.0,0.0,24
15175,20,10749,0.0,0.0,0.0,0.0,0.0,0.0,24
15176,20,10671,0.0,0.0,0.0,0.0,0.0,0.0,24
15177,20,10670,0.0,0.0,0.0,0.0,0.0,0.0,24
15178,20,10669,0.0,0.0,0.0,0.0,0.0,0.0,24
15179,20,10668,0.0,0.0,0.0,0.0,0.0,0.0,24
15180,20,10667,0.0,0.0,0.0,0.0,0.0,0.0,24
15181,20,10666,0.0,0.0,0.0,0.0,0.0,0.0,24
15182,20,10665,0.0,0.0,0.0,0.0,0.0,0.0,24
15183,20,10664,0.0,0.0,0.0,0.0,0.0,0.0,24
15184,20,10663,0.0,0.0,0.0,0.0,0.0,0.0,24
15185,20,10662,0.0,0.0,0.0,0.0,0.0,0.0,24
15186,20,10661,0.0,0.0,0.0,0.0,0.0,0.0,24
15187,20,10660,0.0,0.0,0.0,0.0,0.0,0.0,24
15188,20,10659,0.0,0.0,0.0,0.0,0.0,0.0,24
15189,20,10826,0.0,0.0,0.0,0.0,0.0,0.0,24
15190,20,10841,0.0,0.0,0.0,0.0,0.0,0.0,24
15191,20,10840,0.0,0.0,0.0,0.0,0.0,0.0,24
15192,20,10839,0.0,0.0,0.0,0.0,0.0,0.0,24
15193,20,10838,0.0,0.0,0.0,0.0,0.0,0.0,24
15194,20,10837,0.0,0.0,0.0,0.0,0.0,0.0,24
15195,20,10836,0.0,0.0,0.0,0.0,0.0,0.0,24
15196,20,10835,0.0,0.0,0.0,0.0,0.0,0.0,24
15197,20,10834,0.0,0.0,0.0,0.0,0.0,0.0,24
15198,20,10833,0.0,0.0,0.0,0.0,0.0,0.0,24
15199,20,10832,0.0,0.0,0.0,0.0,0.0,0.0,24
15200,20,10831,0.0,0.0,0.0,0.0,0.0,0.0,24
15201,20,10830,0.0,0.0,0.0,0.0,0.0,0.0,24
15202,20,10829,0.0,0.0,0.0,0.0,0.0,0.0,24
15203,20,10828,0.0,0.0,0.0,0.0,0.0,0.0,24
15204,20,10842,0.0,0.0,0.0,0.0,0.0,0.0,24
15205,20,10825,0.0,0.0,0.0,0.0,0.0,0.0,24
15206,20,10824,0.0,0.0,0.0,0.0,0.0,0.0,24
15207,20,10823,0.0,0.0,0.0,0.0,0.0,0.0,24
15208,20,10822,0.0,0.0,0.0,0.0,0.0,0.0,24
15209,20,10821,0.0,0.0,0.0,0.0,0.0,0.0,24
15210,20,10820,0.0,0.0,0.0,0.0,0.0,0.0,24
15211,20,10819,0.0,0.0,0.0,0.0,0.0,0.0,24
15212,20,10818,0.0,0.0,0.0,0.0,0.0,0.0,24
15213,20,10817,0.0,0.0,0.0,0.0,0.0,0.0,24
15214,20,10816,0.0,0.0,0.0,0.0,0.0,0.0,24
15215,20,10814,0.0,0.0,0.0,0.0,0.0,0.0,24
15216,20,10813,0.0,0.0,0.0,0.0,0.0,0.0,24
15217,20,10812,0.0,0.0,0.0,0.0,0.0,0.0,24
15218,20,10858,0.0,0.0,0.0,0.0,0.0,0.0,24
15219,20,10873,0.0,0.0,0.0,0.0,0.0,0.0,24
15220,20,10872,0.0,0.0,0.0,0.0,0.0,0.0,24
15221,20,10871,0.0,0.0,0.0,0.0,0.0,0.0,24
15222,20,10870,0.0,0.0,0.0,0.0,0.0,0.0,24
15223,20,10869,0.0,0.0,0.0,0.0,0.0,0.0,24
15224,20,10868,0.0,0.0,0.0,0.0,0.0,0.0,24
15225,20,10867,0.0,0.0,0.0,0.0,0.0,0.0,24
15226,20,10866,0.0,0.0,0.0,0.0,0.0,0.0,24
15227,20,10865,0.0,0.0,0.0,0.0,0.0,0.0,24
15228,20,10864,0.0,0.0,0.0,0.0,0.0,0.0,24
15229,20,10863,0.0,0.0,0.0,0.0,0.0,0.0,24
15230,20,10862,0.0,0.0,0.0,0.0,0.0,0.0,24
15231,20,10861,0.0,0.0,0.0,0.0,0.0,0.0,24
15232,20,10859,0.0,0.0,0.0,0.0,0.0,0.0,24
15233,20,10811,0.0,0.0,0.0,0.0,0.0,0.0,24
15234,20,10857,0.0,0.0,0.0,0.0,0.0,0.0,24
15235,20,10855,0.0,0.0,0.0,0.0,0.0,0.0,24
15236,20,10854,0.0,0.0,0.0,0.0,0.0,0.0,24
15237,20,10853,0.0,0.0,0.0,0.0,0.0,0.0,24
15238,20,10852,0.0,0.0,0.0,0.0,0.0,0.0,24
15239,20,10851,0.0,0.0,0.0,0.0,0.0,0.0,24
15240,20,10850,0.0,0.0,0.0,0.0,0.0,0.0,24
15241,20,10849,0.0,0.0,0.0,0.0,0.0,0.0,24
15242,20,10848,0.0,0.0,0.0,0.0,0.0,0.0,24
15243,20,10846,0.0,0.0,0.0,0.0,0.0,0.0,24
15244,20,10845,0.0,0.0,0.0,0.0,0.0,0.0,24
15245,20,10844,0.0,0.0,0.0,0.0,0.0,0.0,24
15246,20,10843,0.0,0.0,0.0,0.0,0.0,0.0,24
15247,20,10764,0.0,0.0,0.0,0.0,0.0,0.0,24
15248,20,10780,0.0,0.0,0.0,0.0,0.0,0.0,24
15249,20,10779,0.0,0.0,0.0,0.0,0.0,0.0,24
15250,20,10778,0.0,0.0,0.0,0.0,0.0,0.0,24
15251,20,10777,0.0,0.0,0.0,0.0,0.0,0.0,24
15252,20,10776,0.0,0.0,0.0,0.0,0.0,0.0,24
15253,20,10775,0.0,0.0,0.0,0.0,0.0,0.0,24
15254,20,10774,0.0,0.0,0.0,0.0,0.0,0.0,24
15255,20,10773,0.0,0.0,0.0,0.0,0.0,0.0,24
15256,20,10771,0.0,0.0,0.0,0.0,0.0,0.0,24
15257,20,10770,0.0,0.0,0.0,0.0,0.0,0.0,24
15258,20,10769,0.0,0.0,0.0,0.0,0.0,0.0,24
15259,20,10768,0.0,0.0,0.0,0.0,0.0,0.0,24
15260,20,10767,0.0,0.0,0.0,0.0,0.0,0.0,24
15261,20,10765,0.0,0.0,0.0,0.0,0.0,0.0,24
15262,20,10781,0.0,0.0,0.0,0.0,0.0,0.0,24
15263,20,10763,0.0,0.0,0.0,0.0,0.0,0.0,24
15264,20,10762,0.0,0.0,0.0,0.0,0.0,0.0,24
15265,20,10761,0.0,0.0,0.0,0.0,0.0,0.0,24
15266,20,10760,0.0,0.0,0.0,0.0,0.0,0.0,24
15267,20,10759,0.0,0.0,0.0,0.0,0.0,0.0,24
15268,20,10758,0.0,0.0,0.0,0.0,0.0,0.0,24
15269,20,10756,0.0,0.0,0.0,0.0,0.0,0.0,24
15270,20,10755,0.0,0.0,0.0,0.0,0.0,0.0,24
15271,20,10754,0.0,0.0,0.0,0.0,0.0,0.0,24
15272,20,10753,0.0,0.0,0.0,0.0,0.0,0.0,24
15273,20,10752,0.0,0.0,0.0,0.0,0.0,0.0,24
15274,20,10751,0.0,0.0,0.0,0.0,0.0,0.0,24
15275,20,10750,0.0,0.0,0.0,0.0,0.0,0.0,24
15276,20,10796,0.0,0.0,0.0,0.0,0.0,0.0,24
15277,20,10810,0.0,0.0,0.0,0.0,0.0,0.0,24
15278,20,10809,0.0,0.0,0.0,0.0,0.0,0.0,24
15279,20,10808,0.0,0.0,0.0,0.0,0.0,0.0,24
15280,20,10807,0.0,0.0,0.0,0.0,0.0,0.0,24
15281,20,10806,0.0,0.0,0.0,0.0,0.0,0.0,24
15282,20,10805,0.0,0.0,0.0,0.0,0.0,0.0,24
15283,20,10804,0.0,0.0,0.0,0.0,0.0,0.0,24
15284,20,10803,0.0,0.0,0.0,0.0,0.0,0.0,24
15285,20,10802,0.0,0.0,0.0,0.0,0.0,0.0,24
15286,20,10801,0.0,0.0,0.0,0.0,0.0,0.0,24
15287,20,10800,0.0,0.0,0.0,0.0,0.0,0.0,24
15288,20,10799,0.0,0.0,0.0,0.0,0.0,0.0,24
15289,20,10798,0.0,0.0,0.0,0.0,0.0,0.0,24
15290,20,10797,0.0,0.0,0.0,0.0,0.0,0.0,24
15291,20,10627,0.0,0.0,0.0,0.0,0.0,0.0,24
15292,20,10795,0.0,0.0,0.0,0.0,0.0,0.0,24
15293,20,10793,0.0,0.0,0.0,0.0,0.0,0.0,24
15294,20,10792,0.0,0.0,0.0,0.0,0.0,0.0,24
15295,20,10791,0.0,0.0,0.0,0.0,0.0,0.0,24
15296,20,10790,0.0,0.0,0.0,0.0,0.0,0.0,24
15297,20,10789,0.0,0.0,0.0,0.0,0.0,0.0,24
15298,20,10788,0.0,0.0,0.0,0.0,0.0,0.0,24
15299,20,10787,0.0,0.0,0.0,0.0,0.0,0.0,24
15300,20,10786,0.0,0.0,0.0,0.0,0.0,0.0,24
15301,20,10785,0.0,0.0,0.0,0.0,0.0,0.0,24
15302,20,10784,0.0,0.0,0.0,0.0,0.0,0.0,24
15303,20,10783,0.0,0.0,0.0,0.0,0.0,0.0,24
15304,20,10782,0.0,0.0,0.0,0.0,0.0,0.0,24
15305,20,10455,0.0,0.0,0.0,0.0,0.0,0.0,24
15306,20,10470,0.0,0.0,0.0,0.0,0.0,0.0,24
15307,20,10468,0.0,0.0,0.0,0.0,0.0,0.0,24
15308,20,10467,0.0,0.0,0.0,0.0,0.0,0.0,24
15309,20,10466,0.0,0.0,0.0,0.0,0.0,0.0,24
15310,20,10465,0.0,0.0,0.0,0.0,0.0,0.0,24
15311,20,10464,0.0,0.0,0.0,0.0,0.0,0.0,24
15312,20,10463,0.0,0.0,0.0,0.0,0.0,0.0,24
15313,20,10462,0.0,0.0,0.0,0.0,0.0,0.0,24
15314,20,10461,0.0,0.0,0.0,0.0,0.0,0.0,24
15315,20,10460,0.0,0.0,0.0,0.0,0.0,0.0,24
15316,20,10459,0.0,0.0,0.0,0.0,0.0,0.0,24
15317,20,10458,0.0,0.0,0.0,0.0,0.0,0.0,24
15318,20,10457,0.0,0.0,0.0,0.0,0.0,0.0,24
15319,20,10456,0.0,0.0,0.0,0.0,0.0,0.0,24
15320,20,10472,0.0,0.0,0.0,0.0,0.0,0.0,24
15321,20,10454,0.0,0.0,0.0,0.0,0.0,0.0,24
15322,20,10453,0.0,0.0,0.0,0.0,0.0,0.0,24
15323,20,10452,0.0,0.0,0.0,0.0,0.0,0.0,24
15324,20,10451,0.0,0.0,0.0,0.0,0.0,0.0,24
15325,20,10450,0.0,0.0,0.0,0.0,0.0,0.0,24
15326,20,10449,0.0,0.0,0.0,0.0,0.0,0.0,24
15327,20,10448,0.0,0.0,0.0,0.0,0.0,0.0,24
15328,20,10447,0.0,0.0,0.0,0.0,0.0,0.0,24
15329,20,10446,0.0,0.0,0.0,0.0,0.0,0.0,24
15330,20,10445,0.0,0.0,0.0,0.0,0.0,0.0,24
15331,20,10444,0.0,0.0,0.0,0.0,0.0,0.0,24
15332,20,10443,0.0,0.0,0.0,0.0,0.0,0.0,24
15333,20,10442,0.0,0.0,0.0,0.0,0.0,0.0,24
15334,20,10487,0.0,0.0,0.0,0.0,0.0,0.0,24
15335,20,10501,0.0,0.0,0.0,0.0,0.0,0.0,24
15336,20,10500,0.0,0.0,0.0,0.0,0.0,0.0,24
15337,20,10499,0.0,0.0,0.0,0.0,0.0,0.0,24
15338,20,10498,0.0,0.0,0.0,0.0,0.0,0.0,24
15339,20,10497,0.0,0.0,0.0,0.0,0.0,0.0,24
15340,20,10496,0.0,0.0,0.0,0.0,0.0,0.0,24
15341,20,10495,0.0,0.0,0.0,0.0,0.0,0.0,24
15342,20,10494,0.0,0.0,0.0,0.0,0.0,0.0,24
15343,20,10493,0.0,0.0,0.0,0.0,0.0,0.0,24
15344,20,10492,0.0,0.0,0.0,0.0,0.0,0.0,24
15345,20,10491,0.0,0.0,0.0,0.0,0.0,0.0,24
15346,20,10490,0.0,0.0,0.0,0.0,0.0,0.0,24
15347,20,10489,0.0,0.0,0.0,0.0,0.0,0.0,24
15348,20,10488,0.0,0.0,0.0,0.0,0.0,0.0,24
15349,20,10441,0.0,0.0,0.0,0.0,0.0,0.0,24
15350,20,10486,0.0,0.0,0.0,0.0,0.0,0.0,24
15351,20,10485,0.0,0.0,0.0,0.0,0.0,0.0,24
15352,20,10484,0.0,0.0,0.0,0.0,0.0,0.0,24
15353,20,10483,0.0,0.0,0.0,0.0,0.0,0.0,24
15354,20,10482,0.0,0.0,0.0,0.0,0.0,0.0,24
15355,20,10481,0.0,0.0,0.0,0.0,0.0,0.0,24
15356,20,10480,0.0,0.0,0.0,0.0,0.0,0.0,24
15357,20,10479,0.0,0.0,0.0,0.0,0.0,0.0,24
15358,20,10477,0.0,0.0,0.0,0.0,0.0,0.0,24
15359,20,10476,0.0,0.0,0.0,0.0,0.0,0.0,24
15360,20,10475,0.0,0.0,0.0,0.0,0.0,0.0,24
15361,20,10474,0.0,0.0,0.0,0.0,0.0,0.0,24
15362,20,10473,0.0,0.0,0.0,0.0,0.0,0.0,24
15363,20,10392,0.0,0.0,0.0,0.0,0.0,0.0,24
15364,20,10411,0.0,0.0,0.0,0.0,0.0,0.0,24
15365,20,10410,0.0,0.0,0.0,0.0,0.0,0.0,24
15366,20,10407,0.0,0.0,0.0,0.0,0.0,0.0,24
15367,20,10405,0.0,0.0,0.0,0.0,0.0,0.0,24
15368,20,10404,0.0,0.0,0.0,0.0,0.0,0.0,24
15369,20,10403,0.0,0.0,0.0,0.0,0.0,0.0,24
15370,20,10401,0.0,0.0,0.0,0.0,0.0,0.0,24
15371,20,10400,0.0,0.0,0.0,0.0,0.0,0.0,24
15372,20,10399,0.0,0.0,0.0,0.0,0.0,0.0,24
15373,20,10397,0.0,0.0,0.0,0.0,0.0,0.0,24
15374,20,10396,0.0,0.0,0.0,0.0,0.0,0.0,24
15375,20,10395,0.0,0.0,0.0,0.0,0.0,0.0,24
15376,20,10394,0.0,0.0,0.0,0.0,0.0,0.0,24
15377,20,10393,0.0,0.0,0.0,0.0,0.0,0.0,24
15378,20,10412,0.0,0.0,0.0,0.0,0.0,0.0,24
15379,20,10391,0.0,0.0,0.0,0.0,0.0,0.0,24
15380,20,10390,0.0,0.0,0.0,0.0,0.0,0.0,24
15381,20,10389,0.0,0.0,0.0,0.0,0.0,0.0,24
15382,20,10387,0.0,0.0,0.0,0.0,0.0,0.0,24
15383,20,10386,0.0,0.0,0.0,0.0,0.0,0.0,24
15384,20,10385,0.0,0.0,0.0,0.0,0.0,0.0,24
15385,20,10384,0.0,0.0,0.0,0.0,0.0,0.0,24
15386,20,10383,0.0,0.0,0.0,0.0,0.0,0.0,24
15387,20,10382,0.0,0.0,0.0,0.0,0.0,0.0,24
15388,20,10381,0.0,0.0,0.0,0.0,0.0,0.0,24
15389,20,10380,0.0,0.0,0.0,0.0,0.0,0.0,24
15390,20,10379,0.0,0.0,0.0,0.0,0.0,0.0,24
15391,20,10378,0.0,0.0,0.0,0.0,0.0,0.0,24
15392,20,10426,0.0,0.0,0.0,0.0,0.0,0.0,24
15393,20,10440,0.0,0.0,0.0,0.0,0.0,0.0,24
15394,20,10439,0.0,0.0,0.0,0.0,0.0,0.0,24
15395,20,10438,0.0,0.0,0.0,0.0,0.0,0.0,24
15396,20,10437,0.0,0.0,0.0,0.0,0.0,0.0,24
15397,20,10436,0.0,0.0,0.0,0.0,0.0,0.0,24
15398,20,10435,0.0,0.0,0.0,0.0,0.0,0.0,24
15399,20,10434,0.0,0.0,0.0,0.0,0.0,0.0,24
15400,20,10433,0.0,0.0,0.0,0.0,0.0,0.0,24
15401,20,10432,0.0,0.0,0.0,0.0,0.0,0.0,24
15402,20,10431,0.0,0.0,0.0,0.0,0.0,0.0,24
15403,20,10430,0.0,0.0,0.0,0.0,0.0,0.0,24
15404,20,10429,0.0,0.0,0.0,0.0,0.0,0.0,24
15405,20,10428,0.0,0.0,0.0,0.0,0.0,0.0,24
15406,20,10427,0.0,0.0,0.0,0.0,0.0,0.0,24
15407,20,10502,0.0,0.0,0.0,0.0,0.0,0.0,24
15408,20,10425,0.0,0.0,0.0,0.0,0.0,0.0,24
15409,20,10424,0.0,0.0,0.0,0.0,0.0,0.0,24
15410,20,10423,0.0,0.0,0.0,0.0,0.0,0.0,24
15411,20,10422,0.0,0.0,0.0,0.0,0.0,0.0,24
15412,20,10421,0.0,0.0,0.0,0.0,0.0,0.0,24
15413,20,10420,0.0,0.0,0.0,0.0,0.0,0.0,24
15414,20,10419,0.0,0.0,0.0,0.0,0.0,0.0,24
15415,20,10418,0.0,0.0,0.0,0.0,0.0,0.0,24
15416,20,10417,0.0,0.0,0.0,0.0,0.0,0.0,24
15417,20,10416,0.0,0.0,0.0,0.0,0.0,0.0,24
15418,20,10415,0.0,0.0,0.0,0.0,0.0,0.0,24
15419,20,10414,0.0,0.0,0.0,0.0,0.0,0.0,24
15420,20,10413,0.0,0.0,0.0,0.0,0.0,0.0,24
15421,20,10581,0.0,0.0,0.0,0.0,0.0,0.0,24
15422,20,10595,0.0,0.0,0.0,0.0,0.0,0.0,24
15423,20,10594,0.0,0.0,0.0,0.0,0.0,0.0,24
15424,20,10593,0.0,0.0,0.0,0.0,0.0,0.0,24
15425,20,10592,0.0,0.0,0.0,0.0,0.0,0.0,24
15426,20,10591,0.0,0.0,0.0,0.0,0.0,0.0,24
15427,20,10590,0.0,0.0,0.0,0.0,0.0,0.0,24
15428,20,10589,0.0,0.0,0.0,0.0,0.0,0.0,24
15429,20,10588,0.0,0.0,0.0,0.0,0.0,0.0,24
15430,20,10587,0.0,0.0,0.0,0.0,0.0,0.0,24
15431,20,10586,0.0,0.0,0.0,0.0,0.0,0.0,24
15432,20,10585,0.0,0.0,0.0,0.0,0.0,0.0,24
15433,20,10584,0.0,0.0,0.0,0.0,0.0,0.0,24
15434,20,10583,0.0,0.0,0.0,0.0,0.0,0.0,24
15435,20,10582,0.0,0.0,0.0,0.0,0.0,0.0,24
15436,20,10596,0.0,0.0,0.0,0.0,0.0,0.0,24
15437,20,10580,0.0,0.0,0.0,0.0,0.0,0.0,24
15438,20,10579,0.0,0.0,0.0,0.0,0.0,0.0,24
15439,20,10578,0.0,0.0,0.0,0.0,0.0,0.0,24
15440,20,10577,0.0,0.0,0.0,0.0,0.0,0.0,24
15441,20,10576,0.0,0.0,0.0,0.0,0.0,0.0,24
15442,20,10575,0.0,0.0,0.0,0.0,0.0,0.0,24
15443,20,10574,0.0,0.0,0.0,0.0,0.0,0.0,24
15444,20,10573,0.0,0.0,0.0,0.0,0.0,0.0,24
15445,20,10572,0.0,0.0,0.0,0.0,0.0,0.0,24
15446,20,10571,0.0,0.0,0.0,0.0,0.0,0.0,24
15447,20,10570,0.0,0.0,0.0,0.0,0.0,0.0,24
15448,20,10569,0.0,0.0,0.0,0.0,0.0,0.0,24
15449,20,10568,0.0,0.0,0.0,0.0,0.0,0.0,24
15450,20,10611,0.0,0.0,0.0,0.0,0.0,0.0,24
15451,20,10626,0.0,0.0,0.0,0.0,0.0,0.0,24
15452,20,10625,0.0,0.0,0.0,0.0,0.0,0.0,24
15453,20,10623,0.0,0.0,0.0,0.0,0.0,0.0,24
15454,20,10622,0.0,0.0,0.0,0.0,0.0,0.0,24
15455,20,10621,0.0,0.0,0.0,0.0,0.0,0.0,24
15456,20,10620,0.0,0.0,0.0,0.0,0.0,0.0,24
15457,20,10619,0.0,0.0,0.0,0.0,0.0,0.0,24
15458,20,10618,0.0,0.0,0.0,0.0,0.0,0.0,24
15459,20,10617,0.0,0.0,0.0,0.0,0.0,0.0,24
15460,20,10616,0.0,0.0,0.0,0.0,0.0,0.0,24
15461,20,10615,0.0,0.0,0.0,0.0,0.0,0.0,24
15462,20,10614,0.0,0.0,0.0,0.0,0.0,0.0,24
15463,20,10613,0.0,0.0,0.0,0.0,0.0,0.0,24
15464,20,10612,0.0,0.0,0.0,0.0,0.0,0.0,24
15465,20,10567,0.0,0.0,0.0,0.0,0.0,0.0,24
15466,20,10610,0.0,0.0,0.0,0.0,0.0,0.0,24
15467,20,10609,0.0,0.0,0.0,0.0,0.0,0.0,24
15468,20,10608,0.0,0.0,0.0,0.0,0.0,0.0,24
15469,20,10607,0.0,0.0,0.0,0.0,0.0,0.0,24
15470,20,10606,0.0,0.0,0.0,0.0,0.0,0.0,24
15471,20,10605,0.0,0.0,0.0,0.0,0.0,0.0,24
15472,20,10604,0.0,0.0,0.0,0.0,0.0,0.0,24
15473,20,10602,0.0,0.0,0.0,0.0,0.0,0.0,24
15474,20,10601,0.0,0.0,0.0,0.0,0.0,0.0,24
15475,20,10600,0.0,0.0,0.0,0.0,0.0,0.0,24
15476,20,10599,0.0,0.0,0.0,0.0,0.0,0.0,24
15477,20,10598,0.0,0.0,0.0,0.0,0.0,0.0,24
15478,20,10597,0.0,0.0,0.0,0.0,0.0,0.0,24
15479,20,10518,0.0,0.0,0.0,0.0,0.0,0.0,24
15480,20,10534,0.0,0.0,0.0,0.0,0.0,0.0,24
15481,20,10533,0.0,0.0,0.0,0.0,0.0,0.0,24
15482,20,10532,0.0,0.0,0.0,0.0,0.0,0.0,24
15483,20,10531,0.0,0.0,0.0,0.0,0.0,0.0,24
15484,20,10528,0.0,0.0,0.0,0.0,0.0,0.0,24
15485,20,10527,0.0,0.0,0.0,0.0,0.0,0.0,24
15486,20,10526,0.0,0.0,0.0,0.0,0.0,0.0,24
15487,20,10525,0.0,0.0,0.0,0.0,0.0,0.0,24
15488,20,10524,0.0,0.0,0.0,0.0,0.0,0.0,24
15489,20,10523,0.0,0.0,0.0,0.0,0.0,0.0,24
15490,20,10522,0.0,0.0,0.0,0.0,0.0,0.0,24
15491,20,10521,0.0,0.0,0.0,0.0,0.0,0.0,24
15492,20,10520,0.0,0.0,0.0,0.0,0.0,0.0,24
15493,20,10519,0.0,0.0,0.0,0.0,0.0,0.0,24
15494,20,10535,0.0,0.0,0.0,0.0,0.0,0.0,24
15495,20,10517,0.0,0.0,0.0,0.0,0.0,0.0,24
15496,20,10516,0.0,0.0,0.0,0.0,0.0,0.0,24
15497,20,10515,0.0,0.0,0.0,0.0,0.0,0.0,24
15498,20,10513,0.0,0.0,0.0,0.0,0.0,0.0,24
15499,20,10512,0.0,0.0,0.0,0.0,0.0,0.0,24
15500,20,10511,0.0,0.0,0.0,0.0,0.0,0.0,24
15501,20,10509,0.0,0.0,0.0,0.0,0.0,0.0,24
15502,20,10508,0.0,0.0,0.0,0.0,0.0,0.0,24
15503,20,10507,0.0,0.0,0.0,0.0,0.0,0.0,24
15504,20,10506,0.0,0.0,0.0,0.0,0.0,0.0,24
15505,20,10505,0.0,0.0,0.0,0.0,0.0,0.0,24
15506,20,10504,0.0,0.0,0.0,0.0,0.0,0.0,24
15507,20,10503,0.0,0.0,0.0,0.0,0.0,0.0,24
15508,20,10552,0.0,0.0,0.0,0.0,0.0,0.0,24
15509,20,10566,0.0,0.0,0.0,0.0,0.0,0.0,24
15510,20,10565,0.0,0.0,0.0,0.0,0.0,0.0,24
15511,20,10564,0.0,0.0,0.0,0.0,0.0,0.0,24
15512,20,10563,0.0,0.0,0.0,0.0,0.0,0.0,24
15513,20,10562,0.0,0.0,0.0,0.0,0.0,0.0,24
15514,20,10561,0.0,0.0,0.0,0.0,0.0,0.0,24
15515,20,10560,0.0,0.0,0.0,0.0,0.0,0.0,24
15516,20,10559,0.0,0.0,0.0,0.0,0.0,0.0,24
15517,20,10558,0.0,0.0,0.0,0.0,0.0,0.0,24
15518,20,10557,0.0,0.0,0.0,0.0,0.0,0.0,24
15519,20,10556,0.0,0.0,0.0,0.0,0.0,0.0,24
15520,20,10555,0.0,0.0,0.0,0.0,0.0,0.0,24
15521,20,10554,0.0,0.0,0.0,0.0,0.0,0.0,24
15522,20,10553,0.0,0.0,0.0,0.0,0.0,0.0,24
15523,20,10874,0.0,0.0,0.0,0.0,0.0,0.0,24
15524,20,10551,0.0,0.0,0.0,0.0,0.0,0.0,24
15525,20,10550,0.0,0.0,0.0,0.0,0.0,0.0,24
15526,20,10549,0.0,0.0,0.0,0.0,0.0,0.0,24
15527,20,10548,0.0,0.0,0.0,0.0,0.0,0.0,24
15528,20,10546,0.0,0.0,0.0,0.0,0.0,0.0,24
15529,20,10545,0.0,0.0,0.0,0.0,0.0,0.0,24
15530,20,10544,0.0,0.0,0.0,0.0,0.0,0.0,24
15531,20,10543,0.0,0.0,0.0,0.0,0.0,0.0,24
15532,20,10542,0.0,0.0,0.0,0.0,0.0,0.0,24
15533,20,10541,0.0,0.0,0.0,0.0,0.0,0.0,24
15534,20,10540,0.0,0.0,0.0,0.0,0.0,0.0,24
15535,20,10539,0.0,0.0,0.0,0.0,0.0,0.0,24
15536,20,10536,0.0,0.0,0.0,0.0,0.0,0.0,24
15537,20,11194,0.0,0.0,0.0,0.0,0.0,0.0,24
15538,20,11209,0.0,0.0,0.0,0.0,0.0,0.0,24
15539,20,11208,0.0,0.0,0.0,0.0,0.0,0.0,24
15540,20,11207,0.0,0.0,0.0,0.0,0.0,0.0,24
15541,20,11206,0.0,0.0,0.0,0.0,0.0,0.0,24
15542,20,11205,0.0,0.0,0.0,0.0,0.0,0.0,24
15543,20,11204,0.0,0.0,0.0,0.0,0.0,0.0,24
15544,20,11203,0.0,0.0,0.0,0.0,0.0,0.0,24
15545,20,11202,0.0,0.0,0.0,0.0,0.0,0.0,24
15546,20,11201,0.0,0.0,0.0,0.0,0.0,0.0,24
15547,20,11200,0.0,0.0,0.0,0.0,0.0,0.0,24
15548,20,11199,0.0,0.0,0.0,0.0,0.0,0.0,24
15549,20,11198,0.0,0.0,0.0,0.0,0.0,0.0,24
15550,20,11197,0.0,0.0,0.0,0.0,0.0,0.0,24
15551,20,11195,0.0,0.0,0.0,0.0,0.0,0.0,24
15552,20,11210,0.0,0.0,0.0,0.0,0.0,0.0,24
15553,20,11193,0.0,0.0,0.0,0.0,0.0,0.0,24
15554,20,11192,0.0,0.0,0.0,0.0,0.0,0.0,24
15555,20,11191,0.0,0.0,0.0,0.0,0.0,0.0,24
15556,20,11190,0.0,0.0,0.0,0.0,0.0,0.0,24
15557,20,11189,0.0,0.0,0.0,0.0,0.0,0.0,24
15558,20,11188,0.0,0.0,0.0,0.0,0.0,0.0,24
15559,20,11187,0.0,0.0,0.0,0.0,0.0,0.0,24
15560,20,11186,0.0,0.0,0.0,0.0,0.0,0.0,24
15561,20,11185,0.0,0.0,0.0,0.0,0.0,0.0,24
15562,20,11184,0.0,0.0,0.0,0.0,0.0,0.0,24
15563,20,11183,0.0,0.0,0.0,0.0,0.0,0.0,24
15564,20,11181,0.0,0.0,0.0,0.0,0.0,0.0,24
15565,20,11180,0.0,0.0,0.0,0.0,0.0,0.0,24
15566,20,11227,0.0,0.0,0.0,0.0,0.0,0.0,24
15567,20,11241,0.0,0.0,0.0,0.0,0.0,0.0,24
15568,20,11240,0.0,0.0,0.0,0.0,0.0,0.0,24
15569,20,11239,0.0,0.0,0.0,0.0,0.0,0.0,24
15570,20,11238,0.0,0.0,0.0,0.0,0.0,0.0,24
15571,20,11237,0.0,0.0,0.0,0.0,0.0,0.0,24
15572,20,11236,0.0,0.0,0.0,0.0,0.0,0.0,24
15573,20,11235,0.0,0.0,0.0,0.0,0.0,0.0,24
15574,20,11234,0.0,0.0,0.0,0.0,0.0,0.0,24
15575,20,11233,0.0,0.0,0.0,0.0,0.0,0.0,24
15576,20,11232,0.0,0.0,0.0,0.0,0.0,0.0,24
15577,20,11231,0.0,0.0,0.0,0.0,0.0,0.0,24
15578,20,11230,0.0,0.0,0.0,0.0,0.0,0.0,24
15579,20,11229,0.0,0.0,0.0,0.0,0.0,0.0,24
15580,20,11228,0.0,0.0,0.0,0.0,0.0,0.0,24
15581,20,11179,0.0,0.0,0.0,0.0,0.0,0.0,24
15582,20,11226,0.0,0.0,0.0,0.0,0.0,0.0,24
15583,20,11225,0.0,0.0,0.0,0.0,0.0,0.0,24
15584,20,11224,0.0,0.0,0.0,0.0,0.0,0.0,24
15585,20,11223,0.0,0.0,0.0,0.0,0.0,0.0,24
15586,20,11222,0.0,0.0,0.0,0.0,0.0,0.0,24
15587,20,11221,0.0,0.0,0.0,0.0,0.0,0.0,24
15588,20,11220,0.0,0.0,0.0,0.0,0.0,0.0,24
15589,20,11218,0.0,0.0,0.0,0.0,0.0,0.0,24
15590,20,11217,0.0,0.0,0.0,0.0,0.0,0.0,24
15591,20,11216,0.0,0.0,0.0,0.0,0.0,0.0,24
15592,20,11214,0.0,0.0,0.0,0.0,0.0,0.0,24
15593,20,11213,0.0,0.0,0.0,0.0,0.0,0.0,24
15594,20,11211,0.0,0.0,0.0,0.0,0.0,0.0,24
15595,20,11131,0.0,0.0,0.0,0.0,0.0,0.0,24
15596,20,11147,0.0,0.0,0.0,0.0,0.0,0.0,24
15597,20,11146,0.0,0.0,0.0,0.0,0.0,0.0,24
15598,20,11145,0.0,0.0,0.0,0.0,0.0,0.0,24
15599,20,11144,0.0,0.0,0.0,0.0,0.0,0.0,24
15600,20,11142,0.0,0.0,0.0,0.0,0.0,0.0,24
15601,20,11141,0.0,0.0,0.0,0.0,0.0,0.0,24
15602,20,11140,0.0,0.0,0.0,0.0,0.0,0.0,24
15603,20,11139,0.0,0.0,0.0,0.0,0.0,0.0,24
15604,20,11138,0.0,0.0,0.0,0.0,0.0,0.0,24
15605,20,11137,0.0,0.0,0.0,0.0,0.0,0.0,24
15606,20,11136,0.0,0.0,0.0,0.0,0.0,0.0,24
15607,20,11134,0.0,0.0,0.0,0.0,0.0,0.0,24
15608,20,11133,0.0,0.0,0.0,0.0,0.0,0.0,24
15609,20,11132,0.0,0.0,0.0,0.0,0.0,0.0,24
15610,20,11148,0.0,0.0,0.0,0.0,0.0,0.0,24
15611,20,11130,0.0,0.0,0.0,0.0,0.0,0.0,24
15612,20,11129,0.0,0.0,0.0,0.0,0.0,0.0,24
15613,20,11128,0.0,0.0,0.0,0.0,0.0,0.0,24
15614,20,11127,0.0,0.0,0.0,0.0,0.0,0.0,24
15615,20,11126,0.0,0.0,0.0,0.0,0.0,0.0,24
15616,20,11125,0.0,0.0,0.0,0.0,0.0,0.0,24
15617,20,11124,0.0,0.0,0.0,0.0,0.0,0.0,24
15618,20,11123,0.0,0.0,0.0,0.0,0.0,0.0,24
15619,20,11122,0.0,0.0,0.0,0.0,0.0,0.0,24
15620,20,11121,0.0,0.0,0.0,0.0,0.0,0.0,24
15621,20,11120,0.0,0.0,0.0,0.0,0.0,0.0,24
15622,20,11119,0.0,0.0,0.0,0.0,0.0,0.0,24
15623,20,11118,0.0,0.0,0.0,0.0,0.0,0.0,24
15624,20,11163,0.0,0.0,0.0,0.0,0.0,0.0,24
15625,20,11178,0.0,0.0,0.0,0.0,0.0,0.0,24
15626,20,11177,0.0,0.0,0.0,0.0,0.0,0.0,24
15627,20,11176,0.0,0.0,0.0,0.0,0.0,0.0,24
15628,20,11175,0.0,0.0,0.0,0.0,0.0,0.0,24
15629,20,11174,0.0,0.0,0.0,0.0,0.0,0.0,24
15630,20,11173,0.0,0.0,0.0,0.0,0.0,0.0,24
15631,20,11172,0.0,0.0,0.0,0.0,0.0,0.0,24
15632,20,11171,0.0,0.0,0.0,0.0,0.0,0.0,24
15633,20,11170,0.0,0.0,0.0,0.0,0.0,0.0,24
15634,20,11169,0.0,0.0,0.0,0.0,0.0,0.0,24
15635,20,11168,0.0,0.0,0.0,0.0,0.0,0.0,24
15636,20,11167,0.0,0.0,0.0,0.0,0.0,0.0,24
15637,20,11166,0.0,0.0,0.0,0.0,0.0,0.0,24
15638,20,11165,0.0,0.0,0.0,0.0,0.0,0.0,24
15639,20,11242,0.0,0.0,0.0,0.0,0.0,0.0,24
15640,20,11162,0.0,0.0,0.0,0.0,0.0,0.0,24
15641,20,11161,0.0,0.0,0.0,0.0,0.0,0.0,24
15642,20,11160,0.0,0.0,0.0,0.0,0.0,0.0,24
15643,20,11159,0.0,0.0,0.0,0.0,0.0,0.0,24
15644,20,11158,0.0,0.0,0.0,0.0,0.0,0.0,24
15645,20,11157,0.0,0.0,0.0,0.0,0.0,0.0,24
15646,20,11156,0.0,0.0,0.0,0.0,0.0,0.0,24
15647,20,11155,0.0,0.0,0.0,0.0,0.0,0.0,24
15648,20,11154,0.0,0.0,0.0,0.0,0.0,0.0,24
15649,20,11153,0.0,0.0,0.0,0.0,0.0,0.0,24
15650,20,11152,0.0,0.0,0.0,0.0,0.0,0.0,24
15651,20,11151,0.0,0.0,0.0,0.0,0.0,0.0,24
15652,20,11149,0.0,0.0,0.0,0.0,0.0,0.0,24
15653,20,11320,0.0,0.0,0.0,0.0,0.0,0.0,24
15654,20,11336,0.0,0.0,0.0,0.0,0.0,0.0,24
15655,20,11335,0.0,0.0,0.0,0.0,0.0,0.0,24
15656,20,11334,0.0,0.0,0.0,0.0,0.0,0.0,24
15657,20,11332,0.0,0.0,0.0,0.0,0.0,0.0,24
15658,20,11331,0.0,0.0,0.0,0.0,0.0,0.0,24
15659,20,11330,0.0,0.0,0.0,0.0,0.0,0.0,24
15660,20,11329,0.0,0.0,0.0,0.0,0.0,0.0,24
15661,20,11328,0.0,0.0,0.0,0.0,0.0,0.0,24
15662,20,11327,0.0,0.0,0.0,0.0,0.0,0.0,24
15663,20,11326,0.0,0.0,0.0,0.0,0.0,0.0,24
15664,20,11325,0.0,0.0,0.0,0.0,0.0,0.0,24
15665,20,11324,0.0,0.0,0.0,0.0,0.0,0.0,24
15666,20,11322,0.0,0.0,0.0,0.0,0.0,0.0,24
15667,20,11321,0.0,0.0,0.0,0.0,0.0,0.0,24
15668,20,11337,0.0,0.0,0.0,0.0,0.0,0.0,24
15669,20,11318,0.0,0.0,0.0,0.0,0.0,0.0,24
15670,20,11316,0.0,0.0,0.0,0.0,0.0,0.0,24
15671,20,11315,0.0,0.0,0.0,0.0,0.0,0.0,24
15672,20,11314,0.0,0.0,0.0,0.0,0.0,0.0,24
15673,20,11313,0.0,0.0,0.0,0.0,0.0,0.0,24
15674,20,11312,0.0,0.0,0.0,0.0,0.0,0.0,24
15675,20,11311,0.0,0.0,0.0,0.0,0.0,0.0,24
15676,20,11310,0.0,0.0,0.0,0.0,0.0,0.0,24
15677,20,11309,0.0,0.0,0.0,0.0,0.0,0.0,24
15678,20,11308,0.0,0.0,0.0,0.0,0.0,0.0,24
15679,20,11307,0.0,0.0,0.0,0.0,0.0,0.0,24
15680,20,11306,0.0,0.0,0.0,0.0,0.0,0.0,24
15681,20,11305,0.0,0.0,0.0,0.0,0.0,0.0,24
15682,20,11353,0.0,0.0,0.0,0.0,0.0,0.0,24
15683,20,11367,0.0,0.0,0.0,0.0,0.0,0.0,24
15684,20,11366,0.0,0.0,0.0,0.0,0.0,0.0,24
15685,20,11365,0.0,0.0,0.0,0.0,0.0,0.0,24
15686,20,11364,0.0,0.0,0.0,0.0,0.0,0.0,24
15687,20,11363,0.0,0.0,0.0,0.0,0.0,0.0,24
15688,20,11362,0.0,0.0,0.0,0.0,0.0,0.0,24
15689,20,11361,0.0,0.0,0.0,0.0,0.0,0.0,24
15690,20,11360,0.0,0.0,0.0,0.0,0.0,0.0,24
15691,20,11359,0.0,0.0,0.0,0.0,0.0,0.0,24
15692,20,11358,0.0,0.0,0.0,0.0,0.0,0.0,24
15693,20,11357,0.0,0.0,0.0,0.0,0.0,0.0,24
15694,20,11356,0.0,0.0,0.0,0.0,0.0,0.0,24
15695,20,11355,0.0,0.0,0.0,0.0,0.0,0.0,24
15696,20,11354,0.0,0.0,0.0,0.0,0.0,0.0,24
15697,20,11304,0.0,0.0,0.0,0.0,0.0,0.0,24
15698,20,11352,0.0,0.0,0.0,0.0,0.0,0.0,24
15699,20,11351,0.0,0.0,0.0,0.0,0.0,0.0,24
15700,20,11350,0.0,0.0,0.0,0.0,0.0,0.0,24
15701,20,11349,0.0,0.0,0.0,0.0,0.0,0.0,24
15702,20,11348,0.0,0.0,0.0,0.0,0.0,0.0,24
15703,20,11347,0.0,0.0,0.0,0.0,0.0,0.0,24
15704,20,11346,0.0,0.0,0.0,0.0,0.0,0.0,24
15705,20,11345,0.0,0.0,0.0,0.0,0.0,0.0,24
15706,20,11344,0.0,0.0,0.0,0.0,0.0,0.0,24
15707,20,11342,0.0,0.0,0.0,0.0,0.0,0.0,24
15708,20,11340,0.0,0.0,0.0,0.0,0.0,0.0,24
15709,20,11339,0.0,0.0,0.0,0.0,0.0,0.0,24
15710,20,11338,0.0,0.0,0.0,0.0,0.0,0.0,24
15711,20,11257,0.0,0.0,0.0,0.0,0.0,0.0,24
15712,20,11274,0.0,0.0,0.0,0.0,0.0,0.0,24
15713,20,11273,0.0,0.0,0.0,0.0,0.0,0.0,24
15714,20,11271,0.0,0.0,0.0,0.0,0.0,0.0,24
15715,20,11269,0.0,0.0,0.0,0.0,0.0,0.0,24
15716,20,11268,0.0,0.0,0.0,0.0,0.0,0.0,24
15717,20,11267,0.0,0.0,0.0,0.0,0.0,0.0,24
15718,20,11266,0.0,0.0,0.0,0.0,0.0,0.0,24
15719,20,11265,0.0,0.0,0.0,0.0,0.0,0.0,24
15720,20,11263,0.0,0.0,0.0,0.0,0.0,0.0,24
15721,20,11262,0.0,0.0,0.0,0.0,0.0,0.0,24
15722,20,11261,0.0,0.0,0.0,0.0,0.0,0.0,24
15723,20,11260,0.0,0.0,0.0,0.0,0.0,0.0,24
15724,20,11259,0.0,0.0,0.0,0.0,0.0,0.0,24
15725,20,11258,0.0,0.0,0.0,0.0,0.0,0.0,24
15726,20,11275,0.0,0.0,0.0,0.0,0.0,0.0,24
15727,20,11255,0.0,0.0,0.0,0.0,0.0,0.0,24
15728,20,11254,0.0,0.0,0.0,0.0,0.0,0.0,24
15729,20,11253,0.0,0.0,0.0,0.0,0.0,0.0,24
15730,20,11252,0.0,0.0,0.0,0.0,0.0,0.0,24
15731,20,11251,0.0,0.0,0.0,0.0,0.0,0.0,24
15732,20,11250,0.0,0.0,0.0,0.0,0.0,0.0,24
15733,20,11249,0.0,0.0,0.0,0.0,0.0,0.0,24
15734,20,11248,0.0,0.0,0.0,0.0,0.0,0.0,24
15735,20,11247,0.0,0.0,0.0,0.0,0.0,0.0,24
15736,20,11246,0.0,0.0,0.0,0.0,0.0,0.0,24
15737,20,11245,0.0,0.0,0.0,0.0,0.0,0.0,24
15738,20,11244,0.0,0.0,0.0,0.0,0.0,0.0,24
15739,20,11243,0.0,0.0,0.0,0.0,0.0,0.0,24
15740,20,11289,0.0,0.0,0.0,0.0,0.0,0.0,24
15741,20,11303,0.0,0.0,0.0,0.0,0.0,0.0,24
15742,20,11302,0.0,0.0,0.0,0.0,0.0,0.0,24
15743,20,11301,0.0,0.0,0.0,0.0,0.0,0.0,24
15744,20,11300,0.0,0.0,0.0,0.0,0.0,0.0,24
15745,20,11299,0.0,0.0,0.0,0.0,0.0,0.0,24
15746,20,11298,0.0,0.0,0.0,0.0,0.0,0.0,24
15747,20,11297,0.0,0.0,0.0,0.0,0.0,0.0,24
15748,20,11296,0.0,0.0,0.0,0.0,0.0,0.0,24
15749,20,11295,0.0,0.0,0.0,0.0,0.0,0.0,24
15750,20,11294,0.0,0.0,0.0,0.0,0.0,0.0,24
15751,20,11293,0.0,0.0,0.0,0.0,0.0,0.0,24
15752,20,11292,0.0,0.0,0.0,0.0,0.0,0.0,24
15753,20,11291,0.0,0.0,0.0,0.0,0.0,0.0,24
15754,20,11290,0.0,0.0,0.0,0.0,0.0,0.0,24
15755,20,11117,0.0,0.0,0.0,0.0,0.0,0.0,24
15756,20,11288,0.0,0.0,0.0,0.0,0.0,0.0,24
15757,20,11287,0.0,0.0,0.0,0.0,0.0,0.0,24
15758,20,11286,0.0,0.0,0.0,0.0,0.0,0.0,24
15759,20,11285,0.0,0.0,0.0,0.0,0.0,0.0,24
15760,20,11284,0.0,0.0,0.0,0.0,0.0,0.0,24
15761,20,11283,0.0,0.0,0.0,0.0,0.0,0.0,24
15762,20,11282,0.0,0.0,0.0,0.0,0.0,0.0,24
15763,20,11281,0.0,0.0,0.0,0.0,0.0,0.0,24
15764,20,11280,0.0,0.0,0.0,0.0,0.0,0.0,24
15765,20,11279,0.0,0.0,0.0,0.0,0.0,0.0,24
15766,20,11278,0.0,0.0,0.0,0.0,0.0,0.0,24
15767,20,11277,0.0,0.0,0.0,0.0,0.0,0.0,24
15768,20,11276,0.0,0.0,0.0,0.0,0.0,0.0,24
15769,20,10951,0.0,0.0,0.0,0.0,0.0,0.0,24
15770,20,10968,0.0,0.0,0.0,0.0,0.0,0.0,24
15771,20,10967,0.0,0.0,0.0,0.0,0.0,0.0,24
15772,20,10966,0.0,0.0,0.0,0.0,0.0,0.0,24
15773,20,10965,0.0,0.0,0.0,0.0,0.0,0.0,24
15774,20,10963,0.0,0.0,0.0,0.0,0.0,0.0,24
15775,20,10962,0.0,0.0,0.0,0.0,0.0,0.0,24
15776,20,10960,0.0,0.0,0.0,0.0,0.0,0.0,24
15777,20,10959,0.0,0.0,0.0,0.0,0.0,0.0,24
15778,20,10958,0.0,0.0,0.0,0.0,0.0,0.0,24
15779,20,10957,0.0,0.0,0.0,0.0,0.0,0.0,24
15780,20,10956,0.0,0.0,0.0,0.0,0.0,0.0,24
15781,20,10955,0.0,0.0,0.0,0.0,0.0,0.0,24
15782,20,10954,0.0,0.0,0.0,0.0,0.0,0.0,24
15783,20,10953,0.0,0.0,0.0,0.0,0.0,0.0,24
15784,20,10969,0.0,0.0,0.0,0.0,0.0,0.0,24
15785,20,10949,0.0,0.0,0.0,0.0,0.0,0.0,24
15786,20,10947,0.0,0.0,0.0,0.0,0.0,0.0,24
15787,20,10946,0.0,0.0,0.0,0.0,0.0,0.0,24
15788,20,10945,0.0,0.0,0.0,0.0,0.0,0.0,24
15789,20,10944,0.0,0.0,0.0,0.0,0.0,0.0,24
15790,20,10943,0.0,0.0,0.0,0.0,0.0,0.0,24
15791,20,10942,0.0,0.0,0.0,0.0,0.0,0.0,24
15792,20,10941,0.0,0.0,0.0,0.0,0.0,0.0,24
15793,20,10940,0.0,0.0,0.0,0.0,0.0,0.0,24
15794,20,10939,0.0,0.0,0.0,0.0,0.0,0.0,24
15795,20,10938,0.0,0.0,0.0,0.0,0.0,0.0,24
15796,20,10937,0.0,0.0,0.0,0.0,0.0,0.0,24
15797,20,10936,0.0,0.0,0.0,0.0,0.0,0.0,24
15798,20,10983,0.0,0.0,0.0,0.0,0.0,0.0,24
15799,20,10997,0.0,0.0,0.0,0.0,0.0,0.0,24
15800,20,10996,0.0,0.0,0.0,0.0,0.0,0.0,24
15801,20,10995,0.0,0.0,0.0,0.0,0.0,0.0,24
15802,20,10994,0.0,0.0,0.0,0.0,0.0,0.0,24
15803,20,10993,0.0,0.0,0.0,0.0,0.0,0.0,24
15804,20,10992,0.0,0.0,0.0,0.0,0.0,0.0,24
15805,20,10991,0.0,0.0,0.0,0.0,0.0,0.0,24
15806,20,10990,0.0,0.0,0.0,0.0,0.0,0.0,24
15807,20,10989,0.0,0.0,0.0,0.0,0.0,0.0,24
15808,20,10988,0.0,0.0,0.0,0.0,0.0,0.0,24
15809,20,10987,0.0,0.0,0.0,0.0,0.0,0.0,24
15810,20,10986,0.0,0.0,0.0,0.0,0.0,0.0,24
15811,20,10985,0.0,0.0,0.0,0.0,0.0,0.0,24
15812,20,10984,0.0,0.0,0.0,0.0,0.0,0.0,24
15813,20,10935,0.0,0.0,0.0,0.0,0.0,0.0,24
15814,20,10982,0.0,0.0,0.0,0.0,0.0,0.0,24
15815,20,10981,0.0,0.0,0.0,0.0,0.0,0.0,24
15816,20,10980,0.0,0.0,0.0,0.0,0.0,0.0,24
15817,20,10979,0.0,0.0,0.0,0.0,0.0,0.0,24
15818,20,10978,0.0,0.0,0.0,0.0,0.0,0.0,24
15819,20,10977,0.0,0.0,0.0,0.0,0.0,0.0,24
15820,20,10976,0.0,0.0,0.0,0.0,0.0,0.0,24
15821,20,10975,0.0,0.0,0.0,0.0,0.0,0.0,24
15822,20,10974,0.0,0.0,0.0,0.0,0.0,0.0,24
15823,20,10973,0.0,0.0,0.0,0.0,0.0,0.0,24
15824,20,10972,0.0,0.0,0.0,0.0,0.0,0.0,24
15825,20,10971,0.0,0.0,0.0,0.0,0.0,0.0,24
15826,20,10970,0.0,0.0,0.0,0.0,0.0,0.0,24
15827,20,10889,0.0,0.0,0.0,0.0,0.0,0.0,24
15828,20,10903,0.0,0.0,0.0,0.0,0.0,0.0,24
15829,20,10902,0.0,0.0,0.0,0.0,0.0,0.0,24
15830,20,10901,0.0,0.0,0.0,0.0,0.0,0.0,24
15831,20,10900,0.0,0.0,0.0,0.0,0.0,0.0,24
15832,20,10899,0.0,0.0,0.0,0.0,0.0,0.0,24
15833,20,10898,0.0,0.0,0.0,0.0,0.0,0.0,24
15834,20,10897,0.0,0.0,0.0,0.0,0.0,0.0,24
15835,20,10896,0.0,0.0,0.0,0.0,0.0,0.0,24
15836,20,10895,0.0,0.0,0.0,0.0,0.0,0.0,24
15837,20,10894,0.0,0.0,0.0,0.0,0.0,0.0,24
15838,20,10893,0.0,0.0,0.0,0.0,0.0,0.0,24
15839,20,10892,0.0,0.0,0.0,0.0,0.0,0.0,24
15840,20,10891,0.0,0.0,0.0,0.0,0.0,0.0,24
15841,20,10890,0.0,0.0,0.0,0.0,0.0,0.0,24
15842,20,10904,0.0,0.0,0.0,0.0,0.0,0.0,24
15843,20,10888,0.0,0.0,0.0,0.0,0.0,0.0,24
15844,20,10887,0.0,0.0,0.0,0.0,0.0,0.0,24
15845,20,10886,0.0,0.0,0.0,0.0,0.0,0.0,24
15846,20,10885,0.0,0.0,0.0,0.0,0.0,0.0,24
15847,20,10884,0.0,0.0,0.0,0.0,0.0,0.0,24
15848,20,10883,0.0,0.0,0.0,0.0,0.0,0.0,24
15849,20,10882,0.0,0.0,0.0,0.0,0.0,0.0,24
15850,20,10881,0.0,0.0,0.0,0.0,0.0,0.0,24
15851,20,10880,0.0,0.0,0.0,0.0,0.0,0.0,24
15852,20,10879,0.0,0.0,0.0,0.0,0.0,0.0,24
15853,20,10878,0.0,0.0,0.0,0.0,0.0,0.0,24
15854,20,10877,0.0,0.0,0.0,0.0,0.0,0.0,24
15855,20,10875,0.0,0.0,0.0,0.0,0.0,0.0,24
15856,20,10919,0.0,0.0,0.0,0.0,0.0,0.0,24
15857,20,10934,0.0,0.0,0.0,0.0,0.0,0.0,24
15858,20,10933,0.0,0.0,0.0,0.0,0.0,0.0,24
15859,20,10932,0.0,0.0,0.0,0.0,0.0,0.0,24
15860,20,10931,0.0,0.0,0.0,0.0,0.0,0.0,24
15861,20,10930,0.0,0.0,0.0,0.0,0.0,0.0,24
15862,20,10928,0.0,0.0,0.0,0.0,0.0,0.0,24
15863,20,10927,0.0,0.0,0.0,0.0,0.0,0.0,24
15864,20,10926,0.0,0.0,0.0,0.0,0.0,0.0,24
15865,20,10925,0.0,0.0,0.0,0.0,0.0,0.0,24
15866,20,10924,0.0,0.0,0.0,0.0,0.0,0.0,24
15867,20,10923,0.0,0.0,0.0,0.0,0.0,0.0,24
15868,20,10922,0.0,0.0,0.0,0.0,0.0,0.0,24
15869,20,10921,0.0,0.0,0.0,0.0,0.0,0.0,24
15870,20,10920,0.0,0.0,0.0,0.0,0.0,0.0,24
15871,20,10998,0.0,0.0,0.0,0.0,0.0,0.0,24
15872,20,10918,0.0,0.0,0.0,0.0,0.0,0.0,24
15873,20,10917,0.0,0.0,0.0,0.0,0.0,0.0,24
15874,20,10916,0.0,0.0,0.0,0.0,0.0,0.0,24
15875,20,10915,0.0,0.0,0.0,0.0,0.0,0.0,24
15876,20,10913,0.0,0.0,0.0,0.0,0.0,0.0,24
15877,20,10912,0.0,0.0,0.0,0.0,0.0,0.0,24
15878,20,10911,0.0,0.0,0.0,0.0,0.0,0.0,24
15879,20,10910,0.0,0.0,0.0,0.0,0.0,0.0,24
15880,20,10909,0.0,0.0,0.0,0.0,0.0,0.0,24
15881,20,10908,0.0,0.0,0.0,0.0,0.0,0.0,24
15882,20,10907,0.0,0.0,0.0,0.0,0.0,0.0,24
15883,20,10906,0.0,0.0,0.0,0.0,0.0,0.0,24
15884,20,10905,0.0,0.0,0.0,0.0,0.0,0.0,24
15885,20,11071,0.0,0.0,0.0,0.0,0.0,0.0,24
15886,20,11085,0.0,0.0,0.0,0.0,0.0,0.0,24
15887,20,11084,0.0,0.0,0.0,0.0,0.0,0.0,24
15888,20,11083,0.0,0.0,0.0,0.0,0.0,0.0,24
15889,20,11082,0.0,0.0,0.0,0.0,0.0,0.0,24
15890,20,11081,0.0,0.0,0.0,0.0,0.0,0.0,24
15891,20,11080,0.0,0.0,0.0,0.0,0.0,0.0,24
15892,20,11079,0.0,0.0,0.0,0.0,0.0,0.0,24
15893,20,11078,0.0,0.0,0.0,0.0,0.0,0.0,24
15894,20,11077,0.0,0.0,0.0,0.0,0.0,0.0,24
15895,20,11076,0.0,0.0,0.0,0.0,0.0,0.0,24
15896,20,11075,0.0,0.0,0.0,0.0,0.0,0.0,24
15897,20,11074,0.0,0.0,0.0,0.0,0.0,0.0,24
15898,20,11073,0.0,0.0,0.0,0.0,0.0,0.0,24
15899,20,11072,0.0,0.0,0.0,0.0,0.0,0.0,24
15900,20,11086,0.0,0.0,0.0,0.0,0.0,0.0,24
15901,20,11070,0.0,0.0,0.0,0.0,0.0,0.0,24
15902,20,11069,0.0,0.0,0.0,0.0,0.0,0.0,24
15903,20,11068,0.0,0.0,0.0,0.0,0.0,0.0,24
15904,20,11067,0.0,0.0,0.0,0.0,0.0,0.0,24
15905,20,11066,0.0,0.0,0.0,0.0,0.0,0.0,24
15906,20,11065,0.0,0.0,0.0,0.0,0.0,0.0,24
15907,20,11064,0.0,0.0,0.0,0.0,0.0,0.0,24
15908,20,11063,0.0,0.0,0.0,0.0,0.0,0.0,24
15909,20,11062,0.0,0.0,0.0,0.0,0.0,0.0,24
15910,20,11061,0.0,0.0,0.0,0.0,0.0,0.0,24
15911,20,11060,0.0,0.0,0.0,0.0,0.0,0.0,24
15912,20,11059,0.0,0.0,0.0,0.0,0.0,0.0,24
15913,20,11058,0.0,0.0,0.0,0.0,0.0,0.0,24
15914,20,11102,0.0,0.0,0.0,0.0,0.0,0.0,24
15915,20,11116,0.0,0.0,0.0,0.0,0.0,0.0,24
15916,20,11115,0.0,0.0,0.0,0.0,0.0,0.0,24
15917,20,11114,0.0,0.0,0.0,0.0,0.0,0.0,24
15918,20,11113,0.0,0.0,0.0,0.0,0.0,0.0,24
15919,20,11112,0.0,0.0,0.0,0.0,0.0,0.0,24
15920,20,11111,0.0,0.0,0.0,0.0,0.0,0.0,24
15921,20,11110,0.0,0.0,0.0,0.0,0.0,0.0,24
15922,20,11109,0.0,0.0,0.0,0.0,0.0,0.0,24
15923,20,11108,0.0,0.0,0.0,0.0,0.0,0.0,24
15924,20,11107,0.0,0.0,0.0,0.0,0.0,0.0,24
15925,20,11106,0.0,0.0,0.0,0.0,0.0,0.0,24
15926,20,11105,0.0,0.0,0.0,0.0,0.0,0.0,24
15927,20,11104,0.0,0.0,0.0,0.0,0.0,0.0,24
15928,20,11103,0.0,0.0,0.0,0.0,0.0,0.0,24
15929,20,11056,0.0,0.0,0.0,0.0,0.0,0.0,24
15930,20,11101,0.0,0.0,0.0,0.0,0.0,0.0,24
15931,20,11099,0.0,0.0,0.0,0.0,0.0,0.0,24
15932,20,11098,0.0,0.0,0.0,0.0,0.0,0.0,24
15933,20,11097,0.0,0.0,0.0,0.0,0.0,0.0,24
15934,20,11096,0.0,0.0,0.0,0.0,0.0,0.0,24
15935,20,11095,0.0,0.0,0.0,0.0,0.0,0.0,24
15936,20,11093,0.0,0.0,0.0,0.0,0.0,0.0,24
15937,20,11092,0.0,0.0,0.0,0.0,0.0,0.0,24
15938,20,11091,0.0,0.0,0.0,0.0,0.0,0.0,24
15939,20,11090,0.0,0.0,0.0,0.0,0.0,0.0,24
15940,20,11089,0.0,0.0,0.0,0.0,0.0,0.0,24
15941,20,11088,0.0,0.0,0.0,0.0,0.0,0.0,24
15942,20,11087,0.0,0.0,0.0,0.0,0.0,0.0,24
15943,20,11012,0.0,0.0,0.0,0.0,0.0,0.0,24
15944,20,11026,0.0,0.0,0.0,0.0,0.0,0.0,24
15945,20,11025,0.0,0.0,0.0,0.0,0.0,0.0,24
15946,20,11024,0.0,0.0,0.0,0.0,0.0,0.0,24
15947,20,11023,0.0,0.0,0.0,0.0,0.0,0.0,24
15948,20,11022,0.0,0.0,0.0,0.0,0.0,0.0,24
15949,20,11021,0.0,0.0,0.0,0.0,0.0,0.0,24
15950,20,11020,0.0,0.0,0.0,0.0,0.0,0.0,24
15951,20,11019,0.0,0.0,0.0,0.0,0.0,0.0,24
15952,20,11018,0.0,0.0,0.0,0.0,0.0,0.0,24
15953,20,11017,0.0,0.0,0.0,0.0,0.0,0.0,24
15954,20,11016,0.0,0.0,0.0,0.0,0.0,0.0,24
15955,20,11015,0.0,0.0,0.0,0.0,0.0,0.0,24
15956,20,11014,0.0,0.0,0.0,0.0,0.0,0.0,24
15957,20,11013,0.0,0.0,0.0,0.0,0.0,0.0,24
15958,20,11027,0.0,0.0,0.0,0.0,0.0,0.0,24
15959,20,11011,0.0,0.0,0.0,0.0,0.0,0.0,24
15960,20,11010,0.0,0.0,0.0,0.0,0.0,0.0,24
15961,20,11009,0.0,0.0,0.0,0.0,0.0,0.0,24
15962,20,11008,0.0,0.0,0.0,0.0,0.0,0.0,24
15963,20,11007,0.0,0.0,0.0,0.0,0.0,0.0,24
15964,20,11006,0.0,0.0,0.0,0.0,0.0,0.0,24
15965,20,11005,0.0,0.0,0.0,0.0,0.0,0.0,24
15966,20,11004,0.0,0.0,0.0,0.0,0.0,0.0,24
15967,20,11003,0.0,0.0,0.0,0.0,0.0,0.0,24
15968,20,11002,0.0,0.0,0.0,0.0,0.0,0.0,24
15969,20,11001,0.0,0.0,0.0,0.0,0.0,0.0,24
15970,20,11000,0.0,0.0,0.0,0.0,0.0,0.0,24
15971,20,10999,0.0,0.0,0.0,0.0,0.0,0.0,24
15972,20,11041,0.0,0.0,0.0,0.0,0.0,0.0,24
15973,20,11055,0.0,0.0,0.0,0.0,0.0,0.0,24
15974,20,11054,0.0,0.0,0.0,0.0,0.0,0.0,24
15975,20,11053,0.0,0.0,0.0,0.0,0.0,0.0,24
15976,20,11052,0.0,0.0,0.0,0.0,0.0,0.0,24
15977,20,11051,0.0,0.0,0.0,0.0,0.0,0.0,24
15978,20,11050,0.0,0.0,0.0,0.0,0.0,0.0,24
15979,20,11049,0.0,0.0,0.0,0.0,0.0,0.0,24
15980,20,11047,0.0,0.0,0.0,0.0,0.0,0.0,24
15981,20,11046,0.0,0.0,0.0,0.0,0.0,0.0,24
15982,20,11045,0.0,0.0,0.0,0.0,0.0,0.0,24
15983,20,11044,0.0,0.0,0.0,0.0,0.0,0.0,24
15984,20,11043,0.0,0.0,0.0,0.0,0.0,0.0,24
15985,20,11042,0.0,0.0,0.0,0.0,0.0,0.0,24
15986,20,100,0.0,0.0,0.0,0.0,0.0,0.0,24
15987,20,11040,0.0,0.0,0.0,0.0,0.0,0.0,24
15988,20,11039,0.0,0.0,0.0,0.0,0.0,0.0,24
15989,20,11038,0.0,0.0,0.0,0.0,0.0,0.0,24
15990,20,11037,0.0,0.0,0.0,0.0,0.0,0.0,24
15991,20,11036,0.0,0.0,0.0,0.0,0.0,0.0,24
15992,20,11035,0.0,0.0,0.0,0.0,0.0,0.0,24
15993,20,11034,0.0,0.0,0.0,0.0,0.0,0.0,24
15994,20,11033,0.0,0.0,0.0,0.0,0.0,0.0,24
15995,20,11032,0.0,0.0,0.0,0.0,0.0,0.0,24
15996,20,11031,0.0,0.0,0.0,0.0,0.0,0.0,24
15997,20,11030,0.0,0.0,0.0,0.0,0.0,0.0,24
15998,20,11029,0.0,0.0,0.0,0.0,0.0,0.0,24
15999,20,11028,0.0,0.0,0.0,0.0,0.0,0.0,24
16000,20,5510,0.0,0.0,0.0,0.0,0.0,0.0,24
