source_bundle,pool_bundle,variant,drop_count,add_count,dropped_features,added_features,source_feature_count,pool_extra_count,selected_features,features,source_short,dropped_feature,added_feature,margin_i_minus_it,outcome
lo_swap1_critical12_p10_p22_drop_rank002_rank020_drop_f4339_add_f1813_drop_f1338,prompt_delta_top33,swap1_critical11_lo_swap1_critical12_p10_p22_drop_rank002_rank020_drop_f4339_add_f1813_drop_f1338_drop_f1813_add_f12963,1,1,20:1813,20:12963,11,22,11,"20:6289,20:8754,20:8775,20:9135,20:9149,20:12652,20:12704,20:12963,20:13622,20:14991,20:15169",A_drop1338,1813,12963,0.0,tie
lo_swap1_critical12_p10_p22_drop_rank002_rank020_drop_f4339_add_f1813_drop_f1338,prompt_delta_top33,swap1_critical11_lo_swap1_critical12_p10_p22_drop_rank002_rank020_drop_f4339_add_f1813_drop_f1338_drop_f1813_add_f13060,1,1,20:1813,20:13060,11,22,11,"20:6289,20:8754,20:8775,20:9135,20:9149,20:12652,20:12704,20:13060,20:13622,20:14991,20:15169",A_drop1338,1813,13060,-0.015625,fail
lo_swap1_critical12_p10_p22_drop_rank002_rank020_drop_f4339_add_f1813_drop_f1338,prompt_delta_top33,swap1_critical11_lo_swap1_critical12_p10_p22_drop_rank002_rank020_drop_f4339_add_f1813_drop_f1338_drop_f1813_add_f6169,1,1,20:1813,20:6169,11,22,11,"20:6169,20:6289,20:8754,20:8775,20:9135,20:9149,20:12652,20:12704,20:13622,20:14991,20:15169",A_drop1338,1813,6169,-0.015625,fail
lo_swap1_critical12_p10_p22_drop_rank002_rank020_drop_f4339_add_f1813_drop_f1338,prompt_delta_top33,swap1_critical11_lo_swap1_critical12_p10_p22_drop_rank002_rank020_drop_f4339_add_f1813_drop_f1338_drop_f1813_add_f13882,1,1,20:1813,20:13882,11,22,11,"20:6289,20:8754,20:8775,20:9135,20:9149,20:12652,20:12704,20:13622,20:13882,20:14991,20:15169",A_drop1338,1813,13882,-0.015625,fail
lo_swap1_critical12_p10_p22_drop_rank002_rank020_drop_f4339_add_f1813_drop_f1338,prompt_delta_top33,swap1_critical11_lo_swap1_critical12_p10_p22_drop_rank002_rank020_drop_f4339_add_f1813_drop_f1338_drop_f1813_add_f9407,1,1,20:1813,20:9407,11,22,11,"20:6289,20:8754,20:8775,20:9135,20:9149,20:9407,20:12652,20:12704,20:13622,20:14991,20:15169",A_drop1338,1813,9407,0.0,tie
lo_swap1_critical12_p10_p22_drop_rank002_rank020_drop_f4339_add_f1813_drop_f1338,prompt_delta_top33,swap1_critical11_lo_swap1_critical12_p10_p22_drop_rank002_rank020_drop_f4339_add_f1813_drop_f1338_drop_f1813_add_f5355,1,1,20:1813,20:5355,11,22,11,"20:5355,20:6289,20:8754,20:8775,20:9135,20:9149,20:12652,20:12704,20:13622,20:14991,20:15169",A_drop1338,1813,5355,-0.015625,fail
lo_swap1_critical12_p10_p22_drop_rank002_rank020_drop_f4339_add_f1813_drop_f1338,prompt_delta_top33,swap1_critical11_lo_swap1_critical12_p10_p22_drop_rank002_rank020_drop_f4339_add_f1813_drop_f1338_drop_f1813_add_f3850,1,1,20:1813,20:3850,11,22,11,"20:3850,20:6289,20:8754,20:8775,20:9135,20:9149,20:12652,20:12704,20:13622,20:14991,20:15169",A_drop1338,1813,3850,-0.015625,fail
lo_swap1_critical12_p10_p22_drop_rank002_rank020_drop_f4339_add_f1813_drop_f1338,prompt_delta_top33,swap1_critical11_lo_swap1_critical12_p10_p22_drop_rank002_rank020_drop_f4339_add_f1813_drop_f1338_drop_f1813_add_f13854,1,1,20:1813,20:13854,11,22,11,"20:6289,20:8754,20:8775,20:9135,20:9149,20:12652,20:12704,20:13622,20:13854,20:14991,20:15169",A_drop1338,1813,13854,0.0,tie
lo_swap1_critical12_p10_p22_drop_rank002_rank020_drop_f4339_add_f1813_drop_f1338,prompt_delta_top33,swap1_critical11_lo_swap1_critical12_p10_p22_drop_rank002_rank020_drop_f4339_add_f1813_drop_f1338_drop_f1813_add_f7965,1,1,20:1813,20:7965,11,22,11,"20:6289,20:7965,20:8754,20:8775,20:9135,20:9149,20:12652,20:12704,20:13622,20:14991,20:15169",A_drop1338,1813,7965,-0.03125,fail
lo_swap1_critical12_p10_p22_drop_rank002_rank020_drop_f4339_add_f1813_drop_f1338,prompt_delta_top33,swap1_critical11_lo_swap1_critical12_p10_p22_drop_rank002_rank020_drop_f4339_add_f1813_drop_f1338_drop_f1813_add_f11414,1,1,20:1813,20:11414,11,22,11,"20:6289,20:8754,20:8775,20:9135,20:9149,20:11414,20:12652,20:12704,20:13622,20:14991,20:15169",A_drop1338,1813,11414,-0.015625,fail
lo_swap1_critical12_p10_p22_drop_rank002_rank020_drop_f4339_add_f1813_drop_f1338,prompt_delta_top33,swap1_critical11_lo_swap1_critical12_p10_p22_drop_rank002_rank020_drop_f4339_add_f1813_drop_f1338_drop_f1813_add_f4339,1,1,20:1813,20:4339,11,22,11,"20:4339,20:6289,20:8754,20:8775,20:9135,20:9149,20:12652,20:12704,20:13622,20:14991,20:15169",A_drop1338,1813,4339,0.0,tie
lo_swap1_critical12_p10_p22_drop_rank002_rank020_drop_f4339_add_f1813_drop_f1338,prompt_delta_top33,swap1_critical11_lo_swap1_critical12_p10_p22_drop_rank002_rank020_drop_f4339_add_f1813_drop_f1338_drop_f1813_add_f12002,1,1,20:1813,20:12002,11,22,11,"20:6289,20:8754,20:8775,20:9135,20:9149,20:12002,20:12652,20:12704,20:13622,20:14991,20:15169",A_drop1338,1813,12002,0.0,tie
lo_swap1_critical12_p10_p22_drop_rank002_rank020_drop_f4339_add_f1813_drop_f1338,prompt_delta_top33,swap1_critical11_lo_swap1_critical12_p10_p22_drop_rank002_rank020_drop_f4339_add_f1813_drop_f1338_drop_f1813_add_f9001,1,1,20:1813,20:9001,11,22,11,"20:6289,20:8754,20:8775,20:9001,20:9135,20:9149,20:12652,20:12704,20:13622,20:14991,20:15169",A_drop1338,1813,9001,-0.015625,fail
lo_swap1_critical12_p10_p22_drop_rank002_rank020_drop_f4339_add_f1813_drop_f1338,prompt_delta_top33,swap1_critical11_lo_swap1_critical12_p10_p22_drop_rank002_rank020_drop_f4339_add_f1813_drop_f1338_drop_f1813_add_f9024,1,1,20:1813,20:9024,11,22,11,"20:6289,20:8754,20:8775,20:9024,20:9135,20:9149,20:12652,20:12704,20:13622,20:14991,20:15169",A_drop1338,1813,9024,-0.03125,fail
lo_swap1_critical12_p10_p22_drop_rank002_rank020_drop_f4339_add_f1813_drop_f1338,prompt_delta_top33,swap1_critical11_lo_swap1_critical12_p10_p22_drop_rank002_rank020_drop_f4339_add_f1813_drop_f1338_drop_f1813_add_f4326,1,1,20:1813,20:4326,11,22,11,"20:4326,20:6289,20:8754,20:8775,20:9135,20:9149,20:12652,20:12704,20:13622,20:14991,20:15169",A_drop1338,1813,4326,0.0,tie
lo_swap1_critical12_p10_p22_drop_rank002_rank020_drop_f4339_add_f1813_drop_f1338,prompt_delta_top33,swap1_critical11_lo_swap1_critical12_p10_p22_drop_rank002_rank020_drop_f4339_add_f1813_drop_f1338_drop_f1813_add_f11545,1,1,20:1813,20:11545,11,22,11,"20:6289,20:8754,20:8775,20:9135,20:9149,20:11545,20:12652,20:12704,20:13622,20:14991,20:15169",A_drop1338,1813,11545,-0.015625,fail
lo_swap1_critical12_p10_p22_drop_rank002_rank020_drop_f4339_add_f1813_drop_f1338,prompt_delta_top33,swap1_critical11_lo_swap1_critical12_p10_p22_drop_rank002_rank020_drop_f4339_add_f1813_drop_f1338_drop_f1813_add_f7531,1,1,20:1813,20:7531,11,22,11,"20:6289,20:7531,20:8754,20:8775,20:9135,20:9149,20:12652,20:12704,20:13622,20:14991,20:15169",A_drop1338,1813,7531,0.0,tie
lo_swap1_critical12_p10_p22_drop_rank002_rank020_drop_f4339_add_f1813_drop_f1338,prompt_delta_top33,swap1_critical11_lo_swap1_critical12_p10_p22_drop_rank002_rank020_drop_f4339_add_f1813_drop_f1338_drop_f1813_add_f5990,1,1,20:1813,20:5990,11,22,11,"20:5990,20:6289,20:8754,20:8775,20:9135,20:9149,20:12652,20:12704,20:13622,20:14991,20:15169",A_drop1338,1813,5990,0.0,tie
lo_swap1_critical12_p10_p22_drop_rank002_rank020_drop_f4339_add_f1813_drop_f1338,prompt_delta_top33,swap1_critical11_lo_swap1_critical12_p10_p22_drop_rank002_rank020_drop_f4339_add_f1813_drop_f1338_drop_f1813_add_f1338,1,1,20:1813,20:1338,11,22,11,"20:1338,20:6289,20:8754,20:8775,20:9135,20:9149,20:12652,20:12704,20:13622,20:14991,20:15169",A_drop1338,1813,1338,0.0,tie
lo_swap1_critical12_p10_p22_drop_rank002_rank020_drop_f4339_add_f1813_drop_f1338,prompt_delta_top33,swap1_critical11_lo_swap1_critical12_p10_p22_drop_rank002_rank020_drop_f4339_add_f1813_drop_f1338_drop_f1813_add_f321,1,1,20:1813,20:321,11,22,11,"20:321,20:6289,20:8754,20:8775,20:9135,20:9149,20:12652,20:12704,20:13622,20:14991,20:15169",A_drop1338,1813,321,0.0,tie
lo_swap1_critical12_p10_p22_drop_rank002_rank020_drop_f4339_add_f1813_drop_f1338,prompt_delta_top33,swap1_critical11_lo_swap1_critical12_p10_p22_drop_rank002_rank020_drop_f4339_add_f1813_drop_f1338_drop_f1813_add_f12313,1,1,20:1813,20:12313,11,22,11,"20:6289,20:8754,20:8775,20:9135,20:9149,20:12313,20:12652,20:12704,20:13622,20:14991,20:15169",A_drop1338,1813,12313,-0.015625,fail
lo_swap1_critical12_p10_p22_drop_rank002_rank020_drop_f4339_add_f1813_drop_f1338,prompt_delta_top33,swap1_critical11_lo_swap1_critical12_p10_p22_drop_rank002_rank020_drop_f4339_add_f1813_drop_f1338_drop_f1813_add_f1100,1,1,20:1813,20:1100,11,22,11,"20:1100,20:6289,20:8754,20:8775,20:9135,20:9149,20:12652,20:12704,20:13622,20:14991,20:15169",A_drop1338,1813,1100,0.0,tie
lo_swap1_critical12_p10_p22_drop_rank002_rank020_drop_f4339_add_f1813_drop_f1338,prompt_delta_top33,swap1_critical11_lo_swap1_critical12_p10_p22_drop_rank002_rank020_drop_f4339_add_f1813_drop_f1338_drop_f6289_add_f12963,1,1,20:6289,20:12963,11,22,11,"20:1813,20:8754,20:8775,20:9135,20:9149,20:12652,20:12704,20:12963,20:13622,20:14991,20:15169",A_drop1338,6289,12963,-0.015625,fail
lo_swap1_critical12_p10_p22_drop_rank002_rank020_drop_f4339_add_f1813_drop_f1338,prompt_delta_top33,swap1_critical11_lo_swap1_critical12_p10_p22_drop_rank002_rank020_drop_f4339_add_f1813_drop_f1338_drop_f6289_add_f13060,1,1,20:6289,20:13060,11,22,11,"20:1813,20:8754,20:8775,20:9135,20:9149,20:12652,20:12704,20:13060,20:13622,20:14991,20:15169",A_drop1338,6289,13060,0.0,tie
lo_swap1_critical12_p10_p22_drop_rank002_rank020_drop_f4339_add_f1813_drop_f1338,prompt_delta_top33,swap1_critical11_lo_swap1_critical12_p10_p22_drop_rank002_rank020_drop_f4339_add_f1813_drop_f1338_drop_f6289_add_f6169,1,1,20:6289,20:6169,11,22,11,"20:1813,20:6169,20:8754,20:8775,20:9135,20:9149,20:12652,20:12704,20:13622,20:14991,20:15169",A_drop1338,6289,6169,-0.03125,fail
lo_swap1_critical12_p10_p22_drop_rank002_rank020_drop_f4339_add_f1813_drop_f1338,prompt_delta_top33,swap1_critical11_lo_swap1_critical12_p10_p22_drop_rank002_rank020_drop_f4339_add_f1813_drop_f1338_drop_f6289_add_f13882,1,1,20:6289,20:13882,11,22,11,"20:1813,20:8754,20:8775,20:9135,20:9149,20:12652,20:12704,20:13622,20:13882,20:14991,20:15169",A_drop1338,6289,13882,-0.015625,fail
lo_swap1_critical12_p10_p22_drop_rank002_rank020_drop_f4339_add_f1813_drop_f1338,prompt_delta_top33,swap1_critical11_lo_swap1_critical12_p10_p22_drop_rank002_rank020_drop_f4339_add_f1813_drop_f1338_drop_f6289_add_f9407,1,1,20:6289,20:9407,11,22,11,"20:1813,20:8754,20:8775,20:9135,20:9149,20:9407,20:12652,20:12704,20:13622,20:14991,20:15169",A_drop1338,6289,9407,0.0,tie
lo_swap1_critical12_p10_p22_drop_rank002_rank020_drop_f4339_add_f1813_drop_f1338,prompt_delta_top33,swap1_critical11_lo_swap1_critical12_p10_p22_drop_rank002_rank020_drop_f4339_add_f1813_drop_f1338_drop_f6289_add_f5355,1,1,20:6289,20:5355,11,22,11,"20:1813,20:5355,20:8754,20:8775,20:9135,20:9149,20:12652,20:12704,20:13622,20:14991,20:15169",A_drop1338,6289,5355,-0.015625,fail
lo_swap1_critical12_p10_p22_drop_rank002_rank020_drop_f4339_add_f1813_drop_f1338,prompt_delta_top33,swap1_critical11_lo_swap1_critical12_p10_p22_drop_rank002_rank020_drop_f4339_add_f1813_drop_f1338_drop_f6289_add_f3850,1,1,20:6289,20:3850,11,22,11,"20:1813,20:3850,20:8754,20:8775,20:9135,20:9149,20:12652,20:12704,20:13622,20:14991,20:15169",A_drop1338,6289,3850,0.0,tie
lo_swap1_critical12_p10_p22_drop_rank002_rank020_drop_f4339_add_f1813_drop_f1338,prompt_delta_top33,swap1_critical11_lo_swap1_critical12_p10_p22_drop_rank002_rank020_drop_f4339_add_f1813_drop_f1338_drop_f6289_add_f13854,1,1,20:6289,20:13854,11,22,11,"20:1813,20:8754,20:8775,20:9135,20:9149,20:12652,20:12704,20:13622,20:13854,20:14991,20:15169",A_drop1338,6289,13854,0.0,tie
lo_swap1_critical12_p10_p22_drop_rank002_rank020_drop_f4339_add_f1813_drop_f1338,prompt_delta_top33,swap1_critical11_lo_swap1_critical12_p10_p22_drop_rank002_rank020_drop_f4339_add_f1813_drop_f1338_drop_f6289_add_f7965,1,1,20:6289,20:7965,11,22,11,"20:1813,20:7965,20:8754,20:8775,20:9135,20:9149,20:12652,20:12704,20:13622,20:14991,20:15169",A_drop1338,6289,7965,0.0,tie
lo_swap1_critical12_p10_p22_drop_rank002_rank020_drop_f4339_add_f1813_drop_f1338,prompt_delta_top33,swap1_critical11_lo_swap1_critical12_p10_p22_drop_rank002_rank020_drop_f4339_add_f1813_drop_f1338_drop_f6289_add_f11414,1,1,20:6289,20:11414,11,22,11,"20:1813,20:8754,20:8775,20:9135,20:9149,20:11414,20:12652,20:12704,20:13622,20:14991,20:15169",A_drop1338,6289,11414,-0.015625,fail
lo_swap1_critical12_p10_p22_drop_rank002_rank020_drop_f4339_add_f1813_drop_f1338,prompt_delta_top33,swap1_critical11_lo_swap1_critical12_p10_p22_drop_rank002_rank020_drop_f4339_add_f1813_drop_f1338_drop_f6289_add_f4339,1,1,20:6289,20:4339,11,22,11,"20:1813,20:4339,20:8754,20:8775,20:9135,20:9149,20:12652,20:12704,20:13622,20:14991,20:15169",A_drop1338,6289,4339,0.0,tie
lo_swap1_critical12_p10_p22_drop_rank002_rank020_drop_f4339_add_f1813_drop_f1338,prompt_delta_top33,swap1_critical11_lo_swap1_critical12_p10_p22_drop_rank002_rank020_drop_f4339_add_f1813_drop_f1338_drop_f6289_add_f12002,1,1,20:6289,20:12002,11,22,11,"20:1813,20:8754,20:8775,20:9135,20:9149,20:12002,20:12652,20:12704,20:13622,20:14991,20:15169",A_drop1338,6289,12002,0.0,tie
lo_swap1_critical12_p10_p22_drop_rank002_rank020_drop_f4339_add_f1813_drop_f1338,prompt_delta_top33,swap1_critical11_lo_swap1_critical12_p10_p22_drop_rank002_rank020_drop_f4339_add_f1813_drop_f1338_drop_f6289_add_f9001,1,1,20:6289,20:9001,11,22,11,"20:1813,20:8754,20:8775,20:9001,20:9135,20:9149,20:12652,20:12704,20:13622,20:14991,20:15169",A_drop1338,6289,9001,0.0,tie
lo_swap1_critical12_p10_p22_drop_rank002_rank020_drop_f4339_add_f1813_drop_f1338,prompt_delta_top33,swap1_critical11_lo_swap1_critical12_p10_p22_drop_rank002_rank020_drop_f4339_add_f1813_drop_f1338_drop_f6289_add_f9024,1,1,20:6289,20:9024,11,22,11,"20:1813,20:8754,20:8775,20:9024,20:9135,20:9149,20:12652,20:12704,20:13622,20:14991,20:15169",A_drop1338,6289,9024,-0.015625,fail
lo_swap1_critical12_p10_p22_drop_rank002_rank020_drop_f4339_add_f1813_drop_f1338,prompt_delta_top33,swap1_critical11_lo_swap1_critical12_p10_p22_drop_rank002_rank020_drop_f4339_add_f1813_drop_f1338_drop_f6289_add_f4326,1,1,20:6289,20:4326,11,22,11,"20:1813,20:4326,20:8754,20:8775,20:9135,20:9149,20:12652,20:12704,20:13622,20:14991,20:15169",A_drop1338,6289,4326,0.0,tie
lo_swap1_critical12_p10_p22_drop_rank002_rank020_drop_f4339_add_f1813_drop_f1338,prompt_delta_top33,swap1_critical11_lo_swap1_critical12_p10_p22_drop_rank002_rank020_drop_f4339_add_f1813_drop_f1338_drop_f6289_add_f11545,1,1,20:6289,20:11545,11,22,11,"20:1813,20:8754,20:8775,20:9135,20:9149,20:11545,20:12652,20:12704,20:13622,20:14991,20:15169",A_drop1338,6289,11545,-0.015625,fail
lo_swap1_critical12_p10_p22_drop_rank002_rank020_drop_f4339_add_f1813_drop_f1338,prompt_delta_top33,swap1_critical11_lo_swap1_critical12_p10_p22_drop_rank002_rank020_drop_f4339_add_f1813_drop_f1338_drop_f6289_add_f7531,1,1,20:6289,20:7531,11,22,11,"20:1813,20:7531,20:8754,20:8775,20:9135,20:9149,20:12652,20:12704,20:13622,20:14991,20:15169",A_drop1338,6289,7531,0.015625,pass
lo_swap1_critical12_p10_p22_drop_rank002_rank020_drop_f4339_add_f1813_drop_f1338,prompt_delta_top33,swap1_critical11_lo_swap1_critical12_p10_p22_drop_rank002_rank020_drop_f4339_add_f1813_drop_f1338_drop_f6289_add_f5990,1,1,20:6289,20:5990,11,22,11,"20:1813,20:5990,20:8754,20:8775,20:9135,20:9149,20:12652,20:12704,20:13622,20:14991,20:15169",A_drop1338,6289,5990,-0.015625,fail
lo_swap1_critical12_p10_p22_drop_rank002_rank020_drop_f4339_add_f1813_drop_f1338,prompt_delta_top33,swap1_critical11_lo_swap1_critical12_p10_p22_drop_rank002_rank020_drop_f4339_add_f1813_drop_f1338_drop_f6289_add_f1338,1,1,20:6289,20:1338,11,22,11,"20:1338,20:1813,20:8754,20:8775,20:9135,20:9149,20:12652,20:12704,20:13622,20:14991,20:15169",A_drop1338,6289,1338,0.0,tie
lo_swap1_critical12_p10_p22_drop_rank002_rank020_drop_f4339_add_f1813_drop_f1338,prompt_delta_top33,swap1_critical11_lo_swap1_critical12_p10_p22_drop_rank002_rank020_drop_f4339_add_f1813_drop_f1338_drop_f6289_add_f321,1,1,20:6289,20:321,11,22,11,"20:321,20:1813,20:8754,20:8775,20:9135,20:9149,20:12652,20:12704,20:13622,20:14991,20:15169",A_drop1338,6289,321,0.0,tie
lo_swap1_critical12_p10_p22_drop_rank002_rank020_drop_f4339_add_f1813_drop_f1338,prompt_delta_top33,swap1_critical11_lo_swap1_critical12_p10_p22_drop_rank002_rank020_drop_f4339_add_f1813_drop_f1338_drop_f6289_add_f12313,1,1,20:6289,20:12313,11,22,11,"20:1813,20:8754,20:8775,20:9135,20:9149,20:12313,20:12652,20:12704,20:13622,20:14991,20:15169",A_drop1338,6289,12313,0.0,tie
lo_swap1_critical12_p10_p22_drop_rank002_rank020_drop_f4339_add_f1813_drop_f1338,prompt_delta_top33,swap1_critical11_lo_swap1_critical12_p10_p22_drop_rank002_rank020_drop_f4339_add_f1813_drop_f1338_drop_f6289_add_f1100,1,1,20:6289,20:1100,11,22,11,"20:1100,20:1813,20:8754,20:8775,20:9135,20:9149,20:12652,20:12704,20:13622,20:14991,20:15169",A_drop1338,6289,1100,0.0,tie
lo_swap1_critical12_p10_p22_drop_rank002_rank020_drop_f4339_add_f1813_drop_f1338,prompt_delta_top33,swap1_critical11_lo_swap1_critical12_p10_p22_drop_rank002_rank020_drop_f4339_add_f1813_drop_f1338_drop_f8754_add_f12963,1,1,20:8754,20:12963,11,22,11,"20:1813,20:6289,20:8775,20:9135,20:9149,20:12652,20:12704,20:12963,20:13622,20:14991,20:15169",A_drop1338,8754,12963,-0.015625,fail
lo_swap1_critical12_p10_p22_drop_rank002_rank020_drop_f4339_add_f1813_drop_f1338,prompt_delta_top33,swap1_critical11_lo_swap1_critical12_p10_p22_drop_rank002_rank020_drop_f4339_add_f1813_drop_f1338_drop_f8754_add_f13060,1,1,20:8754,20:13060,11,22,11,"20:1813,20:6289,20:8775,20:9135,20:9149,20:12652,20:12704,20:13060,20:13622,20:14991,20:15169",A_drop1338,8754,13060,0.0,tie
lo_swap1_critical12_p10_p22_drop_rank002_rank020_drop_f4339_add_f1813_drop_f1338,prompt_delta_top33,swap1_critical11_lo_swap1_critical12_p10_p22_drop_rank002_rank020_drop_f4339_add_f1813_drop_f1338_drop_f8754_add_f6169,1,1,20:8754,20:6169,11,22,11,"20:1813,20:6169,20:6289,20:8775,20:9135,20:9149,20:12652,20:12704,20:13622,20:14991,20:15169",A_drop1338,8754,6169,-0.03125,fail
lo_swap1_critical12_p10_p22_drop_rank002_rank020_drop_f4339_add_f1813_drop_f1338,prompt_delta_top33,swap1_critical11_lo_swap1_critical12_p10_p22_drop_rank002_rank020_drop_f4339_add_f1813_drop_f1338_drop_f8754_add_f13882,1,1,20:8754,20:13882,11,22,11,"20:1813,20:6289,20:8775,20:9135,20:9149,20:12652,20:12704,20:13622,20:13882,20:14991,20:15169",A_drop1338,8754,13882,0.0,tie
lo_swap1_critical12_p10_p22_drop_rank002_rank020_drop_f4339_add_f1813_drop_f1338,prompt_delta_top33,swap1_critical11_lo_swap1_critical12_p10_p22_drop_rank002_rank020_drop_f4339_add_f1813_drop_f1338_drop_f8754_add_f9407,1,1,20:8754,20:9407,11,22,11,"20:1813,20:6289,20:8775,20:9135,20:9149,20:9407,20:12652,20:12704,20:13622,20:14991,20:15169",A_drop1338,8754,9407,-0.015625,fail
lo_swap1_critical12_p10_p22_drop_rank002_rank020_drop_f4339_add_f1813_drop_f1338,prompt_delta_top33,swap1_critical11_lo_swap1_critical12_p10_p22_drop_rank002_rank020_drop_f4339_add_f1813_drop_f1338_drop_f8754_add_f5355,1,1,20:8754,20:5355,11,22,11,"20:1813,20:5355,20:6289,20:8775,20:9135,20:9149,20:12652,20:12704,20:13622,20:14991,20:15169",A_drop1338,8754,5355,-0.015625,fail
lo_swap1_critical12_p10_p22_drop_rank002_rank020_drop_f4339_add_f1813_drop_f1338,prompt_delta_top33,swap1_critical11_lo_swap1_critical12_p10_p22_drop_rank002_rank020_drop_f4339_add_f1813_drop_f1338_drop_f8754_add_f3850,1,1,20:8754,20:3850,11,22,11,"20:1813,20:3850,20:6289,20:8775,20:9135,20:9149,20:12652,20:12704,20:13622,20:14991,20:15169",A_drop1338,8754,3850,0.0,tie
lo_swap1_critical12_p10_p22_drop_rank002_rank020_drop_f4339_add_f1813_drop_f1338,prompt_delta_top33,swap1_critical11_lo_swap1_critical12_p10_p22_drop_rank002_rank020_drop_f4339_add_f1813_drop_f1338_drop_f8754_add_f13854,1,1,20:8754,20:13854,11,22,11,"20:1813,20:6289,20:8775,20:9135,20:9149,20:12652,20:12704,20:13622,20:13854,20:14991,20:15169",A_drop1338,8754,13854,0.0,tie
lo_swap1_critical12_p10_p22_drop_rank002_rank020_drop_f4339_add_f1813_drop_f1338,prompt_delta_top33,swap1_critical11_lo_swap1_critical12_p10_p22_drop_rank002_rank020_drop_f4339_add_f1813_drop_f1338_drop_f8754_add_f7965,1,1,20:8754,20:7965,11,22,11,"20:1813,20:6289,20:7965,20:8775,20:9135,20:9149,20:12652,20:12704,20:13622,20:14991,20:15169",A_drop1338,8754,7965,-0.015625,fail
lo_swap1_critical12_p10_p22_drop_rank002_rank020_drop_f4339_add_f1813_drop_f1338,prompt_delta_top33,swap1_critical11_lo_swap1_critical12_p10_p22_drop_rank002_rank020_drop_f4339_add_f1813_drop_f1338_drop_f8754_add_f11414,1,1,20:8754,20:11414,11,22,11,"20:1813,20:6289,20:8775,20:9135,20:9149,20:11414,20:12652,20:12704,20:13622,20:14991,20:15169",A_drop1338,8754,11414,-0.03125,fail
lo_swap1_critical12_p10_p22_drop_rank002_rank020_drop_f4339_add_f1813_drop_f1338,prompt_delta_top33,swap1_critical11_lo_swap1_critical12_p10_p22_drop_rank002_rank020_drop_f4339_add_f1813_drop_f1338_drop_f8754_add_f4339,1,1,20:8754,20:4339,11,22,11,"20:1813,20:4339,20:6289,20:8775,20:9135,20:9149,20:12652,20:12704,20:13622,20:14991,20:15169",A_drop1338,8754,4339,0.0,tie
lo_swap1_critical12_p10_p22_drop_rank002_rank020_drop_f4339_add_f1813_drop_f1338,prompt_delta_top33,swap1_critical11_lo_swap1_critical12_p10_p22_drop_rank002_rank020_drop_f4339_add_f1813_drop_f1338_drop_f8754_add_f12002,1,1,20:8754,20:12002,11,22,11,"20:1813,20:6289,20:8775,20:9135,20:9149,20:12002,20:12652,20:12704,20:13622,20:14991,20:15169",A_drop1338,8754,12002,-0.015625,fail
lo_swap1_critical12_p10_p22_drop_rank002_rank020_drop_f4339_add_f1813_drop_f1338,prompt_delta_top33,swap1_critical11_lo_swap1_critical12_p10_p22_drop_rank002_rank020_drop_f4339_add_f1813_drop_f1338_drop_f8754_add_f9001,1,1,20:8754,20:9001,11,22,11,"20:1813,20:6289,20:8775,20:9001,20:9135,20:9149,20:12652,20:12704,20:13622,20:14991,20:15169",A_drop1338,8754,9001,-0.015625,fail
lo_swap1_critical12_p10_p22_drop_rank002_rank020_drop_f4339_add_f1813_drop_f1338,prompt_delta_top33,swap1_critical11_lo_swap1_critical12_p10_p22_drop_rank002_rank020_drop_f4339_add_f1813_drop_f1338_drop_f8754_add_f9024,1,1,20:8754,20:9024,11,22,11,"20:1813,20:6289,20:8775,20:9024,20:9135,20:9149,20:12652,20:12704,20:13622,20:14991,20:15169",A_drop1338,8754,9024,-0.015625,fail
lo_swap1_critical12_p10_p22_drop_rank002_rank020_drop_f4339_add_f1813_drop_f1338,prompt_delta_top33,swap1_critical11_lo_swap1_critical12_p10_p22_drop_rank002_rank020_drop_f4339_add_f1813_drop_f1338_drop_f8754_add_f4326,1,1,20:8754,20:4326,11,22,11,"20:1813,20:4326,20:6289,20:8775,20:9135,20:9149,20:12652,20:12704,20:13622,20:14991,20:15169",A_drop1338,8754,4326,0.0,tie
lo_swap1_critical12_p10_p22_drop_rank002_rank020_drop_f4339_add_f1813_drop_f1338,prompt_delta_top33,swap1_critical11_lo_swap1_critical12_p10_p22_drop_rank002_rank020_drop_f4339_add_f1813_drop_f1338_drop_f8754_add_f11545,1,1,20:8754,20:11545,11,22,11,"20:1813,20:6289,20:8775,20:9135,20:9149,20:11545,20:12652,20:12704,20:13622,20:14991,20:15169",A_drop1338,8754,11545,-0.015625,fail
lo_swap1_critical12_p10_p22_drop_rank002_rank020_drop_f4339_add_f1813_drop_f1338,prompt_delta_top33,swap1_critical11_lo_swap1_critical12_p10_p22_drop_rank002_rank020_drop_f4339_add_f1813_drop_f1338_drop_f8754_add_f7531,1,1,20:8754,20:7531,11,22,11,"20:1813,20:6289,20:7531,20:8775,20:9135,20:9149,20:12652,20:12704,20:13622,20:14991,20:15169",A_drop1338,8754,7531,0.0,tie
lo_swap1_critical12_p10_p22_drop_rank002_rank020_drop_f4339_add_f1813_drop_f1338,prompt_delta_top33,swap1_critical11_lo_swap1_critical12_p10_p22_drop_rank002_rank020_drop_f4339_add_f1813_drop_f1338_drop_f8754_add_f5990,1,1,20:8754,20:5990,11,22,11,"20:1813,20:5990,20:6289,20:8775,20:9135,20:9149,20:12652,20:12704,20:13622,20:14991,20:15169",A_drop1338,8754,5990,-0.015625,fail
lo_swap1_critical12_p10_p22_drop_rank002_rank020_drop_f4339_add_f1813_drop_f1338,prompt_delta_top33,swap1_critical11_lo_swap1_critical12_p10_p22_drop_rank002_rank020_drop_f4339_add_f1813_drop_f1338_drop_f8754_add_f1338,1,1,20:8754,20:1338,11,22,11,"20:1338,20:1813,20:6289,20:8775,20:9135,20:9149,20:12652,20:12704,20:13622,20:14991,20:15169",A_drop1338,8754,1338,0.0,tie
lo_swap1_critical12_p10_p22_drop_rank002_rank020_drop_f4339_add_f1813_drop_f1338,prompt_delta_top33,swap1_critical11_lo_swap1_critical12_p10_p22_drop_rank002_rank020_drop_f4339_add_f1813_drop_f1338_drop_f8754_add_f321,1,1,20:8754,20:321,11,22,11,"20:321,20:1813,20:6289,20:8775,20:9135,20:9149,20:12652,20:12704,20:13622,20:14991,20:15169",A_drop1338,8754,321,0.0,tie
lo_swap1_critical12_p10_p22_drop_rank002_rank020_drop_f4339_add_f1813_drop_f1338,prompt_delta_top33,swap1_critical11_lo_swap1_critical12_p10_p22_drop_rank002_rank020_drop_f4339_add_f1813_drop_f1338_drop_f8754_add_f12313,1,1,20:8754,20:12313,11,22,11,"20:1813,20:6289,20:8775,20:9135,20:9149,20:12313,20:12652,20:12704,20:13622,20:14991,20:15169",A_drop1338,8754,12313,0.0,tie
lo_swap1_critical12_p10_p22_drop_rank002_rank020_drop_f4339_add_f1813_drop_f1338,prompt_delta_top33,swap1_critical11_lo_swap1_critical12_p10_p22_drop_rank002_rank020_drop_f4339_add_f1813_drop_f1338_drop_f8754_add_f1100,1,1,20:8754,20:1100,11,22,11,"20:1100,20:1813,20:6289,20:8775,20:9135,20:9149,20:12652,20:12704,20:13622,20:14991,20:15169",A_drop1338,8754,1100,0.0,tie
lo_swap1_critical12_p10_p22_drop_rank002_rank020_drop_f4339_add_f1813_drop_f1338,prompt_delta_top33,swap1_critical11_lo_swap1_critical12_p10_p22_drop_rank002_rank020_drop_f4339_add_f1813_drop_f1338_drop_f8775_add_f12963,1,1,20:8775,20:12963,11,22,11,"20:1813,20:6289,20:8754,20:9135,20:9149,20:12652,20:12704,20:12963,20:13622,20:14991,20:15169",A_drop1338,8775,12963,0.0,tie
lo_swap1_critical12_p10_p22_drop_rank002_rank020_drop_f4339_add_f1813_drop_f1338,prompt_delta_top33,swap1_critical11_lo_swap1_critical12_p10_p22_drop_rank002_rank020_drop_f4339_add_f1813_drop_f1338_drop_f8775_add_f13060,1,1,20:8775,20:13060,11,22,11,"20:1813,20:6289,20:8754,20:9135,20:9149,20:12652,20:12704,20:13060,20:13622,20:14991,20:15169",A_drop1338,8775,13060,0.0,tie
lo_swap1_critical12_p10_p22_drop_rank002_rank020_drop_f4339_add_f1813_drop_f1338,prompt_delta_top33,swap1_critical11_lo_swap1_critical12_p10_p22_drop_rank002_rank020_drop_f4339_add_f1813_drop_f1338_drop_f8775_add_f6169,1,1,20:8775,20:6169,11,22,11,"20:1813,20:6169,20:6289,20:8754,20:9135,20:9149,20:12652,20:12704,20:13622,20:14991,20:15169",A_drop1338,8775,6169,-0.03125,fail
lo_swap1_critical12_p10_p22_drop_rank002_rank020_drop_f4339_add_f1813_drop_f1338,prompt_delta_top33,swap1_critical11_lo_swap1_critical12_p10_p22_drop_rank002_rank020_drop_f4339_add_f1813_drop_f1338_drop_f8775_add_f13882,1,1,20:8775,20:13882,11,22,11,"20:1813,20:6289,20:8754,20:9135,20:9149,20:12652,20:12704,20:13622,20:13882,20:14991,20:15169",A_drop1338,8775,13882,0.0,tie
lo_swap1_critical12_p10_p22_drop_rank002_rank020_drop_f4339_add_f1813_drop_f1338,prompt_delta_top33,swap1_critical11_lo_swap1_critical12_p10_p22_drop_rank002_rank020_drop_f4339_add_f1813_drop_f1338_drop_f8775_add_f9407,1,1,20:8775,20:9407,11,22,11,"20:1813,20:6289,20:8754,20:9135,20:9149,20:9407,20:12652,20:12704,20:13622,20:14991,20:15169",A_drop1338,8775,9407,0.015625,pass
lo_swap1_critical12_p10_p22_drop_rank002_rank020_drop_f4339_add_f1813_drop_f1338,prompt_delta_top33,swap1_critical11_lo_swap1_critical12_p10_p22_drop_rank002_rank020_drop_f4339_add_f1813_drop_f1338_drop_f8775_add_f5355,1,1,20:8775,20:5355,11,22,11,"20:1813,20:5355,20:6289,20:8754,20:9135,20:9149,20:12652,20:12704,20:13622,20:14991,20:15169",A_drop1338,8775,5355,-0.015625,fail
lo_swap1_critical12_p10_p22_drop_rank002_rank020_drop_f4339_add_f1813_drop_f1338,prompt_delta_top33,swap1_critical11_lo_swap1_critical12_p10_p22_drop_rank002_rank020_drop_f4339_add_f1813_drop_f1338_drop_f8775_add_f3850,1,1,20:8775,20:3850,11,22,11,"20:1813,20:3850,20:6289,20:8754,20:9135,20:9149,20:12652,20:12704,20:13622,20:14991,20:15169",A_drop1338,8775,3850,-0.015625,fail
lo_swap1_critical12_p10_p22_drop_rank002_rank020_drop_f4339_add_f1813_drop_f1338,prompt_delta_top33,swap1_critical11_lo_swap1_critical12_p10_p22_drop_rank002_rank020_drop_f4339_add_f1813_drop_f1338_drop_f8775_add_f13854,1,1,20:8775,20:13854,11,22,11,"20:1813,20:6289,20:8754,20:9135,20:9149,20:12652,20:12704,20:13622,20:13854,20:14991,20:15169",A_drop1338,8775,13854,0.0,tie
lo_swap1_critical12_p10_p22_drop_rank002_rank020_drop_f4339_add_f1813_drop_f1338,prompt_delta_top33,swap1_critical11_lo_swap1_critical12_p10_p22_drop_rank002_rank020_drop_f4339_add_f1813_drop_f1338_drop_f8775_add_f7965,1,1,20:8775,20:7965,11,22,11,"20:1813,20:6289,20:7965,20:8754,20:9135,20:9149,20:12652,20:12704,20:13622,20:14991,20:15169",A_drop1338,8775,7965,0.0,tie
lo_swap1_critical12_p10_p22_drop_rank002_rank020_drop_f4339_add_f1813_drop_f1338,prompt_delta_top33,swap1_critical11_lo_swap1_critical12_p10_p22_drop_rank002_rank020_drop_f4339_add_f1813_drop_f1338_drop_f8775_add_f11414,1,1,20:8775,20:11414,11,22,11,"20:1813,20:6289,20:8754,20:9135,20:9149,20:11414,20:12652,20:12704,20:13622,20:14991,20:15169",A_drop1338,8775,11414,-0.015625,fail
lo_swap1_critical12_p10_p22_drop_rank002_rank020_drop_f4339_add_f1813_drop_f1338,prompt_delta_top33,swap1_critical11_lo_swap1_critical12_p10_p22_drop_rank002_rank020_drop_f4339_add_f1813_drop_f1338_drop_f8775_add_f4339,1,1,20:8775,20:4339,11,22,11,"20:1813,20:4339,20:6289,20:8754,20:9135,20:9149,20:12652,20:12704,20:13622,20:14991,20:15169",A_drop1338,8775,4339,0.0,tie
lo_swap1_critical12_p10_p22_drop_rank002_rank020_drop_f4339_add_f1813_drop_f1338,prompt_delta_top33,swap1_critical11_lo_swap1_critical12_p10_p22_drop_rank002_rank020_drop_f4339_add_f1813_drop_f1338_drop_f8775_add_f12002,1,1,20:8775,20:12002,11,22,11,"20:1813,20:6289,20:8754,20:9135,20:9149,20:12002,20:12652,20:12704,20:13622,20:14991,20:15169",A_drop1338,8775,12002,0.0,tie
lo_swap1_critical12_p10_p22_drop_rank002_rank020_drop_f4339_add_f1813_drop_f1338,prompt_delta_top33,swap1_critical11_lo_swap1_critical12_p10_p22_drop_rank002_rank020_drop_f4339_add_f1813_drop_f1338_drop_f8775_add_f9001,1,1,20:8775,20:9001,11,22,11,"20:1813,20:6289,20:8754,20:9001,20:9135,20:9149,20:12652,20:12704,20:13622,20:14991,20:15169",A_drop1338,8775,9001,0.0,tie
lo_swap1_critical12_p10_p22_drop_rank002_rank020_drop_f4339_add_f1813_drop_f1338,prompt_delta_top33,swap1_critical11_lo_swap1_critical12_p10_p22_drop_rank002_rank020_drop_f4339_add_f1813_drop_f1338_drop_f8775_add_f9024,1,1,20:8775,20:9024,11,22,11,"20:1813,20:6289,20:8754,20:9024,20:9135,20:9149,20:12652,20:12704,20:13622,20:14991,20:15169",A_drop1338,8775,9024,-0.015625,fail
lo_swap1_critical12_p10_p22_drop_rank002_rank020_drop_f4339_add_f1813_drop_f1338,prompt_delta_top33,swap1_critical11_lo_swap1_critical12_p10_p22_drop_rank002_rank020_drop_f4339_add_f1813_drop_f1338_drop_f8775_add_f4326,1,1,20:8775,20:4326,11,22,11,"20:1813,20:4326,20:6289,20:8754,20:9135,20:9149,20:12652,20:12704,20:13622,20:14991,20:15169",A_drop1338,8775,4326,0.0,tie
lo_swap1_critical12_p10_p22_drop_rank002_rank020_drop_f4339_add_f1813_drop_f1338,prompt_delta_top33,swap1_critical11_lo_swap1_critical12_p10_p22_drop_rank002_rank020_drop_f4339_add_f1813_drop_f1338_drop_f8775_add_f11545,1,1,20:8775,20:11545,11,22,11,"20:1813,20:6289,20:8754,20:9135,20:9149,20:11545,20:12652,20:12704,20:13622,20:14991,20:15169",A_drop1338,8775,11545,-0.015625,fail
lo_swap1_critical12_p10_p22_drop_rank002_rank020_drop_f4339_add_f1813_drop_f1338,prompt_delta_top33,swap1_critical11_lo_swap1_critical12_p10_p22_drop_rank002_rank020_drop_f4339_add_f1813_drop_f1338_drop_f8775_add_f7531,1,1,20:8775,20:7531,11,22,11,"20:1813,20:6289,20:7531,20:8754,20:9135,20:9149,20:12652,20:12704,20:13622,20:14991,20:15169",A_drop1338,8775,7531,0.015625,pass
lo_swap1_critical12_p10_p22_drop_rank002_rank020_drop_f4339_add_f1813_drop_f1338,prompt_delta_top33,swap1_critical11_lo_swap1_critical12_p10_p22_drop_rank002_rank020_drop_f4339_add_f1813_drop_f1338_drop_f8775_add_f5990,1,1,20:8775,20:5990,11,22,11,"20:1813,20:5990,20:6289,20:8754,20:9135,20:9149,20:12652,20:12704,20:13622,20:14991,20:15169",A_drop1338,8775,5990,-0.015625,fail
lo_swap1_critical12_p10_p22_drop_rank002_rank020_drop_f4339_add_f1813_drop_f1338,prompt_delta_top33,swap1_critical11_lo_swap1_critical12_p10_p22_drop_rank002_rank020_drop_f4339_add_f1813_drop_f1338_drop_f8775_add_f1338,1,1,20:8775,20:1338,11,22,11,"20:1338,20:1813,20:6289,20:8754,20:9135,20:9149,20:12652,20:12704,20:13622,20:14991,20:15169",A_drop1338,8775,1338,0.015625,pass
lo_swap1_critical12_p10_p22_drop_rank002_rank020_drop_f4339_add_f1813_drop_f1338,prompt_delta_top33,swap1_critical11_lo_swap1_critical12_p10_p22_drop_rank002_rank020_drop_f4339_add_f1813_drop_f1338_drop_f8775_add_f321,1,1,20:8775,20:321,11,22,11,"20:321,20:1813,20:6289,20:8754,20:9135,20:9149,20:12652,20:12704,20:13622,20:14991,20:15169",A_drop1338,8775,321,0.0,tie
lo_swap1_critical12_p10_p22_drop_rank002_rank020_drop_f4339_add_f1813_drop_f1338,prompt_delta_top33,swap1_critical11_lo_swap1_critical12_p10_p22_drop_rank002_rank020_drop_f4339_add_f1813_drop_f1338_drop_f8775_add_f12313,1,1,20:8775,20:12313,11,22,11,"20:1813,20:6289,20:8754,20:9135,20:9149,20:12313,20:12652,20:12704,20:13622,20:14991,20:15169",A_drop1338,8775,12313,0.0,tie
lo_swap1_critical12_p10_p22_drop_rank002_rank020_drop_f4339_add_f1813_drop_f1338,prompt_delta_top33,swap1_critical11_lo_swap1_critical12_p10_p22_drop_rank002_rank020_drop_f4339_add_f1813_drop_f1338_drop_f8775_add_f1100,1,1,20:8775,20:1100,11,22,11,"20:1100,20:1813,20:6289,20:8754,20:9135,20:9149,20:12652,20:12704,20:13622,20:14991,20:15169",A_drop1338,8775,1100,0.0,tie
lo_swap1_critical12_p10_p22_drop_rank002_rank020_drop_f4339_add_f1813_drop_f1338,prompt_delta_top33,swap1_critical11_lo_swap1_critical12_p10_p22_drop_rank002_rank020_drop_f4339_add_f1813_drop_f1338_drop_f9135_add_f12963,1,1,20:9135,20:12963,11,22,11,"20:1813,20:6289,20:8754,20:8775,20:9149,20:12652,20:12704,20:12963,20:13622,20:14991,20:15169",A_drop1338,9135,12963,-0.03125,fail
lo_swap1_critical12_p10_p22_drop_rank002_rank020_drop_f4339_add_f1813_drop_f1338,prompt_delta_top33,swap1_critical11_lo_swap1_critical12_p10_p22_drop_rank002_rank020_drop_f4339_add_f1813_drop_f1338_drop_f9135_add_f13060,1,1,20:9135,20:13060,11,22,11,"20:1813,20:6289,20:8754,20:8775,20:9149,20:12652,20:12704,20:13060,20:13622,20:14991,20:15169",A_drop1338,9135,13060,0.0,tie
lo_swap1_critical12_p10_p22_drop_rank002_rank020_drop_f4339_add_f1813_drop_f1338,prompt_delta_top33,swap1_critical11_lo_swap1_critical12_p10_p22_drop_rank002_rank020_drop_f4339_add_f1813_drop_f1338_drop_f9135_add_f6169,1,1,20:9135,20:6169,11,22,11,"20:1813,20:6169,20:6289,20:8754,20:8775,20:9149,20:12652,20:12704,20:13622,20:14991,20:15169",A_drop1338,9135,6169,-0.046875,fail
lo_swap1_critical12_p10_p22_drop_rank002_rank020_drop_f4339_add_f1813_drop_f1338,prompt_delta_top33,swap1_critical11_lo_swap1_critical12_p10_p22_drop_rank002_rank020_drop_f4339_add_f1813_drop_f1338_drop_f9135_add_f13882,1,1,20:9135,20:13882,11,22,11,"20:1813,20:6289,20:8754,20:8775,20:9149,20:12652,20:12704,20:13622,20:13882,20:14991,20:15169",A_drop1338,9135,13882,-0.015625,fail
lo_swap1_critical12_p10_p22_drop_rank002_rank020_drop_f4339_add_f1813_drop_f1338,prompt_delta_top33,swap1_critical11_lo_swap1_critical12_p10_p22_drop_rank002_rank020_drop_f4339_add_f1813_drop_f1338_drop_f9135_add_f9407,1,1,20:9135,20:9407,11,22,11,"20:1813,20:6289,20:8754,20:8775,20:9149,20:9407,20:12652,20:12704,20:13622,20:14991,20:15169",A_drop1338,9135,9407,-0.03125,fail
lo_swap1_critical12_p10_p22_drop_rank002_rank020_drop_f4339_add_f1813_drop_f1338,prompt_delta_top33,swap1_critical11_lo_swap1_critical12_p10_p22_drop_rank002_rank020_drop_f4339_add_f1813_drop_f1338_drop_f9135_add_f5355,1,1,20:9135,20:5355,11,22,11,"20:1813,20:5355,20:6289,20:8754,20:8775,20:9149,20:12652,20:12704,20:13622,20:14991,20:15169",A_drop1338,9135,5355,-0.015625,fail
lo_swap1_critical12_p10_p22_drop_rank002_rank020_drop_f4339_add_f1813_drop_f1338,prompt_delta_top33,swap1_critical11_lo_swap1_critical12_p10_p22_drop_rank002_rank020_drop_f4339_add_f1813_drop_f1338_drop_f9135_add_f3850,1,1,20:9135,20:3850,11,22,11,"20:1813,20:3850,20:6289,20:8754,20:8775,20:9149,20:12652,20:12704,20:13622,20:14991,20:15169",A_drop1338,9135,3850,-0.015625,fail
lo_swap1_critical12_p10_p22_drop_rank002_rank020_drop_f4339_add_f1813_drop_f1338,prompt_delta_top33,swap1_critical11_lo_swap1_critical12_p10_p22_drop_rank002_rank020_drop_f4339_add_f1813_drop_f1338_drop_f9135_add_f13854,1,1,20:9135,20:13854,11,22,11,"20:1813,20:6289,20:8754,20:8775,20:9149,20:12652,20:12704,20:13622,20:13854,20:14991,20:15169",A_drop1338,9135,13854,0.0,tie
lo_swap1_critical12_p10_p22_drop_rank002_rank020_drop_f4339_add_f1813_drop_f1338,prompt_delta_top33,swap1_critical11_lo_swap1_critical12_p10_p22_drop_rank002_rank020_drop_f4339_add_f1813_drop_f1338_drop_f9135_add_f7965,1,1,20:9135,20:7965,11,22,11,"20:1813,20:6289,20:7965,20:8754,20:8775,20:9149,20:12652,20:12704,20:13622,20:14991,20:15169",A_drop1338,9135,7965,-0.03125,fail
lo_swap1_critical12_p10_p22_drop_rank002_rank020_drop_f4339_add_f1813_drop_f1338,prompt_delta_top33,swap1_critical11_lo_swap1_critical12_p10_p22_drop_rank002_rank020_drop_f4339_add_f1813_drop_f1338_drop_f9135_add_f11414,1,1,20:9135,20:11414,11,22,11,"20:1813,20:6289,20:8754,20:8775,20:9149,20:11414,20:12652,20:12704,20:13622,20:14991,20:15169",A_drop1338,9135,11414,-0.03125,fail
lo_swap1_critical12_p10_p22_drop_rank002_rank020_drop_f4339_add_f1813_drop_f1338,prompt_delta_top33,swap1_critical11_lo_swap1_critical12_p10_p22_drop_rank002_rank020_drop_f4339_add_f1813_drop_f1338_drop_f9135_add_f4339,1,1,20:9135,20:4339,11,22,11,"20:1813,20:4339,20:6289,20:8754,20:8775,20:9149,20:12652,20:12704,20:13622,20:14991,20:15169",A_drop1338,9135,4339,0.0,tie
lo_swap1_critical12_p10_p22_drop_rank002_rank020_drop_f4339_add_f1813_drop_f1338,prompt_delta_top33,swap1_critical11_lo_swap1_critical12_p10_p22_drop_rank002_rank020_drop_f4339_add_f1813_drop_f1338_drop_f9135_add_f12002,1,1,20:9135,20:12002,11,22,11,"20:1813,20:6289,20:8754,20:8775,20:9149,20:12002,20:12652,20:12704,20:13622,20:14991,20:15169",A_drop1338,9135,12002,-0.03125,fail
lo_swap1_critical12_p10_p22_drop_rank002_rank020_drop_f4339_add_f1813_drop_f1338,prompt_delta_top33,swap1_critical11_lo_swap1_critical12_p10_p22_drop_rank002_rank020_drop_f4339_add_f1813_drop_f1338_drop_f9135_add_f9001,1,1,20:9135,20:9001,11,22,11,"20:1813,20:6289,20:8754,20:8775,20:9001,20:9149,20:12652,20:12704,20:13622,20:14991,20:15169",A_drop1338,9135,9001,-0.015625,fail
lo_swap1_critical12_p10_p22_drop_rank002_rank020_drop_f4339_add_f1813_drop_f1338,prompt_delta_top33,swap1_critical11_lo_swap1_critical12_p10_p22_drop_rank002_rank020_drop_f4339_add_f1813_drop_f1338_drop_f9135_add_f9024,1,1,20:9135,20:9024,11,22,11,"20:1813,20:6289,20:8754,20:8775,20:9024,20:9149,20:12652,20:12704,20:13622,20:14991,20:15169",A_drop1338,9135,9024,-0.03125,fail
lo_swap1_critical12_p10_p22_drop_rank002_rank020_drop_f4339_add_f1813_drop_f1338,prompt_delta_top33,swap1_critical11_lo_swap1_critical12_p10_p22_drop_rank002_rank020_drop_f4339_add_f1813_drop_f1338_drop_f9135_add_f4326,1,1,20:9135,20:4326,11,22,11,"20:1813,20:4326,20:6289,20:8754,20:8775,20:9149,20:12652,20:12704,20:13622,20:14991,20:15169",A_drop1338,9135,4326,-0.03125,fail
lo_swap1_critical12_p10_p22_drop_rank002_rank020_drop_f4339_add_f1813_drop_f1338,prompt_delta_top33,swap1_critical11_lo_swap1_critical12_p10_p22_drop_rank002_rank020_drop_f4339_add_f1813_drop_f1338_drop_f9135_add_f11545,1,1,20:9135,20:11545,11,22,11,"20:1813,20:6289,20:8754,20:8775,20:9149,20:11545,20:12652,20:12704,20:13622,20:14991,20:15169",A_drop1338,9135,11545,-0.03125,fail
lo_swap1_critical12_p10_p22_drop_rank002_rank020_drop_f4339_add_f1813_drop_f1338,prompt_delta_top33,swap1_critical11_lo_swap1_critical12_p10_p22_drop_rank002_rank020_drop_f4339_add_f1813_drop_f1338_drop_f9135_add_f7531,1,1,20:9135,20:7531,11,22,11,"20:1813,20:6289,20:7531,20:8754,20:8775,20:9149,20:12652,20:12704,20:13622,20:14991,20:15169",A_drop1338,9135,7531,-0.015625,fail
lo_swap1_critical12_p10_p22_drop_rank002_rank020_drop_f4339_add_f1813_drop_f1338,prompt_delta_top33,swap1_critical11_lo_swap1_critical12_p10_p22_drop_rank002_rank020_drop_f4339_add_f1813_drop_f1338_drop_f9135_add_f5990,1,1,20:9135,20:5990,11,22,11,"20:1813,20:5990,20:6289,20:8754,20:8775,20:9149,20:12652,20:12704,20:13622,20:14991,20:15169",A_drop1338,9135,5990,-0.03125,fail
lo_swap1_critical12_p10_p22_drop_rank002_rank020_drop_f4339_add_f1813_drop_f1338,prompt_delta_top33,swap1_critical11_lo_swap1_critical12_p10_p22_drop_rank002_rank020_drop_f4339_add_f1813_drop_f1338_drop_f9135_add_f1338,1,1,20:9135,20:1338,11,22,11,"20:1338,20:1813,20:6289,20:8754,20:8775,20:9149,20:12652,20:12704,20:13622,20:14991,20:15169",A_drop1338,9135,1338,-0.015625,fail
lo_swap1_critical12_p10_p22_drop_rank002_rank020_drop_f4339_add_f1813_drop_f1338,prompt_delta_top33,swap1_critical11_lo_swap1_critical12_p10_p22_drop_rank002_rank020_drop_f4339_add_f1813_drop_f1338_drop_f9135_add_f321,1,1,20:9135,20:321,11,22,11,"20:321,20:1813,20:6289,20:8754,20:8775,20:9149,20:12652,20:12704,20:13622,20:14991,20:15169",A_drop1338,9135,321,-0.015625,fail
lo_swap1_critical12_p10_p22_drop_rank002_rank020_drop_f4339_add_f1813_drop_f1338,prompt_delta_top33,swap1_critical11_lo_swap1_critical12_p10_p22_drop_rank002_rank020_drop_f4339_add_f1813_drop_f1338_drop_f9135_add_f12313,1,1,20:9135,20:12313,11,22,11,"20:1813,20:6289,20:8754,20:8775,20:9149,20:12313,20:12652,20:12704,20:13622,20:14991,20:15169",A_drop1338,9135,12313,-0.015625,fail
lo_swap1_critical12_p10_p22_drop_rank002_rank020_drop_f4339_add_f1813_drop_f1338,prompt_delta_top33,swap1_critical11_lo_swap1_critical12_p10_p22_drop_rank002_rank020_drop_f4339_add_f1813_drop_f1338_drop_f9135_add_f1100,1,1,20:9135,20:1100,11,22,11,"20:1100,20:1813,20:6289,20:8754,20:8775,20:9149,20:12652,20:12704,20:13622,20:14991,20:15169",A_drop1338,9135,1100,0.0,tie
lo_swap1_critical12_p10_p22_drop_rank002_rank020_drop_f4339_add_f1813_drop_f1338,prompt_delta_top33,swap1_critical11_lo_swap1_critical12_p10_p22_drop_rank002_rank020_drop_f4339_add_f1813_drop_f1338_drop_f9149_add_f12963,1,1,20:9149,20:12963,11,22,11,"20:1813,20:6289,20:8754,20:8775,20:9135,20:12652,20:12704,20:12963,20:13622,20:14991,20:15169",A_drop1338,9149,12963,-0.015625,fail
lo_swap1_critical12_p10_p22_drop_rank002_rank020_drop_f4339_add_f1813_drop_f1338,prompt_delta_top33,swap1_critical11_lo_swap1_critical12_p10_p22_drop_rank002_rank020_drop_f4339_add_f1813_drop_f1338_drop_f9149_add_f13060,1,1,20:9149,20:13060,11,22,11,"20:1813,20:6289,20:8754,20:8775,20:9135,20:12652,20:12704,20:13060,20:13622,20:14991,20:15169",A_drop1338,9149,13060,0.0,tie
lo_swap1_critical12_p10_p22_drop_rank002_rank020_drop_f4339_add_f1813_drop_f1338,prompt_delta_top33,swap1_critical11_lo_swap1_critical12_p10_p22_drop_rank002_rank020_drop_f4339_add_f1813_drop_f1338_drop_f9149_add_f6169,1,1,20:9149,20:6169,11,22,11,"20:1813,20:6169,20:6289,20:8754,20:8775,20:9135,20:12652,20:12704,20:13622,20:14991,20:15169",A_drop1338,9149,6169,-0.03125,fail
lo_swap1_critical12_p10_p22_drop_rank002_rank020_drop_f4339_add_f1813_drop_f1338,prompt_delta_top33,swap1_critical11_lo_swap1_critical12_p10_p22_drop_rank002_rank020_drop_f4339_add_f1813_drop_f1338_drop_f9149_add_f13882,1,1,20:9149,20:13882,11,22,11,"20:1813,20:6289,20:8754,20:8775,20:9135,20:12652,20:12704,20:13622,20:13882,20:14991,20:15169",A_drop1338,9149,13882,-0.015625,fail
lo_swap1_critical12_p10_p22_drop_rank002_rank020_drop_f4339_add_f1813_drop_f1338,prompt_delta_top33,swap1_critical11_lo_swap1_critical12_p10_p22_drop_rank002_rank020_drop_f4339_add_f1813_drop_f1338_drop_f9149_add_f9407,1,1,20:9149,20:9407,11,22,11,"20:1813,20:6289,20:8754,20:8775,20:9135,20:9407,20:12652,20:12704,20:13622,20:14991,20:15169",A_drop1338,9149,9407,0.0,tie
lo_swap1_critical12_p10_p22_drop_rank002_rank020_drop_f4339_add_f1813_drop_f1338,prompt_delta_top33,swap1_critical11_lo_swap1_critical12_p10_p22_drop_rank002_rank020_drop_f4339_add_f1813_drop_f1338_drop_f9149_add_f5355,1,1,20:9149,20:5355,11,22,11,"20:1813,20:5355,20:6289,20:8754,20:8775,20:9135,20:12652,20:12704,20:13622,20:14991,20:15169",A_drop1338,9149,5355,-0.03125,fail
lo_swap1_critical12_p10_p22_drop_rank002_rank020_drop_f4339_add_f1813_drop_f1338,prompt_delta_top33,swap1_critical11_lo_swap1_critical12_p10_p22_drop_rank002_rank020_drop_f4339_add_f1813_drop_f1338_drop_f9149_add_f3850,1,1,20:9149,20:3850,11,22,11,"20:1813,20:3850,20:6289,20:8754,20:8775,20:9135,20:12652,20:12704,20:13622,20:14991,20:15169",A_drop1338,9149,3850,-0.015625,fail
lo_swap1_critical12_p10_p22_drop_rank002_rank020_drop_f4339_add_f1813_drop_f1338,prompt_delta_top33,swap1_critical11_lo_swap1_critical12_p10_p22_drop_rank002_rank020_drop_f4339_add_f1813_drop_f1338_drop_f9149_add_f13854,1,1,20:9149,20:13854,11,22,11,"20:1813,20:6289,20:8754,20:8775,20:9135,20:12652,20:12704,20:13622,20:13854,20:14991,20:15169",A_drop1338,9149,13854,-0.015625,fail
lo_swap1_critical12_p10_p22_drop_rank002_rank020_drop_f4339_add_f1813_drop_f1338,prompt_delta_top33,swap1_critical11_lo_swap1_critical12_p10_p22_drop_rank002_rank020_drop_f4339_add_f1813_drop_f1338_drop_f9149_add_f7965,1,1,20:9149,20:7965,11,22,11,"20:1813,20:6289,20:7965,20:8754,20:8775,20:9135,20:12652,20:12704,20:13622,20:14991,20:15169",A_drop1338,9149,7965,-0.015625,fail
lo_swap1_critical12_p10_p22_drop_rank002_rank020_drop_f4339_add_f1813_drop_f1338,prompt_delta_top33,swap1_critical11_lo_swap1_critical12_p10_p22_drop_rank002_rank020_drop_f4339_add_f1813_drop_f1338_drop_f9149_add_f11414,1,1,20:9149,20:11414,11,22,11,"20:1813,20:6289,20:8754,20:8775,20:9135,20:11414,20:12652,20:12704,20:13622,20:14991,20:15169",A_drop1338,9149,11414,-0.015625,fail
lo_swap1_critical12_p10_p22_drop_rank002_rank020_drop_f4339_add_f1813_drop_f1338,prompt_delta_top33,swap1_critical11_lo_swap1_critical12_p10_p22_drop_rank002_rank020_drop_f4339_add_f1813_drop_f1338_drop_f9149_add_f4339,1,1,20:9149,20:4339,11,22,11,"20:1813,20:4339,20:6289,20:8754,20:8775,20:9135,20:12652,20:12704,20:13622,20:14991,20:15169",A_drop1338,9149,4339,0.0,tie
lo_swap1_critical12_p10_p22_drop_rank002_rank020_drop_f4339_add_f1813_drop_f1338,prompt_delta_top33,swap1_critical11_lo_swap1_critical12_p10_p22_drop_rank002_rank020_drop_f4339_add_f1813_drop_f1338_drop_f9149_add_f12002,1,1,20:9149,20:12002,11,22,11,"20:1813,20:6289,20:8754,20:8775,20:9135,20:12002,20:12652,20:12704,20:13622,20:14991,20:15169",A_drop1338,9149,12002,0.0,tie
lo_swap1_critical12_p10_p22_drop_rank002_rank020_drop_f4339_add_f1813_drop_f1338,prompt_delta_top33,swap1_critical11_lo_swap1_critical12_p10_p22_drop_rank002_rank020_drop_f4339_add_f1813_drop_f1338_drop_f9149_add_f9001,1,1,20:9149,20:9001,11,22,11,"20:1813,20:6289,20:8754,20:8775,20:9001,20:9135,20:12652,20:12704,20:13622,20:14991,20:15169",A_drop1338,9149,9001,-0.015625,fail
lo_swap1_critical12_p10_p22_drop_rank002_rank020_drop_f4339_add_f1813_drop_f1338,prompt_delta_top33,swap1_critical11_lo_swap1_critical12_p10_p22_drop_rank002_rank020_drop_f4339_add_f1813_drop_f1338_drop_f9149_add_f9024,1,1,20:9149,20:9024,11,22,11,"20:1813,20:6289,20:8754,20:8775,20:9024,20:9135,20:12652,20:12704,20:13622,20:14991,20:15169",A_drop1338,9149,9024,-0.015625,fail
lo_swap1_critical12_p10_p22_drop_rank002_rank020_drop_f4339_add_f1813_drop_f1338,prompt_delta_top33,swap1_critical11_lo_swap1_critical12_p10_p22_drop_rank002_rank020_drop_f4339_add_f1813_drop_f1338_drop_f9149_add_f4326,1,1,20:9149,20:4326,11,22,11,"20:1813,20:4326,20:6289,20:8754,20:8775,20:9135,20:12652,20:12704,20:13622,20:14991,20:15169",A_drop1338,9149,4326,-0.015625,fail
lo_swap1_critical12_p10_p22_drop_rank002_rank020_drop_f4339_add_f1813_drop_f1338,prompt_delta_top33,swap1_critical11_lo_swap1_critical12_p10_p22_drop_rank002_rank020_drop_f4339_add_f1813_drop_f1338_drop_f9149_add_f11545,1,1,20:9149,20:11545,11,22,11,"20:1813,20:6289,20:8754,20:8775,20:9135,20:11545,20:12652,20:12704,20:13622,20:14991,20:15169",A_drop1338,9149,11545,-0.03125,fail
lo_swap1_critical12_p10_p22_drop_rank002_rank020_drop_f4339_add_f1813_drop_f1338,prompt_delta_top33,swap1_critical11_lo_swap1_critical12_p10_p22_drop_rank002_rank020_drop_f4339_add_f1813_drop_f1338_drop_f9149_add_f7531,1,1,20:9149,20:7531,11,22,11,"20:1813,20:6289,20:7531,20:8754,20:8775,20:9135,20:12652,20:12704,20:13622,20:14991,20:15169",A_drop1338,9149,7531,0.0,tie
lo_swap1_critical12_p10_p22_drop_rank002_rank020_drop_f4339_add_f1813_drop_f1338,prompt_delta_top33,swap1_critical11_lo_swap1_critical12_p10_p22_drop_rank002_rank020_drop_f4339_add_f1813_drop_f1338_drop_f9149_add_f5990,1,1,20:9149,20:5990,11,22,11,"20:1813,20:5990,20:6289,20:8754,20:8775,20:9135,20:12652,20:12704,20:13622,20:14991,20:15169",A_drop1338,9149,5990,-0.03125,fail
lo_swap1_critical12_p10_p22_drop_rank002_rank020_drop_f4339_add_f1813_drop_f1338,prompt_delta_top33,swap1_critical11_lo_swap1_critical12_p10_p22_drop_rank002_rank020_drop_f4339_add_f1813_drop_f1338_drop_f9149_add_f1338,1,1,20:9149,20:1338,11,22,11,"20:1338,20:1813,20:6289,20:8754,20:8775,20:9135,20:12652,20:12704,20:13622,20:14991,20:15169",A_drop1338,9149,1338,0.0,tie
lo_swap1_critical12_p10_p22_drop_rank002_rank020_drop_f4339_add_f1813_drop_f1338,prompt_delta_top33,swap1_critical11_lo_swap1_critical12_p10_p22_drop_rank002_rank020_drop_f4339_add_f1813_drop_f1338_drop_f9149_add_f321,1,1,20:9149,20:321,11,22,11,"20:321,20:1813,20:6289,20:8754,20:8775,20:9135,20:12652,20:12704,20:13622,20:14991,20:15169",A_drop1338,9149,321,0.0,tie
lo_swap1_critical12_p10_p22_drop_rank002_rank020_drop_f4339_add_f1813_drop_f1338,prompt_delta_top33,swap1_critical11_lo_swap1_critical12_p10_p22_drop_rank002_rank020_drop_f4339_add_f1813_drop_f1338_drop_f9149_add_f12313,1,1,20:9149,20:12313,11,22,11,"20:1813,20:6289,20:8754,20:8775,20:9135,20:12313,20:12652,20:12704,20:13622,20:14991,20:15169",A_drop1338,9149,12313,0.0,tie
lo_swap1_critical12_p10_p22_drop_rank002_rank020_drop_f4339_add_f1813_drop_f1338,prompt_delta_top33,swap1_critical11_lo_swap1_critical12_p10_p22_drop_rank002_rank020_drop_f4339_add_f1813_drop_f1338_drop_f9149_add_f1100,1,1,20:9149,20:1100,11,22,11,"20:1100,20:1813,20:6289,20:8754,20:8775,20:9135,20:12652,20:12704,20:13622,20:14991,20:15169",A_drop1338,9149,1100,0.0,tie
lo_swap1_critical12_p10_p22_drop_rank002_rank020_drop_f4339_add_f1813_drop_f1338,prompt_delta_top33,swap1_critical11_lo_swap1_critical12_p10_p22_drop_rank002_rank020_drop_f4339_add_f1813_drop_f1338_drop_f12652_add_f12963,1,1,20:12652,20:12963,11,22,11,"20:1813,20:6289,20:8754,20:8775,20:9135,20:9149,20:12704,20:12963,20:13622,20:14991,20:15169",A_drop1338,12652,12963,-0.015625,fail
lo_swap1_critical12_p10_p22_drop_rank002_rank020_drop_f4339_add_f1813_drop_f1338,prompt_delta_top33,swap1_critical11_lo_swap1_critical12_p10_p22_drop_rank002_rank020_drop_f4339_add_f1813_drop_f1338_drop_f12652_add_f13060,1,1,20:12652,20:13060,11,22,11,"20:1813,20:6289,20:8754,20:8775,20:9135,20:9149,20:12704,20:13060,20:13622,20:14991,20:15169",A_drop1338,12652,13060,0.0,tie
lo_swap1_critical12_p10_p22_drop_rank002_rank020_drop_f4339_add_f1813_drop_f1338,prompt_delta_top33,swap1_critical11_lo_swap1_critical12_p10_p22_drop_rank002_rank020_drop_f4339_add_f1813_drop_f1338_drop_f12652_add_f6169,1,1,20:12652,20:6169,11,22,11,"20:1813,20:6169,20:6289,20:8754,20:8775,20:9135,20:9149,20:12704,20:13622,20:14991,20:15169",A_drop1338,12652,6169,-0.03125,fail
lo_swap1_critical12_p10_p22_drop_rank002_rank020_drop_f4339_add_f1813_drop_f1338,prompt_delta_top33,swap1_critical11_lo_swap1_critical12_p10_p22_drop_rank002_rank020_drop_f4339_add_f1813_drop_f1338_drop_f12652_add_f13882,1,1,20:12652,20:13882,11,22,11,"20:1813,20:6289,20:8754,20:8775,20:9135,20:9149,20:12704,20:13622,20:13882,20:14991,20:15169",A_drop1338,12652,13882,-0.015625,fail
lo_swap1_critical12_p10_p22_drop_rank002_rank020_drop_f4339_add_f1813_drop_f1338,prompt_delta_top33,swap1_critical11_lo_swap1_critical12_p10_p22_drop_rank002_rank020_drop_f4339_add_f1813_drop_f1338_drop_f12652_add_f9407,1,1,20:12652,20:9407,11,22,11,"20:1813,20:6289,20:8754,20:8775,20:9135,20:9149,20:9407,20:12704,20:13622,20:14991,20:15169",A_drop1338,12652,9407,-0.015625,fail
lo_swap1_critical12_p10_p22_drop_rank002_rank020_drop_f4339_add_f1813_drop_f1338,prompt_delta_top33,swap1_critical11_lo_swap1_critical12_p10_p22_drop_rank002_rank020_drop_f4339_add_f1813_drop_f1338_drop_f12652_add_f5355,1,1,20:12652,20:5355,11,22,11,"20:1813,20:5355,20:6289,20:8754,20:8775,20:9135,20:9149,20:12704,20:13622,20:14991,20:15169",A_drop1338,12652,5355,-0.03125,fail
lo_swap1_critical12_p10_p22_drop_rank002_rank020_drop_f4339_add_f1813_drop_f1338,prompt_delta_top33,swap1_critical11_lo_swap1_critical12_p10_p22_drop_rank002_rank020_drop_f4339_add_f1813_drop_f1338_drop_f12652_add_f3850,1,1,20:12652,20:3850,11,22,11,"20:1813,20:3850,20:6289,20:8754,20:8775,20:9135,20:9149,20:12704,20:13622,20:14991,20:15169",A_drop1338,12652,3850,-0.015625,fail
lo_swap1_critical12_p10_p22_drop_rank002_rank020_drop_f4339_add_f1813_drop_f1338,prompt_delta_top33,swap1_critical11_lo_swap1_critical12_p10_p22_drop_rank002_rank020_drop_f4339_add_f1813_drop_f1338_drop_f12652_add_f13854,1,1,20:12652,20:13854,11,22,11,"20:1813,20:6289,20:8754,20:8775,20:9135,20:9149,20:12704,20:13622,20:13854,20:14991,20:15169",A_drop1338,12652,13854,0.0,tie
lo_swap1_critical12_p10_p22_drop_rank002_rank020_drop_f4339_add_f1813_drop_f1338,prompt_delta_top33,swap1_critical11_lo_swap1_critical12_p10_p22_drop_rank002_rank020_drop_f4339_add_f1813_drop_f1338_drop_f12652_add_f7965,1,1,20:12652,20:7965,11,22,11,"20:1813,20:6289,20:7965,20:8754,20:8775,20:9135,20:9149,20:12704,20:13622,20:14991,20:15169",A_drop1338,12652,7965,-0.015625,fail
lo_swap1_critical12_p10_p22_drop_rank002_rank020_drop_f4339_add_f1813_drop_f1338,prompt_delta_top33,swap1_critical11_lo_swap1_critical12_p10_p22_drop_rank002_rank020_drop_f4339_add_f1813_drop_f1338_drop_f12652_add_f11414,1,1,20:12652,20:11414,11,22,11,"20:1813,20:6289,20:8754,20:8775,20:9135,20:9149,20:11414,20:12704,20:13622,20:14991,20:15169",A_drop1338,12652,11414,-0.015625,fail
lo_swap1_critical12_p10_p22_drop_rank002_rank020_drop_f4339_add_f1813_drop_f1338,prompt_delta_top33,swap1_critical11_lo_swap1_critical12_p10_p22_drop_rank002_rank020_drop_f4339_add_f1813_drop_f1338_drop_f12652_add_f4339,1,1,20:12652,20:4339,11,22,11,"20:1813,20:4339,20:6289,20:8754,20:8775,20:9135,20:9149,20:12704,20:13622,20:14991,20:15169",A_drop1338,12652,4339,0.0,tie
lo_swap1_critical12_p10_p22_drop_rank002_rank020_drop_f4339_add_f1813_drop_f1338,prompt_delta_top33,swap1_critical11_lo_swap1_critical12_p10_p22_drop_rank002_rank020_drop_f4339_add_f1813_drop_f1338_drop_f12652_add_f12002,1,1,20:12652,20:12002,11,22,11,"20:1813,20:6289,20:8754,20:8775,20:9135,20:9149,20:12002,20:12704,20:13622,20:14991,20:15169",A_drop1338,12652,12002,-0.015625,fail
lo_swap1_critical12_p10_p22_drop_rank002_rank020_drop_f4339_add_f1813_drop_f1338,prompt_delta_top33,swap1_critical11_lo_swap1_critical12_p10_p22_drop_rank002_rank020_drop_f4339_add_f1813_drop_f1338_drop_f12652_add_f9001,1,1,20:12652,20:9001,11,22,11,"20:1813,20:6289,20:8754,20:8775,20:9001,20:9135,20:9149,20:12704,20:13622,20:14991,20:15169",A_drop1338,12652,9001,-0.015625,fail
lo_swap1_critical12_p10_p22_drop_rank002_rank020_drop_f4339_add_f1813_drop_f1338,prompt_delta_top33,swap1_critical11_lo_swap1_critical12_p10_p22_drop_rank002_rank020_drop_f4339_add_f1813_drop_f1338_drop_f12652_add_f9024,1,1,20:12652,20:9024,11,22,11,"20:1813,20:6289,20:8754,20:8775,20:9024,20:9135,20:9149,20:12704,20:13622,20:14991,20:15169",A_drop1338,12652,9024,-0.03125,fail
lo_swap1_critical12_p10_p22_drop_rank002_rank020_drop_f4339_add_f1813_drop_f1338,prompt_delta_top33,swap1_critical11_lo_swap1_critical12_p10_p22_drop_rank002_rank020_drop_f4339_add_f1813_drop_f1338_drop_f12652_add_f4326,1,1,20:12652,20:4326,11,22,11,"20:1813,20:4326,20:6289,20:8754,20:8775,20:9135,20:9149,20:12704,20:13622,20:14991,20:15169",A_drop1338,12652,4326,-0.015625,fail
lo_swap1_critical12_p10_p22_drop_rank002_rank020_drop_f4339_add_f1813_drop_f1338,prompt_delta_top33,swap1_critical11_lo_swap1_critical12_p10_p22_drop_rank002_rank020_drop_f4339_add_f1813_drop_f1338_drop_f12652_add_f11545,1,1,20:12652,20:11545,11,22,11,"20:1813,20:6289,20:8754,20:8775,20:9135,20:9149,20:11545,20:12704,20:13622,20:14991,20:15169",A_drop1338,12652,11545,-0.015625,fail
lo_swap1_critical12_p10_p22_drop_rank002_rank020_drop_f4339_add_f1813_drop_f1338,prompt_delta_top33,swap1_critical11_lo_swap1_critical12_p10_p22_drop_rank002_rank020_drop_f4339_add_f1813_drop_f1338_drop_f12652_add_f7531,1,1,20:12652,20:7531,11,22,11,"20:1813,20:6289,20:7531,20:8754,20:8775,20:9135,20:9149,20:12704,20:13622,20:14991,20:15169",A_drop1338,12652,7531,0.0,tie
lo_swap1_critical12_p10_p22_drop_rank002_rank020_drop_f4339_add_f1813_drop_f1338,prompt_delta_top33,swap1_critical11_lo_swap1_critical12_p10_p22_drop_rank002_rank020_drop_f4339_add_f1813_drop_f1338_drop_f12652_add_f5990,1,1,20:12652,20:5990,11,22,11,"20:1813,20:5990,20:6289,20:8754,20:8775,20:9135,20:9149,20:12704,20:13622,20:14991,20:15169",A_drop1338,12652,5990,-0.03125,fail
lo_swap1_critical12_p10_p22_drop_rank002_rank020_drop_f4339_add_f1813_drop_f1338,prompt_delta_top33,swap1_critical11_lo_swap1_critical12_p10_p22_drop_rank002_rank020_drop_f4339_add_f1813_drop_f1338_drop_f12652_add_f1338,1,1,20:12652,20:1338,11,22,11,"20:1338,20:1813,20:6289,20:8754,20:8775,20:9135,20:9149,20:12704,20:13622,20:14991,20:15169",A_drop1338,12652,1338,0.0,tie
lo_swap1_critical12_p10_p22_drop_rank002_rank020_drop_f4339_add_f1813_drop_f1338,prompt_delta_top33,swap1_critical11_lo_swap1_critical12_p10_p22_drop_rank002_rank020_drop_f4339_add_f1813_drop_f1338_drop_f12652_add_f321,1,1,20:12652,20:321,11,22,11,"20:321,20:1813,20:6289,20:8754,20:8775,20:9135,20:9149,20:12704,20:13622,20:14991,20:15169",A_drop1338,12652,321,0.0,tie
lo_swap1_critical12_p10_p22_drop_rank002_rank020_drop_f4339_add_f1813_drop_f1338,prompt_delta_top33,swap1_critical11_lo_swap1_critical12_p10_p22_drop_rank002_rank020_drop_f4339_add_f1813_drop_f1338_drop_f12652_add_f12313,1,1,20:12652,20:12313,11,22,11,"20:1813,20:6289,20:8754,20:8775,20:9135,20:9149,20:12313,20:12704,20:13622,20:14991,20:15169",A_drop1338,12652,12313,0.0,tie
lo_swap1_critical12_p10_p22_drop_rank002_rank020_drop_f4339_add_f1813_drop_f1338,prompt_delta_top33,swap1_critical11_lo_swap1_critical12_p10_p22_drop_rank002_rank020_drop_f4339_add_f1813_drop_f1338_drop_f12652_add_f1100,1,1,20:12652,20:1100,11,22,11,"20:1100,20:1813,20:6289,20:8754,20:8775,20:9135,20:9149,20:12704,20:13622,20:14991,20:15169",A_drop1338,12652,1100,0.0,tie
lo_swap1_critical12_p10_p22_drop_rank002_rank020_drop_f4339_add_f1813_drop_f1338,prompt_delta_top33,swap1_critical11_lo_swap1_critical12_p10_p22_drop_rank002_rank020_drop_f4339_add_f1813_drop_f1338_drop_f12704_add_f12963,1,1,20:12704,20:12963,11,22,11,"20:1813,20:6289,20:8754,20:8775,20:9135,20:9149,20:12652,20:12963,20:13622,20:14991,20:15169",A_drop1338,12704,12963,-0.03125,fail
lo_swap1_critical12_p10_p22_drop_rank002_rank020_drop_f4339_add_f1813_drop_f1338,prompt_delta_top33,swap1_critical11_lo_swap1_critical12_p10_p22_drop_rank002_rank020_drop_f4339_add_f1813_drop_f1338_drop_f12704_add_f13060,1,1,20:12704,20:13060,11,22,11,"20:1813,20:6289,20:8754,20:8775,20:9135,20:9149,20:12652,20:13060,20:13622,20:14991,20:15169",A_drop1338,12704,13060,-0.015625,fail
lo_swap1_critical12_p10_p22_drop_rank002_rank020_drop_f4339_add_f1813_drop_f1338,prompt_delta_top33,swap1_critical11_lo_swap1_critical12_p10_p22_drop_rank002_rank020_drop_f4339_add_f1813_drop_f1338_drop_f12704_add_f6169,1,1,20:12704,20:6169,11,22,11,"20:1813,20:6169,20:6289,20:8754,20:8775,20:9135,20:9149,20:12652,20:13622,20:14991,20:15169",A_drop1338,12704,6169,-0.03125,fail
lo_swap1_critical12_p10_p22_drop_rank002_rank020_drop_f4339_add_f1813_drop_f1338,prompt_delta_top33,swap1_critical11_lo_swap1_critical12_p10_p22_drop_rank002_rank020_drop_f4339_add_f1813_drop_f1338_drop_f12704_add_f13882,1,1,20:12704,20:13882,11,22,11,"20:1813,20:6289,20:8754,20:8775,20:9135,20:9149,20:12652,20:13622,20:13882,20:14991,20:15169",A_drop1338,12704,13882,-0.03125,fail
lo_swap1_critical12_p10_p22_drop_rank002_rank020_drop_f4339_add_f1813_drop_f1338,prompt_delta_top33,swap1_critical11_lo_swap1_critical12_p10_p22_drop_rank002_rank020_drop_f4339_add_f1813_drop_f1338_drop_f12704_add_f9407,1,1,20:12704,20:9407,11,22,11,"20:1813,20:6289,20:8754,20:8775,20:9135,20:9149,20:9407,20:12652,20:13622,20:14991,20:15169",A_drop1338,12704,9407,-0.015625,fail
lo_swap1_critical12_p10_p22_drop_rank002_rank020_drop_f4339_add_f1813_drop_f1338,prompt_delta_top33,swap1_critical11_lo_swap1_critical12_p10_p22_drop_rank002_rank020_drop_f4339_add_f1813_drop_f1338_drop_f12704_add_f5355,1,1,20:12704,20:5355,11,22,11,"20:1813,20:5355,20:6289,20:8754,20:8775,20:9135,20:9149,20:12652,20:13622,20:14991,20:15169",A_drop1338,12704,5355,-0.03125,fail
lo_swap1_critical12_p10_p22_drop_rank002_rank020_drop_f4339_add_f1813_drop_f1338,prompt_delta_top33,swap1_critical11_lo_swap1_critical12_p10_p22_drop_rank002_rank020_drop_f4339_add_f1813_drop_f1338_drop_f12704_add_f3850,1,1,20:12704,20:3850,11,22,11,"20:1813,20:3850,20:6289,20:8754,20:8775,20:9135,20:9149,20:12652,20:13622,20:14991,20:15169",A_drop1338,12704,3850,-0.015625,fail
lo_swap1_critical12_p10_p22_drop_rank002_rank020_drop_f4339_add_f1813_drop_f1338,prompt_delta_top33,swap1_critical11_lo_swap1_critical12_p10_p22_drop_rank002_rank020_drop_f4339_add_f1813_drop_f1338_drop_f12704_add_f13854,1,1,20:12704,20:13854,11,22,11,"20:1813,20:6289,20:8754,20:8775,20:9135,20:9149,20:12652,20:13622,20:13854,20:14991,20:15169",A_drop1338,12704,13854,0.0,tie
lo_swap1_critical12_p10_p22_drop_rank002_rank020_drop_f4339_add_f1813_drop_f1338,prompt_delta_top33,swap1_critical11_lo_swap1_critical12_p10_p22_drop_rank002_rank020_drop_f4339_add_f1813_drop_f1338_drop_f12704_add_f7965,1,1,20:12704,20:7965,11,22,11,"20:1813,20:6289,20:7965,20:8754,20:8775,20:9135,20:9149,20:12652,20:13622,20:14991,20:15169",A_drop1338,12704,7965,-0.03125,fail
lo_swap1_critical12_p10_p22_drop_rank002_rank020_drop_f4339_add_f1813_drop_f1338,prompt_delta_top33,swap1_critical11_lo_swap1_critical12_p10_p22_drop_rank002_rank020_drop_f4339_add_f1813_drop_f1338_drop_f12704_add_f11414,1,1,20:12704,20:11414,11,22,11,"20:1813,20:6289,20:8754,20:8775,20:9135,20:9149,20:11414,20:12652,20:13622,20:14991,20:15169",A_drop1338,12704,11414,-0.03125,fail
lo_swap1_critical12_p10_p22_drop_rank002_rank020_drop_f4339_add_f1813_drop_f1338,prompt_delta_top33,swap1_critical11_lo_swap1_critical12_p10_p22_drop_rank002_rank020_drop_f4339_add_f1813_drop_f1338_drop_f12704_add_f4339,1,1,20:12704,20:4339,11,22,11,"20:1813,20:4339,20:6289,20:8754,20:8775,20:9135,20:9149,20:12652,20:13622,20:14991,20:15169",A_drop1338,12704,4339,-0.03125,fail
lo_swap1_critical12_p10_p22_drop_rank002_rank020_drop_f4339_add_f1813_drop_f1338,prompt_delta_top33,swap1_critical11_lo_swap1_critical12_p10_p22_drop_rank002_rank020_drop_f4339_add_f1813_drop_f1338_drop_f12704_add_f12002,1,1,20:12704,20:12002,11,22,11,"20:1813,20:6289,20:8754,20:8775,20:9135,20:9149,20:12002,20:12652,20:13622,20:14991,20:15169",A_drop1338,12704,12002,-0.03125,fail
lo_swap1_critical12_p10_p22_drop_rank002_rank020_drop_f4339_add_f1813_drop_f1338,prompt_delta_top33,swap1_critical11_lo_swap1_critical12_p10_p22_drop_rank002_rank020_drop_f4339_add_f1813_drop_f1338_drop_f12704_add_f9001,1,1,20:12704,20:9001,11,22,11,"20:1813,20:6289,20:8754,20:8775,20:9001,20:9135,20:9149,20:12652,20:13622,20:14991,20:15169",A_drop1338,12704,9001,-0.03125,fail
lo_swap1_critical12_p10_p22_drop_rank002_rank020_drop_f4339_add_f1813_drop_f1338,prompt_delta_top33,swap1_critical11_lo_swap1_critical12_p10_p22_drop_rank002_rank020_drop_f4339_add_f1813_drop_f1338_drop_f12704_add_f9024,1,1,20:12704,20:9024,11,22,11,"20:1813,20:6289,20:8754,20:8775,20:9024,20:9135,20:9149,20:12652,20:13622,20:14991,20:15169",A_drop1338,12704,9024,-0.046875,fail
lo_swap1_critical12_p10_p22_drop_rank002_rank020_drop_f4339_add_f1813_drop_f1338,prompt_delta_top33,swap1_critical11_lo_swap1_critical12_p10_p22_drop_rank002_rank020_drop_f4339_add_f1813_drop_f1338_drop_f12704_add_f4326,1,1,20:12704,20:4326,11,22,11,"20:1813,20:4326,20:6289,20:8754,20:8775,20:9135,20:9149,20:12652,20:13622,20:14991,20:15169",A_drop1338,12704,4326,-0.03125,fail
lo_swap1_critical12_p10_p22_drop_rank002_rank020_drop_f4339_add_f1813_drop_f1338,prompt_delta_top33,swap1_critical11_lo_swap1_critical12_p10_p22_drop_rank002_rank020_drop_f4339_add_f1813_drop_f1338_drop_f12704_add_f11545,1,1,20:12704,20:11545,11,22,11,"20:1813,20:6289,20:8754,20:8775,20:9135,20:9149,20:11545,20:12652,20:13622,20:14991,20:15169",A_drop1338,12704,11545,-0.03125,fail
lo_swap1_critical12_p10_p22_drop_rank002_rank020_drop_f4339_add_f1813_drop_f1338,prompt_delta_top33,swap1_critical11_lo_swap1_critical12_p10_p22_drop_rank002_rank020_drop_f4339_add_f1813_drop_f1338_drop_f12704_add_f7531,1,1,20:12704,20:7531,11,22,11,"20:1813,20:6289,20:7531,20:8754,20:8775,20:9135,20:9149,20:12652,20:13622,20:14991,20:15169",A_drop1338,12704,7531,-0.03125,fail
lo_swap1_critical12_p10_p22_drop_rank002_rank020_drop_f4339_add_f1813_drop_f1338,prompt_delta_top33,swap1_critical11_lo_swap1_critical12_p10_p22_drop_rank002_rank020_drop_f4339_add_f1813_drop_f1338_drop_f12704_add_f5990,1,1,20:12704,20:5990,11,22,11,"20:1813,20:5990,20:6289,20:8754,20:8775,20:9135,20:9149,20:12652,20:13622,20:14991,20:15169",A_drop1338,12704,5990,-0.03125,fail
lo_swap1_critical12_p10_p22_drop_rank002_rank020_drop_f4339_add_f1813_drop_f1338,prompt_delta_top33,swap1_critical11_lo_swap1_critical12_p10_p22_drop_rank002_rank020_drop_f4339_add_f1813_drop_f1338_drop_f12704_add_f1338,1,1,20:12704,20:1338,11,22,11,"20:1338,20:1813,20:6289,20:8754,20:8775,20:9135,20:9149,20:12652,20:13622,20:14991,20:15169",A_drop1338,12704,1338,-0.015625,fail
lo_swap1_critical12_p10_p22_drop_rank002_rank020_drop_f4339_add_f1813_drop_f1338,prompt_delta_top33,swap1_critical11_lo_swap1_critical12_p10_p22_drop_rank002_rank020_drop_f4339_add_f1813_drop_f1338_drop_f12704_add_f321,1,1,20:12704,20:321,11,22,11,"20:321,20:1813,20:6289,20:8754,20:8775,20:9135,20:9149,20:12652,20:13622,20:14991,20:15169",A_drop1338,12704,321,-0.03125,fail
lo_swap1_critical12_p10_p22_drop_rank002_rank020_drop_f4339_add_f1813_drop_f1338,prompt_delta_top33,swap1_critical11_lo_swap1_critical12_p10_p22_drop_rank002_rank020_drop_f4339_add_f1813_drop_f1338_drop_f12704_add_f12313,1,1,20:12704,20:12313,11,22,11,"20:1813,20:6289,20:8754,20:8775,20:9135,20:9149,20:12313,20:12652,20:13622,20:14991,20:15169",A_drop1338,12704,12313,-0.03125,fail
lo_swap1_critical12_p10_p22_drop_rank002_rank020_drop_f4339_add_f1813_drop_f1338,prompt_delta_top33,swap1_critical11_lo_swap1_critical12_p10_p22_drop_rank002_rank020_drop_f4339_add_f1813_drop_f1338_drop_f12704_add_f1100,1,1,20:12704,20:1100,11,22,11,"20:1100,20:1813,20:6289,20:8754,20:8775,20:9135,20:9149,20:12652,20:13622,20:14991,20:15169",A_drop1338,12704,1100,-0.015625,fail
lo_swap1_critical12_p10_p22_drop_rank002_rank020_drop_f4339_add_f1813_drop_f1338,prompt_delta_top33,swap1_critical11_lo_swap1_critical12_p10_p22_drop_rank002_rank020_drop_f4339_add_f1813_drop_f1338_drop_f13622_add_f12963,1,1,20:13622,20:12963,11,22,11,"20:1813,20:6289,20:8754,20:8775,20:9135,20:9149,20:12652,20:12704,20:12963,20:14991,20:15169",A_drop1338,13622,12963,0.0,tie
lo_swap1_critical12_p10_p22_drop_rank002_rank020_drop_f4339_add_f1813_drop_f1338,prompt_delta_top33,swap1_critical11_lo_swap1_critical12_p10_p22_drop_rank002_rank020_drop_f4339_add_f1813_drop_f1338_drop_f13622_add_f13060,1,1,20:13622,20:13060,11,22,11,"20:1813,20:6289,20:8754,20:8775,20:9135,20:9149,20:12652,20:12704,20:13060,20:14991,20:15169",A_drop1338,13622,13060,-0.015625,fail
lo_swap1_critical12_p10_p22_drop_rank002_rank020_drop_f4339_add_f1813_drop_f1338,prompt_delta_top33,swap1_critical11_lo_swap1_critical12_p10_p22_drop_rank002_rank020_drop_f4339_add_f1813_drop_f1338_drop_f13622_add_f6169,1,1,20:13622,20:6169,11,22,11,"20:1813,20:6169,20:6289,20:8754,20:8775,20:9135,20:9149,20:12652,20:12704,20:14991,20:15169",A_drop1338,13622,6169,-0.03125,fail
lo_swap1_critical12_p10_p22_drop_rank002_rank020_drop_f4339_add_f1813_drop_f1338,prompt_delta_top33,swap1_critical11_lo_swap1_critical12_p10_p22_drop_rank002_rank020_drop_f4339_add_f1813_drop_f1338_drop_f13622_add_f13882,1,1,20:13622,20:13882,11,22,11,"20:1813,20:6289,20:8754,20:8775,20:9135,20:9149,20:12652,20:12704,20:13882,20:14991,20:15169",A_drop1338,13622,13882,0.0,tie
lo_swap1_critical12_p10_p22_drop_rank002_rank020_drop_f4339_add_f1813_drop_f1338,prompt_delta_top33,swap1_critical11_lo_swap1_critical12_p10_p22_drop_rank002_rank020_drop_f4339_add_f1813_drop_f1338_drop_f13622_add_f9407,1,1,20:13622,20:9407,11,22,11,"20:1813,20:6289,20:8754,20:8775,20:9135,20:9149,20:9407,20:12652,20:12704,20:14991,20:15169",A_drop1338,13622,9407,0.0,tie
lo_swap1_critical12_p10_p22_drop_rank002_rank020_drop_f4339_add_f1813_drop_f1338,prompt_delta_top33,swap1_critical11_lo_swap1_critical12_p10_p22_drop_rank002_rank020_drop_f4339_add_f1813_drop_f1338_drop_f13622_add_f5355,1,1,20:13622,20:5355,11,22,11,"20:1813,20:5355,20:6289,20:8754,20:8775,20:9135,20:9149,20:12652,20:12704,20:14991,20:15169",A_drop1338,13622,5355,-0.015625,fail
lo_swap1_critical12_p10_p22_drop_rank002_rank020_drop_f4339_add_f1813_drop_f1338,prompt_delta_top33,swap1_critical11_lo_swap1_critical12_p10_p22_drop_rank002_rank020_drop_f4339_add_f1813_drop_f1338_drop_f13622_add_f3850,1,1,20:13622,20:3850,11,22,11,"20:1813,20:3850,20:6289,20:8754,20:8775,20:9135,20:9149,20:12652,20:12704,20:14991,20:15169",A_drop1338,13622,3850,-0.015625,fail
lo_swap1_critical12_p10_p22_drop_rank002_rank020_drop_f4339_add_f1813_drop_f1338,prompt_delta_top33,swap1_critical11_lo_swap1_critical12_p10_p22_drop_rank002_rank020_drop_f4339_add_f1813_drop_f1338_drop_f13622_add_f13854,1,1,20:13622,20:13854,11,22,11,"20:1813,20:6289,20:8754,20:8775,20:9135,20:9149,20:12652,20:12704,20:13854,20:14991,20:15169",A_drop1338,13622,13854,0.0,tie
lo_swap1_critical12_p10_p22_drop_rank002_rank020_drop_f4339_add_f1813_drop_f1338,prompt_delta_top33,swap1_critical11_lo_swap1_critical12_p10_p22_drop_rank002_rank020_drop_f4339_add_f1813_drop_f1338_drop_f13622_add_f7965,1,1,20:13622,20:7965,11,22,11,"20:1813,20:6289,20:7965,20:8754,20:8775,20:9135,20:9149,20:12652,20:12704,20:14991,20:15169",A_drop1338,13622,7965,-0.03125,fail
lo_swap1_critical12_p10_p22_drop_rank002_rank020_drop_f4339_add_f1813_drop_f1338,prompt_delta_top33,swap1_critical11_lo_swap1_critical12_p10_p22_drop_rank002_rank020_drop_f4339_add_f1813_drop_f1338_drop_f13622_add_f11414,1,1,20:13622,20:11414,11,22,11,"20:1813,20:6289,20:8754,20:8775,20:9135,20:9149,20:11414,20:12652,20:12704,20:14991,20:15169",A_drop1338,13622,11414,0.0,tie
lo_swap1_critical12_p10_p22_drop_rank002_rank020_drop_f4339_add_f1813_drop_f1338,prompt_delta_top33,swap1_critical11_lo_swap1_critical12_p10_p22_drop_rank002_rank020_drop_f4339_add_f1813_drop_f1338_drop_f13622_add_f4339,1,1,20:13622,20:4339,11,22,11,"20:1813,20:4339,20:6289,20:8754,20:8775,20:9135,20:9149,20:12652,20:12704,20:14991,20:15169",A_drop1338,13622,4339,-0.015625,fail
lo_swap1_critical12_p10_p22_drop_rank002_rank020_drop_f4339_add_f1813_drop_f1338,prompt_delta_top33,swap1_critical11_lo_swap1_critical12_p10_p22_drop_rank002_rank020_drop_f4339_add_f1813_drop_f1338_drop_f13622_add_f12002,1,1,20:13622,20:12002,11,22,11,"20:1813,20:6289,20:8754,20:8775,20:9135,20:9149,20:12002,20:12652,20:12704,20:14991,20:15169",A_drop1338,13622,12002,-0.015625,fail
lo_swap1_critical12_p10_p22_drop_rank002_rank020_drop_f4339_add_f1813_drop_f1338,prompt_delta_top33,swap1_critical11_lo_swap1_critical12_p10_p22_drop_rank002_rank020_drop_f4339_add_f1813_drop_f1338_drop_f13622_add_f9001,1,1,20:13622,20:9001,11,22,11,"20:1813,20:6289,20:8754,20:8775,20:9001,20:9135,20:9149,20:12652,20:12704,20:14991,20:15169",A_drop1338,13622,9001,-0.015625,fail
lo_swap1_critical12_p10_p22_drop_rank002_rank020_drop_f4339_add_f1813_drop_f1338,prompt_delta_top33,swap1_critical11_lo_swap1_critical12_p10_p22_drop_rank002_rank020_drop_f4339_add_f1813_drop_f1338_drop_f13622_add_f9024,1,1,20:13622,20:9024,11,22,11,"20:1813,20:6289,20:8754,20:8775,20:9024,20:9135,20:9149,20:12652,20:12704,20:14991,20:15169",A_drop1338,13622,9024,-0.015625,fail
lo_swap1_critical12_p10_p22_drop_rank002_rank020_drop_f4339_add_f1813_drop_f1338,prompt_delta_top33,swap1_critical11_lo_swap1_critical12_p10_p22_drop_rank002_rank020_drop_f4339_add_f1813_drop_f1338_drop_f13622_add_f4326,1,1,20:13622,20:4326,11,22,11,"20:1813,20:4326,20:6289,20:8754,20:8775,20:9135,20:9149,20:12652,20:12704,20:14991,20:15169",A_drop1338,13622,4326,0.0,tie
lo_swap1_critical12_p10_p22_drop_rank002_rank020_drop_f4339_add_f1813_drop_f1338,prompt_delta_top33,swap1_critical11_lo_swap1_critical12_p10_p22_drop_rank002_rank020_drop_f4339_add_f1813_drop_f1338_drop_f13622_add_f11545,1,1,20:13622,20:11545,11,22,11,"20:1813,20:6289,20:8754,20:8775,20:9135,20:9149,20:11545,20:12652,20:12704,20:14991,20:15169",A_drop1338,13622,11545,-0.015625,fail
lo_swap1_critical12_p10_p22_drop_rank002_rank020_drop_f4339_add_f1813_drop_f1338,prompt_delta_top33,swap1_critical11_lo_swap1_critical12_p10_p22_drop_rank002_rank020_drop_f4339_add_f1813_drop_f1338_drop_f13622_add_f7531,1,1,20:13622,20:7531,11,22,11,"20:1813,20:6289,20:7531,20:8754,20:8775,20:9135,20:9149,20:12652,20:12704,20:14991,20:15169",A_drop1338,13622,7531,0.0,tie
lo_swap1_critical12_p10_p22_drop_rank002_rank020_drop_f4339_add_f1813_drop_f1338,prompt_delta_top33,swap1_critical11_lo_swap1_critical12_p10_p22_drop_rank002_rank020_drop_f4339_add_f1813_drop_f1338_drop_f13622_add_f5990,1,1,20:13622,20:5990,11,22,11,"20:1813,20:5990,20:6289,20:8754,20:8775,20:9135,20:9149,20:12652,20:12704,20:14991,20:15169",A_drop1338,13622,5990,0.0,tie
lo_swap1_critical12_p10_p22_drop_rank002_rank020_drop_f4339_add_f1813_drop_f1338,prompt_delta_top33,swap1_critical11_lo_swap1_critical12_p10_p22_drop_rank002_rank020_drop_f4339_add_f1813_drop_f1338_drop_f13622_add_f1338,1,1,20:13622,20:1338,11,22,11,"20:1338,20:1813,20:6289,20:8754,20:8775,20:9135,20:9149,20:12652,20:12704,20:14991,20:15169",A_drop1338,13622,1338,0.0,tie
lo_swap1_critical12_p10_p22_drop_rank002_rank020_drop_f4339_add_f1813_drop_f1338,prompt_delta_top33,swap1_critical11_lo_swap1_critical12_p10_p22_drop_rank002_rank020_drop_f4339_add_f1813_drop_f1338_drop_f13622_add_f321,1,1,20:13622,20:321,11,22,11,"20:321,20:1813,20:6289,20:8754,20:8775,20:9135,20:9149,20:12652,20:12704,20:14991,20:15169",A_drop1338,13622,321,0.0,tie
lo_swap1_critical12_p10_p22_drop_rank002_rank020_drop_f4339_add_f1813_drop_f1338,prompt_delta_top33,swap1_critical11_lo_swap1_critical12_p10_p22_drop_rank002_rank020_drop_f4339_add_f1813_drop_f1338_drop_f13622_add_f12313,1,1,20:13622,20:12313,11,22,11,"20:1813,20:6289,20:8754,20:8775,20:9135,20:9149,20:12313,20:12652,20:12704,20:14991,20:15169",A_drop1338,13622,12313,-0.015625,fail
lo_swap1_critical12_p10_p22_drop_rank002_rank020_drop_f4339_add_f1813_drop_f1338,prompt_delta_top33,swap1_critical11_lo_swap1_critical12_p10_p22_drop_rank002_rank020_drop_f4339_add_f1813_drop_f1338_drop_f13622_add_f1100,1,1,20:13622,20:1100,11,22,11,"20:1100,20:1813,20:6289,20:8754,20:8775,20:9135,20:9149,20:12652,20:12704,20:14991,20:15169",A_drop1338,13622,1100,0.0,tie
lo_swap1_critical12_p10_p22_drop_rank002_rank020_drop_f4339_add_f1813_drop_f1338,prompt_delta_top33,swap1_critical11_lo_swap1_critical12_p10_p22_drop_rank002_rank020_drop_f4339_add_f1813_drop_f1338_drop_f14991_add_f12963,1,1,20:14991,20:12963,11,22,11,"20:1813,20:6289,20:8754,20:8775,20:9135,20:9149,20:12652,20:12704,20:12963,20:13622,20:15169",A_drop1338,14991,12963,-0.046875,fail
lo_swap1_critical12_p10_p22_drop_rank002_rank020_drop_f4339_add_f1813_drop_f1338,prompt_delta_top33,swap1_critical11_lo_swap1_critical12_p10_p22_drop_rank002_rank020_drop_f4339_add_f1813_drop_f1338_drop_f14991_add_f13060,1,1,20:14991,20:13060,11,22,11,"20:1813,20:6289,20:8754,20:8775,20:9135,20:9149,20:12652,20:12704,20:13060,20:13622,20:15169",A_drop1338,14991,13060,-0.046875,fail
lo_swap1_critical12_p10_p22_drop_rank002_rank020_drop_f4339_add_f1813_drop_f1338,prompt_delta_top33,swap1_critical11_lo_swap1_critical12_p10_p22_drop_rank002_rank020_drop_f4339_add_f1813_drop_f1338_drop_f14991_add_f6169,1,1,20:14991,20:6169,11,22,11,"20:1813,20:6169,20:6289,20:8754,20:8775,20:9135,20:9149,20:12652,20:12704,20:13622,20:15169",A_drop1338,14991,6169,-0.078125,fail
lo_swap1_critical12_p10_p22_drop_rank002_rank020_drop_f4339_add_f1813_drop_f1338,prompt_delta_top33,swap1_critical11_lo_swap1_critical12_p10_p22_drop_rank002_rank020_drop_f4339_add_f1813_drop_f1338_drop_f14991_add_f13882,1,1,20:14991,20:13882,11,22,11,"20:1813,20:6289,20:8754,20:8775,20:9135,20:9149,20:12652,20:12704,20:13622,20:13882,20:15169",A_drop1338,14991,13882,-0.046875,fail
lo_swap1_critical12_p10_p22_drop_rank002_rank020_drop_f4339_add_f1813_drop_f1338,prompt_delta_top33,swap1_critical11_lo_swap1_critical12_p10_p22_drop_rank002_rank020_drop_f4339_add_f1813_drop_f1338_drop_f14991_add_f9407,1,1,20:14991,20:9407,11,22,11,"20:1813,20:6289,20:8754,20:8775,20:9135,20:9149,20:9407,20:12652,20:12704,20:13622,20:15169",A_drop1338,14991,9407,-0.046875,fail
lo_swap1_critical12_p10_p22_drop_rank002_rank020_drop_f4339_add_f1813_drop_f1338,prompt_delta_top33,swap1_critical11_lo_swap1_critical12_p10_p22_drop_rank002_rank020_drop_f4339_add_f1813_drop_f1338_drop_f14991_add_f5355,1,1,20:14991,20:5355,11,22,11,"20:1813,20:5355,20:6289,20:8754,20:8775,20:9135,20:9149,20:12652,20:12704,20:13622,20:15169",A_drop1338,14991,5355,-0.046875,fail
lo_swap1_critical12_p10_p22_drop_rank002_rank020_drop_f4339_add_f1813_drop_f1338,prompt_delta_top33,swap1_critical11_lo_swap1_critical12_p10_p22_drop_rank002_rank020_drop_f4339_add_f1813_drop_f1338_drop_f14991_add_f3850,1,1,20:14991,20:3850,11,22,11,"20:1813,20:3850,20:6289,20:8754,20:8775,20:9135,20:9149,20:12652,20:12704,20:13622,20:15169",A_drop1338,14991,3850,-0.046875,fail
lo_swap1_critical12_p10_p22_drop_rank002_rank020_drop_f4339_add_f1813_drop_f1338,prompt_delta_top33,swap1_critical11_lo_swap1_critical12_p10_p22_drop_rank002_rank020_drop_f4339_add_f1813_drop_f1338_drop_f14991_add_f13854,1,1,20:14991,20:13854,11,22,11,"20:1813,20:6289,20:8754,20:8775,20:9135,20:9149,20:12652,20:12704,20:13622,20:13854,20:15169",A_drop1338,14991,13854,-0.03125,fail
lo_swap1_critical12_p10_p22_drop_rank002_rank020_drop_f4339_add_f1813_drop_f1338,prompt_delta_top33,swap1_critical11_lo_swap1_critical12_p10_p22_drop_rank002_rank020_drop_f4339_add_f1813_drop_f1338_drop_f14991_add_f7965,1,1,20:14991,20:7965,11,22,11,"20:1813,20:6289,20:7965,20:8754,20:8775,20:9135,20:9149,20:12652,20:12704,20:13622,20:15169",A_drop1338,14991,7965,-0.046875,fail
lo_swap1_critical12_p10_p22_drop_rank002_rank020_drop_f4339_add_f1813_drop_f1338,prompt_delta_top33,swap1_critical11_lo_swap1_critical12_p10_p22_drop_rank002_rank020_drop_f4339_add_f1813_drop_f1338_drop_f14991_add_f11414,1,1,20:14991,20:11414,11,22,11,"20:1813,20:6289,20:8754,20:8775,20:9135,20:9149,20:11414,20:12652,20:12704,20:13622,20:15169",A_drop1338,14991,11414,-0.0625,fail
lo_swap1_critical12_p10_p22_drop_rank002_rank020_drop_f4339_add_f1813_drop_f1338,prompt_delta_top33,swap1_critical11_lo_swap1_critical12_p10_p22_drop_rank002_rank020_drop_f4339_add_f1813_drop_f1338_drop_f14991_add_f4339,1,1,20:14991,20:4339,11,22,11,"20:1813,20:4339,20:6289,20:8754,20:8775,20:9135,20:9149,20:12652,20:12704,20:13622,20:15169",A_drop1338,14991,4339,-0.046875,fail
lo_swap1_critical12_p10_p22_drop_rank002_rank020_drop_f4339_add_f1813_drop_f1338,prompt_delta_top33,swap1_critical11_lo_swap1_critical12_p10_p22_drop_rank002_rank020_drop_f4339_add_f1813_drop_f1338_drop_f14991_add_f12002,1,1,20:14991,20:12002,11,22,11,"20:1813,20:6289,20:8754,20:8775,20:9135,20:9149,20:12002,20:12652,20:12704,20:13622,20:15169",A_drop1338,14991,12002,-0.046875,fail
lo_swap1_critical12_p10_p22_drop_rank002_rank020_drop_f4339_add_f1813_drop_f1338,prompt_delta_top33,swap1_critical11_lo_swap1_critical12_p10_p22_drop_rank002_rank020_drop_f4339_add_f1813_drop_f1338_drop_f14991_add_f9001,1,1,20:14991,20:9001,11,22,11,"20:1813,20:6289,20:8754,20:8775,20:9001,20:9135,20:9149,20:12652,20:12704,20:13622,20:15169",A_drop1338,14991,9001,-0.046875,fail
lo_swap1_critical12_p10_p22_drop_rank002_rank020_drop_f4339_add_f1813_drop_f1338,prompt_delta_top33,swap1_critical11_lo_swap1_critical12_p10_p22_drop_rank002_rank020_drop_f4339_add_f1813_drop_f1338_drop_f14991_add_f9024,1,1,20:14991,20:9024,11,22,11,"20:1813,20:6289,20:8754,20:8775,20:9024,20:9135,20:9149,20:12652,20:12704,20:13622,20:15169",A_drop1338,14991,9024,-0.046875,fail
lo_swap1_critical12_p10_p22_drop_rank002_rank020_drop_f4339_add_f1813_drop_f1338,prompt_delta_top33,swap1_critical11_lo_swap1_critical12_p10_p22_drop_rank002_rank020_drop_f4339_add_f1813_drop_f1338_drop_f14991_add_f4326,1,1,20:14991,20:4326,11,22,11,"20:1813,20:4326,20:6289,20:8754,20:8775,20:9135,20:9149,20:12652,20:12704,20:13622,20:15169",A_drop1338,14991,4326,-0.046875,fail
lo_swap1_critical12_p10_p22_drop_rank002_rank020_drop_f4339_add_f1813_drop_f1338,prompt_delta_top33,swap1_critical11_lo_swap1_critical12_p10_p22_drop_rank002_rank020_drop_f4339_add_f1813_drop_f1338_drop_f14991_add_f11545,1,1,20:14991,20:11545,11,22,11,"20:1813,20:6289,20:8754,20:8775,20:9135,20:9149,20:11545,20:12652,20:12704,20:13622,20:15169",A_drop1338,14991,11545,-0.0625,fail
lo_swap1_critical12_p10_p22_drop_rank002_rank020_drop_f4339_add_f1813_drop_f1338,prompt_delta_top33,swap1_critical11_lo_swap1_critical12_p10_p22_drop_rank002_rank020_drop_f4339_add_f1813_drop_f1338_drop_f14991_add_f7531,1,1,20:14991,20:7531,11,22,11,"20:1813,20:6289,20:7531,20:8754,20:8775,20:9135,20:9149,20:12652,20:12704,20:13622,20:15169",A_drop1338,14991,7531,-0.046875,fail
lo_swap1_critical12_p10_p22_drop_rank002_rank020_drop_f4339_add_f1813_drop_f1338,prompt_delta_top33,swap1_critical11_lo_swap1_critical12_p10_p22_drop_rank002_rank020_drop_f4339_add_f1813_drop_f1338_drop_f14991_add_f5990,1,1,20:14991,20:5990,11,22,11,"20:1813,20:5990,20:6289,20:8754,20:8775,20:9135,20:9149,20:12652,20:12704,20:13622,20:15169",A_drop1338,14991,5990,-0.0625,fail
lo_swap1_critical12_p10_p22_drop_rank002_rank020_drop_f4339_add_f1813_drop_f1338,prompt_delta_top33,swap1_critical11_lo_swap1_critical12_p10_p22_drop_rank002_rank020_drop_f4339_add_f1813_drop_f1338_drop_f14991_add_f1338,1,1,20:14991,20:1338,11,22,11,"20:1338,20:1813,20:6289,20:8754,20:8775,20:9135,20:9149,20:12652,20:12704,20:13622,20:15169",A_drop1338,14991,1338,-0.03125,fail
lo_swap1_critical12_p10_p22_drop_rank002_rank020_drop_f4339_add_f1813_drop_f1338,prompt_delta_top33,swap1_critical11_lo_swap1_critical12_p10_p22_drop_rank002_rank020_drop_f4339_add_f1813_drop_f1338_drop_f14991_add_f321,1,1,20:14991,20:321,11,22,11,"20:321,20:1813,20:6289,20:8754,20:8775,20:9135,20:9149,20:12652,20:12704,20:13622,20:15169",A_drop1338,14991,321,-0.046875,fail
lo_swap1_critical12_p10_p22_drop_rank002_rank020_drop_f4339_add_f1813_drop_f1338,prompt_delta_top33,swap1_critical11_lo_swap1_critical12_p10_p22_drop_rank002_rank020_drop_f4339_add_f1813_drop_f1338_drop_f14991_add_f12313,1,1,20:14991,20:12313,11,22,11,"20:1813,20:6289,20:8754,20:8775,20:9135,20:9149,20:12313,20:12652,20:12704,20:13622,20:15169",A_drop1338,14991,12313,-0.046875,fail
lo_swap1_critical12_p10_p22_drop_rank002_rank020_drop_f4339_add_f1813_drop_f1338,prompt_delta_top33,swap1_critical11_lo_swap1_critical12_p10_p22_drop_rank002_rank020_drop_f4339_add_f1813_drop_f1338_drop_f14991_add_f1100,1,1,20:14991,20:1100,11,22,11,"20:1100,20:1813,20:6289,20:8754,20:8775,20:9135,20:9149,20:12652,20:12704,20:13622,20:15169",A_drop1338,14991,1100,-0.03125,fail
lo_swap1_critical12_p10_p22_drop_rank002_rank020_drop_f4339_add_f1813_drop_f1338,prompt_delta_top33,swap1_critical11_lo_swap1_critical12_p10_p22_drop_rank002_rank020_drop_f4339_add_f1813_drop_f1338_drop_f15169_add_f12963,1,1,20:15169,20:12963,11,22,11,"20:1813,20:6289,20:8754,20:8775,20:9135,20:9149,20:12652,20:12704,20:12963,20:13622,20:14991",A_drop1338,15169,12963,-0.40625,fail
lo_swap1_critical12_p10_p22_drop_rank002_rank020_drop_f4339_add_f1813_drop_f1338,prompt_delta_top33,swap1_critical11_lo_swap1_critical12_p10_p22_drop_rank002_rank020_drop_f4339_add_f1813_drop_f1338_drop_f15169_add_f13060,1,1,20:15169,20:13060,11,22,11,"20:1813,20:6289,20:8754,20:8775,20:9135,20:9149,20:12652,20:12704,20:13060,20:13622,20:14991",A_drop1338,15169,13060,-0.40625,fail
lo_swap1_critical12_p10_p22_drop_rank002_rank020_drop_f4339_add_f1813_drop_f1338,prompt_delta_top33,swap1_critical11_lo_swap1_critical12_p10_p22_drop_rank002_rank020_drop_f4339_add_f1813_drop_f1338_drop_f15169_add_f6169,1,1,20:15169,20:6169,11,22,11,"20:1813,20:6169,20:6289,20:8754,20:8775,20:9135,20:9149,20:12652,20:12704,20:13622,20:14991",A_drop1338,15169,6169,-0.421875,fail
lo_swap1_critical12_p10_p22_drop_rank002_rank020_drop_f4339_add_f1813_drop_f1338,prompt_delta_top33,swap1_critical11_lo_swap1_critical12_p10_p22_drop_rank002_rank020_drop_f4339_add_f1813_drop_f1338_drop_f15169_add_f13882,1,1,20:15169,20:13882,11,22,11,"20:1813,20:6289,20:8754,20:8775,20:9135,20:9149,20:12652,20:12704,20:13622,20:13882,20:14991",A_drop1338,15169,13882,-0.40625,fail
lo_swap1_critical12_p10_p22_drop_rank002_rank020_drop_f4339_add_f1813_drop_f1338,prompt_delta_top33,swap1_critical11_lo_swap1_critical12_p10_p22_drop_rank002_rank020_drop_f4339_add_f1813_drop_f1338_drop_f15169_add_f9407,1,1,20:15169,20:9407,11,22,11,"20:1813,20:6289,20:8754,20:8775,20:9135,20:9149,20:9407,20:12652,20:12704,20:13622,20:14991",A_drop1338,15169,9407,-0.40625,fail
lo_swap1_critical12_p10_p22_drop_rank002_rank020_drop_f4339_add_f1813_drop_f1338,prompt_delta_top33,swap1_critical11_lo_swap1_critical12_p10_p22_drop_rank002_rank020_drop_f4339_add_f1813_drop_f1338_drop_f15169_add_f5355,1,1,20:15169,20:5355,11,22,11,"20:1813,20:5355,20:6289,20:8754,20:8775,20:9135,20:9149,20:12652,20:12704,20:13622,20:14991",A_drop1338,15169,5355,-0.421875,fail
lo_swap1_critical12_p10_p22_drop_rank002_rank020_drop_f4339_add_f1813_drop_f1338,prompt_delta_top33,swap1_critical11_lo_swap1_critical12_p10_p22_drop_rank002_rank020_drop_f4339_add_f1813_drop_f1338_drop_f15169_add_f3850,1,1,20:15169,20:3850,11,22,11,"20:1813,20:3850,20:6289,20:8754,20:8775,20:9135,20:9149,20:12652,20:12704,20:13622,20:14991",A_drop1338,15169,3850,-0.40625,fail
lo_swap1_critical12_p10_p22_drop_rank002_rank020_drop_f4339_add_f1813_drop_f1338,prompt_delta_top33,swap1_critical11_lo_swap1_critical12_p10_p22_drop_rank002_rank020_drop_f4339_add_f1813_drop_f1338_drop_f15169_add_f13854,1,1,20:15169,20:13854,11,22,11,"20:1813,20:6289,20:8754,20:8775,20:9135,20:9149,20:12652,20:12704,20:13622,20:13854,20:14991",A_drop1338,15169,13854,-0.390625,fail
lo_swap1_critical12_p10_p22_drop_rank002_rank020_drop_f4339_add_f1813_drop_f1338,prompt_delta_top33,swap1_critical11_lo_swap1_critical12_p10_p22_drop_rank002_rank020_drop_f4339_add_f1813_drop_f1338_drop_f15169_add_f7965,1,1,20:15169,20:7965,11,22,11,"20:1813,20:6289,20:7965,20:8754,20:8775,20:9135,20:9149,20:12652,20:12704,20:13622,20:14991",A_drop1338,15169,7965,-0.421875,fail
lo_swap1_critical12_p10_p22_drop_rank002_rank020_drop_f4339_add_f1813_drop_f1338,prompt_delta_top33,swap1_critical11_lo_swap1_critical12_p10_p22_drop_rank002_rank020_drop_f4339_add_f1813_drop_f1338_drop_f15169_add_f11414,1,1,20:15169,20:11414,11,22,11,"20:1813,20:6289,20:8754,20:8775,20:9135,20:9149,20:11414,20:12652,20:12704,20:13622,20:14991",A_drop1338,15169,11414,-0.421875,fail
lo_swap1_critical12_p10_p22_drop_rank002_rank020_drop_f4339_add_f1813_drop_f1338,prompt_delta_top33,swap1_critical11_lo_swap1_critical12_p10_p22_drop_rank002_rank020_drop_f4339_add_f1813_drop_f1338_drop_f15169_add_f4339,1,1,20:15169,20:4339,11,22,11,"20:1813,20:4339,20:6289,20:8754,20:8775,20:9135,20:9149,20:12652,20:12704,20:13622,20:14991",A_drop1338,15169,4339,-0.40625,fail
lo_swap1_critical12_p10_p22_drop_rank002_rank020_drop_f4339_add_f1813_drop_f1338,prompt_delta_top33,swap1_critical11_lo_swap1_critical12_p10_p22_drop_rank002_rank020_drop_f4339_add_f1813_drop_f1338_drop_f15169_add_f12002,1,1,20:15169,20:12002,11,22,11,"20:1813,20:6289,20:8754,20:8775,20:9135,20:9149,20:12002,20:12652,20:12704,20:13622,20:14991",A_drop1338,15169,12002,-0.40625,fail
lo_swap1_critical12_p10_p22_drop_rank002_rank020_drop_f4339_add_f1813_drop_f1338,prompt_delta_top33,swap1_critical11_lo_swap1_critical12_p10_p22_drop_rank002_rank020_drop_f4339_add_f1813_drop_f1338_drop_f15169_add_f9001,1,1,20:15169,20:9001,11,22,11,"20:1813,20:6289,20:8754,20:8775,20:9001,20:9135,20:9149,20:12652,20:12704,20:13622,20:14991",A_drop1338,15169,9001,-0.40625,fail
lo_swap1_critical12_p10_p22_drop_rank002_rank020_drop_f4339_add_f1813_drop_f1338,prompt_delta_top33,swap1_critical11_lo_swap1_critical12_p10_p22_drop_rank002_rank020_drop_f4339_add_f1813_drop_f1338_drop_f15169_add_f9024,1,1,20:15169,20:9024,11,22,11,"20:1813,20:6289,20:8754,20:8775,20:9024,20:9135,20:9149,20:12652,20:12704,20:13622,20:14991",A_drop1338,15169,9024,-0.421875,fail
lo_swap1_critical12_p10_p22_drop_rank002_rank020_drop_f4339_add_f1813_drop_f1338,prompt_delta_top33,swap1_critical11_lo_swap1_critical12_p10_p22_drop_rank002_rank020_drop_f4339_add_f1813_drop_f1338_drop_f15169_add_f4326,1,1,20:15169,20:4326,11,22,11,"20:1813,20:4326,20:6289,20:8754,20:8775,20:9135,20:9149,20:12652,20:12704,20:13622,20:14991",A_drop1338,15169,4326,-0.40625,fail
lo_swap1_critical12_p10_p22_drop_rank002_rank020_drop_f4339_add_f1813_drop_f1338,prompt_delta_top33,swap1_critical11_lo_swap1_critical12_p10_p22_drop_rank002_rank020_drop_f4339_add_f1813_drop_f1338_drop_f15169_add_f11545,1,1,20:15169,20:11545,11,22,11,"20:1813,20:6289,20:8754,20:8775,20:9135,20:9149,20:11545,20:12652,20:12704,20:13622,20:14991",A_drop1338,15169,11545,-0.421875,fail
lo_swap1_critical12_p10_p22_drop_rank002_rank020_drop_f4339_add_f1813_drop_f1338,prompt_delta_top33,swap1_critical11_lo_swap1_critical12_p10_p22_drop_rank002_rank020_drop_f4339_add_f1813_drop_f1338_drop_f15169_add_f7531,1,1,20:15169,20:7531,11,22,11,"20:1813,20:6289,20:7531,20:8754,20:8775,20:9135,20:9149,20:12652,20:12704,20:13622,20:14991",A_drop1338,15169,7531,-0.40625,fail
lo_swap1_critical12_p10_p22_drop_rank002_rank020_drop_f4339_add_f1813_drop_f1338,prompt_delta_top33,swap1_critical11_lo_swap1_critical12_p10_p22_drop_rank002_rank020_drop_f4339_add_f1813_drop_f1338_drop_f15169_add_f5990,1,1,20:15169,20:5990,11,22,11,"20:1813,20:5990,20:6289,20:8754,20:8775,20:9135,20:9149,20:12652,20:12704,20:13622,20:14991",A_drop1338,15169,5990,-0.421875,fail
lo_swap1_critical12_p10_p22_drop_rank002_rank020_drop_f4339_add_f1813_drop_f1338,prompt_delta_top33,swap1_critical11_lo_swap1_critical12_p10_p22_drop_rank002_rank020_drop_f4339_add_f1813_drop_f1338_drop_f15169_add_f1338,1,1,20:15169,20:1338,11,22,11,"20:1338,20:1813,20:6289,20:8754,20:8775,20:9135,20:9149,20:12652,20:12704,20:13622,20:14991",A_drop1338,15169,1338,-0.40625,fail
lo_swap1_critical12_p10_p22_drop_rank002_rank020_drop_f4339_add_f1813_drop_f1338,prompt_delta_top33,swap1_critical11_lo_swap1_critical12_p10_p22_drop_rank002_rank020_drop_f4339_add_f1813_drop_f1338_drop_f15169_add_f321,1,1,20:15169,20:321,11,22,11,"20:321,20:1813,20:6289,20:8754,20:8775,20:9135,20:9149,20:12652,20:12704,20:13622,20:14991",A_drop1338,15169,321,-0.421875,fail
lo_swap1_critical12_p10_p22_drop_rank002_rank020_drop_f4339_add_f1813_drop_f1338,prompt_delta_top33,swap1_critical11_lo_swap1_critical12_p10_p22_drop_rank002_rank020_drop_f4339_add_f1813_drop_f1338_drop_f15169_add_f12313,1,1,20:15169,20:12313,11,22,11,"20:1813,20:6289,20:8754,20:8775,20:9135,20:9149,20:12313,20:12652,20:12704,20:13622,20:14991",A_drop1338,15169,12313,-0.40625,fail
lo_swap1_critical12_p10_p22_drop_rank002_rank020_drop_f4339_add_f1813_drop_f1338,prompt_delta_top33,swap1_critical11_lo_swap1_critical12_p10_p22_drop_rank002_rank020_drop_f4339_add_f1813_drop_f1338_drop_f15169_add_f1100,1,1,20:15169,20:1100,11,22,11,"20:1100,20:1813,20:6289,20:8754,20:8775,20:9135,20:9149,20:12652,20:12704,20:13622,20:14991",A_drop1338,15169,1100,-0.390625,fail
lo_swap1_critical12_p10_p22_drop_rank002_rank020_drop_f4339_add_f1813_drop_f8775,prompt_delta_top33,swap1_critical11_lo_swap1_critical12_p10_p22_drop_rank002_rank020_drop_f4339_add_f1813_drop_f8775_drop_f1338_add_f8775,1,1,20:1338,20:8775,11,22,11,"20:1813,20:6289,20:8754,20:8775,20:9135,20:9149,20:12652,20:12704,20:13622,20:14991,20:15169",B_drop8775,1338,8775,0.015625,pass
lo_swap1_critical12_p10_p22_drop_rank002_rank020_drop_f4339_add_f1813_drop_f8775,prompt_delta_top33,swap1_critical11_lo_swap1_critical12_p10_p22_drop_rank002_rank020_drop_f4339_add_f1813_drop_f8775_drop_f1813_add_f12963,1,1,20:1813,20:12963,11,22,11,"20:1338,20:6289,20:8754,20:9135,20:9149,20:12652,20:12704,20:12963,20:13622,20:14991,20:15169",B_drop8775,1813,12963,-0.015625,fail
lo_swap1_critical12_p10_p22_drop_rank002_rank020_drop_f4339_add_f1813_drop_f8775,prompt_delta_top33,swap1_critical11_lo_swap1_critical12_p10_p22_drop_rank002_rank020_drop_f4339_add_f1813_drop_f8775_drop_f1813_add_f13060,1,1,20:1813,20:13060,11,22,11,"20:1338,20:6289,20:8754,20:9135,20:9149,20:12652,20:12704,20:13060,20:13622,20:14991,20:15169",B_drop8775,1813,13060,0.0,tie
lo_swap1_critical12_p10_p22_drop_rank002_rank020_drop_f4339_add_f1813_drop_f8775,prompt_delta_top33,swap1_critical11_lo_swap1_critical12_p10_p22_drop_rank002_rank020_drop_f4339_add_f1813_drop_f8775_drop_f1813_add_f6169,1,1,20:1813,20:6169,11,22,11,"20:1338,20:6169,20:6289,20:8754,20:9135,20:9149,20:12652,20:12704,20:13622,20:14991,20:15169",B_drop8775,1813,6169,-0.03125,fail
lo_swap1_critical12_p10_p22_drop_rank002_rank020_drop_f4339_add_f1813_drop_f8775,prompt_delta_top33,swap1_critical11_lo_swap1_critical12_p10_p22_drop_rank002_rank020_drop_f4339_add_f1813_drop_f8775_drop_f1813_add_f13882,1,1,20:1813,20:13882,11,22,11,"20:1338,20:6289,20:8754,20:9135,20:9149,20:12652,20:12704,20:13622,20:13882,20:14991,20:15169",B_drop8775,1813,13882,-0.015625,fail
lo_swap1_critical12_p10_p22_drop_rank002_rank020_drop_f4339_add_f1813_drop_f8775,prompt_delta_top33,swap1_critical11_lo_swap1_critical12_p10_p22_drop_rank002_rank020_drop_f4339_add_f1813_drop_f8775_drop_f1813_add_f9407,1,1,20:1813,20:9407,11,22,11,"20:1338,20:6289,20:8754,20:9135,20:9149,20:9407,20:12652,20:12704,20:13622,20:14991,20:15169",B_drop8775,1813,9407,-0.015625,fail
lo_swap1_critical12_p10_p22_drop_rank002_rank020_drop_f4339_add_f1813_drop_f8775,prompt_delta_top33,swap1_critical11_lo_swap1_critical12_p10_p22_drop_rank002_rank020_drop_f4339_add_f1813_drop_f8775_drop_f1813_add_f5355,1,1,20:1813,20:5355,11,22,11,"20:1338,20:5355,20:6289,20:8754,20:9135,20:9149,20:12652,20:12704,20:13622,20:14991,20:15169",B_drop8775,1813,5355,-0.015625,fail
lo_swap1_critical12_p10_p22_drop_rank002_rank020_drop_f4339_add_f1813_drop_f8775,prompt_delta_top33,swap1_critical11_lo_swap1_critical12_p10_p22_drop_rank002_rank020_drop_f4339_add_f1813_drop_f8775_drop_f1813_add_f3850,1,1,20:1813,20:3850,11,22,11,"20:1338,20:3850,20:6289,20:8754,20:9135,20:9149,20:12652,20:12704,20:13622,20:14991,20:15169",B_drop8775,1813,3850,0.0,tie
lo_swap1_critical12_p10_p22_drop_rank002_rank020_drop_f4339_add_f1813_drop_f8775,prompt_delta_top33,swap1_critical11_lo_swap1_critical12_p10_p22_drop_rank002_rank020_drop_f4339_add_f1813_drop_f8775_drop_f1813_add_f13854,1,1,20:1813,20:13854,11,22,11,"20:1338,20:6289,20:8754,20:9135,20:9149,20:12652,20:12704,20:13622,20:13854,20:14991,20:15169",B_drop8775,1813,13854,0.0,tie
lo_swap1_critical12_p10_p22_drop_rank002_rank020_drop_f4339_add_f1813_drop_f8775,prompt_delta_top33,swap1_critical11_lo_swap1_critical12_p10_p22_drop_rank002_rank020_drop_f4339_add_f1813_drop_f8775_drop_f1813_add_f7965,1,1,20:1813,20:7965,11,22,11,"20:1338,20:6289,20:7965,20:8754,20:9135,20:9149,20:12652,20:12704,20:13622,20:14991,20:15169",B_drop8775,1813,7965,-0.015625,fail
lo_swap1_critical12_p10_p22_drop_rank002_rank020_drop_f4339_add_f1813_drop_f8775,prompt_delta_top33,swap1_critical11_lo_swap1_critical12_p10_p22_drop_rank002_rank020_drop_f4339_add_f1813_drop_f8775_drop_f1813_add_f11414,1,1,20:1813,20:11414,11,22,11,"20:1338,20:6289,20:8754,20:9135,20:9149,20:11414,20:12652,20:12704,20:13622,20:14991,20:15169",B_drop8775,1813,11414,-0.03125,fail
lo_swap1_critical12_p10_p22_drop_rank002_rank020_drop_f4339_add_f1813_drop_f8775,prompt_delta_top33,swap1_critical11_lo_swap1_critical12_p10_p22_drop_rank002_rank020_drop_f4339_add_f1813_drop_f8775_drop_f1813_add_f4339,1,1,20:1813,20:4339,11,22,11,"20:1338,20:4339,20:6289,20:8754,20:9135,20:9149,20:12652,20:12704,20:13622,20:14991,20:15169",B_drop8775,1813,4339,0.0,tie
lo_swap1_critical12_p10_p22_drop_rank002_rank020_drop_f4339_add_f1813_drop_f8775,prompt_delta_top33,swap1_critical11_lo_swap1_critical12_p10_p22_drop_rank002_rank020_drop_f4339_add_f1813_drop_f8775_drop_f1813_add_f12002,1,1,20:1813,20:12002,11,22,11,"20:1338,20:6289,20:8754,20:9135,20:9149,20:12002,20:12652,20:12704,20:13622,20:14991,20:15169",B_drop8775,1813,12002,0.0,tie
lo_swap1_critical12_p10_p22_drop_rank002_rank020_drop_f4339_add_f1813_drop_f8775,prompt_delta_top33,swap1_critical11_lo_swap1_critical12_p10_p22_drop_rank002_rank020_drop_f4339_add_f1813_drop_f8775_drop_f1813_add_f9001,1,1,20:1813,20:9001,11,22,11,"20:1338,20:6289,20:8754,20:9001,20:9135,20:9149,20:12652,20:12704,20:13622,20:14991,20:15169",B_drop8775,1813,9001,-0.015625,fail
lo_swap1_critical12_p10_p22_drop_rank002_rank020_drop_f4339_add_f1813_drop_f8775,prompt_delta_top33,swap1_critical11_lo_swap1_critical12_p10_p22_drop_rank002_rank020_drop_f4339_add_f1813_drop_f8775_drop_f1813_add_f9024,1,1,20:1813,20:9024,11,22,11,"20:1338,20:6289,20:8754,20:9024,20:9135,20:9149,20:12652,20:12704,20:13622,20:14991,20:15169",B_drop8775,1813,9024,-0.03125,fail
lo_swap1_critical12_p10_p22_drop_rank002_rank020_drop_f4339_add_f1813_drop_f8775,prompt_delta_top33,swap1_critical11_lo_swap1_critical12_p10_p22_drop_rank002_rank020_drop_f4339_add_f1813_drop_f8775_drop_f1813_add_f4326,1,1,20:1813,20:4326,11,22,11,"20:1338,20:4326,20:6289,20:8754,20:9135,20:9149,20:12652,20:12704,20:13622,20:14991,20:15169",B_drop8775,1813,4326,-0.015625,fail
lo_swap1_critical12_p10_p22_drop_rank002_rank020_drop_f4339_add_f1813_drop_f8775,prompt_delta_top33,swap1_critical11_lo_swap1_critical12_p10_p22_drop_rank002_rank020_drop_f4339_add_f1813_drop_f8775_drop_f1813_add_f11545,1,1,20:1813,20:11545,11,22,11,"20:1338,20:6289,20:8754,20:9135,20:9149,20:11545,20:12652,20:12704,20:13622,20:14991,20:15169",B_drop8775,1813,11545,-0.03125,fail
lo_swap1_critical12_p10_p22_drop_rank002_rank020_drop_f4339_add_f1813_drop_f8775,prompt_delta_top33,swap1_critical11_lo_swap1_critical12_p10_p22_drop_rank002_rank020_drop_f4339_add_f1813_drop_f8775_drop_f1813_add_f7531,1,1,20:1813,20:7531,11,22,11,"20:1338,20:6289,20:7531,20:8754,20:9135,20:9149,20:12652,20:12704,20:13622,20:14991,20:15169",B_drop8775,1813,7531,0.0,tie
lo_swap1_critical12_p10_p22_drop_rank002_rank020_drop_f4339_add_f1813_drop_f8775,prompt_delta_top33,swap1_critical11_lo_swap1_critical12_p10_p22_drop_rank002_rank020_drop_f4339_add_f1813_drop_f8775_drop_f1813_add_f5990,1,1,20:1813,20:5990,11,22,11,"20:1338,20:5990,20:6289,20:8754,20:9135,20:9149,20:12652,20:12704,20:13622,20:14991,20:15169",B_drop8775,1813,5990,-0.015625,fail
lo_swap1_critical12_p10_p22_drop_rank002_rank020_drop_f4339_add_f1813_drop_f8775,prompt_delta_top33,swap1_critical11_lo_swap1_critical12_p10_p22_drop_rank002_rank020_drop_f4339_add_f1813_drop_f8775_drop_f1813_add_f321,1,1,20:1813,20:321,11,22,11,"20:321,20:1338,20:6289,20:8754,20:9135,20:9149,20:12652,20:12704,20:13622,20:14991,20:15169",B_drop8775,1813,321,0.0,tie
lo_swap1_critical12_p10_p22_drop_rank002_rank020_drop_f4339_add_f1813_drop_f8775,prompt_delta_top33,swap1_critical11_lo_swap1_critical12_p10_p22_drop_rank002_rank020_drop_f4339_add_f1813_drop_f8775_drop_f1813_add_f12313,1,1,20:1813,20:12313,11,22,11,"20:1338,20:6289,20:8754,20:9135,20:9149,20:12313,20:12652,20:12704,20:13622,20:14991,20:15169",B_drop8775,1813,12313,0.0,tie
lo_swap1_critical12_p10_p22_drop_rank002_rank020_drop_f4339_add_f1813_drop_f8775,prompt_delta_top33,swap1_critical11_lo_swap1_critical12_p10_p22_drop_rank002_rank020_drop_f4339_add_f1813_drop_f8775_drop_f1813_add_f1100,1,1,20:1813,20:1100,11,22,11,"20:1100,20:1338,20:6289,20:8754,20:9135,20:9149,20:12652,20:12704,20:13622,20:14991,20:15169",B_drop8775,1813,1100,0.0,tie
lo_swap1_critical12_p10_p22_drop_rank002_rank020_drop_f4339_add_f1813_drop_f8775,prompt_delta_top33,swap1_critical11_lo_swap1_critical12_p10_p22_drop_rank002_rank020_drop_f4339_add_f1813_drop_f8775_drop_f6289_add_f12963,1,1,20:6289,20:12963,11,22,11,"20:1338,20:1813,20:8754,20:9135,20:9149,20:12652,20:12704,20:12963,20:13622,20:14991,20:15169",B_drop8775,6289,12963,0.0,tie
lo_swap1_critical12_p10_p22_drop_rank002_rank020_drop_f4339_add_f1813_drop_f8775,prompt_delta_top33,swap1_critical11_lo_swap1_critical12_p10_p22_drop_rank002_rank020_drop_f4339_add_f1813_drop_f8775_drop_f6289_add_f13060,1,1,20:6289,20:13060,11,22,11,"20:1338,20:1813,20:8754,20:9135,20:9149,20:12652,20:12704,20:13060,20:13622,20:14991,20:15169",B_drop8775,6289,13060,0.0,tie
lo_swap1_critical12_p10_p22_drop_rank002_rank020_drop_f4339_add_f1813_drop_f8775,prompt_delta_top33,swap1_critical11_lo_swap1_critical12_p10_p22_drop_rank002_rank020_drop_f4339_add_f1813_drop_f8775_drop_f6289_add_f6169,1,1,20:6289,20:6169,11,22,11,"20:1338,20:1813,20:6169,20:8754,20:9135,20:9149,20:12652,20:12704,20:13622,20:14991,20:15169",B_drop8775,6289,6169,-0.015625,fail
lo_swap1_critical12_p10_p22_drop_rank002_rank020_drop_f4339_add_f1813_drop_f8775,prompt_delta_top33,swap1_critical11_lo_swap1_critical12_p10_p22_drop_rank002_rank020_drop_f4339_add_f1813_drop_f8775_drop_f6289_add_f13882,1,1,20:6289,20:13882,11,22,11,"20:1338,20:1813,20:8754,20:9135,20:9149,20:12652,20:12704,20:13622,20:13882,20:14991,20:15169",B_drop8775,6289,13882,0.0,tie
lo_swap1_critical12_p10_p22_drop_rank002_rank020_drop_f4339_add_f1813_drop_f8775,prompt_delta_top33,swap1_critical11_lo_swap1_critical12_p10_p22_drop_rank002_rank020_drop_f4339_add_f1813_drop_f8775_drop_f6289_add_f9407,1,1,20:6289,20:9407,11,22,11,"20:1338,20:1813,20:8754,20:9135,20:9149,20:9407,20:12652,20:12704,20:13622,20:14991,20:15169",B_drop8775,6289,9407,0.0,tie
lo_swap1_critical12_p10_p22_drop_rank002_rank020_drop_f4339_add_f1813_drop_f8775,prompt_delta_top33,swap1_critical11_lo_swap1_critical12_p10_p22_drop_rank002_rank020_drop_f4339_add_f1813_drop_f8775_drop_f6289_add_f5355,1,1,20:6289,20:5355,11,22,11,"20:1338,20:1813,20:5355,20:8754,20:9135,20:9149,20:12652,20:12704,20:13622,20:14991,20:15169",B_drop8775,6289,5355,0.0,tie
lo_swap1_critical12_p10_p22_drop_rank002_rank020_drop_f4339_add_f1813_drop_f8775,prompt_delta_top33,swap1_critical11_lo_swap1_critical12_p10_p22_drop_rank002_rank020_drop_f4339_add_f1813_drop_f8775_drop_f6289_add_f3850,1,1,20:6289,20:3850,11,22,11,"20:1338,20:1813,20:3850,20:8754,20:9135,20:9149,20:12652,20:12704,20:13622,20:14991,20:15169",B_drop8775,6289,3850,0.0,tie
lo_swap1_critical12_p10_p22_drop_rank002_rank020_drop_f4339_add_f1813_drop_f8775,prompt_delta_top33,swap1_critical11_lo_swap1_critical12_p10_p22_drop_rank002_rank020_drop_f4339_add_f1813_drop_f8775_drop_f6289_add_f13854,1,1,20:6289,20:13854,11,22,11,"20:1338,20:1813,20:8754,20:9135,20:9149,20:12652,20:12704,20:13622,20:13854,20:14991,20:15169",B_drop8775,6289,13854,0.0,tie
lo_swap1_critical12_p10_p22_drop_rank002_rank020_drop_f4339_add_f1813_drop_f8775,prompt_delta_top33,swap1_critical11_lo_swap1_critical12_p10_p22_drop_rank002_rank020_drop_f4339_add_f1813_drop_f8775_drop_f6289_add_f7965,1,1,20:6289,20:7965,11,22,11,"20:1338,20:1813,20:7965,20:8754,20:9135,20:9149,20:12652,20:12704,20:13622,20:14991,20:15169",B_drop8775,6289,7965,0.0,tie
lo_swap1_critical12_p10_p22_drop_rank002_rank020_drop_f4339_add_f1813_drop_f8775,prompt_delta_top33,swap1_critical11_lo_swap1_critical12_p10_p22_drop_rank002_rank020_drop_f4339_add_f1813_drop_f8775_drop_f6289_add_f11414,1,1,20:6289,20:11414,11,22,11,"20:1338,20:1813,20:8754,20:9135,20:9149,20:11414,20:12652,20:12704,20:13622,20:14991,20:15169",B_drop8775,6289,11414,-0.015625,fail
lo_swap1_critical12_p10_p22_drop_rank002_rank020_drop_f4339_add_f1813_drop_f8775,prompt_delta_top33,swap1_critical11_lo_swap1_critical12_p10_p22_drop_rank002_rank020_drop_f4339_add_f1813_drop_f8775_drop_f6289_add_f4339,1,1,20:6289,20:4339,11,22,11,"20:1338,20:1813,20:4339,20:8754,20:9135,20:9149,20:12652,20:12704,20:13622,20:14991,20:15169",B_drop8775,6289,4339,0.0,tie
lo_swap1_critical12_p10_p22_drop_rank002_rank020_drop_f4339_add_f1813_drop_f8775,prompt_delta_top33,swap1_critical11_lo_swap1_critical12_p10_p22_drop_rank002_rank020_drop_f4339_add_f1813_drop_f8775_drop_f6289_add_f12002,1,1,20:6289,20:12002,11,22,11,"20:1338,20:1813,20:8754,20:9135,20:9149,20:12002,20:12652,20:12704,20:13622,20:14991,20:15169",B_drop8775,6289,12002,0.0,tie
lo_swap1_critical12_p10_p22_drop_rank002_rank020_drop_f4339_add_f1813_drop_f8775,prompt_delta_top33,swap1_critical11_lo_swap1_critical12_p10_p22_drop_rank002_rank020_drop_f4339_add_f1813_drop_f8775_drop_f6289_add_f9001,1,1,20:6289,20:9001,11,22,11,"20:1338,20:1813,20:8754,20:9001,20:9135,20:9149,20:12652,20:12704,20:13622,20:14991,20:15169",B_drop8775,6289,9001,0.0,tie
lo_swap1_critical12_p10_p22_drop_rank002_rank020_drop_f4339_add_f1813_drop_f8775,prompt_delta_top33,swap1_critical11_lo_swap1_critical12_p10_p22_drop_rank002_rank020_drop_f4339_add_f1813_drop_f8775_drop_f6289_add_f9024,1,1,20:6289,20:9024,11,22,11,"20:1338,20:1813,20:8754,20:9024,20:9135,20:9149,20:12652,20:12704,20:13622,20:14991,20:15169",B_drop8775,6289,9024,0.0,tie
lo_swap1_critical12_p10_p22_drop_rank002_rank020_drop_f4339_add_f1813_drop_f8775,prompt_delta_top33,swap1_critical11_lo_swap1_critical12_p10_p22_drop_rank002_rank020_drop_f4339_add_f1813_drop_f8775_drop_f6289_add_f4326,1,1,20:6289,20:4326,11,22,11,"20:1338,20:1813,20:4326,20:8754,20:9135,20:9149,20:12652,20:12704,20:13622,20:14991,20:15169",B_drop8775,6289,4326,0.0,tie
lo_swap1_critical12_p10_p22_drop_rank002_rank020_drop_f4339_add_f1813_drop_f8775,prompt_delta_top33,swap1_critical11_lo_swap1_critical12_p10_p22_drop_rank002_rank020_drop_f4339_add_f1813_drop_f8775_drop_f6289_add_f11545,1,1,20:6289,20:11545,11,22,11,"20:1338,20:1813,20:8754,20:9135,20:9149,20:11545,20:12652,20:12704,20:13622,20:14991,20:15169",B_drop8775,6289,11545,0.0,tie
lo_swap1_critical12_p10_p22_drop_rank002_rank020_drop_f4339_add_f1813_drop_f8775,prompt_delta_top33,swap1_critical11_lo_swap1_critical12_p10_p22_drop_rank002_rank020_drop_f4339_add_f1813_drop_f8775_drop_f6289_add_f7531,1,1,20:6289,20:7531,11,22,11,"20:1338,20:1813,20:7531,20:8754,20:9135,20:9149,20:12652,20:12704,20:13622,20:14991,20:15169",B_drop8775,6289,7531,0.015625,pass
lo_swap1_critical12_p10_p22_drop_rank002_rank020_drop_f4339_add_f1813_drop_f8775,prompt_delta_top33,swap1_critical11_lo_swap1_critical12_p10_p22_drop_rank002_rank020_drop_f4339_add_f1813_drop_f8775_drop_f6289_add_f5990,1,1,20:6289,20:5990,11,22,11,"20:1338,20:1813,20:5990,20:8754,20:9135,20:9149,20:12652,20:12704,20:13622,20:14991,20:15169",B_drop8775,6289,5990,-0.015625,fail
lo_swap1_critical12_p10_p22_drop_rank002_rank020_drop_f4339_add_f1813_drop_f8775,prompt_delta_top33,swap1_critical11_lo_swap1_critical12_p10_p22_drop_rank002_rank020_drop_f4339_add_f1813_drop_f8775_drop_f6289_add_f321,1,1,20:6289,20:321,11,22,11,"20:321,20:1338,20:1813,20:8754,20:9135,20:9149,20:12652,20:12704,20:13622,20:14991,20:15169",B_drop8775,6289,321,0.0,tie
lo_swap1_critical12_p10_p22_drop_rank002_rank020_drop_f4339_add_f1813_drop_f8775,prompt_delta_top33,swap1_critical11_lo_swap1_critical12_p10_p22_drop_rank002_rank020_drop_f4339_add_f1813_drop_f8775_drop_f6289_add_f12313,1,1,20:6289,20:12313,11,22,11,"20:1338,20:1813,20:8754,20:9135,20:9149,20:12313,20:12652,20:12704,20:13622,20:14991,20:15169",B_drop8775,6289,12313,0.0,tie
lo_swap1_critical12_p10_p22_drop_rank002_rank020_drop_f4339_add_f1813_drop_f8775,prompt_delta_top33,swap1_critical11_lo_swap1_critical12_p10_p22_drop_rank002_rank020_drop_f4339_add_f1813_drop_f8775_drop_f6289_add_f1100,1,1,20:6289,20:1100,11,22,11,"20:1100,20:1338,20:1813,20:8754,20:9135,20:9149,20:12652,20:12704,20:13622,20:14991,20:15169",B_drop8775,6289,1100,0.0,tie
lo_swap1_critical12_p10_p22_drop_rank002_rank020_drop_f4339_add_f1813_drop_f8775,prompt_delta_top33,swap1_critical11_lo_swap1_critical12_p10_p22_drop_rank002_rank020_drop_f4339_add_f1813_drop_f8775_drop_f8754_add_f12963,1,1,20:8754,20:12963,11,22,11,"20:1338,20:1813,20:6289,20:9135,20:9149,20:12652,20:12704,20:12963,20:13622,20:14991,20:15169",B_drop8775,8754,12963,-0.015625,fail
lo_swap1_critical12_p10_p22_drop_rank002_rank020_drop_f4339_add_f1813_drop_f8775,prompt_delta_top33,swap1_critical11_lo_swap1_critical12_p10_p22_drop_rank002_rank020_drop_f4339_add_f1813_drop_f8775_drop_f8754_add_f13060,1,1,20:8754,20:13060,11,22,11,"20:1338,20:1813,20:6289,20:9135,20:9149,20:12652,20:12704,20:13060,20:13622,20:14991,20:15169",B_drop8775,8754,13060,0.0,tie
lo_swap1_critical12_p10_p22_drop_rank002_rank020_drop_f4339_add_f1813_drop_f8775,prompt_delta_top33,swap1_critical11_lo_swap1_critical12_p10_p22_drop_rank002_rank020_drop_f4339_add_f1813_drop_f8775_drop_f8754_add_f6169,1,1,20:8754,20:6169,11,22,11,"20:1338,20:1813,20:6169,20:6289,20:9135,20:9149,20:12652,20:12704,20:13622,20:14991,20:15169",B_drop8775,8754,6169,-0.015625,fail
lo_swap1_critical12_p10_p22_drop_rank002_rank020_drop_f4339_add_f1813_drop_f8775,prompt_delta_top33,swap1_critical11_lo_swap1_critical12_p10_p22_drop_rank002_rank020_drop_f4339_add_f1813_drop_f8775_drop_f8754_add_f13882,1,1,20:8754,20:13882,11,22,11,"20:1338,20:1813,20:6289,20:9135,20:9149,20:12652,20:12704,20:13622,20:13882,20:14991,20:15169",B_drop8775,8754,13882,0.0,tie
lo_swap1_critical12_p10_p22_drop_rank002_rank020_drop_f4339_add_f1813_drop_f8775,prompt_delta_top33,swap1_critical11_lo_swap1_critical12_p10_p22_drop_rank002_rank020_drop_f4339_add_f1813_drop_f8775_drop_f8754_add_f9407,1,1,20:8754,20:9407,11,22,11,"20:1338,20:1813,20:6289,20:9135,20:9149,20:9407,20:12652,20:12704,20:13622,20:14991,20:15169",B_drop8775,8754,9407,0.0,tie
lo_swap1_critical12_p10_p22_drop_rank002_rank020_drop_f4339_add_f1813_drop_f8775,prompt_delta_top33,swap1_critical11_lo_swap1_critical12_p10_p22_drop_rank002_rank020_drop_f4339_add_f1813_drop_f8775_drop_f8754_add_f5355,1,1,20:8754,20:5355,11,22,11,"20:1338,20:1813,20:5355,20:6289,20:9135,20:9149,20:12652,20:12704,20:13622,20:14991,20:15169",B_drop8775,8754,5355,0.0,tie
lo_swap1_critical12_p10_p22_drop_rank002_rank020_drop_f4339_add_f1813_drop_f8775,prompt_delta_top33,swap1_critical11_lo_swap1_critical12_p10_p22_drop_rank002_rank020_drop_f4339_add_f1813_drop_f8775_drop_f8754_add_f3850,1,1,20:8754,20:3850,11,22,11,"20:1338,20:1813,20:3850,20:6289,20:9135,20:9149,20:12652,20:12704,20:13622,20:14991,20:15169",B_drop8775,8754,3850,0.0,tie
lo_swap1_critical12_p10_p22_drop_rank002_rank020_drop_f4339_add_f1813_drop_f8775,prompt_delta_top33,swap1_critical11_lo_swap1_critical12_p10_p22_drop_rank002_rank020_drop_f4339_add_f1813_drop_f8775_drop_f8754_add_f13854,1,1,20:8754,20:13854,11,22,11,"20:1338,20:1813,20:6289,20:9135,20:9149,20:12652,20:12704,20:13622,20:13854,20:14991,20:15169",B_drop8775,8754,13854,0.0,tie
lo_swap1_critical12_p10_p22_drop_rank002_rank020_drop_f4339_add_f1813_drop_f8775,prompt_delta_top33,swap1_critical11_lo_swap1_critical12_p10_p22_drop_rank002_rank020_drop_f4339_add_f1813_drop_f8775_drop_f8754_add_f7965,1,1,20:8754,20:7965,11,22,11,"20:1338,20:1813,20:6289,20:7965,20:9135,20:9149,20:12652,20:12704,20:13622,20:14991,20:15169",B_drop8775,8754,7965,0.0,tie
lo_swap1_critical12_p10_p22_drop_rank002_rank020_drop_f4339_add_f1813_drop_f8775,prompt_delta_top33,swap1_critical11_lo_swap1_critical12_p10_p22_drop_rank002_rank020_drop_f4339_add_f1813_drop_f8775_drop_f8754_add_f11414,1,1,20:8754,20:11414,11,22,11,"20:1338,20:1813,20:6289,20:9135,20:9149,20:11414,20:12652,20:12704,20:13622,20:14991,20:15169",B_drop8775,8754,11414,-0.015625,fail
lo_swap1_critical12_p10_p22_drop_rank002_rank020_drop_f4339_add_f1813_drop_f8775,prompt_delta_top33,swap1_critical11_lo_swap1_critical12_p10_p22_drop_rank002_rank020_drop_f4339_add_f1813_drop_f8775_drop_f8754_add_f4339,1,1,20:8754,20:4339,11,22,11,"20:1338,20:1813,20:4339,20:6289,20:9135,20:9149,20:12652,20:12704,20:13622,20:14991,20:15169",B_drop8775,8754,4339,0.0,tie
lo_swap1_critical12_p10_p22_drop_rank002_rank020_drop_f4339_add_f1813_drop_f8775,prompt_delta_top33,swap1_critical11_lo_swap1_critical12_p10_p22_drop_rank002_rank020_drop_f4339_add_f1813_drop_f8775_drop_f8754_add_f12002,1,1,20:8754,20:12002,11,22,11,"20:1338,20:1813,20:6289,20:9135,20:9149,20:12002,20:12652,20:12704,20:13622,20:14991,20:15169",B_drop8775,8754,12002,0.0,tie
lo_swap1_critical12_p10_p22_drop_rank002_rank020_drop_f4339_add_f1813_drop_f8775,prompt_delta_top33,swap1_critical11_lo_swap1_critical12_p10_p22_drop_rank002_rank020_drop_f4339_add_f1813_drop_f8775_drop_f8754_add_f9001,1,1,20:8754,20:9001,11,22,11,"20:1338,20:1813,20:6289,20:9001,20:9135,20:9149,20:12652,20:12704,20:13622,20:14991,20:15169",B_drop8775,8754,9001,0.0,tie
lo_swap1_critical12_p10_p22_drop_rank002_rank020_drop_f4339_add_f1813_drop_f8775,prompt_delta_top33,swap1_critical11_lo_swap1_critical12_p10_p22_drop_rank002_rank020_drop_f4339_add_f1813_drop_f8775_drop_f8754_add_f9024,1,1,20:8754,20:9024,11,22,11,"20:1338,20:1813,20:6289,20:9024,20:9135,20:9149,20:12652,20:12704,20:13622,20:14991,20:15169",B_drop8775,8754,9024,0.0,tie
lo_swap1_critical12_p10_p22_drop_rank002_rank020_drop_f4339_add_f1813_drop_f8775,prompt_delta_top33,swap1_critical11_lo_swap1_critical12_p10_p22_drop_rank002_rank020_drop_f4339_add_f1813_drop_f8775_drop_f8754_add_f4326,1,1,20:8754,20:4326,11,22,11,"20:1338,20:1813,20:4326,20:6289,20:9135,20:9149,20:12652,20:12704,20:13622,20:14991,20:15169",B_drop8775,8754,4326,-0.015625,fail
lo_swap1_critical12_p10_p22_drop_rank002_rank020_drop_f4339_add_f1813_drop_f8775,prompt_delta_top33,swap1_critical11_lo_swap1_critical12_p10_p22_drop_rank002_rank020_drop_f4339_add_f1813_drop_f8775_drop_f8754_add_f11545,1,1,20:8754,20:11545,11,22,11,"20:1338,20:1813,20:6289,20:9135,20:9149,20:11545,20:12652,20:12704,20:13622,20:14991,20:15169",B_drop8775,8754,11545,0.0,tie
lo_swap1_critical12_p10_p22_drop_rank002_rank020_drop_f4339_add_f1813_drop_f8775,prompt_delta_top33,swap1_critical11_lo_swap1_critical12_p10_p22_drop_rank002_rank020_drop_f4339_add_f1813_drop_f8775_drop_f8754_add_f7531,1,1,20:8754,20:7531,11,22,11,"20:1338,20:1813,20:6289,20:7531,20:9135,20:9149,20:12652,20:12704,20:13622,20:14991,20:15169",B_drop8775,8754,7531,0.0,tie
lo_swap1_critical12_p10_p22_drop_rank002_rank020_drop_f4339_add_f1813_drop_f8775,prompt_delta_top33,swap1_critical11_lo_swap1_critical12_p10_p22_drop_rank002_rank020_drop_f4339_add_f1813_drop_f8775_drop_f8754_add_f5990,1,1,20:8754,20:5990,11,22,11,"20:1338,20:1813,20:5990,20:6289,20:9135,20:9149,20:12652,20:12704,20:13622,20:14991,20:15169",B_drop8775,8754,5990,0.0,tie
lo_swap1_critical12_p10_p22_drop_rank002_rank020_drop_f4339_add_f1813_drop_f8775,prompt_delta_top33,swap1_critical11_lo_swap1_critical12_p10_p22_drop_rank002_rank020_drop_f4339_add_f1813_drop_f8775_drop_f8754_add_f321,1,1,20:8754,20:321,11,22,11,"20:321,20:1338,20:1813,20:6289,20:9135,20:9149,20:12652,20:12704,20:13622,20:14991,20:15169",B_drop8775,8754,321,0.0,tie
lo_swap1_critical12_p10_p22_drop_rank002_rank020_drop_f4339_add_f1813_drop_f8775,prompt_delta_top33,swap1_critical11_lo_swap1_critical12_p10_p22_drop_rank002_rank020_drop_f4339_add_f1813_drop_f8775_drop_f8754_add_f12313,1,1,20:8754,20:12313,11,22,11,"20:1338,20:1813,20:6289,20:9135,20:9149,20:12313,20:12652,20:12704,20:13622,20:14991,20:15169",B_drop8775,8754,12313,-0.015625,fail
lo_swap1_critical12_p10_p22_drop_rank002_rank020_drop_f4339_add_f1813_drop_f8775,prompt_delta_top33,swap1_critical11_lo_swap1_critical12_p10_p22_drop_rank002_rank020_drop_f4339_add_f1813_drop_f8775_drop_f8754_add_f1100,1,1,20:8754,20:1100,11,22,11,"20:1100,20:1338,20:1813,20:6289,20:9135,20:9149,20:12652,20:12704,20:13622,20:14991,20:15169",B_drop8775,8754,1100,0.0,tie
lo_swap1_critical12_p10_p22_drop_rank002_rank020_drop_f4339_add_f1813_drop_f8775,prompt_delta_top33,swap1_critical11_lo_swap1_critical12_p10_p22_drop_rank002_rank020_drop_f4339_add_f1813_drop_f8775_drop_f9135_add_f12963,1,1,20:9135,20:12963,11,22,11,"20:1338,20:1813,20:6289,20:8754,20:9149,20:12652,20:12704,20:12963,20:13622,20:14991,20:15169",B_drop8775,9135,12963,-0.015625,fail
lo_swap1_critical12_p10_p22_drop_rank002_rank020_drop_f4339_add_f1813_drop_f8775,prompt_delta_top33,swap1_critical11_lo_swap1_critical12_p10_p22_drop_rank002_rank020_drop_f4339_add_f1813_drop_f8775_drop_f9135_add_f13060,1,1,20:9135,20:13060,11,22,11,"20:1338,20:1813,20:6289,20:8754,20:9149,20:12652,20:12704,20:13060,20:13622,20:14991,20:15169",B_drop8775,9135,13060,0.0,tie
lo_swap1_critical12_p10_p22_drop_rank002_rank020_drop_f4339_add_f1813_drop_f8775,prompt_delta_top33,swap1_critical11_lo_swap1_critical12_p10_p22_drop_rank002_rank020_drop_f4339_add_f1813_drop_f8775_drop_f9135_add_f6169,1,1,20:9135,20:6169,11,22,11,"20:1338,20:1813,20:6169,20:6289,20:8754,20:9149,20:12652,20:12704,20:13622,20:14991,20:15169",B_drop8775,9135,6169,-0.03125,fail
lo_swap1_critical12_p10_p22_drop_rank002_rank020_drop_f4339_add_f1813_drop_f8775,prompt_delta_top33,swap1_critical11_lo_swap1_critical12_p10_p22_drop_rank002_rank020_drop_f4339_add_f1813_drop_f8775_drop_f9135_add_f13882,1,1,20:9135,20:13882,11,22,11,"20:1338,20:1813,20:6289,20:8754,20:9149,20:12652,20:12704,20:13622,20:13882,20:14991,20:15169",B_drop8775,9135,13882,0.0,tie
lo_swap1_critical12_p10_p22_drop_rank002_rank020_drop_f4339_add_f1813_drop_f8775,prompt_delta_top33,swap1_critical11_lo_swap1_critical12_p10_p22_drop_rank002_rank020_drop_f4339_add_f1813_drop_f8775_drop_f9135_add_f9407,1,1,20:9135,20:9407,11,22,11,"20:1338,20:1813,20:6289,20:8754,20:9149,20:9407,20:12652,20:12704,20:13622,20:14991,20:15169",B_drop8775,9135,9407,-0.015625,fail
lo_swap1_critical12_p10_p22_drop_rank002_rank020_drop_f4339_add_f1813_drop_f8775,prompt_delta_top33,swap1_critical11_lo_swap1_critical12_p10_p22_drop_rank002_rank020_drop_f4339_add_f1813_drop_f8775_drop_f9135_add_f5355,1,1,20:9135,20:5355,11,22,11,"20:1338,20:1813,20:5355,20:6289,20:8754,20:9149,20:12652,20:12704,20:13622,20:14991,20:15169",B_drop8775,9135,5355,0.0,tie
lo_swap1_critical12_p10_p22_drop_rank002_rank020_drop_f4339_add_f1813_drop_f8775,prompt_delta_top33,swap1_critical11_lo_swap1_critical12_p10_p22_drop_rank002_rank020_drop_f4339_add_f1813_drop_f8775_drop_f9135_add_f3850,1,1,20:9135,20:3850,11,22,11,"20:1338,20:1813,20:3850,20:6289,20:8754,20:9149,20:12652,20:12704,20:13622,20:14991,20:15169",B_drop8775,9135,3850,0.0,tie
lo_swap1_critical12_p10_p22_drop_rank002_rank020_drop_f4339_add_f1813_drop_f8775,prompt_delta_top33,swap1_critical11_lo_swap1_critical12_p10_p22_drop_rank002_rank020_drop_f4339_add_f1813_drop_f8775_drop_f9135_add_f13854,1,1,20:9135,20:13854,11,22,11,"20:1338,20:1813,20:6289,20:8754,20:9149,20:12652,20:12704,20:13622,20:13854,20:14991,20:15169",B_drop8775,9135,13854,0.0,tie
lo_swap1_critical12_p10_p22_drop_rank002_rank020_drop_f4339_add_f1813_drop_f8775,prompt_delta_top33,swap1_critical11_lo_swap1_critical12_p10_p22_drop_rank002_rank020_drop_f4339_add_f1813_drop_f8775_drop_f9135_add_f7965,1,1,20:9135,20:7965,11,22,11,"20:1338,20:1813,20:6289,20:7965,20:8754,20:9149,20:12652,20:12704,20:13622,20:14991,20:15169",B_drop8775,9135,7965,-0.015625,fail
lo_swap1_critical12_p10_p22_drop_rank002_rank020_drop_f4339_add_f1813_drop_f8775,prompt_delta_top33,swap1_critical11_lo_swap1_critical12_p10_p22_drop_rank002_rank020_drop_f4339_add_f1813_drop_f8775_drop_f9135_add_f11414,1,1,20:9135,20:11414,11,22,11,"20:1338,20:1813,20:6289,20:8754,20:9149,20:11414,20:12652,20:12704,20:13622,20:14991,20:15169",B_drop8775,9135,11414,-0.03125,fail
lo_swap1_critical12_p10_p22_drop_rank002_rank020_drop_f4339_add_f1813_drop_f8775,prompt_delta_top33,swap1_critical11_lo_swap1_critical12_p10_p22_drop_rank002_rank020_drop_f4339_add_f1813_drop_f8775_drop_f9135_add_f4339,1,1,20:9135,20:4339,11,22,11,"20:1338,20:1813,20:4339,20:6289,20:8754,20:9149,20:12652,20:12704,20:13622,20:14991,20:15169",B_drop8775,9135,4339,0.0,tie
lo_swap1_critical12_p10_p22_drop_rank002_rank020_drop_f4339_add_f1813_drop_f8775,prompt_delta_top33,swap1_critical11_lo_swap1_critical12_p10_p22_drop_rank002_rank020_drop_f4339_add_f1813_drop_f8775_drop_f9135_add_f12002,1,1,20:9135,20:12002,11,22,11,"20:1338,20:1813,20:6289,20:8754,20:9149,20:12002,20:12652,20:12704,20:13622,20:14991,20:15169",B_drop8775,9135,12002,-0.03125,fail
lo_swap1_critical12_p10_p22_drop_rank002_rank020_drop_f4339_add_f1813_drop_f8775,prompt_delta_top33,swap1_critical11_lo_swap1_critical12_p10_p22_drop_rank002_rank020_drop_f4339_add_f1813_drop_f8775_drop_f9135_add_f9001,1,1,20:9135,20:9001,11,22,11,"20:1338,20:1813,20:6289,20:8754,20:9001,20:9149,20:12652,20:12704,20:13622,20:14991,20:15169",B_drop8775,9135,9001,0.0,tie
lo_swap1_critical12_p10_p22_drop_rank002_rank020_drop_f4339_add_f1813_drop_f8775,prompt_delta_top33,swap1_critical11_lo_swap1_critical12_p10_p22_drop_rank002_rank020_drop_f4339_add_f1813_drop_f8775_drop_f9135_add_f9024,1,1,20:9135,20:9024,11,22,11,"20:1338,20:1813,20:6289,20:8754,20:9024,20:9149,20:12652,20:12704,20:13622,20:14991,20:15169",B_drop8775,9135,9024,-0.015625,fail
lo_swap1_critical12_p10_p22_drop_rank002_rank020_drop_f4339_add_f1813_drop_f8775,prompt_delta_top33,swap1_critical11_lo_swap1_critical12_p10_p22_drop_rank002_rank020_drop_f4339_add_f1813_drop_f8775_drop_f9135_add_f4326,1,1,20:9135,20:4326,11,22,11,"20:1338,20:1813,20:4326,20:6289,20:8754,20:9149,20:12652,20:12704,20:13622,20:14991,20:15169",B_drop8775,9135,4326,-0.015625,fail
lo_swap1_critical12_p10_p22_drop_rank002_rank020_drop_f4339_add_f1813_drop_f8775,prompt_delta_top33,swap1_critical11_lo_swap1_critical12_p10_p22_drop_rank002_rank020_drop_f4339_add_f1813_drop_f8775_drop_f9135_add_f11545,1,1,20:9135,20:11545,11,22,11,"20:1338,20:1813,20:6289,20:8754,20:9149,20:11545,20:12652,20:12704,20:13622,20:14991,20:15169",B_drop8775,9135,11545,-0.015625,fail
lo_swap1_critical12_p10_p22_drop_rank002_rank020_drop_f4339_add_f1813_drop_f8775,prompt_delta_top33,swap1_critical11_lo_swap1_critical12_p10_p22_drop_rank002_rank020_drop_f4339_add_f1813_drop_f8775_drop_f9135_add_f7531,1,1,20:9135,20:7531,11,22,11,"20:1338,20:1813,20:6289,20:7531,20:8754,20:9149,20:12652,20:12704,20:13622,20:14991,20:15169",B_drop8775,9135,7531,-0.015625,fail
lo_swap1_critical12_p10_p22_drop_rank002_rank020_drop_f4339_add_f1813_drop_f8775,prompt_delta_top33,swap1_critical11_lo_swap1_critical12_p10_p22_drop_rank002_rank020_drop_f4339_add_f1813_drop_f8775_drop_f9135_add_f5990,1,1,20:9135,20:5990,11,22,11,"20:1338,20:1813,20:5990,20:6289,20:8754,20:9149,20:12652,20:12704,20:13622,20:14991,20:15169",B_drop8775,9135,5990,-0.015625,fail
lo_swap1_critical12_p10_p22_drop_rank002_rank020_drop_f4339_add_f1813_drop_f8775,prompt_delta_top33,swap1_critical11_lo_swap1_critical12_p10_p22_drop_rank002_rank020_drop_f4339_add_f1813_drop_f8775_drop_f9135_add_f321,1,1,20:9135,20:321,11,22,11,"20:321,20:1338,20:1813,20:6289,20:8754,20:9149,20:12652,20:12704,20:13622,20:14991,20:15169",B_drop8775,9135,321,-0.03125,fail
lo_swap1_critical12_p10_p22_drop_rank002_rank020_drop_f4339_add_f1813_drop_f8775,prompt_delta_top33,swap1_critical11_lo_swap1_critical12_p10_p22_drop_rank002_rank020_drop_f4339_add_f1813_drop_f8775_drop_f9135_add_f12313,1,1,20:9135,20:12313,11,22,11,"20:1338,20:1813,20:6289,20:8754,20:9149,20:12313,20:12652,20:12704,20:13622,20:14991,20:15169",B_drop8775,9135,12313,-0.03125,fail
lo_swap1_critical12_p10_p22_drop_rank002_rank020_drop_f4339_add_f1813_drop_f8775,prompt_delta_top33,swap1_critical11_lo_swap1_critical12_p10_p22_drop_rank002_rank020_drop_f4339_add_f1813_drop_f8775_drop_f9135_add_f1100,1,1,20:9135,20:1100,11,22,11,"20:1100,20:1338,20:1813,20:6289,20:8754,20:9149,20:12652,20:12704,20:13622,20:14991,20:15169",B_drop8775,9135,1100,0.0,tie
lo_swap1_critical12_p10_p22_drop_rank002_rank020_drop_f4339_add_f1813_drop_f8775,prompt_delta_top33,swap1_critical11_lo_swap1_critical12_p10_p22_drop_rank002_rank020_drop_f4339_add_f1813_drop_f8775_drop_f9149_add_f12963,1,1,20:9149,20:12963,11,22,11,"20:1338,20:1813,20:6289,20:8754,20:9135,20:12652,20:12704,20:12963,20:13622,20:14991,20:15169",B_drop8775,9149,12963,-0.015625,fail
lo_swap1_critical12_p10_p22_drop_rank002_rank020_drop_f4339_add_f1813_drop_f8775,prompt_delta_top33,swap1_critical11_lo_swap1_critical12_p10_p22_drop_rank002_rank020_drop_f4339_add_f1813_drop_f8775_drop_f9149_add_f13060,1,1,20:9149,20:13060,11,22,11,"20:1338,20:1813,20:6289,20:8754,20:9135,20:12652,20:12704,20:13060,20:13622,20:14991,20:15169",B_drop8775,9149,13060,0.0,tie
lo_swap1_critical12_p10_p22_drop_rank002_rank020_drop_f4339_add_f1813_drop_f8775,prompt_delta_top33,swap1_critical11_lo_swap1_critical12_p10_p22_drop_rank002_rank020_drop_f4339_add_f1813_drop_f8775_drop_f9149_add_f6169,1,1,20:9149,20:6169,11,22,11,"20:1338,20:1813,20:6169,20:6289,20:8754,20:9135,20:12652,20:12704,20:13622,20:14991,20:15169",B_drop8775,9149,6169,-0.03125,fail
lo_swap1_critical12_p10_p22_drop_rank002_rank020_drop_f4339_add_f1813_drop_f8775,prompt_delta_top33,swap1_critical11_lo_swap1_critical12_p10_p22_drop_rank002_rank020_drop_f4339_add_f1813_drop_f8775_drop_f9149_add_f13882,1,1,20:9149,20:13882,11,22,11,"20:1338,20:1813,20:6289,20:8754,20:9135,20:12652,20:12704,20:13622,20:13882,20:14991,20:15169",B_drop8775,9149,13882,0.0,tie
lo_swap1_critical12_p10_p22_drop_rank002_rank020_drop_f4339_add_f1813_drop_f8775,prompt_delta_top33,swap1_critical11_lo_swap1_critical12_p10_p22_drop_rank002_rank020_drop_f4339_add_f1813_drop_f8775_drop_f9149_add_f9407,1,1,20:9149,20:9407,11,22,11,"20:1338,20:1813,20:6289,20:8754,20:9135,20:9407,20:12652,20:12704,20:13622,20:14991,20:15169",B_drop8775,9149,9407,-0.015625,fail
lo_swap1_critical12_p10_p22_drop_rank002_rank020_drop_f4339_add_f1813_drop_f8775,prompt_delta_top33,swap1_critical11_lo_swap1_critical12_p10_p22_drop_rank002_rank020_drop_f4339_add_f1813_drop_f8775_drop_f9149_add_f5355,1,1,20:9149,20:5355,11,22,11,"20:1338,20:1813,20:5355,20:6289,20:8754,20:9135,20:12652,20:12704,20:13622,20:14991,20:15169",B_drop8775,9149,5355,0.0,tie
lo_swap1_critical12_p10_p22_drop_rank002_rank020_drop_f4339_add_f1813_drop_f8775,prompt_delta_top33,swap1_critical11_lo_swap1_critical12_p10_p22_drop_rank002_rank020_drop_f4339_add_f1813_drop_f8775_drop_f9149_add_f3850,1,1,20:9149,20:3850,11,22,11,"20:1338,20:1813,20:3850,20:6289,20:8754,20:9135,20:12652,20:12704,20:13622,20:14991,20:15169",B_drop8775,9149,3850,0.0,tie
lo_swap1_critical12_p10_p22_drop_rank002_rank020_drop_f4339_add_f1813_drop_f8775,prompt_delta_top33,swap1_critical11_lo_swap1_critical12_p10_p22_drop_rank002_rank020_drop_f4339_add_f1813_drop_f8775_drop_f9149_add_f13854,1,1,20:9149,20:13854,11,22,11,"20:1338,20:1813,20:6289,20:8754,20:9135,20:12652,20:12704,20:13622,20:13854,20:14991,20:15169",B_drop8775,9149,13854,0.0,tie
lo_swap1_critical12_p10_p22_drop_rank002_rank020_drop_f4339_add_f1813_drop_f8775,prompt_delta_top33,swap1_critical11_lo_swap1_critical12_p10_p22_drop_rank002_rank020_drop_f4339_add_f1813_drop_f8775_drop_f9149_add_f7965,1,1,20:9149,20:7965,11,22,11,"20:1338,20:1813,20:6289,20:7965,20:8754,20:9135,20:12652,20:12704,20:13622,20:14991,20:15169",B_drop8775,9149,7965,0.0,tie
lo_swap1_critical12_p10_p22_drop_rank002_rank020_drop_f4339_add_f1813_drop_f8775,prompt_delta_top33,swap1_critical11_lo_swap1_critical12_p10_p22_drop_rank002_rank020_drop_f4339_add_f1813_drop_f8775_drop_f9149_add_f11414,1,1,20:9149,20:11414,11,22,11,"20:1338,20:1813,20:6289,20:8754,20:9135,20:11414,20:12652,20:12704,20:13622,20:14991,20:15169",B_drop8775,9149,11414,-0.015625,fail
lo_swap1_critical12_p10_p22_drop_rank002_rank020_drop_f4339_add_f1813_drop_f8775,prompt_delta_top33,swap1_critical11_lo_swap1_critical12_p10_p22_drop_rank002_rank020_drop_f4339_add_f1813_drop_f8775_drop_f9149_add_f4339,1,1,20:9149,20:4339,11,22,11,"20:1338,20:1813,20:4339,20:6289,20:8754,20:9135,20:12652,20:12704,20:13622,20:14991,20:15169",B_drop8775,9149,4339,0.0,tie
lo_swap1_critical12_p10_p22_drop_rank002_rank020_drop_f4339_add_f1813_drop_f8775,prompt_delta_top33,swap1_critical11_lo_swap1_critical12_p10_p22_drop_rank002_rank020_drop_f4339_add_f1813_drop_f8775_drop_f9149_add_f12002,1,1,20:9149,20:12002,11,22,11,"20:1338,20:1813,20:6289,20:8754,20:9135,20:12002,20:12652,20:12704,20:13622,20:14991,20:15169",B_drop8775,9149,12002,-0.015625,fail
lo_swap1_critical12_p10_p22_drop_rank002_rank020_drop_f4339_add_f1813_drop_f8775,prompt_delta_top33,swap1_critical11_lo_swap1_critical12_p10_p22_drop_rank002_rank020_drop_f4339_add_f1813_drop_f8775_drop_f9149_add_f9001,1,1,20:9149,20:9001,11,22,11,"20:1338,20:1813,20:6289,20:8754,20:9001,20:9135,20:12652,20:12704,20:13622,20:14991,20:15169",B_drop8775,9149,9001,0.0,tie
lo_swap1_critical12_p10_p22_drop_rank002_rank020_drop_f4339_add_f1813_drop_f8775,prompt_delta_top33,swap1_critical11_lo_swap1_critical12_p10_p22_drop_rank002_rank020_drop_f4339_add_f1813_drop_f8775_drop_f9149_add_f9024,1,1,20:9149,20:9024,11,22,11,"20:1338,20:1813,20:6289,20:8754,20:9024,20:9135,20:12652,20:12704,20:13622,20:14991,20:15169",B_drop8775,9149,9024,-0.015625,fail
lo_swap1_critical12_p10_p22_drop_rank002_rank020_drop_f4339_add_f1813_drop_f8775,prompt_delta_top33,swap1_critical11_lo_swap1_critical12_p10_p22_drop_rank002_rank020_drop_f4339_add_f1813_drop_f8775_drop_f9149_add_f4326,1,1,20:9149,20:4326,11,22,11,"20:1338,20:1813,20:4326,20:6289,20:8754,20:9135,20:12652,20:12704,20:13622,20:14991,20:15169",B_drop8775,9149,4326,0.0,tie
lo_swap1_critical12_p10_p22_drop_rank002_rank020_drop_f4339_add_f1813_drop_f8775,prompt_delta_top33,swap1_critical11_lo_swap1_critical12_p10_p22_drop_rank002_rank020_drop_f4339_add_f1813_drop_f8775_drop_f9149_add_f11545,1,1,20:9149,20:11545,11,22,11,"20:1338,20:1813,20:6289,20:8754,20:9135,20:11545,20:12652,20:12704,20:13622,20:14991,20:15169",B_drop8775,9149,11545,-0.015625,fail
lo_swap1_critical12_p10_p22_drop_rank002_rank020_drop_f4339_add_f1813_drop_f8775,prompt_delta_top33,swap1_critical11_lo_swap1_critical12_p10_p22_drop_rank002_rank020_drop_f4339_add_f1813_drop_f8775_drop_f9149_add_f7531,1,1,20:9149,20:7531,11,22,11,"20:1338,20:1813,20:6289,20:7531,20:8754,20:9135,20:12652,20:12704,20:13622,20:14991,20:15169",B_drop8775,9149,7531,0.0,tie
lo_swap1_critical12_p10_p22_drop_rank002_rank020_drop_f4339_add_f1813_drop_f8775,prompt_delta_top33,swap1_critical11_lo_swap1_critical12_p10_p22_drop_rank002_rank020_drop_f4339_add_f1813_drop_f8775_drop_f9149_add_f5990,1,1,20:9149,20:5990,11,22,11,"20:1338,20:1813,20:5990,20:6289,20:8754,20:9135,20:12652,20:12704,20:13622,20:14991,20:15169",B_drop8775,9149,5990,-0.015625,fail
lo_swap1_critical12_p10_p22_drop_rank002_rank020_drop_f4339_add_f1813_drop_f8775,prompt_delta_top33,swap1_critical11_lo_swap1_critical12_p10_p22_drop_rank002_rank020_drop_f4339_add_f1813_drop_f8775_drop_f9149_add_f321,1,1,20:9149,20:321,11,22,11,"20:321,20:1338,20:1813,20:6289,20:8754,20:9135,20:12652,20:12704,20:13622,20:14991,20:15169",B_drop8775,9149,321,-0.015625,fail
lo_swap1_critical12_p10_p22_drop_rank002_rank020_drop_f4339_add_f1813_drop_f8775,prompt_delta_top33,swap1_critical11_lo_swap1_critical12_p10_p22_drop_rank002_rank020_drop_f4339_add_f1813_drop_f8775_drop_f9149_add_f12313,1,1,20:9149,20:12313,11,22,11,"20:1338,20:1813,20:6289,20:8754,20:9135,20:12313,20:12652,20:12704,20:13622,20:14991,20:15169",B_drop8775,9149,12313,0.0,tie
lo_swap1_critical12_p10_p22_drop_rank002_rank020_drop_f4339_add_f1813_drop_f8775,prompt_delta_top33,swap1_critical11_lo_swap1_critical12_p10_p22_drop_rank002_rank020_drop_f4339_add_f1813_drop_f8775_drop_f9149_add_f1100,1,1,20:9149,20:1100,11,22,11,"20:1100,20:1338,20:1813,20:6289,20:8754,20:9135,20:12652,20:12704,20:13622,20:14991,20:15169",B_drop8775,9149,1100,0.0,tie
lo_swap1_critical12_p10_p22_drop_rank002_rank020_drop_f4339_add_f1813_drop_f8775,prompt_delta_top33,swap1_critical11_lo_swap1_critical12_p10_p22_drop_rank002_rank020_drop_f4339_add_f1813_drop_f8775_drop_f12652_add_f12963,1,1,20:12652,20:12963,11,22,11,"20:1338,20:1813,20:6289,20:8754,20:9135,20:9149,20:12704,20:12963,20:13622,20:14991,20:15169",B_drop8775,12652,12963,-0.015625,fail
lo_swap1_critical12_p10_p22_drop_rank002_rank020_drop_f4339_add_f1813_drop_f8775,prompt_delta_top33,swap1_critical11_lo_swap1_critical12_p10_p22_drop_rank002_rank020_drop_f4339_add_f1813_drop_f8775_drop_f12652_add_f13060,1,1,20:12652,20:13060,11,22,11,"20:1338,20:1813,20:6289,20:8754,20:9135,20:9149,20:12704,20:13060,20:13622,20:14991,20:15169",B_drop8775,12652,13060,0.0,tie
lo_swap1_critical12_p10_p22_drop_rank002_rank020_drop_f4339_add_f1813_drop_f8775,prompt_delta_top33,swap1_critical11_lo_swap1_critical12_p10_p22_drop_rank002_rank020_drop_f4339_add_f1813_drop_f8775_drop_f12652_add_f6169,1,1,20:12652,20:6169,11,22,11,"20:1338,20:1813,20:6169,20:6289,20:8754,20:9135,20:9149,20:12704,20:13622,20:14991,20:15169",B_drop8775,12652,6169,-0.03125,fail
lo_swap1_critical12_p10_p22_drop_rank002_rank020_drop_f4339_add_f1813_drop_f8775,prompt_delta_top33,swap1_critical11_lo_swap1_critical12_p10_p22_drop_rank002_rank020_drop_f4339_add_f1813_drop_f8775_drop_f12652_add_f13882,1,1,20:12652,20:13882,11,22,11,"20:1338,20:1813,20:6289,20:8754,20:9135,20:9149,20:12704,20:13622,20:13882,20:14991,20:15169",B_drop8775,12652,13882,-0.015625,fail
lo_swap1_critical12_p10_p22_drop_rank002_rank020_drop_f4339_add_f1813_drop_f8775,prompt_delta_top33,swap1_critical11_lo_swap1_critical12_p10_p22_drop_rank002_rank020_drop_f4339_add_f1813_drop_f8775_drop_f12652_add_f9407,1,1,20:12652,20:9407,11,22,11,"20:1338,20:1813,20:6289,20:8754,20:9135,20:9149,20:9407,20:12704,20:13622,20:14991,20:15169",B_drop8775,12652,9407,-0.015625,fail
lo_swap1_critical12_p10_p22_drop_rank002_rank020_drop_f4339_add_f1813_drop_f8775,prompt_delta_top33,swap1_critical11_lo_swap1_critical12_p10_p22_drop_rank002_rank020_drop_f4339_add_f1813_drop_f8775_drop_f12652_add_f5355,1,1,20:12652,20:5355,11,22,11,"20:1338,20:1813,20:5355,20:6289,20:8754,20:9135,20:9149,20:12704,20:13622,20:14991,20:15169",B_drop8775,12652,5355,0.0,tie
lo_swap1_critical12_p10_p22_drop_rank002_rank020_drop_f4339_add_f1813_drop_f8775,prompt_delta_top33,swap1_critical11_lo_swap1_critical12_p10_p22_drop_rank002_rank020_drop_f4339_add_f1813_drop_f8775_drop_f12652_add_f3850,1,1,20:12652,20:3850,11,22,11,"20:1338,20:1813,20:3850,20:6289,20:8754,20:9135,20:9149,20:12704,20:13622,20:14991,20:15169",B_drop8775,12652,3850,0.0,tie
lo_swap1_critical12_p10_p22_drop_rank002_rank020_drop_f4339_add_f1813_drop_f8775,prompt_delta_top33,swap1_critical11_lo_swap1_critical12_p10_p22_drop_rank002_rank020_drop_f4339_add_f1813_drop_f8775_drop_f12652_add_f13854,1,1,20:12652,20:13854,11,22,11,"20:1338,20:1813,20:6289,20:8754,20:9135,20:9149,20:12704,20:13622,20:13854,20:14991,20:15169",B_drop8775,12652,13854,0.0,tie
lo_swap1_critical12_p10_p22_drop_rank002_rank020_drop_f4339_add_f1813_drop_f8775,prompt_delta_top33,swap1_critical11_lo_swap1_critical12_p10_p22_drop_rank002_rank020_drop_f4339_add_f1813_drop_f8775_drop_f12652_add_f7965,1,1,20:12652,20:7965,11,22,11,"20:1338,20:1813,20:6289,20:7965,20:8754,20:9135,20:9149,20:12704,20:13622,20:14991,20:15169",B_drop8775,12652,7965,0.0,tie
lo_swap1_critical12_p10_p22_drop_rank002_rank020_drop_f4339_add_f1813_drop_f8775,prompt_delta_top33,swap1_critical11_lo_swap1_critical12_p10_p22_drop_rank002_rank020_drop_f4339_add_f1813_drop_f8775_drop_f12652_add_f11414,1,1,20:12652,20:11414,11,22,11,"20:1338,20:1813,20:6289,20:8754,20:9135,20:9149,20:11414,20:12704,20:13622,20:14991,20:15169",B_drop8775,12652,11414,-0.015625,fail
lo_swap1_critical12_p10_p22_drop_rank002_rank020_drop_f4339_add_f1813_drop_f8775,prompt_delta_top33,swap1_critical11_lo_swap1_critical12_p10_p22_drop_rank002_rank020_drop_f4339_add_f1813_drop_f8775_drop_f12652_add_f4339,1,1,20:12652,20:4339,11,22,11,"20:1338,20:1813,20:4339,20:6289,20:8754,20:9135,20:9149,20:12704,20:13622,20:14991,20:15169",B_drop8775,12652,4339,0.0,tie
lo_swap1_critical12_p10_p22_drop_rank002_rank020_drop_f4339_add_f1813_drop_f8775,prompt_delta_top33,swap1_critical11_lo_swap1_critical12_p10_p22_drop_rank002_rank020_drop_f4339_add_f1813_drop_f8775_drop_f12652_add_f12002,1,1,20:12652,20:12002,11,22,11,"20:1338,20:1813,20:6289,20:8754,20:9135,20:9149,20:12002,20:12704,20:13622,20:14991,20:15169",B_drop8775,12652,12002,-0.015625,fail
lo_swap1_critical12_p10_p22_drop_rank002_rank020_drop_f4339_add_f1813_drop_f8775,prompt_delta_top33,swap1_critical11_lo_swap1_critical12_p10_p22_drop_rank002_rank020_drop_f4339_add_f1813_drop_f8775_drop_f12652_add_f9001,1,1,20:12652,20:9001,11,22,11,"20:1338,20:1813,20:6289,20:8754,20:9001,20:9135,20:9149,20:12704,20:13622,20:14991,20:15169",B_drop8775,12652,9001,-0.015625,fail
lo_swap1_critical12_p10_p22_drop_rank002_rank020_drop_f4339_add_f1813_drop_f8775,prompt_delta_top33,swap1_critical11_lo_swap1_critical12_p10_p22_drop_rank002_rank020_drop_f4339_add_f1813_drop_f8775_drop_f12652_add_f9024,1,1,20:12652,20:9024,11,22,11,"20:1338,20:1813,20:6289,20:8754,20:9024,20:9135,20:9149,20:12704,20:13622,20:14991,20:15169",B_drop8775,12652,9024,0.0,tie
lo_swap1_critical12_p10_p22_drop_rank002_rank020_drop_f4339_add_f1813_drop_f8775,prompt_delta_top33,swap1_critical11_lo_swap1_critical12_p10_p22_drop_rank002_rank020_drop_f4339_add_f1813_drop_f8775_drop_f12652_add_f4326,1,1,20:12652,20:4326,11,22,11,"20:1338,20:1813,20:4326,20:6289,20:8754,20:9135,20:9149,20:12704,20:13622,20:14991,20:15169",B_drop8775,12652,4326,-0.015625,fail
lo_swap1_critical12_p10_p22_drop_rank002_rank020_drop_f4339_add_f1813_drop_f8775,prompt_delta_top33,swap1_critical11_lo_swap1_critical12_p10_p22_drop_rank002_rank020_drop_f4339_add_f1813_drop_f8775_drop_f12652_add_f11545,1,1,20:12652,20:11545,11,22,11,"20:1338,20:1813,20:6289,20:8754,20:9135,20:9149,20:11545,20:12704,20:13622,20:14991,20:15169",B_drop8775,12652,11545,-0.015625,fail
lo_swap1_critical12_p10_p22_drop_rank002_rank020_drop_f4339_add_f1813_drop_f8775,prompt_delta_top33,swap1_critical11_lo_swap1_critical12_p10_p22_drop_rank002_rank020_drop_f4339_add_f1813_drop_f8775_drop_f12652_add_f7531,1,1,20:12652,20:7531,11,22,11,"20:1338,20:1813,20:6289,20:7531,20:8754,20:9135,20:9149,20:12704,20:13622,20:14991,20:15169",B_drop8775,12652,7531,0.0,tie
lo_swap1_critical12_p10_p22_drop_rank002_rank020_drop_f4339_add_f1813_drop_f8775,prompt_delta_top33,swap1_critical11_lo_swap1_critical12_p10_p22_drop_rank002_rank020_drop_f4339_add_f1813_drop_f8775_drop_f12652_add_f5990,1,1,20:12652,20:5990,11,22,11,"20:1338,20:1813,20:5990,20:6289,20:8754,20:9135,20:9149,20:12704,20:13622,20:14991,20:15169",B_drop8775,12652,5990,-0.015625,fail
lo_swap1_critical12_p10_p22_drop_rank002_rank020_drop_f4339_add_f1813_drop_f8775,prompt_delta_top33,swap1_critical11_lo_swap1_critical12_p10_p22_drop_rank002_rank020_drop_f4339_add_f1813_drop_f8775_drop_f12652_add_f321,1,1,20:12652,20:321,11,22,11,"20:321,20:1338,20:1813,20:6289,20:8754,20:9135,20:9149,20:12704,20:13622,20:14991,20:15169",B_drop8775,12652,321,0.0,tie
lo_swap1_critical12_p10_p22_drop_rank002_rank020_drop_f4339_add_f1813_drop_f8775,prompt_delta_top33,swap1_critical11_lo_swap1_critical12_p10_p22_drop_rank002_rank020_drop_f4339_add_f1813_drop_f8775_drop_f12652_add_f12313,1,1,20:12652,20:12313,11,22,11,"20:1338,20:1813,20:6289,20:8754,20:9135,20:9149,20:12313,20:12704,20:13622,20:14991,20:15169",B_drop8775,12652,12313,-0.015625,fail
lo_swap1_critical12_p10_p22_drop_rank002_rank020_drop_f4339_add_f1813_drop_f8775,prompt_delta_top33,swap1_critical11_lo_swap1_critical12_p10_p22_drop_rank002_rank020_drop_f4339_add_f1813_drop_f8775_drop_f12652_add_f1100,1,1,20:12652,20:1100,11,22,11,"20:1100,20:1338,20:1813,20:6289,20:8754,20:9135,20:9149,20:12704,20:13622,20:14991,20:15169",B_drop8775,12652,1100,0.0,tie
lo_swap1_critical12_p10_p22_drop_rank002_rank020_drop_f4339_add_f1813_drop_f8775,prompt_delta_top33,swap1_critical11_lo_swap1_critical12_p10_p22_drop_rank002_rank020_drop_f4339_add_f1813_drop_f8775_drop_f12704_add_f12963,1,1,20:12704,20:12963,11,22,11,"20:1338,20:1813,20:6289,20:8754,20:9135,20:9149,20:12652,20:12963,20:13622,20:14991,20:15169",B_drop8775,12704,12963,-0.03125,fail
lo_swap1_critical12_p10_p22_drop_rank002_rank020_drop_f4339_add_f1813_drop_f8775,prompt_delta_top33,swap1_critical11_lo_swap1_critical12_p10_p22_drop_rank002_rank020_drop_f4339_add_f1813_drop_f8775_drop_f12704_add_f13060,1,1,20:12704,20:13060,11,22,11,"20:1338,20:1813,20:6289,20:8754,20:9135,20:9149,20:12652,20:13060,20:13622,20:14991,20:15169",B_drop8775,12704,13060,-0.03125,fail
lo_swap1_critical12_p10_p22_drop_rank002_rank020_drop_f4339_add_f1813_drop_f8775,prompt_delta_top33,swap1_critical11_lo_swap1_critical12_p10_p22_drop_rank002_rank020_drop_f4339_add_f1813_drop_f8775_drop_f12704_add_f6169,1,1,20:12704,20:6169,11,22,11,"20:1338,20:1813,20:6169,20:6289,20:8754,20:9135,20:9149,20:12652,20:13622,20:14991,20:15169",B_drop8775,12704,6169,-0.046875,fail
lo_swap1_critical12_p10_p22_drop_rank002_rank020_drop_f4339_add_f1813_drop_f8775,prompt_delta_top33,swap1_critical11_lo_swap1_critical12_p10_p22_drop_rank002_rank020_drop_f4339_add_f1813_drop_f8775_drop_f12704_add_f13882,1,1,20:12704,20:13882,11,22,11,"20:1338,20:1813,20:6289,20:8754,20:9135,20:9149,20:12652,20:13622,20:13882,20:14991,20:15169",B_drop8775,12704,13882,-0.03125,fail
lo_swap1_critical12_p10_p22_drop_rank002_rank020_drop_f4339_add_f1813_drop_f8775,prompt_delta_top33,swap1_critical11_lo_swap1_critical12_p10_p22_drop_rank002_rank020_drop_f4339_add_f1813_drop_f8775_drop_f12704_add_f9407,1,1,20:12704,20:9407,11,22,11,"20:1338,20:1813,20:6289,20:8754,20:9135,20:9149,20:9407,20:12652,20:13622,20:14991,20:15169",B_drop8775,12704,9407,-0.015625,fail
lo_swap1_critical12_p10_p22_drop_rank002_rank020_drop_f4339_add_f1813_drop_f8775,prompt_delta_top33,swap1_critical11_lo_swap1_critical12_p10_p22_drop_rank002_rank020_drop_f4339_add_f1813_drop_f8775_drop_f12704_add_f5355,1,1,20:12704,20:5355,11,22,11,"20:1338,20:1813,20:5355,20:6289,20:8754,20:9135,20:9149,20:12652,20:13622,20:14991,20:15169",B_drop8775,12704,5355,-0.03125,fail
lo_swap1_critical12_p10_p22_drop_rank002_rank020_drop_f4339_add_f1813_drop_f8775,prompt_delta_top33,swap1_critical11_lo_swap1_critical12_p10_p22_drop_rank002_rank020_drop_f4339_add_f1813_drop_f8775_drop_f12704_add_f3850,1,1,20:12704,20:3850,11,22,11,"20:1338,20:1813,20:3850,20:6289,20:8754,20:9135,20:9149,20:12652,20:13622,20:14991,20:15169",B_drop8775,12704,3850,-0.03125,fail
lo_swap1_critical12_p10_p22_drop_rank002_rank020_drop_f4339_add_f1813_drop_f8775,prompt_delta_top33,swap1_critical11_lo_swap1_critical12_p10_p22_drop_rank002_rank020_drop_f4339_add_f1813_drop_f8775_drop_f12704_add_f13854,1,1,20:12704,20:13854,11,22,11,"20:1338,20:1813,20:6289,20:8754,20:9135,20:9149,20:12652,20:13622,20:13854,20:14991,20:15169",B_drop8775,12704,13854,-0.015625,fail
lo_swap1_critical12_p10_p22_drop_rank002_rank020_drop_f4339_add_f1813_drop_f8775,prompt_delta_top33,swap1_critical11_lo_swap1_critical12_p10_p22_drop_rank002_rank020_drop_f4339_add_f1813_drop_f8775_drop_f12704_add_f7965,1,1,20:12704,20:7965,11,22,11,"20:1338,20:1813,20:6289,20:7965,20:8754,20:9135,20:9149,20:12652,20:13622,20:14991,20:15169",B_drop8775,12704,7965,-0.03125,fail
lo_swap1_critical12_p10_p22_drop_rank002_rank020_drop_f4339_add_f1813_drop_f8775,prompt_delta_top33,swap1_critical11_lo_swap1_critical12_p10_p22_drop_rank002_rank020_drop_f4339_add_f1813_drop_f8775_drop_f12704_add_f11414,1,1,20:12704,20:11414,11,22,11,"20:1338,20:1813,20:6289,20:8754,20:9135,20:9149,20:11414,20:12652,20:13622,20:14991,20:15169",B_drop8775,12704,11414,-0.015625,fail
lo_swap1_critical12_p10_p22_drop_rank002_rank020_drop_f4339_add_f1813_drop_f8775,prompt_delta_top33,swap1_critical11_lo_swap1_critical12_p10_p22_drop_rank002_rank020_drop_f4339_add_f1813_drop_f8775_drop_f12704_add_f4339,1,1,20:12704,20:4339,11,22,11,"20:1338,20:1813,20:4339,20:6289,20:8754,20:9135,20:9149,20:12652,20:13622,20:14991,20:15169",B_drop8775,12704,4339,-0.015625,fail
lo_swap1_critical12_p10_p22_drop_rank002_rank020_drop_f4339_add_f1813_drop_f8775,prompt_delta_top33,swap1_critical11_lo_swap1_critical12_p10_p22_drop_rank002_rank020_drop_f4339_add_f1813_drop_f8775_drop_f12704_add_f12002,1,1,20:12704,20:12002,11,22,11,"20:1338,20:1813,20:6289,20:8754,20:9135,20:9149,20:12002,20:12652,20:13622,20:14991,20:15169",B_drop8775,12704,12002,-0.015625,fail
lo_swap1_critical12_p10_p22_drop_rank002_rank020_drop_f4339_add_f1813_drop_f8775,prompt_delta_top33,swap1_critical11_lo_swap1_critical12_p10_p22_drop_rank002_rank020_drop_f4339_add_f1813_drop_f8775_drop_f12704_add_f9001,1,1,20:12704,20:9001,11,22,11,"20:1338,20:1813,20:6289,20:8754,20:9001,20:9135,20:9149,20:12652,20:13622,20:14991,20:15169",B_drop8775,12704,9001,-0.015625,fail
lo_swap1_critical12_p10_p22_drop_rank002_rank020_drop_f4339_add_f1813_drop_f8775,prompt_delta_top33,swap1_critical11_lo_swap1_critical12_p10_p22_drop_rank002_rank020_drop_f4339_add_f1813_drop_f8775_drop_f12704_add_f9024,1,1,20:12704,20:9024,11,22,11,"20:1338,20:1813,20:6289,20:8754,20:9024,20:9135,20:9149,20:12652,20:13622,20:14991,20:15169",B_drop8775,12704,9024,-0.03125,fail
lo_swap1_critical12_p10_p22_drop_rank002_rank020_drop_f4339_add_f1813_drop_f8775,prompt_delta_top33,swap1_critical11_lo_swap1_critical12_p10_p22_drop_rank002_rank020_drop_f4339_add_f1813_drop_f8775_drop_f12704_add_f4326,1,1,20:12704,20:4326,11,22,11,"20:1338,20:1813,20:4326,20:6289,20:8754,20:9135,20:9149,20:12652,20:13622,20:14991,20:15169",B_drop8775,12704,4326,-0.015625,fail
lo_swap1_critical12_p10_p22_drop_rank002_rank020_drop_f4339_add_f1813_drop_f8775,prompt_delta_top33,swap1_critical11_lo_swap1_critical12_p10_p22_drop_rank002_rank020_drop_f4339_add_f1813_drop_f8775_drop_f12704_add_f11545,1,1,20:12704,20:11545,11,22,11,"20:1338,20:1813,20:6289,20:8754,20:9135,20:9149,20:11545,20:12652,20:13622,20:14991,20:15169",B_drop8775,12704,11545,-0.046875,fail
lo_swap1_critical12_p10_p22_drop_rank002_rank020_drop_f4339_add_f1813_drop_f8775,prompt_delta_top33,swap1_critical11_lo_swap1_critical12_p10_p22_drop_rank002_rank020_drop_f4339_add_f1813_drop_f8775_drop_f12704_add_f7531,1,1,20:12704,20:7531,11,22,11,"20:1338,20:1813,20:6289,20:7531,20:8754,20:9135,20:9149,20:12652,20:13622,20:14991,20:15169",B_drop8775,12704,7531,-0.015625,fail
lo_swap1_critical12_p10_p22_drop_rank002_rank020_drop_f4339_add_f1813_drop_f8775,prompt_delta_top33,swap1_critical11_lo_swap1_critical12_p10_p22_drop_rank002_rank020_drop_f4339_add_f1813_drop_f8775_drop_f12704_add_f5990,1,1,20:12704,20:5990,11,22,11,"20:1338,20:1813,20:5990,20:6289,20:8754,20:9135,20:9149,20:12652,20:13622,20:14991,20:15169",B_drop8775,12704,5990,-0.03125,fail
lo_swap1_critical12_p10_p22_drop_rank002_rank020_drop_f4339_add_f1813_drop_f8775,prompt_delta_top33,swap1_critical11_lo_swap1_critical12_p10_p22_drop_rank002_rank020_drop_f4339_add_f1813_drop_f8775_drop_f12704_add_f321,1,1,20:12704,20:321,11,22,11,"20:321,20:1338,20:1813,20:6289,20:8754,20:9135,20:9149,20:12652,20:13622,20:14991,20:15169",B_drop8775,12704,321,-0.015625,fail
lo_swap1_critical12_p10_p22_drop_rank002_rank020_drop_f4339_add_f1813_drop_f8775,prompt_delta_top33,swap1_critical11_lo_swap1_critical12_p10_p22_drop_rank002_rank020_drop_f4339_add_f1813_drop_f8775_drop_f12704_add_f12313,1,1,20:12704,20:12313,11,22,11,"20:1338,20:1813,20:6289,20:8754,20:9135,20:9149,20:12313,20:12652,20:13622,20:14991,20:15169",B_drop8775,12704,12313,-0.03125,fail
lo_swap1_critical12_p10_p22_drop_rank002_rank020_drop_f4339_add_f1813_drop_f8775,prompt_delta_top33,swap1_critical11_lo_swap1_critical12_p10_p22_drop_rank002_rank020_drop_f4339_add_f1813_drop_f8775_drop_f12704_add_f1100,1,1,20:12704,20:1100,11,22,11,"20:1100,20:1338,20:1813,20:6289,20:8754,20:9135,20:9149,20:12652,20:13622,20:14991,20:15169",B_drop8775,12704,1100,-0.015625,fail
lo_swap1_critical12_p10_p22_drop_rank002_rank020_drop_f4339_add_f1813_drop_f8775,prompt_delta_top33,swap1_critical11_lo_swap1_critical12_p10_p22_drop_rank002_rank020_drop_f4339_add_f1813_drop_f8775_drop_f13622_add_f12963,1,1,20:13622,20:12963,11,22,11,"20:1338,20:1813,20:6289,20:8754,20:9135,20:9149,20:12652,20:12704,20:12963,20:14991,20:15169",B_drop8775,13622,12963,-0.015625,fail
lo_swap1_critical12_p10_p22_drop_rank002_rank020_drop_f4339_add_f1813_drop_f8775,prompt_delta_top33,swap1_critical11_lo_swap1_critical12_p10_p22_drop_rank002_rank020_drop_f4339_add_f1813_drop_f8775_drop_f13622_add_f13060,1,1,20:13622,20:13060,11,22,11,"20:1338,20:1813,20:6289,20:8754,20:9135,20:9149,20:12652,20:12704,20:13060,20:14991,20:15169",B_drop8775,13622,13060,0.0,tie
lo_swap1_critical12_p10_p22_drop_rank002_rank020_drop_f4339_add_f1813_drop_f8775,prompt_delta_top33,swap1_critical11_lo_swap1_critical12_p10_p22_drop_rank002_rank020_drop_f4339_add_f1813_drop_f8775_drop_f13622_add_f6169,1,1,20:13622,20:6169,11,22,11,"20:1338,20:1813,20:6169,20:6289,20:8754,20:9135,20:9149,20:12652,20:12704,20:14991,20:15169",B_drop8775,13622,6169,-0.03125,fail
lo_swap1_critical12_p10_p22_drop_rank002_rank020_drop_f4339_add_f1813_drop_f8775,prompt_delta_top33,swap1_critical11_lo_swap1_critical12_p10_p22_drop_rank002_rank020_drop_f4339_add_f1813_drop_f8775_drop_f13622_add_f13882,1,1,20:13622,20:13882,11,22,11,"20:1338,20:1813,20:6289,20:8754,20:9135,20:9149,20:12652,20:12704,20:13882,20:14991,20:15169",B_drop8775,13622,13882,-0.015625,fail
lo_swap1_critical12_p10_p22_drop_rank002_rank020_drop_f4339_add_f1813_drop_f8775,prompt_delta_top33,swap1_critical11_lo_swap1_critical12_p10_p22_drop_rank002_rank020_drop_f4339_add_f1813_drop_f8775_drop_f13622_add_f9407,1,1,20:13622,20:9407,11,22,11,"20:1338,20:1813,20:6289,20:8754,20:9135,20:9149,20:9407,20:12652,20:12704,20:14991,20:15169",B_drop8775,13622,9407,-0.015625,fail
lo_swap1_critical12_p10_p22_drop_rank002_rank020_drop_f4339_add_f1813_drop_f8775,prompt_delta_top33,swap1_critical11_lo_swap1_critical12_p10_p22_drop_rank002_rank020_drop_f4339_add_f1813_drop_f8775_drop_f13622_add_f5355,1,1,20:13622,20:5355,11,22,11,"20:1338,20:1813,20:5355,20:6289,20:8754,20:9135,20:9149,20:12652,20:12704,20:14991,20:15169",B_drop8775,13622,5355,-0.03125,fail
lo_swap1_critical12_p10_p22_drop_rank002_rank020_drop_f4339_add_f1813_drop_f8775,prompt_delta_top33,swap1_critical11_lo_swap1_critical12_p10_p22_drop_rank002_rank020_drop_f4339_add_f1813_drop_f8775_drop_f13622_add_f3850,1,1,20:13622,20:3850,11,22,11,"20:1338,20:1813,20:3850,20:6289,20:8754,20:9135,20:9149,20:12652,20:12704,20:14991,20:15169",B_drop8775,13622,3850,-0.015625,fail
lo_swap1_critical12_p10_p22_drop_rank002_rank020_drop_f4339_add_f1813_drop_f8775,prompt_delta_top33,swap1_critical11_lo_swap1_critical12_p10_p22_drop_rank002_rank020_drop_f4339_add_f1813_drop_f8775_drop_f13622_add_f13854,1,1,20:13622,20:13854,11,22,11,"20:1338,20:1813,20:6289,20:8754,20:9135,20:9149,20:12652,20:12704,20:13854,20:14991,20:15169",B_drop8775,13622,13854,0.0,tie
lo_swap1_critical12_p10_p22_drop_rank002_rank020_drop_f4339_add_f1813_drop_f8775,prompt_delta_top33,swap1_critical11_lo_swap1_critical12_p10_p22_drop_rank002_rank020_drop_f4339_add_f1813_drop_f8775_drop_f13622_add_f7965,1,1,20:13622,20:7965,11,22,11,"20:1338,20:1813,20:6289,20:7965,20:8754,20:9135,20:9149,20:12652,20:12704,20:14991,20:15169",B_drop8775,13622,7965,-0.015625,fail
lo_swap1_critical12_p10_p22_drop_rank002_rank020_drop_f4339_add_f1813_drop_f8775,prompt_delta_top33,swap1_critical11_lo_swap1_critical12_p10_p22_drop_rank002_rank020_drop_f4339_add_f1813_drop_f8775_drop_f13622_add_f11414,1,1,20:13622,20:11414,11,22,11,"20:1338,20:1813,20:6289,20:8754,20:9135,20:9149,20:11414,20:12652,20:12704,20:14991,20:15169",B_drop8775,13622,11414,-0.015625,fail
lo_swap1_critical12_p10_p22_drop_rank002_rank020_drop_f4339_add_f1813_drop_f8775,prompt_delta_top33,swap1_critical11_lo_swap1_critical12_p10_p22_drop_rank002_rank020_drop_f4339_add_f1813_drop_f8775_drop_f13622_add_f4339,1,1,20:13622,20:4339,11,22,11,"20:1338,20:1813,20:4339,20:6289,20:8754,20:9135,20:9149,20:12652,20:12704,20:14991,20:15169",B_drop8775,13622,4339,0.0,tie
lo_swap1_critical12_p10_p22_drop_rank002_rank020_drop_f4339_add_f1813_drop_f8775,prompt_delta_top33,swap1_critical11_lo_swap1_critical12_p10_p22_drop_rank002_rank020_drop_f4339_add_f1813_drop_f8775_drop_f13622_add_f12002,1,1,20:13622,20:12002,11,22,11,"20:1338,20:1813,20:6289,20:8754,20:9135,20:9149,20:12002,20:12652,20:12704,20:14991,20:15169",B_drop8775,13622,12002,0.0,tie
lo_swap1_critical12_p10_p22_drop_rank002_rank020_drop_f4339_add_f1813_drop_f8775,prompt_delta_top33,swap1_critical11_lo_swap1_critical12_p10_p22_drop_rank002_rank020_drop_f4339_add_f1813_drop_f8775_drop_f13622_add_f9001,1,1,20:13622,20:9001,11,22,11,"20:1338,20:1813,20:6289,20:8754,20:9001,20:9135,20:9149,20:12652,20:12704,20:14991,20:15169",B_drop8775,13622,9001,-0.015625,fail
lo_swap1_critical12_p10_p22_drop_rank002_rank020_drop_f4339_add_f1813_drop_f8775,prompt_delta_top33,swap1_critical11_lo_swap1_critical12_p10_p22_drop_rank002_rank020_drop_f4339_add_f1813_drop_f8775_drop_f13622_add_f9024,1,1,20:13622,20:9024,11,22,11,"20:1338,20:1813,20:6289,20:8754,20:9024,20:9135,20:9149,20:12652,20:12704,20:14991,20:15169",B_drop8775,13622,9024,-0.03125,fail
lo_swap1_critical12_p10_p22_drop_rank002_rank020_drop_f4339_add_f1813_drop_f8775,prompt_delta_top33,swap1_critical11_lo_swap1_critical12_p10_p22_drop_rank002_rank020_drop_f4339_add_f1813_drop_f8775_drop_f13622_add_f4326,1,1,20:13622,20:4326,11,22,11,"20:1338,20:1813,20:4326,20:6289,20:8754,20:9135,20:9149,20:12652,20:12704,20:14991,20:15169",B_drop8775,13622,4326,0.0,tie
lo_swap1_critical12_p10_p22_drop_rank002_rank020_drop_f4339_add_f1813_drop_f8775,prompt_delta_top33,swap1_critical11_lo_swap1_critical12_p10_p22_drop_rank002_rank020_drop_f4339_add_f1813_drop_f8775_drop_f13622_add_f11545,1,1,20:13622,20:11545,11,22,11,"20:1338,20:1813,20:6289,20:8754,20:9135,20:9149,20:11545,20:12652,20:12704,20:14991,20:15169",B_drop8775,13622,11545,-0.03125,fail
lo_swap1_critical12_p10_p22_drop_rank002_rank020_drop_f4339_add_f1813_drop_f8775,prompt_delta_top33,swap1_critical11_lo_swap1_critical12_p10_p22_drop_rank002_rank020_drop_f4339_add_f1813_drop_f8775_drop_f13622_add_f7531,1,1,20:13622,20:7531,11,22,11,"20:1338,20:1813,20:6289,20:7531,20:8754,20:9135,20:9149,20:12652,20:12704,20:14991,20:15169",B_drop8775,13622,7531,0.0,tie
lo_swap1_critical12_p10_p22_drop_rank002_rank020_drop_f4339_add_f1813_drop_f8775,prompt_delta_top33,swap1_critical11_lo_swap1_critical12_p10_p22_drop_rank002_rank020_drop_f4339_add_f1813_drop_f8775_drop_f13622_add_f5990,1,1,20:13622,20:5990,11,22,11,"20:1338,20:1813,20:5990,20:6289,20:8754,20:9135,20:9149,20:12652,20:12704,20:14991,20:15169",B_drop8775,13622,5990,-0.03125,fail
lo_swap1_critical12_p10_p22_drop_rank002_rank020_drop_f4339_add_f1813_drop_f8775,prompt_delta_top33,swap1_critical11_lo_swap1_critical12_p10_p22_drop_rank002_rank020_drop_f4339_add_f1813_drop_f8775_drop_f13622_add_f321,1,1,20:13622,20:321,11,22,11,"20:321,20:1338,20:1813,20:6289,20:8754,20:9135,20:9149,20:12652,20:12704,20:14991,20:15169",B_drop8775,13622,321,0.0,tie
lo_swap1_critical12_p10_p22_drop_rank002_rank020_drop_f4339_add_f1813_drop_f8775,prompt_delta_top33,swap1_critical11_lo_swap1_critical12_p10_p22_drop_rank002_rank020_drop_f4339_add_f1813_drop_f8775_drop_f13622_add_f12313,1,1,20:13622,20:12313,11,22,11,"20:1338,20:1813,20:6289,20:8754,20:9135,20:9149,20:12313,20:12652,20:12704,20:14991,20:15169",B_drop8775,13622,12313,0.0,tie
lo_swap1_critical12_p10_p22_drop_rank002_rank020_drop_f4339_add_f1813_drop_f8775,prompt_delta_top33,swap1_critical11_lo_swap1_critical12_p10_p22_drop_rank002_rank020_drop_f4339_add_f1813_drop_f8775_drop_f13622_add_f1100,1,1,20:13622,20:1100,11,22,11,"20:1100,20:1338,20:1813,20:6289,20:8754,20:9135,20:9149,20:12652,20:12704,20:14991,20:15169",B_drop8775,13622,1100,0.0,tie
lo_swap1_critical12_p10_p22_drop_rank002_rank020_drop_f4339_add_f1813_drop_f8775,prompt_delta_top33,swap1_critical11_lo_swap1_critical12_p10_p22_drop_rank002_rank020_drop_f4339_add_f1813_drop_f8775_drop_f14991_add_f12963,1,1,20:14991,20:12963,11,22,11,"20:1338,20:1813,20:6289,20:8754,20:9135,20:9149,20:12652,20:12704,20:12963,20:13622,20:15169",B_drop8775,14991,12963,-0.046875,fail
lo_swap1_critical12_p10_p22_drop_rank002_rank020_drop_f4339_add_f1813_drop_f8775,prompt_delta_top33,swap1_critical11_lo_swap1_critical12_p10_p22_drop_rank002_rank020_drop_f4339_add_f1813_drop_f8775_drop_f14991_add_f13060,1,1,20:14991,20:13060,11,22,11,"20:1338,20:1813,20:6289,20:8754,20:9135,20:9149,20:12652,20:12704,20:13060,20:13622,20:15169",B_drop8775,14991,13060,-0.046875,fail
lo_swap1_critical12_p10_p22_drop_rank002_rank020_drop_f4339_add_f1813_drop_f8775,prompt_delta_top33,swap1_critical11_lo_swap1_critical12_p10_p22_drop_rank002_rank020_drop_f4339_add_f1813_drop_f8775_drop_f14991_add_f6169,1,1,20:14991,20:6169,11,22,11,"20:1338,20:1813,20:6169,20:6289,20:8754,20:9135,20:9149,20:12652,20:12704,20:13622,20:15169",B_drop8775,14991,6169,-0.0625,fail
lo_swap1_critical12_p10_p22_drop_rank002_rank020_drop_f4339_add_f1813_drop_f8775,prompt_delta_top33,swap1_critical11_lo_swap1_critical12_p10_p22_drop_rank002_rank020_drop_f4339_add_f1813_drop_f8775_drop_f14991_add_f13882,1,1,20:14991,20:13882,11,22,11,"20:1338,20:1813,20:6289,20:8754,20:9135,20:9149,20:12652,20:12704,20:13622,20:13882,20:15169",B_drop8775,14991,13882,-0.046875,fail
lo_swap1_critical12_p10_p22_drop_rank002_rank020_drop_f4339_add_f1813_drop_f8775,prompt_delta_top33,swap1_critical11_lo_swap1_critical12_p10_p22_drop_rank002_rank020_drop_f4339_add_f1813_drop_f8775_drop_f14991_add_f9407,1,1,20:14991,20:9407,11,22,11,"20:1338,20:1813,20:6289,20:8754,20:9135,20:9149,20:9407,20:12652,20:12704,20:13622,20:15169",B_drop8775,14991,9407,-0.03125,fail
lo_swap1_critical12_p10_p22_drop_rank002_rank020_drop_f4339_add_f1813_drop_f8775,prompt_delta_top33,swap1_critical11_lo_swap1_critical12_p10_p22_drop_rank002_rank020_drop_f4339_add_f1813_drop_f8775_drop_f14991_add_f5355,1,1,20:14991,20:5355,11,22,11,"20:1338,20:1813,20:5355,20:6289,20:8754,20:9135,20:9149,20:12652,20:12704,20:13622,20:15169",B_drop8775,14991,5355,-0.046875,fail
lo_swap1_critical12_p10_p22_drop_rank002_rank020_drop_f4339_add_f1813_drop_f8775,prompt_delta_top33,swap1_critical11_lo_swap1_critical12_p10_p22_drop_rank002_rank020_drop_f4339_add_f1813_drop_f8775_drop_f14991_add_f3850,1,1,20:14991,20:3850,11,22,11,"20:1338,20:1813,20:3850,20:6289,20:8754,20:9135,20:9149,20:12652,20:12704,20:13622,20:15169",B_drop8775,14991,3850,-0.046875,fail
lo_swap1_critical12_p10_p22_drop_rank002_rank020_drop_f4339_add_f1813_drop_f8775,prompt_delta_top33,swap1_critical11_lo_swap1_critical12_p10_p22_drop_rank002_rank020_drop_f4339_add_f1813_drop_f8775_drop_f14991_add_f13854,1,1,20:14991,20:13854,11,22,11,"20:1338,20:1813,20:6289,20:8754,20:9135,20:9149,20:12652,20:12704,20:13622,20:13854,20:15169",B_drop8775,14991,13854,-0.03125,fail
lo_swap1_critical12_p10_p22_drop_rank002_rank020_drop_f4339_add_f1813_drop_f8775,prompt_delta_top33,swap1_critical11_lo_swap1_critical12_p10_p22_drop_rank002_rank020_drop_f4339_add_f1813_drop_f8775_drop_f14991_add_f7965,1,1,20:14991,20:7965,11,22,11,"20:1338,20:1813,20:6289,20:7965,20:8754,20:9135,20:9149,20:12652,20:12704,20:13622,20:15169",B_drop8775,14991,7965,-0.046875,fail
lo_swap1_critical12_p10_p22_drop_rank002_rank020_drop_f4339_add_f1813_drop_f8775,prompt_delta_top33,swap1_critical11_lo_swap1_critical12_p10_p22_drop_rank002_rank020_drop_f4339_add_f1813_drop_f8775_drop_f14991_add_f11414,1,1,20:14991,20:11414,11,22,11,"20:1338,20:1813,20:6289,20:8754,20:9135,20:9149,20:11414,20:12652,20:12704,20:13622,20:15169",B_drop8775,14991,11414,-0.046875,fail
lo_swap1_critical12_p10_p22_drop_rank002_rank020_drop_f4339_add_f1813_drop_f8775,prompt_delta_top33,swap1_critical11_lo_swap1_critical12_p10_p22_drop_rank002_rank020_drop_f4339_add_f1813_drop_f8775_drop_f14991_add_f4339,1,1,20:14991,20:4339,11,22,11,"20:1338,20:1813,20:4339,20:6289,20:8754,20:9135,20:9149,20:12652,20:12704,20:13622,20:15169",B_drop8775,14991,4339,-0.046875,fail
lo_swap1_critical12_p10_p22_drop_rank002_rank020_drop_f4339_add_f1813_drop_f8775,prompt_delta_top33,swap1_critical11_lo_swap1_critical12_p10_p22_drop_rank002_rank020_drop_f4339_add_f1813_drop_f8775_drop_f14991_add_f12002,1,1,20:14991,20:12002,11,22,11,"20:1338,20:1813,20:6289,20:8754,20:9135,20:9149,20:12002,20:12652,20:12704,20:13622,20:15169",B_drop8775,14991,12002,-0.03125,fail
lo_swap1_critical12_p10_p22_drop_rank002_rank020_drop_f4339_add_f1813_drop_f8775,prompt_delta_top33,swap1_critical11_lo_swap1_critical12_p10_p22_drop_rank002_rank020_drop_f4339_add_f1813_drop_f8775_drop_f14991_add_f9001,1,1,20:14991,20:9001,11,22,11,"20:1338,20:1813,20:6289,20:8754,20:9001,20:9135,20:9149,20:12652,20:12704,20:13622,20:15169",B_drop8775,14991,9001,-0.03125,fail
lo_swap1_critical12_p10_p22_drop_rank002_rank020_drop_f4339_add_f1813_drop_f8775,prompt_delta_top33,swap1_critical11_lo_swap1_critical12_p10_p22_drop_rank002_rank020_drop_f4339_add_f1813_drop_f8775_drop_f14991_add_f9024,1,1,20:14991,20:9024,11,22,11,"20:1338,20:1813,20:6289,20:8754,20:9024,20:9135,20:9149,20:12652,20:12704,20:13622,20:15169",B_drop8775,14991,9024,-0.046875,fail
lo_swap1_critical12_p10_p22_drop_rank002_rank020_drop_f4339_add_f1813_drop_f8775,prompt_delta_top33,swap1_critical11_lo_swap1_critical12_p10_p22_drop_rank002_rank020_drop_f4339_add_f1813_drop_f8775_drop_f14991_add_f4326,1,1,20:14991,20:4326,11,22,11,"20:1338,20:1813,20:4326,20:6289,20:8754,20:9135,20:9149,20:12652,20:12704,20:13622,20:15169",B_drop8775,14991,4326,-0.046875,fail
lo_swap1_critical12_p10_p22_drop_rank002_rank020_drop_f4339_add_f1813_drop_f8775,prompt_delta_top33,swap1_critical11_lo_swap1_critical12_p10_p22_drop_rank002_rank020_drop_f4339_add_f1813_drop_f8775_drop_f14991_add_f11545,1,1,20:14991,20:11545,11,22,11,"20:1338,20:1813,20:6289,20:8754,20:9135,20:9149,20:11545,20:12652,20:12704,20:13622,20:15169",B_drop8775,14991,11545,-0.046875,fail
lo_swap1_critical12_p10_p22_drop_rank002_rank020_drop_f4339_add_f1813_drop_f8775,prompt_delta_top33,swap1_critical11_lo_swap1_critical12_p10_p22_drop_rank002_rank020_drop_f4339_add_f1813_drop_f8775_drop_f14991_add_f7531,1,1,20:14991,20:7531,11,22,11,"20:1338,20:1813,20:6289,20:7531,20:8754,20:9135,20:9149,20:12652,20:12704,20:13622,20:15169",B_drop8775,14991,7531,-0.046875,fail
lo_swap1_critical12_p10_p22_drop_rank002_rank020_drop_f4339_add_f1813_drop_f8775,prompt_delta_top33,swap1_critical11_lo_swap1_critical12_p10_p22_drop_rank002_rank020_drop_f4339_add_f1813_drop_f8775_drop_f14991_add_f5990,1,1,20:14991,20:5990,11,22,11,"20:1338,20:1813,20:5990,20:6289,20:8754,20:9135,20:9149,20:12652,20:12704,20:13622,20:15169",B_drop8775,14991,5990,-0.046875,fail
lo_swap1_critical12_p10_p22_drop_rank002_rank020_drop_f4339_add_f1813_drop_f8775,prompt_delta_top33,swap1_critical11_lo_swap1_critical12_p10_p22_drop_rank002_rank020_drop_f4339_add_f1813_drop_f8775_drop_f14991_add_f321,1,1,20:14991,20:321,11,22,11,"20:321,20:1338,20:1813,20:6289,20:8754,20:9135,20:9149,20:12652,20:12704,20:13622,20:15169",B_drop8775,14991,321,-0.046875,fail
lo_swap1_critical12_p10_p22_drop_rank002_rank020_drop_f4339_add_f1813_drop_f8775,prompt_delta_top33,swap1_critical11_lo_swap1_critical12_p10_p22_drop_rank002_rank020_drop_f4339_add_f1813_drop_f8775_drop_f14991_add_f12313,1,1,20:14991,20:12313,11,22,11,"20:1338,20:1813,20:6289,20:8754,20:9135,20:9149,20:12313,20:12652,20:12704,20:13622,20:15169",B_drop8775,14991,12313,-0.0625,fail
lo_swap1_critical12_p10_p22_drop_rank002_rank020_drop_f4339_add_f1813_drop_f8775,prompt_delta_top33,swap1_critical11_lo_swap1_critical12_p10_p22_drop_rank002_rank020_drop_f4339_add_f1813_drop_f8775_drop_f14991_add_f1100,1,1,20:14991,20:1100,11,22,11,"20:1100,20:1338,20:1813,20:6289,20:8754,20:9135,20:9149,20:12652,20:12704,20:13622,20:15169",B_drop8775,14991,1100,-0.046875,fail
lo_swap1_critical12_p10_p22_drop_rank002_rank020_drop_f4339_add_f1813_drop_f8775,prompt_delta_top33,swap1_critical11_lo_swap1_critical12_p10_p22_drop_rank002_rank020_drop_f4339_add_f1813_drop_f8775_drop_f15169_add_f12963,1,1,20:15169,20:12963,11,22,11,"20:1338,20:1813,20:6289,20:8754,20:9135,20:9149,20:12652,20:12704,20:12963,20:13622,20:14991",B_drop8775,15169,12963,-0.421875,fail
lo_swap1_critical12_p10_p22_drop_rank002_rank020_drop_f4339_add_f1813_drop_f8775,prompt_delta_top33,swap1_critical11_lo_swap1_critical12_p10_p22_drop_rank002_rank020_drop_f4339_add_f1813_drop_f8775_drop_f15169_add_f13060,1,1,20:15169,20:13060,11,22,11,"20:1338,20:1813,20:6289,20:8754,20:9135,20:9149,20:12652,20:12704,20:13060,20:13622,20:14991",B_drop8775,15169,13060,-0.40625,fail
lo_swap1_critical12_p10_p22_drop_rank002_rank020_drop_f4339_add_f1813_drop_f8775,prompt_delta_top33,swap1_critical11_lo_swap1_critical12_p10_p22_drop_rank002_rank020_drop_f4339_add_f1813_drop_f8775_drop_f15169_add_f6169,1,1,20:15169,20:6169,11,22,11,"20:1338,20:1813,20:6169,20:6289,20:8754,20:9135,20:9149,20:12652,20:12704,20:13622,20:14991",B_drop8775,15169,6169,-0.4375,fail
lo_swap1_critical12_p10_p22_drop_rank002_rank020_drop_f4339_add_f1813_drop_f8775,prompt_delta_top33,swap1_critical11_lo_swap1_critical12_p10_p22_drop_rank002_rank020_drop_f4339_add_f1813_drop_f8775_drop_f15169_add_f13882,1,1,20:15169,20:13882,11,22,11,"20:1338,20:1813,20:6289,20:8754,20:9135,20:9149,20:12652,20:12704,20:13622,20:13882,20:14991",B_drop8775,15169,13882,-0.421875,fail
lo_swap1_critical12_p10_p22_drop_rank002_rank020_drop_f4339_add_f1813_drop_f8775,prompt_delta_top33,swap1_critical11_lo_swap1_critical12_p10_p22_drop_rank002_rank020_drop_f4339_add_f1813_drop_f8775_drop_f15169_add_f9407,1,1,20:15169,20:9407,11,22,11,"20:1338,20:1813,20:6289,20:8754,20:9135,20:9149,20:9407,20:12652,20:12704,20:13622,20:14991",B_drop8775,15169,9407,-0.40625,fail
lo_swap1_critical12_p10_p22_drop_rank002_rank020_drop_f4339_add_f1813_drop_f8775,prompt_delta_top33,swap1_critical11_lo_swap1_critical12_p10_p22_drop_rank002_rank020_drop_f4339_add_f1813_drop_f8775_drop_f15169_add_f5355,1,1,20:15169,20:5355,11,22,11,"20:1338,20:1813,20:5355,20:6289,20:8754,20:9135,20:9149,20:12652,20:12704,20:13622,20:14991",B_drop8775,15169,5355,-0.421875,fail
lo_swap1_critical12_p10_p22_drop_rank002_rank020_drop_f4339_add_f1813_drop_f8775,prompt_delta_top33,swap1_critical11_lo_swap1_critical12_p10_p22_drop_rank002_rank020_drop_f4339_add_f1813_drop_f8775_drop_f15169_add_f3850,1,1,20:15169,20:3850,11,22,11,"20:1338,20:1813,20:3850,20:6289,20:8754,20:9135,20:9149,20:12652,20:12704,20:13622,20:14991",B_drop8775,15169,3850,-0.40625,fail
lo_swap1_critical12_p10_p22_drop_rank002_rank020_drop_f4339_add_f1813_drop_f8775,prompt_delta_top33,swap1_critical11_lo_swap1_critical12_p10_p22_drop_rank002_rank020_drop_f4339_add_f1813_drop_f8775_drop_f15169_add_f13854,1,1,20:15169,20:13854,11,22,11,"20:1338,20:1813,20:6289,20:8754,20:9135,20:9149,20:12652,20:12704,20:13622,20:13854,20:14991",B_drop8775,15169,13854,-0.40625,fail
lo_swap1_critical12_p10_p22_drop_rank002_rank020_drop_f4339_add_f1813_drop_f8775,prompt_delta_top33,swap1_critical11_lo_swap1_critical12_p10_p22_drop_rank002_rank020_drop_f4339_add_f1813_drop_f8775_drop_f15169_add_f7965,1,1,20:15169,20:7965,11,22,11,"20:1338,20:1813,20:6289,20:7965,20:8754,20:9135,20:9149,20:12652,20:12704,20:13622,20:14991",B_drop8775,15169,7965,-0.421875,fail
lo_swap1_critical12_p10_p22_drop_rank002_rank020_drop_f4339_add_f1813_drop_f8775,prompt_delta_top33,swap1_critical11_lo_swap1_critical12_p10_p22_drop_rank002_rank020_drop_f4339_add_f1813_drop_f8775_drop_f15169_add_f11414,1,1,20:15169,20:11414,11,22,11,"20:1338,20:1813,20:6289,20:8754,20:9135,20:9149,20:11414,20:12652,20:12704,20:13622,20:14991",B_drop8775,15169,11414,-0.421875,fail
lo_swap1_critical12_p10_p22_drop_rank002_rank020_drop_f4339_add_f1813_drop_f8775,prompt_delta_top33,swap1_critical11_lo_swap1_critical12_p10_p22_drop_rank002_rank020_drop_f4339_add_f1813_drop_f8775_drop_f15169_add_f4339,1,1,20:15169,20:4339,11,22,11,"20:1338,20:1813,20:4339,20:6289,20:8754,20:9135,20:9149,20:12652,20:12704,20:13622,20:14991",B_drop8775,15169,4339,-0.40625,fail
lo_swap1_critical12_p10_p22_drop_rank002_rank020_drop_f4339_add_f1813_drop_f8775,prompt_delta_top33,swap1_critical11_lo_swap1_critical12_p10_p22_drop_rank002_rank020_drop_f4339_add_f1813_drop_f8775_drop_f15169_add_f12002,1,1,20:15169,20:12002,11,22,11,"20:1338,20:1813,20:6289,20:8754,20:9135,20:9149,20:12002,20:12652,20:12704,20:13622,20:14991",B_drop8775,15169,12002,-0.421875,fail
lo_swap1_critical12_p10_p22_drop_rank002_rank020_drop_f4339_add_f1813_drop_f8775,prompt_delta_top33,swap1_critical11_lo_swap1_critical12_p10_p22_drop_rank002_rank020_drop_f4339_add_f1813_drop_f8775_drop_f15169_add_f9001,1,1,20:15169,20:9001,11,22,11,"20:1338,20:1813,20:6289,20:8754,20:9001,20:9135,20:9149,20:12652,20:12704,20:13622,20:14991",B_drop8775,15169,9001,-0.40625,fail
lo_swap1_critical12_p10_p22_drop_rank002_rank020_drop_f4339_add_f1813_drop_f8775,prompt_delta_top33,swap1_critical11_lo_swap1_critical12_p10_p22_drop_rank002_rank020_drop_f4339_add_f1813_drop_f8775_drop_f15169_add_f9024,1,1,20:15169,20:9024,11,22,11,"20:1338,20:1813,20:6289,20:8754,20:9024,20:9135,20:9149,20:12652,20:12704,20:13622,20:14991",B_drop8775,15169,9024,-0.40625,fail
lo_swap1_critical12_p10_p22_drop_rank002_rank020_drop_f4339_add_f1813_drop_f8775,prompt_delta_top33,swap1_critical11_lo_swap1_critical12_p10_p22_drop_rank002_rank020_drop_f4339_add_f1813_drop_f8775_drop_f15169_add_f4326,1,1,20:15169,20:4326,11,22,11,"20:1338,20:1813,20:4326,20:6289,20:8754,20:9135,20:9149,20:12652,20:12704,20:13622,20:14991",B_drop8775,15169,4326,-0.40625,fail
lo_swap1_critical12_p10_p22_drop_rank002_rank020_drop_f4339_add_f1813_drop_f8775,prompt_delta_top33,swap1_critical11_lo_swap1_critical12_p10_p22_drop_rank002_rank020_drop_f4339_add_f1813_drop_f8775_drop_f15169_add_f11545,1,1,20:15169,20:11545,11,22,11,"20:1338,20:1813,20:6289,20:8754,20:9135,20:9149,20:11545,20:12652,20:12704,20:13622,20:14991",B_drop8775,15169,11545,-0.421875,fail
lo_swap1_critical12_p10_p22_drop_rank002_rank020_drop_f4339_add_f1813_drop_f8775,prompt_delta_top33,swap1_critical11_lo_swap1_critical12_p10_p22_drop_rank002_rank020_drop_f4339_add_f1813_drop_f8775_drop_f15169_add_f7531,1,1,20:15169,20:7531,11,22,11,"20:1338,20:1813,20:6289,20:7531,20:8754,20:9135,20:9149,20:12652,20:12704,20:13622,20:14991",B_drop8775,15169,7531,-0.40625,fail
lo_swap1_critical12_p10_p22_drop_rank002_rank020_drop_f4339_add_f1813_drop_f8775,prompt_delta_top33,swap1_critical11_lo_swap1_critical12_p10_p22_drop_rank002_rank020_drop_f4339_add_f1813_drop_f8775_drop_f15169_add_f5990,1,1,20:15169,20:5990,11,22,11,"20:1338,20:1813,20:5990,20:6289,20:8754,20:9135,20:9149,20:12652,20:12704,20:13622,20:14991",B_drop8775,15169,5990,-0.421875,fail
lo_swap1_critical12_p10_p22_drop_rank002_rank020_drop_f4339_add_f1813_drop_f8775,prompt_delta_top33,swap1_critical11_lo_swap1_critical12_p10_p22_drop_rank002_rank020_drop_f4339_add_f1813_drop_f8775_drop_f15169_add_f321,1,1,20:15169,20:321,11,22,11,"20:321,20:1338,20:1813,20:6289,20:8754,20:9135,20:9149,20:12652,20:12704,20:13622,20:14991",B_drop8775,15169,321,-0.40625,fail
lo_swap1_critical12_p10_p22_drop_rank002_rank020_drop_f4339_add_f1813_drop_f8775,prompt_delta_top33,swap1_critical11_lo_swap1_critical12_p10_p22_drop_rank002_rank020_drop_f4339_add_f1813_drop_f8775_drop_f15169_add_f12313,1,1,20:15169,20:12313,11,22,11,"20:1338,20:1813,20:6289,20:8754,20:9135,20:9149,20:12313,20:12652,20:12704,20:13622,20:14991",B_drop8775,15169,12313,-0.40625,fail
lo_swap1_critical12_p10_p22_drop_rank002_rank020_drop_f4339_add_f1813_drop_f8775,prompt_delta_top33,swap1_critical11_lo_swap1_critical12_p10_p22_drop_rank002_rank020_drop_f4339_add_f1813_drop_f8775_drop_f15169_add_f1100,1,1,20:15169,20:1100,11,22,11,"20:1100,20:1338,20:1813,20:6289,20:8754,20:9135,20:9149,20:12652,20:12704,20:13622,20:14991",B_drop8775,15169,1100,-0.40625,fail
