source_bundle,pool_bundle,variant,drop_count,add_count,dropped_features,added_features,source_feature_count,pool_extra_count,selected_features,features
lo_swap1_critical12_p10_p22_drop_rank002_rank020_drop_f4339_add_f1813_drop_f1338,prompt_delta_top33,swap1_critical11_lo_swap1_critical12_p10_p22_drop_rank002_rank020_drop_f4339_add_f1813_drop_f1338_drop_f1813_add_f12963,1,1,20:1813,20:12963,11,22,11,"20:6289,20:8754,20:8775,20:9135,20:9149,20:12652,20:12704,20:12963,20:13622,20:14991,20:15169"
lo_swap1_critical12_p10_p22_drop_rank002_rank020_drop_f4339_add_f1813_drop_f1338,prompt_delta_top33,swap1_critical11_lo_swap1_critical12_p10_p22_drop_rank002_rank020_drop_f4339_add_f1813_drop_f1338_drop_f1813_add_f13060,1,1,20:1813,20:13060,11,22,11,"20:6289,20:8754,20:8775,20:9135,20:9149,20:12652,20:12704,20:13060,20:13622,20:14991,20:15169"
lo_swap1_critical12_p10_p22_drop_rank002_rank020_drop_f4339_add_f1813_drop_f1338,prompt_delta_top33,swap1_critical11_lo_swap1_critical12_p10_p22_drop_rank002_rank020_drop_f4339_add_f1813_drop_f1338_drop_f1813_add_f6169,1,1,20:1813,20:6169,11,22,11,"20:6169,20:6289,20:8754,20:8775,20:9135,20:9149,20:12652,20:12704,20:13622,20:14991,20:15169"
lo_swap1_critical12_p10_p22_drop_rank002_rank020_drop_f4339_add_f1813_drop_f1338,prompt_delta_top33,swap1_critical11_lo_swap1_critical12_p10_p22_drop_rank002_rank020_drop_f4339_add_f1813_drop_f1338_drop_f1813_add_f13882,1,1,20:1813,20:13882,11,22,11,"20:6289,20:8754,20:8775,20:9135,20:9149,20:12652,20:12704,20:13622,20:13882,20:14991,20:15169"
lo_swap1_critical12_p10_p22_drop_rank002_rank020_drop_f4339_add_f1813_drop_f1338,prompt_delta_top33,swap1_critical11_lo_swap1_critical12_p10_p22_drop_rank002_rank020_drop_f4339_add_f1813_drop_f1338_drop_f1813_add_f9407,1,1,20:1813,20:9407,11,22,11,"20:6289,20:8754,20:8775,20:9135,20:9149,20:9407,20:12652,20:12704,20:13622,20:14991,20:15169"
lo_swap1_critical12_p10_p22_drop_rank002_rank020_drop_f4339_add_f1813_drop_f1338,prompt_delta_top33,swap1_critical11_lo_swap1_critical12_p10_p22_drop_rank002_rank020_drop_f4339_add_f1813_drop_f1338_drop_f1813_add_f5355,1,1,20:1813,20:5355,11,22,11,"20:5355,20:6289,20:8754,20:8775,20:9135,20:9149,20:12652,20:12704,20:13622,20:14991,20:15169"
lo_swap1_critical12_p10_p22_drop_rank002_rank020_drop_f4339_add_f1813_drop_f1338,prompt_delta_top33,swap1_critical11_lo_swap1_critical12_p10_p22_drop_rank002_rank020_drop_f4339_add_f1813_drop_f1338_drop_f1813_add_f3850,1,1,20:1813,20:3850,11,22,11,"20:3850,20:6289,20:8754,20:8775,20:9135,20:9149,20:12652,20:12704,20:13622,20:14991,20:15169"
lo_swap1_critical12_p10_p22_drop_rank002_rank020_drop_f4339_add_f1813_drop_f1338,prompt_delta_top33,swap1_critical11_lo_swap1_critical12_p10_p22_drop_rank002_rank020_drop_f4339_add_f1813_drop_f1338_drop_f1813_add_f13854,1,1,20:1813,20:13854,11,22,11,"20:6289,20:8754,20:8775,20:9135,20:9149,20:12652,20:12704,20:13622,20:13854,20:14991,20:15169"
lo_swap1_critical12_p10_p22_drop_rank002_rank020_drop_f4339_add_f1813_drop_f1338,prompt_delta_top33,swap1_critical11_lo_swap1_critical12_p10_p22_drop_rank002_rank020_drop_f4339_add_f1813_drop_f1338_drop_f1813_add_f7965,1,1,20:1813,20:7965,11,22,11,"20:6289,20:7965,20:8754,20:8775,20:9135,20:9149,20:12652,20:12704,20:13622,20:14991,20:15169"
lo_swap1_critical12_p10_p22_drop_rank002_rank020_drop_f4339_add_f1813_drop_f1338,prompt_delta_top33,swap1_critical11_lo_swap1_critical12_p10_p22_drop_rank002_rank020_drop_f4339_add_f1813_drop_f1338_drop_f1813_add_f11414,1,1,20:1813,20:11414,11,22,11,"20:6289,20:8754,20:8775,20:9135,20:9149,20:11414,20:12652,20:12704,20:13622,20:14991,20:15169"
lo_swap1_critical12_p10_p22_drop_rank002_rank020_drop_f4339_add_f1813_drop_f1338,prompt_delta_top33,swap1_critical11_lo_swap1_critical12_p10_p22_drop_rank002_rank020_drop_f4339_add_f1813_drop_f1338_drop_f1813_add_f4339,1,1,20:1813,20:4339,11,22,11,"20:4339,20:6289,20:8754,20:8775,20:9135,20:9149,20:12652,20:12704,20:13622,20:14991,20:15169"
lo_swap1_critical12_p10_p22_drop_rank002_rank020_drop_f4339_add_f1813_drop_f1338,prompt_delta_top33,swap1_critical11_lo_swap1_critical12_p10_p22_drop_rank002_rank020_drop_f4339_add_f1813_drop_f1338_drop_f1813_add_f12002,1,1,20:1813,20:12002,11,22,11,"20:6289,20:8754,20:8775,20:9135,20:9149,20:12002,20:12652,20:12704,20:13622,20:14991,20:15169"
lo_swap1_critical12_p10_p22_drop_rank002_rank020_drop_f4339_add_f1813_drop_f1338,prompt_delta_top33,swap1_critical11_lo_swap1_critical12_p10_p22_drop_rank002_rank020_drop_f4339_add_f1813_drop_f1338_drop_f1813_add_f9001,1,1,20:1813,20:9001,11,22,11,"20:6289,20:8754,20:8775,20:9001,20:9135,20:9149,20:12652,20:12704,20:13622,20:14991,20:15169"
lo_swap1_critical12_p10_p22_drop_rank002_rank020_drop_f4339_add_f1813_drop_f1338,prompt_delta_top33,swap1_critical11_lo_swap1_critical12_p10_p22_drop_rank002_rank020_drop_f4339_add_f1813_drop_f1338_drop_f1813_add_f9024,1,1,20:1813,20:9024,11,22,11,"20:6289,20:8754,20:8775,20:9024,20:9135,20:9149,20:12652,20:12704,20:13622,20:14991,20:15169"
lo_swap1_critical12_p10_p22_drop_rank002_rank020_drop_f4339_add_f1813_drop_f1338,prompt_delta_top33,swap1_critical11_lo_swap1_critical12_p10_p22_drop_rank002_rank020_drop_f4339_add_f1813_drop_f1338_drop_f1813_add_f4326,1,1,20:1813,20:4326,11,22,11,"20:4326,20:6289,20:8754,20:8775,20:9135,20:9149,20:12652,20:12704,20:13622,20:14991,20:15169"
lo_swap1_critical12_p10_p22_drop_rank002_rank020_drop_f4339_add_f1813_drop_f1338,prompt_delta_top33,swap1_critical11_lo_swap1_critical12_p10_p22_drop_rank002_rank020_drop_f4339_add_f1813_drop_f1338_drop_f1813_add_f11545,1,1,20:1813,20:11545,11,22,11,"20:6289,20:8754,20:8775,20:9135,20:9149,20:11545,20:12652,20:12704,20:13622,20:14991,20:15169"
lo_swap1_critical12_p10_p22_drop_rank002_rank020_drop_f4339_add_f1813_drop_f1338,prompt_delta_top33,swap1_critical11_lo_swap1_critical12_p10_p22_drop_rank002_rank020_drop_f4339_add_f1813_drop_f1338_drop_f1813_add_f7531,1,1,20:1813,20:7531,11,22,11,"20:6289,20:7531,20:8754,20:8775,20:9135,20:9149,20:12652,20:12704,20:13622,20:14991,20:15169"
lo_swap1_critical12_p10_p22_drop_rank002_rank020_drop_f4339_add_f1813_drop_f1338,prompt_delta_top33,swap1_critical11_lo_swap1_critical12_p10_p22_drop_rank002_rank020_drop_f4339_add_f1813_drop_f1338_drop_f1813_add_f5990,1,1,20:1813,20:5990,11,22,11,"20:5990,20:6289,20:8754,20:8775,20:9135,20:9149,20:12652,20:12704,20:13622,20:14991,20:15169"
lo_swap1_critical12_p10_p22_drop_rank002_rank020_drop_f4339_add_f1813_drop_f1338,prompt_delta_top33,swap1_critical11_lo_swap1_critical12_p10_p22_drop_rank002_rank020_drop_f4339_add_f1813_drop_f1338_drop_f1813_add_f1338,1,1,20:1813,20:1338,11,22,11,"20:1338,20:6289,20:8754,20:8775,20:9135,20:9149,20:12652,20:12704,20:13622,20:14991,20:15169"
lo_swap1_critical12_p10_p22_drop_rank002_rank020_drop_f4339_add_f1813_drop_f1338,prompt_delta_top33,swap1_critical11_lo_swap1_critical12_p10_p22_drop_rank002_rank020_drop_f4339_add_f1813_drop_f1338_drop_f1813_add_f321,1,1,20:1813,20:321,11,22,11,"20:321,20:6289,20:8754,20:8775,20:9135,20:9149,20:12652,20:12704,20:13622,20:14991,20:15169"
lo_swap1_critical12_p10_p22_drop_rank002_rank020_drop_f4339_add_f1813_drop_f1338,prompt_delta_top33,swap1_critical11_lo_swap1_critical12_p10_p22_drop_rank002_rank020_drop_f4339_add_f1813_drop_f1338_drop_f1813_add_f12313,1,1,20:1813,20:12313,11,22,11,"20:6289,20:8754,20:8775,20:9135,20:9149,20:12313,20:12652,20:12704,20:13622,20:14991,20:15169"
lo_swap1_critical12_p10_p22_drop_rank002_rank020_drop_f4339_add_f1813_drop_f1338,prompt_delta_top33,swap1_critical11_lo_swap1_critical12_p10_p22_drop_rank002_rank020_drop_f4339_add_f1813_drop_f1338_drop_f1813_add_f1100,1,1,20:1813,20:1100,11,22,11,"20:1100,20:6289,20:8754,20:8775,20:9135,20:9149,20:12652,20:12704,20:13622,20:14991,20:15169"
lo_swap1_critical12_p10_p22_drop_rank002_rank020_drop_f4339_add_f1813_drop_f1338,prompt_delta_top33,swap1_critical11_lo_swap1_critical12_p10_p22_drop_rank002_rank020_drop_f4339_add_f1813_drop_f1338_drop_f6289_add_f12963,1,1,20:6289,20:12963,11,22,11,"20:1813,20:8754,20:8775,20:9135,20:9149,20:12652,20:12704,20:12963,20:13622,20:14991,20:15169"
lo_swap1_critical12_p10_p22_drop_rank002_rank020_drop_f4339_add_f1813_drop_f1338,prompt_delta_top33,swap1_critical11_lo_swap1_critical12_p10_p22_drop_rank002_rank020_drop_f4339_add_f1813_drop_f1338_drop_f6289_add_f13060,1,1,20:6289,20:13060,11,22,11,"20:1813,20:8754,20:8775,20:9135,20:9149,20:12652,20:12704,20:13060,20:13622,20:14991,20:15169"
lo_swap1_critical12_p10_p22_drop_rank002_rank020_drop_f4339_add_f1813_drop_f1338,prompt_delta_top33,swap1_critical11_lo_swap1_critical12_p10_p22_drop_rank002_rank020_drop_f4339_add_f1813_drop_f1338_drop_f6289_add_f6169,1,1,20:6289,20:6169,11,22,11,"20:1813,20:6169,20:8754,20:8775,20:9135,20:9149,20:12652,20:12704,20:13622,20:14991,20:15169"
lo_swap1_critical12_p10_p22_drop_rank002_rank020_drop_f4339_add_f1813_drop_f1338,prompt_delta_top33,swap1_critical11_lo_swap1_critical12_p10_p22_drop_rank002_rank020_drop_f4339_add_f1813_drop_f1338_drop_f6289_add_f13882,1,1,20:6289,20:13882,11,22,11,"20:1813,20:8754,20:8775,20:9135,20:9149,20:12652,20:12704,20:13622,20:13882,20:14991,20:15169"
lo_swap1_critical12_p10_p22_drop_rank002_rank020_drop_f4339_add_f1813_drop_f1338,prompt_delta_top33,swap1_critical11_lo_swap1_critical12_p10_p22_drop_rank002_rank020_drop_f4339_add_f1813_drop_f1338_drop_f6289_add_f9407,1,1,20:6289,20:9407,11,22,11,"20:1813,20:8754,20:8775,20:9135,20:9149,20:9407,20:12652,20:12704,20:13622,20:14991,20:15169"
lo_swap1_critical12_p10_p22_drop_rank002_rank020_drop_f4339_add_f1813_drop_f1338,prompt_delta_top33,swap1_critical11_lo_swap1_critical12_p10_p22_drop_rank002_rank020_drop_f4339_add_f1813_drop_f1338_drop_f6289_add_f5355,1,1,20:6289,20:5355,11,22,11,"20:1813,20:5355,20:8754,20:8775,20:9135,20:9149,20:12652,20:12704,20:13622,20:14991,20:15169"
lo_swap1_critical12_p10_p22_drop_rank002_rank020_drop_f4339_add_f1813_drop_f1338,prompt_delta_top33,swap1_critical11_lo_swap1_critical12_p10_p22_drop_rank002_rank020_drop_f4339_add_f1813_drop_f1338_drop_f6289_add_f3850,1,1,20:6289,20:3850,11,22,11,"20:1813,20:3850,20:8754,20:8775,20:9135,20:9149,20:12652,20:12704,20:13622,20:14991,20:15169"
lo_swap1_critical12_p10_p22_drop_rank002_rank020_drop_f4339_add_f1813_drop_f1338,prompt_delta_top33,swap1_critical11_lo_swap1_critical12_p10_p22_drop_rank002_rank020_drop_f4339_add_f1813_drop_f1338_drop_f6289_add_f13854,1,1,20:6289,20:13854,11,22,11,"20:1813,20:8754,20:8775,20:9135,20:9149,20:12652,20:12704,20:13622,20:13854,20:14991,20:15169"
lo_swap1_critical12_p10_p22_drop_rank002_rank020_drop_f4339_add_f1813_drop_f1338,prompt_delta_top33,swap1_critical11_lo_swap1_critical12_p10_p22_drop_rank002_rank020_drop_f4339_add_f1813_drop_f1338_drop_f6289_add_f7965,1,1,20:6289,20:7965,11,22,11,"20:1813,20:7965,20:8754,20:8775,20:9135,20:9149,20:12652,20:12704,20:13622,20:14991,20:15169"
lo_swap1_critical12_p10_p22_drop_rank002_rank020_drop_f4339_add_f1813_drop_f1338,prompt_delta_top33,swap1_critical11_lo_swap1_critical12_p10_p22_drop_rank002_rank020_drop_f4339_add_f1813_drop_f1338_drop_f6289_add_f11414,1,1,20:6289,20:11414,11,22,11,"20:1813,20:8754,20:8775,20:9135,20:9149,20:11414,20:12652,20:12704,20:13622,20:14991,20:15169"
lo_swap1_critical12_p10_p22_drop_rank002_rank020_drop_f4339_add_f1813_drop_f1338,prompt_delta_top33,swap1_critical11_lo_swap1_critical12_p10_p22_drop_rank002_rank020_drop_f4339_add_f1813_drop_f1338_drop_f6289_add_f4339,1,1,20:6289,20:4339,11,22,11,"20:1813,20:4339,20:8754,20:8775,20:9135,20:9149,20:12652,20:12704,20:13622,20:14991,20:15169"
lo_swap1_critical12_p10_p22_drop_rank002_rank020_drop_f4339_add_f1813_drop_f1338,prompt_delta_top33,swap1_critical11_lo_swap1_critical12_p10_p22_drop_rank002_rank020_drop_f4339_add_f1813_drop_f1338_drop_f6289_add_f12002,1,1,20:6289,20:12002,11,22,11,"20:1813,20:8754,20:8775,20:9135,20:9149,20:12002,20:12652,20:12704,20:13622,20:14991,20:15169"
lo_swap1_critical12_p10_p22_drop_rank002_rank020_drop_f4339_add_f1813_drop_f1338,prompt_delta_top33,swap1_critical11_lo_swap1_critical12_p10_p22_drop_rank002_rank020_drop_f4339_add_f1813_drop_f1338_drop_f6289_add_f9001,1,1,20:6289,20:9001,11,22,11,"20:1813,20:8754,20:8775,20:9001,20:9135,20:9149,20:12652,20:12704,20:13622,20:14991,20:15169"
lo_swap1_critical12_p10_p22_drop_rank002_rank020_drop_f4339_add_f1813_drop_f1338,prompt_delta_top33,swap1_critical11_lo_swap1_critical12_p10_p22_drop_rank002_rank020_drop_f4339_add_f1813_drop_f1338_drop_f6289_add_f9024,1,1,20:6289,20:9024,11,22,11,"20:1813,20:8754,20:8775,20:9024,20:9135,20:9149,20:12652,20:12704,20:13622,20:14991,20:15169"
lo_swap1_critical12_p10_p22_drop_rank002_rank020_drop_f4339_add_f1813_drop_f1338,prompt_delta_top33,swap1_critical11_lo_swap1_critical12_p10_p22_drop_rank002_rank020_drop_f4339_add_f1813_drop_f1338_drop_f6289_add_f4326,1,1,20:6289,20:4326,11,22,11,"20:1813,20:4326,20:8754,20:8775,20:9135,20:9149,20:12652,20:12704,20:13622,20:14991,20:15169"
lo_swap1_critical12_p10_p22_drop_rank002_rank020_drop_f4339_add_f1813_drop_f1338,prompt_delta_top33,swap1_critical11_lo_swap1_critical12_p10_p22_drop_rank002_rank020_drop_f4339_add_f1813_drop_f1338_drop_f6289_add_f11545,1,1,20:6289,20:11545,11,22,11,"20:1813,20:8754,20:8775,20:9135,20:9149,20:11545,20:12652,20:12704,20:13622,20:14991,20:15169"
lo_swap1_critical12_p10_p22_drop_rank002_rank020_drop_f4339_add_f1813_drop_f1338,prompt_delta_top33,swap1_critical11_lo_swap1_critical12_p10_p22_drop_rank002_rank020_drop_f4339_add_f1813_drop_f1338_drop_f6289_add_f7531,1,1,20:6289,20:7531,11,22,11,"20:1813,20:7531,20:8754,20:8775,20:9135,20:9149,20:12652,20:12704,20:13622,20:14991,20:15169"
lo_swap1_critical12_p10_p22_drop_rank002_rank020_drop_f4339_add_f1813_drop_f1338,prompt_delta_top33,swap1_critical11_lo_swap1_critical12_p10_p22_drop_rank002_rank020_drop_f4339_add_f1813_drop_f1338_drop_f6289_add_f5990,1,1,20:6289,20:5990,11,22,11,"20:1813,20:5990,20:8754,20:8775,20:9135,20:9149,20:12652,20:12704,20:13622,20:14991,20:15169"
lo_swap1_critical12_p10_p22_drop_rank002_rank020_drop_f4339_add_f1813_drop_f1338,prompt_delta_top33,swap1_critical11_lo_swap1_critical12_p10_p22_drop_rank002_rank020_drop_f4339_add_f1813_drop_f1338_drop_f6289_add_f1338,1,1,20:6289,20:1338,11,22,11,"20:1338,20:1813,20:8754,20:8775,20:9135,20:9149,20:12652,20:12704,20:13622,20:14991,20:15169"
lo_swap1_critical12_p10_p22_drop_rank002_rank020_drop_f4339_add_f1813_drop_f1338,prompt_delta_top33,swap1_critical11_lo_swap1_critical12_p10_p22_drop_rank002_rank020_drop_f4339_add_f1813_drop_f1338_drop_f6289_add_f321,1,1,20:6289,20:321,11,22,11,"20:321,20:1813,20:8754,20:8775,20:9135,20:9149,20:12652,20:12704,20:13622,20:14991,20:15169"
lo_swap1_critical12_p10_p22_drop_rank002_rank020_drop_f4339_add_f1813_drop_f1338,prompt_delta_top33,swap1_critical11_lo_swap1_critical12_p10_p22_drop_rank002_rank020_drop_f4339_add_f1813_drop_f1338_drop_f6289_add_f12313,1,1,20:6289,20:12313,11,22,11,"20:1813,20:8754,20:8775,20:9135,20:9149,20:12313,20:12652,20:12704,20:13622,20:14991,20:15169"
lo_swap1_critical12_p10_p22_drop_rank002_rank020_drop_f4339_add_f1813_drop_f1338,prompt_delta_top33,swap1_critical11_lo_swap1_critical12_p10_p22_drop_rank002_rank020_drop_f4339_add_f1813_drop_f1338_drop_f6289_add_f1100,1,1,20:6289,20:1100,11,22,11,"20:1100,20:1813,20:8754,20:8775,20:9135,20:9149,20:12652,20:12704,20:13622,20:14991,20:15169"
lo_swap1_critical12_p10_p22_drop_rank002_rank020_drop_f4339_add_f1813_drop_f1338,prompt_delta_top33,swap1_critical11_lo_swap1_critical12_p10_p22_drop_rank002_rank020_drop_f4339_add_f1813_drop_f1338_drop_f8754_add_f12963,1,1,20:8754,20:12963,11,22,11,"20:1813,20:6289,20:8775,20:9135,20:9149,20:12652,20:12704,20:12963,20:13622,20:14991,20:15169"
lo_swap1_critical12_p10_p22_drop_rank002_rank020_drop_f4339_add_f1813_drop_f1338,prompt_delta_top33,swap1_critical11_lo_swap1_critical12_p10_p22_drop_rank002_rank020_drop_f4339_add_f1813_drop_f1338_drop_f8754_add_f13060,1,1,20:8754,20:13060,11,22,11,"20:1813,20:6289,20:8775,20:9135,20:9149,20:12652,20:12704,20:13060,20:13622,20:14991,20:15169"
lo_swap1_critical12_p10_p22_drop_rank002_rank020_drop_f4339_add_f1813_drop_f1338,prompt_delta_top33,swap1_critical11_lo_swap1_critical12_p10_p22_drop_rank002_rank020_drop_f4339_add_f1813_drop_f1338_drop_f8754_add_f6169,1,1,20:8754,20:6169,11,22,11,"20:1813,20:6169,20:6289,20:8775,20:9135,20:9149,20:12652,20:12704,20:13622,20:14991,20:15169"
lo_swap1_critical12_p10_p22_drop_rank002_rank020_drop_f4339_add_f1813_drop_f1338,prompt_delta_top33,swap1_critical11_lo_swap1_critical12_p10_p22_drop_rank002_rank020_drop_f4339_add_f1813_drop_f1338_drop_f8754_add_f13882,1,1,20:8754,20:13882,11,22,11,"20:1813,20:6289,20:8775,20:9135,20:9149,20:12652,20:12704,20:13622,20:13882,20:14991,20:15169"
lo_swap1_critical12_p10_p22_drop_rank002_rank020_drop_f4339_add_f1813_drop_f1338,prompt_delta_top33,swap1_critical11_lo_swap1_critical12_p10_p22_drop_rank002_rank020_drop_f4339_add_f1813_drop_f1338_drop_f8754_add_f9407,1,1,20:8754,20:9407,11,22,11,"20:1813,20:6289,20:8775,20:9135,20:9149,20:9407,20:12652,20:12704,20:13622,20:14991,20:15169"
lo_swap1_critical12_p10_p22_drop_rank002_rank020_drop_f4339_add_f1813_drop_f1338,prompt_delta_top33,swap1_critical11_lo_swap1_critical12_p10_p22_drop_rank002_rank020_drop_f4339_add_f1813_drop_f1338_drop_f8754_add_f5355,1,1,20:8754,20:5355,11,22,11,"20:1813,20:5355,20:6289,20:8775,20:9135,20:9149,20:12652,20:12704,20:13622,20:14991,20:15169"
lo_swap1_critical12_p10_p22_drop_rank002_rank020_drop_f4339_add_f1813_drop_f1338,prompt_delta_top33,swap1_critical11_lo_swap1_critical12_p10_p22_drop_rank002_rank020_drop_f4339_add_f1813_drop_f1338_drop_f8754_add_f3850,1,1,20:8754,20:3850,11,22,11,"20:1813,20:3850,20:6289,20:8775,20:9135,20:9149,20:12652,20:12704,20:13622,20:14991,20:15169"
lo_swap1_critical12_p10_p22_drop_rank002_rank020_drop_f4339_add_f1813_drop_f1338,prompt_delta_top33,swap1_critical11_lo_swap1_critical12_p10_p22_drop_rank002_rank020_drop_f4339_add_f1813_drop_f1338_drop_f8754_add_f13854,1,1,20:8754,20:13854,11,22,11,"20:1813,20:6289,20:8775,20:9135,20:9149,20:12652,20:12704,20:13622,20:13854,20:14991,20:15169"
lo_swap1_critical12_p10_p22_drop_rank002_rank020_drop_f4339_add_f1813_drop_f1338,prompt_delta_top33,swap1_critical11_lo_swap1_critical12_p10_p22_drop_rank002_rank020_drop_f4339_add_f1813_drop_f1338_drop_f8754_add_f7965,1,1,20:8754,20:7965,11,22,11,"20:1813,20:6289,20:7965,20:8775,20:9135,20:9149,20:12652,20:12704,20:13622,20:14991,20:15169"
lo_swap1_critical12_p10_p22_drop_rank002_rank020_drop_f4339_add_f1813_drop_f1338,prompt_delta_top33,swap1_critical11_lo_swap1_critical12_p10_p22_drop_rank002_rank020_drop_f4339_add_f1813_drop_f1338_drop_f8754_add_f11414,1,1,20:8754,20:11414,11,22,11,"20:1813,20:6289,20:8775,20:9135,20:9149,20:11414,20:12652,20:12704,20:13622,20:14991,20:15169"
lo_swap1_critical12_p10_p22_drop_rank002_rank020_drop_f4339_add_f1813_drop_f1338,prompt_delta_top33,swap1_critical11_lo_swap1_critical12_p10_p22_drop_rank002_rank020_drop_f4339_add_f1813_drop_f1338_drop_f8754_add_f4339,1,1,20:8754,20:4339,11,22,11,"20:1813,20:4339,20:6289,20:8775,20:9135,20:9149,20:12652,20:12704,20:13622,20:14991,20:15169"
lo_swap1_critical12_p10_p22_drop_rank002_rank020_drop_f4339_add_f1813_drop_f1338,prompt_delta_top33,swap1_critical11_lo_swap1_critical12_p10_p22_drop_rank002_rank020_drop_f4339_add_f1813_drop_f1338_drop_f8754_add_f12002,1,1,20:8754,20:12002,11,22,11,"20:1813,20:6289,20:8775,20:9135,20:9149,20:12002,20:12652,20:12704,20:13622,20:14991,20:15169"
lo_swap1_critical12_p10_p22_drop_rank002_rank020_drop_f4339_add_f1813_drop_f1338,prompt_delta_top33,swap1_critical11_lo_swap1_critical12_p10_p22_drop_rank002_rank020_drop_f4339_add_f1813_drop_f1338_drop_f8754_add_f9001,1,1,20:8754,20:9001,11,22,11,"20:1813,20:6289,20:8775,20:9001,20:9135,20:9149,20:12652,20:12704,20:13622,20:14991,20:15169"
lo_swap1_critical12_p10_p22_drop_rank002_rank020_drop_f4339_add_f1813_drop_f1338,prompt_delta_top33,swap1_critical11_lo_swap1_critical12_p10_p22_drop_rank002_rank020_drop_f4339_add_f1813_drop_f1338_drop_f8754_add_f9024,1,1,20:8754,20:9024,11,22,11,"20:1813,20:6289,20:8775,20:9024,20:9135,20:9149,20:12652,20:12704,20:13622,20:14991,20:15169"
lo_swap1_critical12_p10_p22_drop_rank002_rank020_drop_f4339_add_f1813_drop_f1338,prompt_delta_top33,swap1_critical11_lo_swap1_critical12_p10_p22_drop_rank002_rank020_drop_f4339_add_f1813_drop_f1338_drop_f8754_add_f4326,1,1,20:8754,20:4326,11,22,11,"20:1813,20:4326,20:6289,20:8775,20:9135,20:9149,20:12652,20:12704,20:13622,20:14991,20:15169"
lo_swap1_critical12_p10_p22_drop_rank002_rank020_drop_f4339_add_f1813_drop_f1338,prompt_delta_top33,swap1_critical11_lo_swap1_critical12_p10_p22_drop_rank002_rank020_drop_f4339_add_f1813_drop_f1338_drop_f8754_add_f11545,1,1,20:8754,20:11545,11,22,11,"20:1813,20:6289,20:8775,20:9135,20:9149,20:11545,20:12652,20:12704,20:13622,20:14991,20:15169"
lo_swap1_critical12_p10_p22_drop_rank002_rank020_drop_f4339_add_f1813_drop_f1338,prompt_delta_top33,swap1_critical11_lo_swap1_critical12_p10_p22_drop_rank002_rank020_drop_f4339_add_f1813_drop_f1338_drop_f8754_add_f7531,1,1,20:8754,20:7531,11,22,11,"20:1813,20:6289,20:7531,20:8775,20:9135,20:9149,20:12652,20:12704,20:13622,20:14991,20:15169"
lo_swap1_critical12_p10_p22_drop_rank002_rank020_drop_f4339_add_f1813_drop_f1338,prompt_delta_top33,swap1_critical11_lo_swap1_critical12_p10_p22_drop_rank002_rank020_drop_f4339_add_f1813_drop_f1338_drop_f8754_add_f5990,1,1,20:8754,20:5990,11,22,11,"20:1813,20:5990,20:6289,20:8775,20:9135,20:9149,20:12652,20:12704,20:13622,20:14991,20:15169"
lo_swap1_critical12_p10_p22_drop_rank002_rank020_drop_f4339_add_f1813_drop_f1338,prompt_delta_top33,swap1_critical11_lo_swap1_critical12_p10_p22_drop_rank002_rank020_drop_f4339_add_f1813_drop_f1338_drop_f8754_add_f1338,1,1,20:8754,20:1338,11,22,11,"20:1338,20:1813,20:6289,20:8775,20:9135,20:9149,20:12652,20:12704,20:13622,20:14991,20:15169"
lo_swap1_critical12_p10_p22_drop_rank002_rank020_drop_f4339_add_f1813_drop_f1338,prompt_delta_top33,swap1_critical11_lo_swap1_critical12_p10_p22_drop_rank002_rank020_drop_f4339_add_f1813_drop_f1338_drop_f8754_add_f321,1,1,20:8754,20:321,11,22,11,"20:321,20:1813,20:6289,20:8775,20:9135,20:9149,20:12652,20:12704,20:13622,20:14991,20:15169"
lo_swap1_critical12_p10_p22_drop_rank002_rank020_drop_f4339_add_f1813_drop_f1338,prompt_delta_top33,swap1_critical11_lo_swap1_critical12_p10_p22_drop_rank002_rank020_drop_f4339_add_f1813_drop_f1338_drop_f8754_add_f12313,1,1,20:8754,20:12313,11,22,11,"20:1813,20:6289,20:8775,20:9135,20:9149,20:12313,20:12652,20:12704,20:13622,20:14991,20:15169"
lo_swap1_critical12_p10_p22_drop_rank002_rank020_drop_f4339_add_f1813_drop_f1338,prompt_delta_top33,swap1_critical11_lo_swap1_critical12_p10_p22_drop_rank002_rank020_drop_f4339_add_f1813_drop_f1338_drop_f8754_add_f1100,1,1,20:8754,20:1100,11,22,11,"20:1100,20:1813,20:6289,20:8775,20:9135,20:9149,20:12652,20:12704,20:13622,20:14991,20:15169"
lo_swap1_critical12_p10_p22_drop_rank002_rank020_drop_f4339_add_f1813_drop_f1338,prompt_delta_top33,swap1_critical11_lo_swap1_critical12_p10_p22_drop_rank002_rank020_drop_f4339_add_f1813_drop_f1338_drop_f8775_add_f12963,1,1,20:8775,20:12963,11,22,11,"20:1813,20:6289,20:8754,20:9135,20:9149,20:12652,20:12704,20:12963,20:13622,20:14991,20:15169"
lo_swap1_critical12_p10_p22_drop_rank002_rank020_drop_f4339_add_f1813_drop_f1338,prompt_delta_top33,swap1_critical11_lo_swap1_critical12_p10_p22_drop_rank002_rank020_drop_f4339_add_f1813_drop_f1338_drop_f8775_add_f13060,1,1,20:8775,20:13060,11,22,11,"20:1813,20:6289,20:8754,20:9135,20:9149,20:12652,20:12704,20:13060,20:13622,20:14991,20:15169"
lo_swap1_critical12_p10_p22_drop_rank002_rank020_drop_f4339_add_f1813_drop_f1338,prompt_delta_top33,swap1_critical11_lo_swap1_critical12_p10_p22_drop_rank002_rank020_drop_f4339_add_f1813_drop_f1338_drop_f8775_add_f6169,1,1,20:8775,20:6169,11,22,11,"20:1813,20:6169,20:6289,20:8754,20:9135,20:9149,20:12652,20:12704,20:13622,20:14991,20:15169"
lo_swap1_critical12_p10_p22_drop_rank002_rank020_drop_f4339_add_f1813_drop_f1338,prompt_delta_top33,swap1_critical11_lo_swap1_critical12_p10_p22_drop_rank002_rank020_drop_f4339_add_f1813_drop_f1338_drop_f8775_add_f13882,1,1,20:8775,20:13882,11,22,11,"20:1813,20:6289,20:8754,20:9135,20:9149,20:12652,20:12704,20:13622,20:13882,20:14991,20:15169"
lo_swap1_critical12_p10_p22_drop_rank002_rank020_drop_f4339_add_f1813_drop_f1338,prompt_delta_top33,swap1_critical11_lo_swap1_critical12_p10_p22_drop_rank002_rank020_drop_f4339_add_f1813_drop_f1338_drop_f8775_add_f9407,1,1,20:8775,20:9407,11,22,11,"20:1813,20:6289,20:8754,20:9135,20:9149,20:9407,20:12652,20:12704,20:13622,20:14991,20:15169"
lo_swap1_critical12_p10_p22_drop_rank002_rank020_drop_f4339_add_f1813_drop_f1338,prompt_delta_top33,swap1_critical11_lo_swap1_critical12_p10_p22_drop_rank002_rank020_drop_f4339_add_f1813_drop_f1338_drop_f8775_add_f5355,1,1,20:8775,20:5355,11,22,11,"20:1813,20:5355,20:6289,20:8754,20:9135,20:9149,20:12652,20:12704,20:13622,20:14991,20:15169"
lo_swap1_critical12_p10_p22_drop_rank002_rank020_drop_f4339_add_f1813_drop_f1338,prompt_delta_top33,swap1_critical11_lo_swap1_critical12_p10_p22_drop_rank002_rank020_drop_f4339_add_f1813_drop_f1338_drop_f8775_add_f3850,1,1,20:8775,20:3850,11,22,11,"20:1813,20:3850,20:6289,20:8754,20:9135,20:9149,20:12652,20:12704,20:13622,20:14991,20:15169"
lo_swap1_critical12_p10_p22_drop_rank002_rank020_drop_f4339_add_f1813_drop_f1338,prompt_delta_top33,swap1_critical11_lo_swap1_critical12_p10_p22_drop_rank002_rank020_drop_f4339_add_f1813_drop_f1338_drop_f8775_add_f13854,1,1,20:8775,20:13854,11,22,11,"20:1813,20:6289,20:8754,20:9135,20:9149,20:12652,20:12704,20:13622,20:13854,20:14991,20:15169"
lo_swap1_critical12_p10_p22_drop_rank002_rank020_drop_f4339_add_f1813_drop_f1338,prompt_delta_top33,swap1_critical11_lo_swap1_critical12_p10_p22_drop_rank002_rank020_drop_f4339_add_f1813_drop_f1338_drop_f8775_add_f7965,1,1,20:8775,20:7965,11,22,11,"20:1813,20:6289,20:7965,20:8754,20:9135,20:9149,20:12652,20:12704,20:13622,20:14991,20:15169"
lo_swap1_critical12_p10_p22_drop_rank002_rank020_drop_f4339_add_f1813_drop_f1338,prompt_delta_top33,swap1_critical11_lo_swap1_critical12_p10_p22_drop_rank002_rank020_drop_f4339_add_f1813_drop_f1338_drop_f8775_add_f11414,1,1,20:8775,20:11414,11,22,11,"20:1813,20:6289,20:8754,20:9135,20:9149,20:11414,20:12652,20:12704,20:13622,20:14991,20:15169"
lo_swap1_critical12_p10_p22_drop_rank002_rank020_drop_f4339_add_f1813_drop_f1338,prompt_delta_top33,swap1_critical11_lo_swap1_critical12_p10_p22_drop_rank002_rank020_drop_f4339_add_f1813_drop_f1338_drop_f8775_add_f4339,1,1,20:8775,20:4339,11,22,11,"20:1813,20:4339,20:6289,20:8754,20:9135,20:9149,20:12652,20:12704,20:13622,20:14991,20:15169"
lo_swap1_critical12_p10_p22_drop_rank002_rank020_drop_f4339_add_f1813_drop_f1338,prompt_delta_top33,swap1_critical11_lo_swap1_critical12_p10_p22_drop_rank002_rank020_drop_f4339_add_f1813_drop_f1338_drop_f8775_add_f12002,1,1,20:8775,20:12002,11,22,11,"20:1813,20:6289,20:8754,20:9135,20:9149,20:12002,20:12652,20:12704,20:13622,20:14991,20:15169"
lo_swap1_critical12_p10_p22_drop_rank002_rank020_drop_f4339_add_f1813_drop_f1338,prompt_delta_top33,swap1_critical11_lo_swap1_critical12_p10_p22_drop_rank002_rank020_drop_f4339_add_f1813_drop_f1338_drop_f8775_add_f9001,1,1,20:8775,20:9001,11,22,11,"20:1813,20:6289,20:8754,20:9001,20:9135,20:9149,20:12652,20:12704,20:13622,20:14991,20:15169"
lo_swap1_critical12_p10_p22_drop_rank002_rank020_drop_f4339_add_f1813_drop_f1338,prompt_delta_top33,swap1_critical11_lo_swap1_critical12_p10_p22_drop_rank002_rank020_drop_f4339_add_f1813_drop_f1338_drop_f8775_add_f9024,1,1,20:8775,20:9024,11,22,11,"20:1813,20:6289,20:8754,20:9024,20:9135,20:9149,20:12652,20:12704,20:13622,20:14991,20:15169"
lo_swap1_critical12_p10_p22_drop_rank002_rank020_drop_f4339_add_f1813_drop_f1338,prompt_delta_top33,swap1_critical11_lo_swap1_critical12_p10_p22_drop_rank002_rank020_drop_f4339_add_f1813_drop_f1338_drop_f8775_add_f4326,1,1,20:8775,20:4326,11,22,11,"20:1813,20:4326,20:6289,20:8754,20:9135,20:9149,20:12652,20:12704,20:13622,20:14991,20:15169"
lo_swap1_critical12_p10_p22_drop_rank002_rank020_drop_f4339_add_f1813_drop_f1338,prompt_delta_top33,swap1_critical11_lo_swap1_critical12_p10_p22_drop_rank002_rank020_drop_f4339_add_f1813_drop_f1338_drop_f8775_add_f11545,1,1,20:8775,20:11545,11,22,11,"20:1813,20:6289,20:8754,20:9135,20:9149,20:11545,20:12652,20:12704,20:13622,20:14991,20:15169"
lo_swap1_critical12_p10_p22_drop_rank002_rank020_drop_f4339_add_f1813_drop_f1338,prompt_delta_top33,swap1_critical11_lo_swap1_critical12_p10_p22_drop_rank002_rank020_drop_f4339_add_f1813_drop_f1338_drop_f8775_add_f7531,1,1,20:8775,20:7531,11,22,11,"20:1813,20:6289,20:7531,20:8754,20:9135,20:9149,20:12652,20:12704,20:13622,20:14991,20:15169"
lo_swap1_critical12_p10_p22_drop_rank002_rank020_drop_f4339_add_f1813_drop_f1338,prompt_delta_top33,swap1_critical11_lo_swap1_critical12_p10_p22_drop_rank002_rank020_drop_f4339_add_f1813_drop_f1338_drop_f8775_add_f5990,1,1,20:8775,20:5990,11,22,11,"20:1813,20:5990,20:6289,20:8754,20:9135,20:9149,20:12652,20:12704,20:13622,20:14991,20:15169"
lo_swap1_critical12_p10_p22_drop_rank002_rank020_drop_f4339_add_f1813_drop_f1338,prompt_delta_top33,swap1_critical11_lo_swap1_critical12_p10_p22_drop_rank002_rank020_drop_f4339_add_f1813_drop_f1338_drop_f8775_add_f1338,1,1,20:8775,20:1338,11,22,11,"20:1338,20:1813,20:6289,20:8754,20:9135,20:9149,20:12652,20:12704,20:13622,20:14991,20:15169"
lo_swap1_critical12_p10_p22_drop_rank002_rank020_drop_f4339_add_f1813_drop_f1338,prompt_delta_top33,swap1_critical11_lo_swap1_critical12_p10_p22_drop_rank002_rank020_drop_f4339_add_f1813_drop_f1338_drop_f8775_add_f321,1,1,20:8775,20:321,11,22,11,"20:321,20:1813,20:6289,20:8754,20:9135,20:9149,20:12652,20:12704,20:13622,20:14991,20:15169"
lo_swap1_critical12_p10_p22_drop_rank002_rank020_drop_f4339_add_f1813_drop_f1338,prompt_delta_top33,swap1_critical11_lo_swap1_critical12_p10_p22_drop_rank002_rank020_drop_f4339_add_f1813_drop_f1338_drop_f8775_add_f12313,1,1,20:8775,20:12313,11,22,11,"20:1813,20:6289,20:8754,20:9135,20:9149,20:12313,20:12652,20:12704,20:13622,20:14991,20:15169"
lo_swap1_critical12_p10_p22_drop_rank002_rank020_drop_f4339_add_f1813_drop_f1338,prompt_delta_top33,swap1_critical11_lo_swap1_critical12_p10_p22_drop_rank002_rank020_drop_f4339_add_f1813_drop_f1338_drop_f8775_add_f1100,1,1,20:8775,20:1100,11,22,11,"20:1100,20:1813,20:6289,20:8754,20:9135,20:9149,20:12652,20:12704,20:13622,20:14991,20:15169"
lo_swap1_critical12_p10_p22_drop_rank002_rank020_drop_f4339_add_f1813_drop_f1338,prompt_delta_top33,swap1_critical11_lo_swap1_critical12_p10_p22_drop_rank002_rank020_drop_f4339_add_f1813_drop_f1338_drop_f9135_add_f12963,1,1,20:9135,20:12963,11,22,11,"20:1813,20:6289,20:8754,20:8775,20:9149,20:12652,20:12704,20:12963,20:13622,20:14991,20:15169"
lo_swap1_critical12_p10_p22_drop_rank002_rank020_drop_f4339_add_f1813_drop_f1338,prompt_delta_top33,swap1_critical11_lo_swap1_critical12_p10_p22_drop_rank002_rank020_drop_f4339_add_f1813_drop_f1338_drop_f9135_add_f13060,1,1,20:9135,20:13060,11,22,11,"20:1813,20:6289,20:8754,20:8775,20:9149,20:12652,20:12704,20:13060,20:13622,20:14991,20:15169"
lo_swap1_critical12_p10_p22_drop_rank002_rank020_drop_f4339_add_f1813_drop_f1338,prompt_delta_top33,swap1_critical11_lo_swap1_critical12_p10_p22_drop_rank002_rank020_drop_f4339_add_f1813_drop_f1338_drop_f9135_add_f6169,1,1,20:9135,20:6169,11,22,11,"20:1813,20:6169,20:6289,20:8754,20:8775,20:9149,20:12652,20:12704,20:13622,20:14991,20:15169"
lo_swap1_critical12_p10_p22_drop_rank002_rank020_drop_f4339_add_f1813_drop_f1338,prompt_delta_top33,swap1_critical11_lo_swap1_critical12_p10_p22_drop_rank002_rank020_drop_f4339_add_f1813_drop_f1338_drop_f9135_add_f13882,1,1,20:9135,20:13882,11,22,11,"20:1813,20:6289,20:8754,20:8775,20:9149,20:12652,20:12704,20:13622,20:13882,20:14991,20:15169"
lo_swap1_critical12_p10_p22_drop_rank002_rank020_drop_f4339_add_f1813_drop_f1338,prompt_delta_top33,swap1_critical11_lo_swap1_critical12_p10_p22_drop_rank002_rank020_drop_f4339_add_f1813_drop_f1338_drop_f9135_add_f9407,1,1,20:9135,20:9407,11,22,11,"20:1813,20:6289,20:8754,20:8775,20:9149,20:9407,20:12652,20:12704,20:13622,20:14991,20:15169"
lo_swap1_critical12_p10_p22_drop_rank002_rank020_drop_f4339_add_f1813_drop_f1338,prompt_delta_top33,swap1_critical11_lo_swap1_critical12_p10_p22_drop_rank002_rank020_drop_f4339_add_f1813_drop_f1338_drop_f9135_add_f5355,1,1,20:9135,20:5355,11,22,11,"20:1813,20:5355,20:6289,20:8754,20:8775,20:9149,20:12652,20:12704,20:13622,20:14991,20:15169"
lo_swap1_critical12_p10_p22_drop_rank002_rank020_drop_f4339_add_f1813_drop_f1338,prompt_delta_top33,swap1_critical11_lo_swap1_critical12_p10_p22_drop_rank002_rank020_drop_f4339_add_f1813_drop_f1338_drop_f9135_add_f3850,1,1,20:9135,20:3850,11,22,11,"20:1813,20:3850,20:6289,20:8754,20:8775,20:9149,20:12652,20:12704,20:13622,20:14991,20:15169"
lo_swap1_critical12_p10_p22_drop_rank002_rank020_drop_f4339_add_f1813_drop_f1338,prompt_delta_top33,swap1_critical11_lo_swap1_critical12_p10_p22_drop_rank002_rank020_drop_f4339_add_f1813_drop_f1338_drop_f9135_add_f13854,1,1,20:9135,20:13854,11,22,11,"20:1813,20:6289,20:8754,20:8775,20:9149,20:12652,20:12704,20:13622,20:13854,20:14991,20:15169"
lo_swap1_critical12_p10_p22_drop_rank002_rank020_drop_f4339_add_f1813_drop_f1338,prompt_delta_top33,swap1_critical11_lo_swap1_critical12_p10_p22_drop_rank002_rank020_drop_f4339_add_f1813_drop_f1338_drop_f9135_add_f7965,1,1,20:9135,20:7965,11,22,11,"20:1813,20:6289,20:7965,20:8754,20:8775,20:9149,20:12652,20:12704,20:13622,20:14991,20:15169"
lo_swap1_critical12_p10_p22_drop_rank002_rank020_drop_f4339_add_f1813_drop_f1338,prompt_delta_top33,swap1_critical11_lo_swap1_critical12_p10_p22_drop_rank002_rank020_drop_f4339_add_f1813_drop_f1338_drop_f9135_add_f11414,1,1,20:9135,20:11414,11,22,11,"20:1813,20:6289,20:8754,20:8775,20:9149,20:11414,20:12652,20:12704,20:13622,20:14991,20:15169"
lo_swap1_critical12_p10_p22_drop_rank002_rank020_drop_f4339_add_f1813_drop_f1338,prompt_delta_top33,swap1_critical11_lo_swap1_critical12_p10_p22_drop_rank002_rank020_drop_f4339_add_f1813_drop_f1338_drop_f9135_add_f4339,1,1,20:9135,20:4339,11,22,11,"20:1813,20:4339,20:6289,20:8754,20:8775,20:9149,20:12652,20:12704,20:13622,20:14991,20:15169"
lo_swap1_critical12_p10_p22_drop_rank002_rank020_drop_f4339_add_f1813_drop_f1338,prompt_delta_top33,swap1_critical11_lo_swap1_critical12_p10_p22_drop_rank002_rank020_drop_f4339_add_f1813_drop_f1338_drop_f9135_add_f12002,1,1,20:9135,20:12002,11,22,11,"20:1813,20:6289,20:8754,20:8775,20:9149,20:12002,20:12652,20:12704,20:13622,20:14991,20:15169"
lo_swap1_critical12_p10_p22_drop_rank002_rank020_drop_f4339_add_f1813_drop_f1338,prompt_delta_top33,swap1_critical11_lo_swap1_critical12_p10_p22_drop_rank002_rank020_drop_f4339_add_f1813_drop_f1338_drop_f9135_add_f9001,1,1,20:9135,20:9001,11,22,11,"20:1813,20:6289,20:8754,20:8775,20:9001,20:9149,20:12652,20:12704,20:13622,20:14991,20:15169"
lo_swap1_critical12_p10_p22_drop_rank002_rank020_drop_f4339_add_f1813_drop_f1338,prompt_delta_top33,swap1_critical11_lo_swap1_critical12_p10_p22_drop_rank002_rank020_drop_f4339_add_f1813_drop_f1338_drop_f9135_add_f9024,1,1,20:9135,20:9024,11,22,11,"20:1813,20:6289,20:8754,20:8775,20:9024,20:9149,20:12652,20:12704,20:13622,20:14991,20:15169"
lo_swap1_critical12_p10_p22_drop_rank002_rank020_drop_f4339_add_f1813_drop_f1338,prompt_delta_top33,swap1_critical11_lo_swap1_critical12_p10_p22_drop_rank002_rank020_drop_f4339_add_f1813_drop_f1338_drop_f9135_add_f4326,1,1,20:9135,20:4326,11,22,11,"20:1813,20:4326,20:6289,20:8754,20:8775,20:9149,20:12652,20:12704,20:13622,20:14991,20:15169"
lo_swap1_critical12_p10_p22_drop_rank002_rank020_drop_f4339_add_f1813_drop_f1338,prompt_delta_top33,swap1_critical11_lo_swap1_critical12_p10_p22_drop_rank002_rank020_drop_f4339_add_f1813_drop_f1338_drop_f9135_add_f11545,1,1,20:9135,20:11545,11,22,11,"20:1813,20:6289,20:8754,20:8775,20:9149,20:11545,20:12652,20:12704,20:13622,20:14991,20:15169"
lo_swap1_critical12_p10_p22_drop_rank002_rank020_drop_f4339_add_f1813_drop_f1338,prompt_delta_top33,swap1_critical11_lo_swap1_critical12_p10_p22_drop_rank002_rank020_drop_f4339_add_f1813_drop_f1338_drop_f9135_add_f7531,1,1,20:9135,20:7531,11,22,11,"20:1813,20:6289,20:7531,20:8754,20:8775,20:9149,20:12652,20:12704,20:13622,20:14991,20:15169"
lo_swap1_critical12_p10_p22_drop_rank002_rank020_drop_f4339_add_f1813_drop_f1338,prompt_delta_top33,swap1_critical11_lo_swap1_critical12_p10_p22_drop_rank002_rank020_drop_f4339_add_f1813_drop_f1338_drop_f9135_add_f5990,1,1,20:9135,20:5990,11,22,11,"20:1813,20:5990,20:6289,20:8754,20:8775,20:9149,20:12652,20:12704,20:13622,20:14991,20:15169"
lo_swap1_critical12_p10_p22_drop_rank002_rank020_drop_f4339_add_f1813_drop_f1338,prompt_delta_top33,swap1_critical11_lo_swap1_critical12_p10_p22_drop_rank002_rank020_drop_f4339_add_f1813_drop_f1338_drop_f9135_add_f1338,1,1,20:9135,20:1338,11,22,11,"20:1338,20:1813,20:6289,20:8754,20:8775,20:9149,20:12652,20:12704,20:13622,20:14991,20:15169"
lo_swap1_critical12_p10_p22_drop_rank002_rank020_drop_f4339_add_f1813_drop_f1338,prompt_delta_top33,swap1_critical11_lo_swap1_critical12_p10_p22_drop_rank002_rank020_drop_f4339_add_f1813_drop_f1338_drop_f9135_add_f321,1,1,20:9135,20:321,11,22,11,"20:321,20:1813,20:6289,20:8754,20:8775,20:9149,20:12652,20:12704,20:13622,20:14991,20:15169"
lo_swap1_critical12_p10_p22_drop_rank002_rank020_drop_f4339_add_f1813_drop_f1338,prompt_delta_top33,swap1_critical11_lo_swap1_critical12_p10_p22_drop_rank002_rank020_drop_f4339_add_f1813_drop_f1338_drop_f9135_add_f12313,1,1,20:9135,20:12313,11,22,11,"20:1813,20:6289,20:8754,20:8775,20:9149,20:12313,20:12652,20:12704,20:13622,20:14991,20:15169"
lo_swap1_critical12_p10_p22_drop_rank002_rank020_drop_f4339_add_f1813_drop_f1338,prompt_delta_top33,swap1_critical11_lo_swap1_critical12_p10_p22_drop_rank002_rank020_drop_f4339_add_f1813_drop_f1338_drop_f9135_add_f1100,1,1,20:9135,20:1100,11,22,11,"20:1100,20:1813,20:6289,20:8754,20:8775,20:9149,20:12652,20:12704,20:13622,20:14991,20:15169"
lo_swap1_critical12_p10_p22_drop_rank002_rank020_drop_f4339_add_f1813_drop_f1338,prompt_delta_top33,swap1_critical11_lo_swap1_critical12_p10_p22_drop_rank002_rank020_drop_f4339_add_f1813_drop_f1338_drop_f9149_add_f12963,1,1,20:9149,20:12963,11,22,11,"20:1813,20:6289,20:8754,20:8775,20:9135,20:12652,20:12704,20:12963,20:13622,20:14991,20:15169"
lo_swap1_critical12_p10_p22_drop_rank002_rank020_drop_f4339_add_f1813_drop_f1338,prompt_delta_top33,swap1_critical11_lo_swap1_critical12_p10_p22_drop_rank002_rank020_drop_f4339_add_f1813_drop_f1338_drop_f9149_add_f13060,1,1,20:9149,20:13060,11,22,11,"20:1813,20:6289,20:8754,20:8775,20:9135,20:12652,20:12704,20:13060,20:13622,20:14991,20:15169"
lo_swap1_critical12_p10_p22_drop_rank002_rank020_drop_f4339_add_f1813_drop_f1338,prompt_delta_top33,swap1_critical11_lo_swap1_critical12_p10_p22_drop_rank002_rank020_drop_f4339_add_f1813_drop_f1338_drop_f9149_add_f6169,1,1,20:9149,20:6169,11,22,11,"20:1813,20:6169,20:6289,20:8754,20:8775,20:9135,20:12652,20:12704,20:13622,20:14991,20:15169"
lo_swap1_critical12_p10_p22_drop_rank002_rank020_drop_f4339_add_f1813_drop_f1338,prompt_delta_top33,swap1_critical11_lo_swap1_critical12_p10_p22_drop_rank002_rank020_drop_f4339_add_f1813_drop_f1338_drop_f9149_add_f13882,1,1,20:9149,20:13882,11,22,11,"20:1813,20:6289,20:8754,20:8775,20:9135,20:12652,20:12704,20:13622,20:13882,20:14991,20:15169"
lo_swap1_critical12_p10_p22_drop_rank002_rank020_drop_f4339_add_f1813_drop_f1338,prompt_delta_top33,swap1_critical11_lo_swap1_critical12_p10_p22_drop_rank002_rank020_drop_f4339_add_f1813_drop_f1338_drop_f9149_add_f9407,1,1,20:9149,20:9407,11,22,11,"20:1813,20:6289,20:8754,20:8775,20:9135,20:9407,20:12652,20:12704,20:13622,20:14991,20:15169"
lo_swap1_critical12_p10_p22_drop_rank002_rank020_drop_f4339_add_f1813_drop_f1338,prompt_delta_top33,swap1_critical11_lo_swap1_critical12_p10_p22_drop_rank002_rank020_drop_f4339_add_f1813_drop_f1338_drop_f9149_add_f5355,1,1,20:9149,20:5355,11,22,11,"20:1813,20:5355,20:6289,20:8754,20:8775,20:9135,20:12652,20:12704,20:13622,20:14991,20:15169"
lo_swap1_critical12_p10_p22_drop_rank002_rank020_drop_f4339_add_f1813_drop_f1338,prompt_delta_top33,swap1_critical11_lo_swap1_critical12_p10_p22_drop_rank002_rank020_drop_f4339_add_f1813_drop_f1338_drop_f9149_add_f3850,1,1,20:9149,20:3850,11,22,11,"20:1813,20:3850,20:6289,20:8754,20:8775,20:9135,20:12652,20:12704,20:13622,20:14991,20:15169"
lo_swap1_critical12_p10_p22_drop_rank002_rank020_drop_f4339_add_f1813_drop_f1338,prompt_delta_top33,swap1_critical11_lo_swap1_critical12_p10_p22_drop_rank002_rank020_drop_f4339_add_f1813_drop_f1338_drop_f9149_add_f13854,1,1,20:9149,20:13854,11,22,11,"20:1813,20:6289,20:8754,20:8775,20:9135,20:12652,20:12704,20:13622,20:13854,20:14991,20:15169"
lo_swap1_critical12_p10_p22_drop_rank002_rank020_drop_f4339_add_f1813_drop_f1338,prompt_delta_top33,swap1_critical11_lo_swap1_critical12_p10_p22_drop_rank002_rank020_drop_f4339_add_f1813_drop_f1338_drop_f9149_add_f7965,1,1,20:9149,20:7965,11,22,11,"20:1813,20:6289,20:7965,20:8754,20:8775,20:9135,20:12652,20:12704,20:13622,20:14991,20:15169"
lo_swap1_critical12_p10_p22_drop_rank002_rank020_drop_f4339_add_f1813_drop_f1338,prompt_delta_top33,swap1_critical11_lo_swap1_critical12_p10_p22_drop_rank002_rank020_drop_f4339_add_f1813_drop_f1338_drop_f9149_add_f11414,1,1,20:9149,20:11414,11,22,11,"20:1813,20:6289,20:8754,20:8775,20:9135,20:11414,20:12652,20:12704,20:13622,20:14991,20:15169"
lo_swap1_critical12_p10_p22_drop_rank002_rank020_drop_f4339_add_f1813_drop_f1338,prompt_delta_top33,swap1_critical11_lo_swap1_critical12_p10_p22_drop_rank002_rank020_drop_f4339_add_f1813_drop_f1338_drop_f9149_add_f4339,1,1,20:9149,20:4339,11,22,11,"20:1813,20:4339,20:6289,20:8754,20:8775,20:9135,20:12652,20:12704,20:13622,20:14991,20:15169"
lo_swap1_critical12_p10_p22_drop_rank002_rank020_drop_f4339_add_f1813_drop_f1338,prompt_delta_top33,swap1_critical11_lo_swap1_critical12_p10_p22_drop_rank002_rank020_drop_f4339_add_f1813_drop_f1338_drop_f9149_add_f12002,1,1,20:9149,20:12002,11,22,11,"20:1813,20:6289,20:8754,20:8775,20:9135,20:12002,20:12652,20:12704,20:13622,20:14991,20:15169"
lo_swap1_critical12_p10_p22_drop_rank002_rank020_drop_f4339_add_f1813_drop_f1338,prompt_delta_top33,swap1_critical11_lo_swap1_critical12_p10_p22_drop_rank002_rank020_drop_f4339_add_f1813_drop_f1338_drop_f9149_add_f9001,1,1,20:9149,20:9001,11,22,11,"20:1813,20:6289,20:8754,20:8775,20:9001,20:9135,20:12652,20:12704,20:13622,20:14991,20:15169"
lo_swap1_critical12_p10_p22_drop_rank002_rank020_drop_f4339_add_f1813_drop_f1338,prompt_delta_top33,swap1_critical11_lo_swap1_critical12_p10_p22_drop_rank002_rank020_drop_f4339_add_f1813_drop_f1338_drop_f9149_add_f9024,1,1,20:9149,20:9024,11,22,11,"20:1813,20:6289,20:8754,20:8775,20:9024,20:9135,20:12652,20:12704,20:13622,20:14991,20:15169"
lo_swap1_critical12_p10_p22_drop_rank002_rank020_drop_f4339_add_f1813_drop_f1338,prompt_delta_top33,swap1_critical11_lo_swap1_critical12_p10_p22_drop_rank002_rank020_drop_f4339_add_f1813_drop_f1338_drop_f9149_add_f4326,1,1,20:9149,20:4326,11,22,11,"20:1813,20:4326,20:6289,20:8754,20:8775,20:9135,20:12652,20:12704,20:13622,20:14991,20:15169"
lo_swap1_critical12_p10_p22_drop_rank002_rank020_drop_f4339_add_f1813_drop_f1338,prompt_delta_top33,swap1_critical11_lo_swap1_critical12_p10_p22_drop_rank002_rank020_drop_f4339_add_f1813_drop_f1338_drop_f9149_add_f11545,1,1,20:9149,20:11545,11,22,11,"20:1813,20:6289,20:8754,20:8775,20:9135,20:11545,20:12652,20:12704,20:13622,20:14991,20:15169"
lo_swap1_critical12_p10_p22_drop_rank002_rank020_drop_f4339_add_f1813_drop_f1338,prompt_delta_top33,swap1_critical11_lo_swap1_critical12_p10_p22_drop_rank002_rank020_drop_f4339_add_f1813_drop_f1338_drop_f9149_add_f7531,1,1,20:9149,20:7531,11,22,11,"20:1813,20:6289,20:7531,20:8754,20:8775,20:9135,20:12652,20:12704,20:13622,20:14991,20:15169"
lo_swap1_critical12_p10_p22_drop_rank002_rank020_drop_f4339_add_f1813_drop_f1338,prompt_delta_top33,swap1_critical11_lo_swap1_critical12_p10_p22_drop_rank002_rank020_drop_f4339_add_f1813_drop_f1338_drop_f9149_add_f5990,1,1,20:9149,20:5990,11,22,11,"20:1813,20:5990,20:6289,20:8754,20:8775,20:9135,20:12652,20:12704,20:13622,20:14991,20:15169"
lo_swap1_critical12_p10_p22_drop_rank002_rank020_drop_f4339_add_f1813_drop_f1338,prompt_delta_top33,swap1_critical11_lo_swap1_critical12_p10_p22_drop_rank002_rank020_drop_f4339_add_f1813_drop_f1338_drop_f9149_add_f1338,1,1,20:9149,20:1338,11,22,11,"20:1338,20:1813,20:6289,20:8754,20:8775,20:9135,20:12652,20:12704,20:13622,20:14991,20:15169"
lo_swap1_critical12_p10_p22_drop_rank002_rank020_drop_f4339_add_f1813_drop_f1338,prompt_delta_top33,swap1_critical11_lo_swap1_critical12_p10_p22_drop_rank002_rank020_drop_f4339_add_f1813_drop_f1338_drop_f9149_add_f321,1,1,20:9149,20:321,11,22,11,"20:321,20:1813,20:6289,20:8754,20:8775,20:9135,20:12652,20:12704,20:13622,20:14991,20:15169"
lo_swap1_critical12_p10_p22_drop_rank002_rank020_drop_f4339_add_f1813_drop_f1338,prompt_delta_top33,swap1_critical11_lo_swap1_critical12_p10_p22_drop_rank002_rank020_drop_f4339_add_f1813_drop_f1338_drop_f9149_add_f12313,1,1,20:9149,20:12313,11,22,11,"20:1813,20:6289,20:8754,20:8775,20:9135,20:12313,20:12652,20:12704,20:13622,20:14991,20:15169"
lo_swap1_critical12_p10_p22_drop_rank002_rank020_drop_f4339_add_f1813_drop_f1338,prompt_delta_top33,swap1_critical11_lo_swap1_critical12_p10_p22_drop_rank002_rank020_drop_f4339_add_f1813_drop_f1338_drop_f9149_add_f1100,1,1,20:9149,20:1100,11,22,11,"20:1100,20:1813,20:6289,20:8754,20:8775,20:9135,20:12652,20:12704,20:13622,20:14991,20:15169"
lo_swap1_critical12_p10_p22_drop_rank002_rank020_drop_f4339_add_f1813_drop_f1338,prompt_delta_top33,swap1_critical11_lo_swap1_critical12_p10_p22_drop_rank002_rank020_drop_f4339_add_f1813_drop_f1338_drop_f12652_add_f12963,1,1,20:12652,20:12963,11,22,11,"20:1813,20:6289,20:8754,20:8775,20:9135,20:9149,20:12704,20:12963,20:13622,20:14991,20:15169"
lo_swap1_critical12_p10_p22_drop_rank002_rank020_drop_f4339_add_f1813_drop_f1338,prompt_delta_top33,swap1_critical11_lo_swap1_critical12_p10_p22_drop_rank002_rank020_drop_f4339_add_f1813_drop_f1338_drop_f12652_add_f13060,1,1,20:12652,20:13060,11,22,11,"20:1813,20:6289,20:8754,20:8775,20:9135,20:9149,20:12704,20:13060,20:13622,20:14991,20:15169"
lo_swap1_critical12_p10_p22_drop_rank002_rank020_drop_f4339_add_f1813_drop_f1338,prompt_delta_top33,swap1_critical11_lo_swap1_critical12_p10_p22_drop_rank002_rank020_drop_f4339_add_f1813_drop_f1338_drop_f12652_add_f6169,1,1,20:12652,20:6169,11,22,11,"20:1813,20:6169,20:6289,20:8754,20:8775,20:9135,20:9149,20:12704,20:13622,20:14991,20:15169"
lo_swap1_critical12_p10_p22_drop_rank002_rank020_drop_f4339_add_f1813_drop_f1338,prompt_delta_top33,swap1_critical11_lo_swap1_critical12_p10_p22_drop_rank002_rank020_drop_f4339_add_f1813_drop_f1338_drop_f12652_add_f13882,1,1,20:12652,20:13882,11,22,11,"20:1813,20:6289,20:8754,20:8775,20:9135,20:9149,20:12704,20:13622,20:13882,20:14991,20:15169"
lo_swap1_critical12_p10_p22_drop_rank002_rank020_drop_f4339_add_f1813_drop_f1338,prompt_delta_top33,swap1_critical11_lo_swap1_critical12_p10_p22_drop_rank002_rank020_drop_f4339_add_f1813_drop_f1338_drop_f12652_add_f9407,1,1,20:12652,20:9407,11,22,11,"20:1813,20:6289,20:8754,20:8775,20:9135,20:9149,20:9407,20:12704,20:13622,20:14991,20:15169"
lo_swap1_critical12_p10_p22_drop_rank002_rank020_drop_f4339_add_f1813_drop_f1338,prompt_delta_top33,swap1_critical11_lo_swap1_critical12_p10_p22_drop_rank002_rank020_drop_f4339_add_f1813_drop_f1338_drop_f12652_add_f5355,1,1,20:12652,20:5355,11,22,11,"20:1813,20:5355,20:6289,20:8754,20:8775,20:9135,20:9149,20:12704,20:13622,20:14991,20:15169"
lo_swap1_critical12_p10_p22_drop_rank002_rank020_drop_f4339_add_f1813_drop_f1338,prompt_delta_top33,swap1_critical11_lo_swap1_critical12_p10_p22_drop_rank002_rank020_drop_f4339_add_f1813_drop_f1338_drop_f12652_add_f3850,1,1,20:12652,20:3850,11,22,11,"20:1813,20:3850,20:6289,20:8754,20:8775,20:9135,20:9149,20:12704,20:13622,20:14991,20:15169"
lo_swap1_critical12_p10_p22_drop_rank002_rank020_drop_f4339_add_f1813_drop_f1338,prompt_delta_top33,swap1_critical11_lo_swap1_critical12_p10_p22_drop_rank002_rank020_drop_f4339_add_f1813_drop_f1338_drop_f12652_add_f13854,1,1,20:12652,20:13854,11,22,11,"20:1813,20:6289,20:8754,20:8775,20:9135,20:9149,20:12704,20:13622,20:13854,20:14991,20:15169"
lo_swap1_critical12_p10_p22_drop_rank002_rank020_drop_f4339_add_f1813_drop_f1338,prompt_delta_top33,swap1_critical11_lo_swap1_critical12_p10_p22_drop_rank002_rank020_drop_f4339_add_f1813_drop_f1338_drop_f12652_add_f7965,1,1,20:12652,20:7965,11,22,11,"20:1813,20:6289,20:7965,20:8754,20:8775,20:9135,20:9149,20:12704,20:13622,20:14991,20:15169"
lo_swap1_critical12_p10_p22_drop_rank002_rank020_drop_f4339_add_f1813_drop_f1338,prompt_delta_top33,swap1_critical11_lo_swap1_critical12_p10_p22_drop_rank002_rank020_drop_f4339_add_f1813_drop_f1338_drop_f12652_add_f11414,1,1,20:12652,20:11414,11,22,11,"20:1813,20:6289,20:8754,20:8775,20:9135,20:9149,20:11414,20:12704,20:13622,20:14991,20:15169"
lo_swap1_critical12_p10_p22_drop_rank002_rank020_drop_f4339_add_f1813_drop_f1338,prompt_delta_top33,swap1_critical11_lo_swap1_critical12_p10_p22_drop_rank002_rank020_drop_f4339_add_f1813_drop_f1338_drop_f12652_add_f4339,1,1,20:12652,20:4339,11,22,11,"20:1813,20:4339,20:6289,20:8754,20:8775,20:9135,20:9149,20:12704,20:13622,20:14991,20:15169"
lo_swap1_critical12_p10_p22_drop_rank002_rank020_drop_f4339_add_f1813_drop_f1338,prompt_delta_top33,swap1_critical11_lo_swap1_critical12_p10_p22_drop_rank002_rank020_drop_f4339_add_f1813_drop_f1338_drop_f12652_add_f12002,1,1,20:12652,20:12002,11,22,11,"20:1813,20:6289,20:8754,20:8775,20:9135,20:9149,20:12002,20:12704,20:13622,20:14991,20:15169"
lo_swap1_critical12_p10_p22_drop_rank002_rank020_drop_f4339_add_f1813_drop_f1338,prompt_delta_top33,swap1_critical11_lo_swap1_critical12_p10_p22_drop_rank002_rank020_drop_f4339_add_f1813_drop_f1338_drop_f12652_add_f9001,1,1,20:12652,20:9001,11,22,11,"20:1813,20:6289,20:8754,20:8775,20:9001,20:9135,20:9149,20:12704,20:13622,20:14991,20:15169"
lo_swap1_critical12_p10_p22_drop_rank002_rank020_drop_f4339_add_f1813_drop_f1338,prompt_delta_top33,swap1_critical11_lo_swap1_critical12_p10_p22_drop_rank002_rank020_drop_f4339_add_f1813_drop_f1338_drop_f12652_add_f9024,1,1,20:12652,20:9024,11,22,11,"20:1813,20:6289,20:8754,20:8775,20:9024,20:9135,20:9149,20:12704,20:13622,20:14991,20:15169"
lo_swap1_critical12_p10_p22_drop_rank002_rank020_drop_f4339_add_f1813_drop_f1338,prompt_delta_top33,swap1_critical11_lo_swap1_critical12_p10_p22_drop_rank002_rank020_drop_f4339_add_f1813_drop_f1338_drop_f12652_add_f4326,1,1,20:12652,20:4326,11,22,11,"20:1813,20:4326,20:6289,20:8754,20:8775,20:9135,20:9149,20:12704,20:13622,20:14991,20:15169"
lo_swap1_critical12_p10_p22_drop_rank002_rank020_drop_f4339_add_f1813_drop_f1338,prompt_delta_top33,swap1_critical11_lo_swap1_critical12_p10_p22_drop_rank002_rank020_drop_f4339_add_f1813_drop_f1338_drop_f12652_add_f11545,1,1,20:12652,20:11545,11,22,11,"20:1813,20:6289,20:8754,20:8775,20:9135,20:9149,20:11545,20:12704,20:13622,20:14991,20:15169"
lo_swap1_critical12_p10_p22_drop_rank002_rank020_drop_f4339_add_f1813_drop_f1338,prompt_delta_top33,swap1_critical11_lo_swap1_critical12_p10_p22_drop_rank002_rank020_drop_f4339_add_f1813_drop_f1338_drop_f12652_add_f7531,1,1,20:12652,20:7531,11,22,11,"20:1813,20:6289,20:7531,20:8754,20:8775,20:9135,20:9149,20:12704,20:13622,20:14991,20:15169"
lo_swap1_critical12_p10_p22_drop_rank002_rank020_drop_f4339_add_f1813_drop_f1338,prompt_delta_top33,swap1_critical11_lo_swap1_critical12_p10_p22_drop_rank002_rank020_drop_f4339_add_f1813_drop_f1338_drop_f12652_add_f5990,1,1,20:12652,20:5990,11,22,11,"20:1813,20:5990,20:6289,20:8754,20:8775,20:9135,20:9149,20:12704,20:13622,20:14991,20:15169"
lo_swap1_critical12_p10_p22_drop_rank002_rank020_drop_f4339_add_f1813_drop_f1338,prompt_delta_top33,swap1_critical11_lo_swap1_critical12_p10_p22_drop_rank002_rank020_drop_f4339_add_f1813_drop_f1338_drop_f12652_add_f1338,1,1,20:12652,20:1338,11,22,11,"20:1338,20:1813,20:6289,20:8754,20:8775,20:9135,20:9149,20:12704,20:13622,20:14991,20:15169"
lo_swap1_critical12_p10_p22_drop_rank002_rank020_drop_f4339_add_f1813_drop_f1338,prompt_delta_top33,swap1_critical11_lo_swap1_critical12_p10_p22_drop_rank002_rank020_drop_f4339_add_f1813_drop_f1338_drop_f12652_add_f321,1,1,20:12652,20:321,11,22,11,"20:321,20:1813,20:6289,20:8754,20:8775,20:9135,20:9149,20:12704,20:13622,20:14991,20:15169"
lo_swap1_critical12_p10_p22_drop_rank002_rank020_drop_f4339_add_f1813_drop_f1338,prompt_delta_top33,swap1_critical11_lo_swap1_critical12_p10_p22_drop_rank002_rank020_drop_f4339_add_f1813_drop_f1338_drop_f12652_add_f12313,1,1,20:12652,20:12313,11,22,11,"20:1813,20:6289,20:8754,20:8775,20:9135,20:9149,20:12313,20:12704,20:13622,20:14991,20:15169"
lo_swap1_critical12_p10_p22_drop_rank002_rank020_drop_f4339_add_f1813_drop_f1338,prompt_delta_top33,swap1_critical11_lo_swap1_critical12_p10_p22_drop_rank002_rank020_drop_f4339_add_f1813_drop_f1338_drop_f12652_add_f1100,1,1,20:12652,20:1100,11,22,11,"20:1100,20:1813,20:6289,20:8754,20:8775,20:9135,20:9149,20:12704,20:13622,20:14991,20:15169"
lo_swap1_critical12_p10_p22_drop_rank002_rank020_drop_f4339_add_f1813_drop_f1338,prompt_delta_top33,swap1_critical11_lo_swap1_critical12_p10_p22_drop_rank002_rank020_drop_f4339_add_f1813_drop_f1338_drop_f12704_add_f12963,1,1,20:12704,20:12963,11,22,11,"20:1813,20:6289,20:8754,20:8775,20:9135,20:9149,20:12652,20:12963,20:13622,20:14991,20:15169"
lo_swap1_critical12_p10_p22_drop_rank002_rank020_drop_f4339_add_f1813_drop_f1338,prompt_delta_top33,swap1_critical11_lo_swap1_critical12_p10_p22_drop_rank002_rank020_drop_f4339_add_f1813_drop_f1338_drop_f12704_add_f13060,1,1,20:12704,20:13060,11,22,11,"20:1813,20:6289,20:8754,20:8775,20:9135,20:9149,20:12652,20:13060,20:13622,20:14991,20:15169"
lo_swap1_critical12_p10_p22_drop_rank002_rank020_drop_f4339_add_f1813_drop_f1338,prompt_delta_top33,swap1_critical11_lo_swap1_critical12_p10_p22_drop_rank002_rank020_drop_f4339_add_f1813_drop_f1338_drop_f12704_add_f6169,1,1,20:12704,20:6169,11,22,11,"20:1813,20:6169,20:6289,20:8754,20:8775,20:9135,20:9149,20:12652,20:13622,20:14991,20:15169"
lo_swap1_critical12_p10_p22_drop_rank002_rank020_drop_f4339_add_f1813_drop_f1338,prompt_delta_top33,swap1_critical11_lo_swap1_critical12_p10_p22_drop_rank002_rank020_drop_f4339_add_f1813_drop_f1338_drop_f12704_add_f13882,1,1,20:12704,20:13882,11,22,11,"20:1813,20:6289,20:8754,20:8775,20:9135,20:9149,20:12652,20:13622,20:13882,20:14991,20:15169"
lo_swap1_critical12_p10_p22_drop_rank002_rank020_drop_f4339_add_f1813_drop_f1338,prompt_delta_top33,swap1_critical11_lo_swap1_critical12_p10_p22_drop_rank002_rank020_drop_f4339_add_f1813_drop_f1338_drop_f12704_add_f9407,1,1,20:12704,20:9407,11,22,11,"20:1813,20:6289,20:8754,20:8775,20:9135,20:9149,20:9407,20:12652,20:13622,20:14991,20:15169"
lo_swap1_critical12_p10_p22_drop_rank002_rank020_drop_f4339_add_f1813_drop_f1338,prompt_delta_top33,swap1_critical11_lo_swap1_critical12_p10_p22_drop_rank002_rank020_drop_f4339_add_f1813_drop_f1338_drop_f12704_add_f5355,1,1,20:12704,20:5355,11,22,11,"20:1813,20:5355,20:6289,20:8754,20:8775,20:9135,20:9149,20:12652,20:13622,20:14991,20:15169"
lo_swap1_critical12_p10_p22_drop_rank002_rank020_drop_f4339_add_f1813_drop_f1338,prompt_delta_top33,swap1_critical11_lo_swap1_critical12_p10_p22_drop_rank002_rank020_drop_f4339_add_f1813_drop_f1338_drop_f12704_add_f3850,1,1,20:12704,20:3850,11,22,11,"20:1813,20:3850,20:6289,20:8754,20:8775,20:9135,20:9149,20:12652,20:13622,20:14991,20:15169"
lo_swap1_critical12_p10_p22_drop_rank002_rank020_drop_f4339_add_f1813_drop_f1338,prompt_delta_top33,swap1_critical11_lo_swap1_critical12_p10_p22_drop_rank002_rank020_drop_f4339_add_f1813_drop_f1338_drop_f12704_add_f13854,1,1,20:12704,20:13854,11,22,11,"20:1813,20:6289,20:8754,20:8775,20:9135,20:9149,20:12652,20:13622,20:13854,20:14991,20:15169"
lo_swap1_critical12_p10_p22_drop_rank002_rank020_drop_f4339_add_f1813_drop_f1338,prompt_delta_top33,swap1_critical11_lo_swap1_critical12_p10_p22_drop_rank002_rank020_drop_f4339_add_f1813_drop_f1338_drop_f12704_add_f7965,1,1,20:12704,20:7965,11,22,11,"20:1813,20:6289,20:7965,20:8754,20:8775,20:9135,20:9149,20:12652,20:13622,20:14991,20:15169"
lo_swap1_critical12_p10_p22_drop_rank002_rank020_drop_f4339_add_f1813_drop_f1338,prompt_delta_top33,swap1_critical11_lo_swap1_critical12_p10_p22_drop_rank002_rank020_drop_f4339_add_f1813_drop_f1338_drop_f12704_add_f11414,1,1,20:12704,20:11414,11,22,11,"20:1813,20:6289,20:8754,20:8775,20:9135,20:9149,20:11414,20:12652,20:13622,20:14991,20:15169"
lo_swap1_critical12_p10_p22_drop_rank002_rank020_drop_f4339_add_f1813_drop_f1338,prompt_delta_top33,swap1_critical11_lo_swap1_critical12_p10_p22_drop_rank002_rank020_drop_f4339_add_f1813_drop_f1338_drop_f12704_add_f4339,1,1,20:12704,20:4339,11,22,11,"20:1813,20:4339,20:6289,20:8754,20:8775,20:9135,20:9149,20:12652,20:13622,20:14991,20:15169"
lo_swap1_critical12_p10_p22_drop_rank002_rank020_drop_f4339_add_f1813_drop_f1338,prompt_delta_top33,swap1_critical11_lo_swap1_critical12_p10_p22_drop_rank002_rank020_drop_f4339_add_f1813_drop_f1338_drop_f12704_add_f12002,1,1,20:12704,20:12002,11,22,11,"20:1813,20:6289,20:8754,20:8775,20:9135,20:9149,20:12002,20:12652,20:13622,20:14991,20:15169"
lo_swap1_critical12_p10_p22_drop_rank002_rank020_drop_f4339_add_f1813_drop_f1338,prompt_delta_top33,swap1_critical11_lo_swap1_critical12_p10_p22_drop_rank002_rank020_drop_f4339_add_f1813_drop_f1338_drop_f12704_add_f9001,1,1,20:12704,20:9001,11,22,11,"20:1813,20:6289,20:8754,20:8775,20:9001,20:9135,20:9149,20:12652,20:13622,20:14991,20:15169"
lo_swap1_critical12_p10_p22_drop_rank002_rank020_drop_f4339_add_f1813_drop_f1338,prompt_delta_top33,swap1_critical11_lo_swap1_critical12_p10_p22_drop_rank002_rank020_drop_f4339_add_f1813_drop_f1338_drop_f12704_add_f9024,1,1,20:12704,20:9024,11,22,11,"20:1813,20:6289,20:8754,20:8775,20:9024,20:9135,20:9149,20:12652,20:13622,20:14991,20:15169"
lo_swap1_critical12_p10_p22_drop_rank002_rank020_drop_f4339_add_f1813_drop_f1338,prompt_delta_top33,swap1_critical11_lo_swap1_critical12_p10_p22_drop_rank002_rank020_drop_f4339_add_f1813_drop_f1338_drop_f12704_add_f4326,1,1,20:12704,20:4326,11,22,11,"20:1813,20:4326,20:6289,20:8754,20:8775,20:9135,20:9149,20:12652,20:13622,20:14991,20:15169"
lo_swap1_critical12_p10_p22_drop_rank002_rank020_drop_f4339_add_f1813_drop_f1338,prompt_delta_top33,swap1_critical11_lo_swap1_critical12_p10_p22_drop_rank002_rank020_drop_f4339_add_f1813_drop_f1338_drop_f12704_add_f11545,1,1,20:12704,20:11545,11,22,11,"20:1813,20:6289,20:8754,20:8775,20:9135,20:9149,20:11545,20:12652,20:13622,20:14991,20:15169"
lo_swap1_critical12_p10_p22_drop_rank002_rank020_drop_f4339_add_f1813_drop_f1338,prompt_delta_top33,swap1_critical11_lo_swap1_critical12_p10_p22_drop_rank002_rank020_drop_f4339_add_f1813_drop_f1338_drop_f12704_add_f7531,1,1,20:12704,20:7531,11,22,11,"20:1813,20:6289,20:7531,20:8754,20:8775,20:9135,20:9149,20:12652,20:13622,20:14991,20:15169"
lo_swap1_critical12_p10_p22_drop_rank002_rank020_drop_f4339_add_f1813_drop_f1338,prompt_delta_top33,swap1_critical11_lo_swap1_critical12_p10_p22_drop_rank002_rank020_drop_f4339_add_f1813_drop_f1338_drop_f12704_add_f5990,1,1,20:12704,20:5990,11,22,11,"20:1813,20:5990,20:6289,20:8754,20:8775,20:9135,20:9149,20:12652,20:13622,20:14991,20:15169"
lo_swap1_critical12_p10_p22_drop_rank002_rank020_drop_f4339_add_f1813_drop_f1338,prompt_delta_top33,swap1_critical11_lo_swap1_critical12_p10_p22_drop_rank002_rank020_drop_f4339_add_f1813_drop_f1338_drop_f12704_add_f1338,1,1,20:12704,20:1338,11,22,11,"20:1338,20:1813,20:6289,20:8754,20:8775,20:9135,20:9149,20:12652,20:13622,20:14991,20:15169"
lo_swap1_critical12_p10_p22_drop_rank002_rank020_drop_f4339_add_f1813_drop_f1338,prompt_delta_top33,swap1_critical11_lo_swap1_critical12_p10_p22_drop_rank002_rank020_drop_f4339_add_f1813_drop_f1338_drop_f12704_add_f321,1,1,20:12704,20:321,11,22,11,"20:321,20:1813,20:6289,20:8754,20:8775,20:9135,20:9149,20:12652,20:13622,20:14991,20:15169"
lo_swap1_critical12_p10_p22_drop_rank002_rank020_drop_f4339_add_f1813_drop_f1338,prompt_delta_top33,swap1_critical11_lo_swap1_critical12_p10_p22_drop_rank002_rank020_drop_f4339_add_f1813_drop_f1338_drop_f12704_add_f12313,1,1,20:12704,20:12313,11,22,11,"20:1813,20:6289,20:8754,20:8775,20:9135,20:9149,20:12313,20:12652,20:13622,20:14991,20:15169"
lo_swap1_critical12_p10_p22_drop_rank002_rank020_drop_f4339_add_f1813_drop_f1338,prompt_delta_top33,swap1_critical11_lo_swap1_critical12_p10_p22_drop_rank002_rank020_drop_f4339_add_f1813_drop_f1338_drop_f12704_add_f1100,1,1,20:12704,20:1100,11,22,11,"20:1100,20:1813,20:6289,20:8754,20:8775,20:9135,20:9149,20:12652,20:13622,20:14991,20:15169"
lo_swap1_critical12_p10_p22_drop_rank002_rank020_drop_f4339_add_f1813_drop_f1338,prompt_delta_top33,swap1_critical11_lo_swap1_critical12_p10_p22_drop_rank002_rank020_drop_f4339_add_f1813_drop_f1338_drop_f13622_add_f12963,1,1,20:13622,20:12963,11,22,11,"20:1813,20:6289,20:8754,20:8775,20:9135,20:9149,20:12652,20:12704,20:12963,20:14991,20:15169"
lo_swap1_critical12_p10_p22_drop_rank002_rank020_drop_f4339_add_f1813_drop_f1338,prompt_delta_top33,swap1_critical11_lo_swap1_critical12_p10_p22_drop_rank002_rank020_drop_f4339_add_f1813_drop_f1338_drop_f13622_add_f13060,1,1,20:13622,20:13060,11,22,11,"20:1813,20:6289,20:8754,20:8775,20:9135,20:9149,20:12652,20:12704,20:13060,20:14991,20:15169"
lo_swap1_critical12_p10_p22_drop_rank002_rank020_drop_f4339_add_f1813_drop_f1338,prompt_delta_top33,swap1_critical11_lo_swap1_critical12_p10_p22_drop_rank002_rank020_drop_f4339_add_f1813_drop_f1338_drop_f13622_add_f6169,1,1,20:13622,20:6169,11,22,11,"20:1813,20:6169,20:6289,20:8754,20:8775,20:9135,20:9149,20:12652,20:12704,20:14991,20:15169"
lo_swap1_critical12_p10_p22_drop_rank002_rank020_drop_f4339_add_f1813_drop_f1338,prompt_delta_top33,swap1_critical11_lo_swap1_critical12_p10_p22_drop_rank002_rank020_drop_f4339_add_f1813_drop_f1338_drop_f13622_add_f13882,1,1,20:13622,20:13882,11,22,11,"20:1813,20:6289,20:8754,20:8775,20:9135,20:9149,20:12652,20:12704,20:13882,20:14991,20:15169"
lo_swap1_critical12_p10_p22_drop_rank002_rank020_drop_f4339_add_f1813_drop_f1338,prompt_delta_top33,swap1_critical11_lo_swap1_critical12_p10_p22_drop_rank002_rank020_drop_f4339_add_f1813_drop_f1338_drop_f13622_add_f9407,1,1,20:13622,20:9407,11,22,11,"20:1813,20:6289,20:8754,20:8775,20:9135,20:9149,20:9407,20:12652,20:12704,20:14991,20:15169"
lo_swap1_critical12_p10_p22_drop_rank002_rank020_drop_f4339_add_f1813_drop_f1338,prompt_delta_top33,swap1_critical11_lo_swap1_critical12_p10_p22_drop_rank002_rank020_drop_f4339_add_f1813_drop_f1338_drop_f13622_add_f5355,1,1,20:13622,20:5355,11,22,11,"20:1813,20:5355,20:6289,20:8754,20:8775,20:9135,20:9149,20:12652,20:12704,20:14991,20:15169"
lo_swap1_critical12_p10_p22_drop_rank002_rank020_drop_f4339_add_f1813_drop_f1338,prompt_delta_top33,swap1_critical11_lo_swap1_critical12_p10_p22_drop_rank002_rank020_drop_f4339_add_f1813_drop_f1338_drop_f13622_add_f3850,1,1,20:13622,20:3850,11,22,11,"20:1813,20:3850,20:6289,20:8754,20:8775,20:9135,20:9149,20:12652,20:12704,20:14991,20:15169"
lo_swap1_critical12_p10_p22_drop_rank002_rank020_drop_f4339_add_f1813_drop_f1338,prompt_delta_top33,swap1_critical11_lo_swap1_critical12_p10_p22_drop_rank002_rank020_drop_f4339_add_f1813_drop_f1338_drop_f13622_add_f13854,1,1,20:13622,20:13854,11,22,11,"20:1813,20:6289,20:8754,20:8775,20:9135,20:9149,20:12652,20:12704,20:13854,20:14991,20:15169"
lo_swap1_critical12_p10_p22_drop_rank002_rank020_drop_f4339_add_f1813_drop_f1338,prompt_delta_top33,swap1_critical11_lo_swap1_critical12_p10_p22_drop_rank002_rank020_drop_f4339_add_f1813_drop_f1338_drop_f13622_add_f7965,1,1,20:13622,20:7965,11,22,11,"20:1813,20:6289,20:7965,20:8754,20:8775,20:9135,20:9149,20:12652,20:12704,20:14991,20:15169"
lo_swap1_critical12_p10_p22_drop_rank002_rank020_drop_f4339_add_f1813_drop_f1338,prompt_delta_top33,swap1_critical11_lo_swap1_critical12_p10_p22_drop_rank002_rank020_drop_f4339_add_f1813_drop_f1338_drop_f13622_add_f11414,1,1,20:13622,20:11414,11,22,11,"20:1813,20:6289,20:8754,20:8775,20:9135,20:9149,20:11414,20:12652,20:12704,20:14991,20:15169"
lo_swap1_critical12_p10_p22_drop_rank002_rank020_drop_f4339_add_f1813_drop_f1338,prompt_delta_top33,swap1_critical11_lo_swap1_critical12_p10_p22_drop_rank002_rank020_drop_f4339_add_f1813_drop_f1338_drop_f13622_add_f4339,1,1,20:13622,20:4339,11,22,11,"20:1813,20:4339,20:6289,20:8754,20:8775,20:9135,20:9149,20:12652,20:12704,20:14991,20:15169"
lo_swap1_critical12_p10_p22_drop_rank002_rank020_drop_f4339_add_f1813_drop_f1338,prompt_delta_top33,swap1_critical11_lo_swap1_critical12_p10_p22_drop_rank002_rank020_drop_f4339_add_f1813_drop_f1338_drop_f13622_add_f12002,1,1,20:13622,20:12002,11,22,11,"20:1813,20:6289,20:8754,20:8775,20:9135,20:9149,20:12002,20:12652,20:12704,20:14991,20:15169"
lo_swap1_critical12_p10_p22_drop_rank002_rank020_drop_f4339_add_f1813_drop_f1338,prompt_delta_top33,swap1_critical11_lo_swap1_critical12_p10_p22_drop_rank002_rank020_drop_f4339_add_f1813_drop_f1338_drop_f13622_add_f9001,1,1,20:13622,20:9001,11,22,11,"20:1813,20:6289,20:8754,20:8775,20:9001,20:9135,20:9149,20:12652,20:12704,20:14991,20:15169"
lo_swap1_critical12_p10_p22_drop_rank002_rank020_drop_f4339_add_f1813_drop_f1338,prompt_delta_top33,swap1_critical11_lo_swap1_critical12_p10_p22_drop_rank002_rank020_drop_f4339_add_f1813_drop_f1338_drop_f13622_add_f9024,1,1,20:13622,20:9024,11,22,11,"20:1813,20:6289,20:8754,20:8775,20:9024,20:9135,20:9149,20:12652,20:12704,20:14991,20:15169"
lo_swap1_critical12_p10_p22_drop_rank002_rank020_drop_f4339_add_f1813_drop_f1338,prompt_delta_top33,swap1_critical11_lo_swap1_critical12_p10_p22_drop_rank002_rank020_drop_f4339_add_f1813_drop_f1338_drop_f13622_add_f4326,1,1,20:13622,20:4326,11,22,11,"20:1813,20:4326,20:6289,20:8754,20:8775,20:9135,20:9149,20:12652,20:12704,20:14991,20:15169"
lo_swap1_critical12_p10_p22_drop_rank002_rank020_drop_f4339_add_f1813_drop_f1338,prompt_delta_top33,swap1_critical11_lo_swap1_critical12_p10_p22_drop_rank002_rank020_drop_f4339_add_f1813_drop_f1338_drop_f13622_add_f11545,1,1,20:13622,20:11545,11,22,11,"20:1813,20:6289,20:8754,20:8775,20:9135,20:9149,20:11545,20:12652,20:12704,20:14991,20:15169"
lo_swap1_critical12_p10_p22_drop_rank002_rank020_drop_f4339_add_f1813_drop_f1338,prompt_delta_top33,swap1_critical11_lo_swap1_critical12_p10_p22_drop_rank002_rank020_drop_f4339_add_f1813_drop_f1338_drop_f13622_add_f7531,1,1,20:13622,20:7531,11,22,11,"20:1813,20:6289,20:7531,20:8754,20:8775,20:9135,20:9149,20:12652,20:12704,20:14991,20:15169"
lo_swap1_critical12_p10_p22_drop_rank002_rank020_drop_f4339_add_f1813_drop_f1338,prompt_delta_top33,swap1_critical11_lo_swap1_critical12_p10_p22_drop_rank002_rank020_drop_f4339_add_f1813_drop_f1338_drop_f13622_add_f5990,1,1,20:13622,20:5990,11,22,11,"20:1813,20:5990,20:6289,20:8754,20:8775,20:9135,20:9149,20:12652,20:12704,20:14991,20:15169"
lo_swap1_critical12_p10_p22_drop_rank002_rank020_drop_f4339_add_f1813_drop_f1338,prompt_delta_top33,swap1_critical11_lo_swap1_critical12_p10_p22_drop_rank002_rank020_drop_f4339_add_f1813_drop_f1338_drop_f13622_add_f1338,1,1,20:13622,20:1338,11,22,11,"20:1338,20:1813,20:6289,20:8754,20:8775,20:9135,20:9149,20:12652,20:12704,20:14991,20:15169"
lo_swap1_critical12_p10_p22_drop_rank002_rank020_drop_f4339_add_f1813_drop_f1338,prompt_delta_top33,swap1_critical11_lo_swap1_critical12_p10_p22_drop_rank002_rank020_drop_f4339_add_f1813_drop_f1338_drop_f13622_add_f321,1,1,20:13622,20:321,11,22,11,"20:321,20:1813,20:6289,20:8754,20:8775,20:9135,20:9149,20:12652,20:12704,20:14991,20:15169"
lo_swap1_critical12_p10_p22_drop_rank002_rank020_drop_f4339_add_f1813_drop_f1338,prompt_delta_top33,swap1_critical11_lo_swap1_critical12_p10_p22_drop_rank002_rank020_drop_f4339_add_f1813_drop_f1338_drop_f13622_add_f12313,1,1,20:13622,20:12313,11,22,11,"20:1813,20:6289,20:8754,20:8775,20:9135,20:9149,20:12313,20:12652,20:12704,20:14991,20:15169"
lo_swap1_critical12_p10_p22_drop_rank002_rank020_drop_f4339_add_f1813_drop_f1338,prompt_delta_top33,swap1_critical11_lo_swap1_critical12_p10_p22_drop_rank002_rank020_drop_f4339_add_f1813_drop_f1338_drop_f13622_add_f1100,1,1,20:13622,20:1100,11,22,11,"20:1100,20:1813,20:6289,20:8754,20:8775,20:9135,20:9149,20:12652,20:12704,20:14991,20:15169"
lo_swap1_critical12_p10_p22_drop_rank002_rank020_drop_f4339_add_f1813_drop_f1338,prompt_delta_top33,swap1_critical11_lo_swap1_critical12_p10_p22_drop_rank002_rank020_drop_f4339_add_f1813_drop_f1338_drop_f14991_add_f12963,1,1,20:14991,20:12963,11,22,11,"20:1813,20:6289,20:8754,20:8775,20:9135,20:9149,20:12652,20:12704,20:12963,20:13622,20:15169"
lo_swap1_critical12_p10_p22_drop_rank002_rank020_drop_f4339_add_f1813_drop_f1338,prompt_delta_top33,swap1_critical11_lo_swap1_critical12_p10_p22_drop_rank002_rank020_drop_f4339_add_f1813_drop_f1338_drop_f14991_add_f13060,1,1,20:14991,20:13060,11,22,11,"20:1813,20:6289,20:8754,20:8775,20:9135,20:9149,20:12652,20:12704,20:13060,20:13622,20:15169"
lo_swap1_critical12_p10_p22_drop_rank002_rank020_drop_f4339_add_f1813_drop_f1338,prompt_delta_top33,swap1_critical11_lo_swap1_critical12_p10_p22_drop_rank002_rank020_drop_f4339_add_f1813_drop_f1338_drop_f14991_add_f6169,1,1,20:14991,20:6169,11,22,11,"20:1813,20:6169,20:6289,20:8754,20:8775,20:9135,20:9149,20:12652,20:12704,20:13622,20:15169"
lo_swap1_critical12_p10_p22_drop_rank002_rank020_drop_f4339_add_f1813_drop_f1338,prompt_delta_top33,swap1_critical11_lo_swap1_critical12_p10_p22_drop_rank002_rank020_drop_f4339_add_f1813_drop_f1338_drop_f14991_add_f13882,1,1,20:14991,20:13882,11,22,11,"20:1813,20:6289,20:8754,20:8775,20:9135,20:9149,20:12652,20:12704,20:13622,20:13882,20:15169"
lo_swap1_critical12_p10_p22_drop_rank002_rank020_drop_f4339_add_f1813_drop_f1338,prompt_delta_top33,swap1_critical11_lo_swap1_critical12_p10_p22_drop_rank002_rank020_drop_f4339_add_f1813_drop_f1338_drop_f14991_add_f9407,1,1,20:14991,20:9407,11,22,11,"20:1813,20:6289,20:8754,20:8775,20:9135,20:9149,20:9407,20:12652,20:12704,20:13622,20:15169"
lo_swap1_critical12_p10_p22_drop_rank002_rank020_drop_f4339_add_f1813_drop_f1338,prompt_delta_top33,swap1_critical11_lo_swap1_critical12_p10_p22_drop_rank002_rank020_drop_f4339_add_f1813_drop_f1338_drop_f14991_add_f5355,1,1,20:14991,20:5355,11,22,11,"20:1813,20:5355,20:6289,20:8754,20:8775,20:9135,20:9149,20:12652,20:12704,20:13622,20:15169"
lo_swap1_critical12_p10_p22_drop_rank002_rank020_drop_f4339_add_f1813_drop_f1338,prompt_delta_top33,swap1_critical11_lo_swap1_critical12_p10_p22_drop_rank002_rank020_drop_f4339_add_f1813_drop_f1338_drop_f14991_add_f3850,1,1,20:14991,20:3850,11,22,11,"20:1813,20:3850,20:6289,20:8754,20:8775,20:9135,20:9149,20:12652,20:12704,20:13622,20:15169"
lo_swap1_critical12_p10_p22_drop_rank002_rank020_drop_f4339_add_f1813_drop_f1338,prompt_delta_top33,swap1_critical11_lo_swap1_critical12_p10_p22_drop_rank002_rank020_drop_f4339_add_f1813_drop_f1338_drop_f14991_add_f13854,1,1,20:14991,20:13854,11,22,11,"20:1813,20:6289,20:8754,20:8775,20:9135,20:9149,20:12652,20:12704,20:13622,20:13854,20:15169"
lo_swap1_critical12_p10_p22_drop_rank002_rank020_drop_f4339_add_f1813_drop_f1338,prompt_delta_top33,swap1_critical11_lo_swap1_critical12_p10_p22_drop_rank002_rank020_drop_f4339_add_f1813_drop_f1338_drop_f14991_add_f7965,1,1,20:14991,20:7965,11,22,11,"20:1813,20:6289,20:7965,20:8754,20:8775,20:9135,20:9149,20:12652,20:12704,20:13622,20:15169"
lo_swap1_critical12_p10_p22_drop_rank002_rank020_drop_f4339_add_f1813_drop_f1338,prompt_delta_top33,swap1_critical11_lo_swap1_critical12_p10_p22_drop_rank002_rank020_drop_f4339_add_f1813_drop_f1338_drop_f14991_add_f11414,1,1,20:14991,20:11414,11,22,11,"20:1813,20:6289,20:8754,20:8775,20:9135,20:9149,20:11414,20:12652,20:12704,20:13622,20:15169"
lo_swap1_critical12_p10_p22_drop_rank002_rank020_drop_f4339_add_f1813_drop_f1338,prompt_delta_top33,swap1_critical11_lo_swap1_critical12_p10_p22_drop_rank002_rank020_drop_f4339_add_f1813_drop_f1338_drop_f14991_add_f4339,1,1,20:14991,20:4339,11,22,11,"20:1813,20:4339,20:6289,20:8754,20:8775,20:9135,20:9149,20:12652,20:12704,20:13622,20:15169"
lo_swap1_critical12_p10_p22_drop_rank002_rank020_drop_f4339_add_f1813_drop_f1338,prompt_delta_top33,swap1_critical11_lo_swap1_critical12_p10_p22_drop_rank002_rank020_drop_f4339_add_f1813_drop_f1338_drop_f14991_add_f12002,1,1,20:14991,20:12002,11,22,11,"20:1813,20:6289,20:8754,20:8775,20:9135,20:9149,20:12002,20:12652,20:12704,20:13622,20:15169"
lo_swap1_critical12_p10_p22_drop_rank002_rank020_drop_f4339_add_f1813_drop_f1338,prompt_delta_top33,swap1_critical11_lo_swap1_critical12_p10_p22_drop_rank002_rank020_drop_f4339_add_f1813_drop_f1338_drop_f14991_add_f9001,1,1,20:14991,20:9001,11,22,11,"20:1813,20:6289,20:8754,20:8775,20:9001,20:9135,20:9149,20:12652,20:12704,20:13622,20:15169"
lo_swap1_critical12_p10_p22_drop_rank002_rank020_drop_f4339_add_f1813_drop_f1338,prompt_delta_top33,swap1_critical11_lo_swap1_critical12_p10_p22_drop_rank002_rank020_drop_f4339_add_f1813_drop_f1338_drop_f14991_add_f9024,1,1,20:14991,20:9024,11,22,11,"20:1813,20:6289,20:8754,20:8775,20:9024,20:9135,20:9149,20:12652,20:12704,20:13622,20:15169"
lo_swap1_critical12_p10_p22_drop_rank002_rank020_drop_f4339_add_f1813_drop_f1338,prompt_delta_top33,swap1_critical11_lo_swap1_critical12_p10_p22_drop_rank002_rank020_drop_f4339_add_f1813_drop_f1338_drop_f14991_add_f4326,1,1,20:14991,20:4326,11,22,11,"20:1813,20:4326,20:6289,20:8754,20:8775,20:9135,20:9149,20:12652,20:12704,20:13622,20:15169"
lo_swap1_critical12_p10_p22_drop_rank002_rank020_drop_f4339_add_f1813_drop_f1338,prompt_delta_top33,swap1_critical11_lo_swap1_critical12_p10_p22_drop_rank002_rank020_drop_f4339_add_f1813_drop_f1338_drop_f14991_add_f11545,1,1,20:14991,20:11545,11,22,11,"20:1813,20:6289,20:8754,20:8775,20:9135,20:9149,20:11545,20:12652,20:12704,20:13622,20:15169"
lo_swap1_critical12_p10_p22_drop_rank002_rank020_drop_f4339_add_f1813_drop_f1338,prompt_delta_top33,swap1_critical11_lo_swap1_critical12_p10_p22_drop_rank002_rank020_drop_f4339_add_f1813_drop_f1338_drop_f14991_add_f7531,1,1,20:14991,20:7531,11,22,11,"20:1813,20:6289,20:7531,20:8754,20:8775,20:9135,20:9149,20:12652,20:12704,20:13622,20:15169"
lo_swap1_critical12_p10_p22_drop_rank002_rank020_drop_f4339_add_f1813_drop_f1338,prompt_delta_top33,swap1_critical11_lo_swap1_critical12_p10_p22_drop_rank002_rank020_drop_f4339_add_f1813_drop_f1338_drop_f14991_add_f5990,1,1,20:14991,20:5990,11,22,11,"20:1813,20:5990,20:6289,20:8754,20:8775,20:9135,20:9149,20:12652,20:12704,20:13622,20:15169"
lo_swap1_critical12_p10_p22_drop_rank002_rank020_drop_f4339_add_f1813_drop_f1338,prompt_delta_top33,swap1_critical11_lo_swap1_critical12_p10_p22_drop_rank002_rank020_drop_f4339_add_f1813_drop_f1338_drop_f14991_add_f1338,1,1,20:14991,20:1338,11,22,11,"20:1338,20:1813,20:6289,20:8754,20:8775,20:9135,20:9149,20:12652,20:12704,20:13622,20:15169"
lo_swap1_critical12_p10_p22_drop_rank002_rank020_drop_f4339_add_f1813_drop_f1338,prompt_delta_top33,swap1_critical11_lo_swap1_critical12_p10_p22_drop_rank002_rank020_drop_f4339_add_f1813_drop_f1338_drop_f14991_add_f321,1,1,20:14991,20:321,11,22,11,"20:321,20:1813,20:6289,20:8754,20:8775,20:9135,20:9149,20:12652,20:12704,20:13622,20:15169"
lo_swap1_critical12_p10_p22_drop_rank002_rank020_drop_f4339_add_f1813_drop_f1338,prompt_delta_top33,swap1_critical11_lo_swap1_critical12_p10_p22_drop_rank002_rank020_drop_f4339_add_f1813_drop_f1338_drop_f14991_add_f12313,1,1,20:14991,20:12313,11,22,11,"20:1813,20:6289,20:8754,20:8775,20:9135,20:9149,20:12313,20:12652,20:12704,20:13622,20:15169"
lo_swap1_critical12_p10_p22_drop_rank002_rank020_drop_f4339_add_f1813_drop_f1338,prompt_delta_top33,swap1_critical11_lo_swap1_critical12_p10_p22_drop_rank002_rank020_drop_f4339_add_f1813_drop_f1338_drop_f14991_add_f1100,1,1,20:14991,20:1100,11,22,11,"20:1100,20:1813,20:6289,20:8754,20:8775,20:9135,20:9149,20:12652,20:12704,20:13622,20:15169"
lo_swap1_critical12_p10_p22_drop_rank002_rank020_drop_f4339_add_f1813_drop_f1338,prompt_delta_top33,swap1_critical11_lo_swap1_critical12_p10_p22_drop_rank002_rank020_drop_f4339_add_f1813_drop_f1338_drop_f15169_add_f12963,1,1,20:15169,20:12963,11,22,11,"20:1813,20:6289,20:8754,20:8775,20:9135,20:9149,20:12652,20:12704,20:12963,20:13622,20:14991"
lo_swap1_critical12_p10_p22_drop_rank002_rank020_drop_f4339_add_f1813_drop_f1338,prompt_delta_top33,swap1_critical11_lo_swap1_critical12_p10_p22_drop_rank002_rank020_drop_f4339_add_f1813_drop_f1338_drop_f15169_add_f13060,1,1,20:15169,20:13060,11,22,11,"20:1813,20:6289,20:8754,20:8775,20:9135,20:9149,20:12652,20:12704,20:13060,20:13622,20:14991"
lo_swap1_critical12_p10_p22_drop_rank002_rank020_drop_f4339_add_f1813_drop_f1338,prompt_delta_top33,swap1_critical11_lo_swap1_critical12_p10_p22_drop_rank002_rank020_drop_f4339_add_f1813_drop_f1338_drop_f15169_add_f6169,1,1,20:15169,20:6169,11,22,11,"20:1813,20:6169,20:6289,20:8754,20:8775,20:9135,20:9149,20:12652,20:12704,20:13622,20:14991"
lo_swap1_critical12_p10_p22_drop_rank002_rank020_drop_f4339_add_f1813_drop_f1338,prompt_delta_top33,swap1_critical11_lo_swap1_critical12_p10_p22_drop_rank002_rank020_drop_f4339_add_f1813_drop_f1338_drop_f15169_add_f13882,1,1,20:15169,20:13882,11,22,11,"20:1813,20:6289,20:8754,20:8775,20:9135,20:9149,20:12652,20:12704,20:13622,20:13882,20:14991"
lo_swap1_critical12_p10_p22_drop_rank002_rank020_drop_f4339_add_f1813_drop_f1338,prompt_delta_top33,swap1_critical11_lo_swap1_critical12_p10_p22_drop_rank002_rank020_drop_f4339_add_f1813_drop_f1338_drop_f15169_add_f9407,1,1,20:15169,20:9407,11,22,11,"20:1813,20:6289,20:8754,20:8775,20:9135,20:9149,20:9407,20:12652,20:12704,20:13622,20:14991"
lo_swap1_critical12_p10_p22_drop_rank002_rank020_drop_f4339_add_f1813_drop_f1338,prompt_delta_top33,swap1_critical11_lo_swap1_critical12_p10_p22_drop_rank002_rank020_drop_f4339_add_f1813_drop_f1338_drop_f15169_add_f5355,1,1,20:15169,20:5355,11,22,11,"20:1813,20:5355,20:6289,20:8754,20:8775,20:9135,20:9149,20:12652,20:12704,20:13622,20:14991"
lo_swap1_critical12_p10_p22_drop_rank002_rank020_drop_f4339_add_f1813_drop_f1338,prompt_delta_top33,swap1_critical11_lo_swap1_critical12_p10_p22_drop_rank002_rank020_drop_f4339_add_f1813_drop_f1338_drop_f15169_add_f3850,1,1,20:15169,20:3850,11,22,11,"20:1813,20:3850,20:6289,20:8754,20:8775,20:9135,20:9149,20:12652,20:12704,20:13622,20:14991"
lo_swap1_critical12_p10_p22_drop_rank002_rank020_drop_f4339_add_f1813_drop_f1338,prompt_delta_top33,swap1_critical11_lo_swap1_critical12_p10_p22_drop_rank002_rank020_drop_f4339_add_f1813_drop_f1338_drop_f15169_add_f13854,1,1,20:15169,20:13854,11,22,11,"20:1813,20:6289,20:8754,20:8775,20:9135,20:9149,20:12652,20:12704,20:13622,20:13854,20:14991"
lo_swap1_critical12_p10_p22_drop_rank002_rank020_drop_f4339_add_f1813_drop_f1338,prompt_delta_top33,swap1_critical11_lo_swap1_critical12_p10_p22_drop_rank002_rank020_drop_f4339_add_f1813_drop_f1338_drop_f15169_add_f7965,1,1,20:15169,20:7965,11,22,11,"20:1813,20:6289,20:7965,20:8754,20:8775,20:9135,20:9149,20:12652,20:12704,20:13622,20:14991"
lo_swap1_critical12_p10_p22_drop_rank002_rank020_drop_f4339_add_f1813_drop_f1338,prompt_delta_top33,swap1_critical11_lo_swap1_critical12_p10_p22_drop_rank002_rank020_drop_f4339_add_f1813_drop_f1338_drop_f15169_add_f11414,1,1,20:15169,20:11414,11,22,11,"20:1813,20:6289,20:8754,20:8775,20:9135,20:9149,20:11414,20:12652,20:12704,20:13622,20:14991"
lo_swap1_critical12_p10_p22_drop_rank002_rank020_drop_f4339_add_f1813_drop_f1338,prompt_delta_top33,swap1_critical11_lo_swap1_critical12_p10_p22_drop_rank002_rank020_drop_f4339_add_f1813_drop_f1338_drop_f15169_add_f4339,1,1,20:15169,20:4339,11,22,11,"20:1813,20:4339,20:6289,20:8754,20:8775,20:9135,20:9149,20:12652,20:12704,20:13622,20:14991"
lo_swap1_critical12_p10_p22_drop_rank002_rank020_drop_f4339_add_f1813_drop_f1338,prompt_delta_top33,swap1_critical11_lo_swap1_critical12_p10_p22_drop_rank002_rank020_drop_f4339_add_f1813_drop_f1338_drop_f15169_add_f12002,1,1,20:15169,20:12002,11,22,11,"20:1813,20:6289,20:8754,20:8775,20:9135,20:9149,20:12002,20:12652,20:12704,20:13622,20:14991"
lo_swap1_critical12_p10_p22_drop_rank002_rank020_drop_f4339_add_f1813_drop_f1338,prompt_delta_top33,swap1_critical11_lo_swap1_critical12_p10_p22_drop_rank002_rank020_drop_f4339_add_f1813_drop_f1338_drop_f15169_add_f9001,1,1,20:15169,20:9001,11,22,11,"20:1813,20:6289,20:8754,20:8775,20:9001,20:9135,20:9149,20:12652,20:12704,20:13622,20:14991"
lo_swap1_critical12_p10_p22_drop_rank002_rank020_drop_f4339_add_f1813_drop_f1338,prompt_delta_top33,swap1_critical11_lo_swap1_critical12_p10_p22_drop_rank002_rank020_drop_f4339_add_f1813_drop_f1338_drop_f15169_add_f9024,1,1,20:15169,20:9024,11,22,11,"20:1813,20:6289,20:8754,20:8775,20:9024,20:9135,20:9149,20:12652,20:12704,20:13622,20:14991"
lo_swap1_critical12_p10_p22_drop_rank002_rank020_drop_f4339_add_f1813_drop_f1338,prompt_delta_top33,swap1_critical11_lo_swap1_critical12_p10_p22_drop_rank002_rank020_drop_f4339_add_f1813_drop_f1338_drop_f15169_add_f4326,1,1,20:15169,20:4326,11,22,11,"20:1813,20:4326,20:6289,20:8754,20:8775,20:9135,20:9149,20:12652,20:12704,20:13622,20:14991"
lo_swap1_critical12_p10_p22_drop_rank002_rank020_drop_f4339_add_f1813_drop_f1338,prompt_delta_top33,swap1_critical11_lo_swap1_critical12_p10_p22_drop_rank002_rank020_drop_f4339_add_f1813_drop_f1338_drop_f15169_add_f11545,1,1,20:15169,20:11545,11,22,11,"20:1813,20:6289,20:8754,20:8775,20:9135,20:9149,20:11545,20:12652,20:12704,20:13622,20:14991"
lo_swap1_critical12_p10_p22_drop_rank002_rank020_drop_f4339_add_f1813_drop_f1338,prompt_delta_top33,swap1_critical11_lo_swap1_critical12_p10_p22_drop_rank002_rank020_drop_f4339_add_f1813_drop_f1338_drop_f15169_add_f7531,1,1,20:15169,20:7531,11,22,11,"20:1813,20:6289,20:7531,20:8754,20:8775,20:9135,20:9149,20:12652,20:12704,20:13622,20:14991"
lo_swap1_critical12_p10_p22_drop_rank002_rank020_drop_f4339_add_f1813_drop_f1338,prompt_delta_top33,swap1_critical11_lo_swap1_critical12_p10_p22_drop_rank002_rank020_drop_f4339_add_f1813_drop_f1338_drop_f15169_add_f5990,1,1,20:15169,20:5990,11,22,11,"20:1813,20:5990,20:6289,20:8754,20:8775,20:9135,20:9149,20:12652,20:12704,20:13622,20:14991"
lo_swap1_critical12_p10_p22_drop_rank002_rank020_drop_f4339_add_f1813_drop_f1338,prompt_delta_top33,swap1_critical11_lo_swap1_critical12_p10_p22_drop_rank002_rank020_drop_f4339_add_f1813_drop_f1338_drop_f15169_add_f1338,1,1,20:15169,20:1338,11,22,11,"20:1338,20:1813,20:6289,20:8754,20:8775,20:9135,20:9149,20:12652,20:12704,20:13622,20:14991"
lo_swap1_critical12_p10_p22_drop_rank002_rank020_drop_f4339_add_f1813_drop_f1338,prompt_delta_top33,swap1_critical11_lo_swap1_critical12_p10_p22_drop_rank002_rank020_drop_f4339_add_f1813_drop_f1338_drop_f15169_add_f321,1,1,20:15169,20:321,11,22,11,"20:321,20:1813,20:6289,20:8754,20:8775,20:9135,20:9149,20:12652,20:12704,20:13622,20:14991"
lo_swap1_critical12_p10_p22_drop_rank002_rank020_drop_f4339_add_f1813_drop_f1338,prompt_delta_top33,swap1_critical11_lo_swap1_critical12_p10_p22_drop_rank002_rank020_drop_f4339_add_f1813_drop_f1338_drop_f15169_add_f12313,1,1,20:15169,20:12313,11,22,11,"20:1813,20:6289,20:8754,20:8775,20:9135,20:9149,20:12313,20:12652,20:12704,20:13622,20:14991"
lo_swap1_critical12_p10_p22_drop_rank002_rank020_drop_f4339_add_f1813_drop_f1338,prompt_delta_top33,swap1_critical11_lo_swap1_critical12_p10_p22_drop_rank002_rank020_drop_f4339_add_f1813_drop_f1338_drop_f15169_add_f1100,1,1,20:15169,20:1100,11,22,11,"20:1100,20:1813,20:6289,20:8754,20:8775,20:9135,20:9149,20:12652,20:12704,20:13622,20:14991"
lo_swap1_critical12_p10_p22_drop_rank002_rank020_drop_f4339_add_f1813_drop_f8775,prompt_delta_top33,swap1_critical11_lo_swap1_critical12_p10_p22_drop_rank002_rank020_drop_f4339_add_f1813_drop_f8775_drop_f1338_add_f8775,1,1,20:1338,20:8775,11,22,11,"20:1813,20:6289,20:8754,20:8775,20:9135,20:9149,20:12652,20:12704,20:13622,20:14991,20:15169"
lo_swap1_critical12_p10_p22_drop_rank002_rank020_drop_f4339_add_f1813_drop_f8775,prompt_delta_top33,swap1_critical11_lo_swap1_critical12_p10_p22_drop_rank002_rank020_drop_f4339_add_f1813_drop_f8775_drop_f1813_add_f12963,1,1,20:1813,20:12963,11,22,11,"20:1338,20:6289,20:8754,20:9135,20:9149,20:12652,20:12704,20:12963,20:13622,20:14991,20:15169"
lo_swap1_critical12_p10_p22_drop_rank002_rank020_drop_f4339_add_f1813_drop_f8775,prompt_delta_top33,swap1_critical11_lo_swap1_critical12_p10_p22_drop_rank002_rank020_drop_f4339_add_f1813_drop_f8775_drop_f1813_add_f13060,1,1,20:1813,20:13060,11,22,11,"20:1338,20:6289,20:8754,20:9135,20:9149,20:12652,20:12704,20:13060,20:13622,20:14991,20:15169"
lo_swap1_critical12_p10_p22_drop_rank002_rank020_drop_f4339_add_f1813_drop_f8775,prompt_delta_top33,swap1_critical11_lo_swap1_critical12_p10_p22_drop_rank002_rank020_drop_f4339_add_f1813_drop_f8775_drop_f1813_add_f6169,1,1,20:1813,20:6169,11,22,11,"20:1338,20:6169,20:6289,20:8754,20:9135,20:9149,20:12652,20:12704,20:13622,20:14991,20:15169"
lo_swap1_critical12_p10_p22_drop_rank002_rank020_drop_f4339_add_f1813_drop_f8775,prompt_delta_top33,swap1_critical11_lo_swap1_critical12_p10_p22_drop_rank002_rank020_drop_f4339_add_f1813_drop_f8775_drop_f1813_add_f13882,1,1,20:1813,20:13882,11,22,11,"20:1338,20:6289,20:8754,20:9135,20:9149,20:12652,20:12704,20:13622,20:13882,20:14991,20:15169"
lo_swap1_critical12_p10_p22_drop_rank002_rank020_drop_f4339_add_f1813_drop_f8775,prompt_delta_top33,swap1_critical11_lo_swap1_critical12_p10_p22_drop_rank002_rank020_drop_f4339_add_f1813_drop_f8775_drop_f1813_add_f9407,1,1,20:1813,20:9407,11,22,11,"20:1338,20:6289,20:8754,20:9135,20:9149,20:9407,20:12652,20:12704,20:13622,20:14991,20:15169"
lo_swap1_critical12_p10_p22_drop_rank002_rank020_drop_f4339_add_f1813_drop_f8775,prompt_delta_top33,swap1_critical11_lo_swap1_critical12_p10_p22_drop_rank002_rank020_drop_f4339_add_f1813_drop_f8775_drop_f1813_add_f5355,1,1,20:1813,20:5355,11,22,11,"20:1338,20:5355,20:6289,20:8754,20:9135,20:9149,20:12652,20:12704,20:13622,20:14991,20:15169"
lo_swap1_critical12_p10_p22_drop_rank002_rank020_drop_f4339_add_f1813_drop_f8775,prompt_delta_top33,swap1_critical11_lo_swap1_critical12_p10_p22_drop_rank002_rank020_drop_f4339_add_f1813_drop_f8775_drop_f1813_add_f3850,1,1,20:1813,20:3850,11,22,11,"20:1338,20:3850,20:6289,20:8754,20:9135,20:9149,20:12652,20:12704,20:13622,20:14991,20:15169"
lo_swap1_critical12_p10_p22_drop_rank002_rank020_drop_f4339_add_f1813_drop_f8775,prompt_delta_top33,swap1_critical11_lo_swap1_critical12_p10_p22_drop_rank002_rank020_drop_f4339_add_f1813_drop_f8775_drop_f1813_add_f13854,1,1,20:1813,20:13854,11,22,11,"20:1338,20:6289,20:8754,20:9135,20:9149,20:12652,20:12704,20:13622,20:13854,20:14991,20:15169"
lo_swap1_critical12_p10_p22_drop_rank002_rank020_drop_f4339_add_f1813_drop_f8775,prompt_delta_top33,swap1_critical11_lo_swap1_critical12_p10_p22_drop_rank002_rank020_drop_f4339_add_f1813_drop_f8775_drop_f1813_add_f7965,1,1,20:1813,20:7965,11,22,11,"20:1338,20:6289,20:7965,20:8754,20:9135,20:9149,20:12652,20:12704,20:13622,20:14991,20:15169"
lo_swap1_critical12_p10_p22_drop_rank002_rank020_drop_f4339_add_f1813_drop_f8775,prompt_delta_top33,swap1_critical11_lo_swap1_critical12_p10_p22_drop_rank002_rank020_drop_f4339_add_f1813_drop_f8775_drop_f1813_add_f11414,1,1,20:1813,20:11414,11,22,11,"20:1338,20:6289,20:8754,20:9135,20:9149,20:11414,20:12652,20:12704,20:13622,20:14991,20:15169"
lo_swap1_critical12_p10_p22_drop_rank002_rank020_drop_f4339_add_f1813_drop_f8775,prompt_delta_top33,swap1_critical11_lo_swap1_critical12_p10_p22_drop_rank002_rank020_drop_f4339_add_f1813_drop_f8775_drop_f1813_add_f4339,1,1,20:1813,20:4339,11,22,11,"20:1338,20:4339,20:6289,20:8754,20:9135,20:9149,20:12652,20:12704,20:13622,20:14991,20:15169"
lo_swap1_critical12_p10_p22_drop_rank002_rank020_drop_f4339_add_f1813_drop_f8775,prompt_delta_top33,swap1_critical11_lo_swap1_critical12_p10_p22_drop_rank002_rank020_drop_f4339_add_f1813_drop_f8775_drop_f1813_add_f12002,1,1,20:1813,20:12002,11,22,11,"20:1338,20:6289,20:8754,20:9135,20:9149,20:12002,20:12652,20:12704,20:13622,20:14991,20:15169"
lo_swap1_critical12_p10_p22_drop_rank002_rank020_drop_f4339_add_f1813_drop_f8775,prompt_delta_top33,swap1_critical11_lo_swap1_critical12_p10_p22_drop_rank002_rank020_drop_f4339_add_f1813_drop_f8775_drop_f1813_add_f9001,1,1,20:1813,20:9001,11,22,11,"20:1338,20:6289,20:8754,20:9001,20:9135,20:9149,20:12652,20:12704,20:13622,20:14991,20:15169"
lo_swap1_critical12_p10_p22_drop_rank002_rank020_drop_f4339_add_f1813_drop_f8775,prompt_delta_top33,swap1_critical11_lo_swap1_critical12_p10_p22_drop_rank002_rank020_drop_f4339_add_f1813_drop_f8775_drop_f1813_add_f9024,1,1,20:1813,20:9024,11,22,11,"20:1338,20:6289,20:8754,20:9024,20:9135,20:9149,20:12652,20:12704,20:13622,20:14991,20:15169"
lo_swap1_critical12_p10_p22_drop_rank002_rank020_drop_f4339_add_f1813_drop_f8775,prompt_delta_top33,swap1_critical11_lo_swap1_critical12_p10_p22_drop_rank002_rank020_drop_f4339_add_f1813_drop_f8775_drop_f1813_add_f4326,1,1,20:1813,20:4326,11,22,11,"20:1338,20:4326,20:6289,20:8754,20:9135,20:9149,20:12652,20:12704,20:13622,20:14991,20:15169"
lo_swap1_critical12_p10_p22_drop_rank002_rank020_drop_f4339_add_f1813_drop_f8775,prompt_delta_top33,swap1_critical11_lo_swap1_critical12_p10_p22_drop_rank002_rank020_drop_f4339_add_f1813_drop_f8775_drop_f1813_add_f11545,1,1,20:1813,20:11545,11,22,11,"20:1338,20:6289,20:8754,20:9135,20:9149,20:11545,20:12652,20:12704,20:13622,20:14991,20:15169"
lo_swap1_critical12_p10_p22_drop_rank002_rank020_drop_f4339_add_f1813_drop_f8775,prompt_delta_top33,swap1_critical11_lo_swap1_critical12_p10_p22_drop_rank002_rank020_drop_f4339_add_f1813_drop_f8775_drop_f1813_add_f7531,1,1,20:1813,20:7531,11,22,11,"20:1338,20:6289,20:7531,20:8754,20:9135,20:9149,20:12652,20:12704,20:13622,20:14991,20:15169"
lo_swap1_critical12_p10_p22_drop_rank002_rank020_drop_f4339_add_f1813_drop_f8775,prompt_delta_top33,swap1_critical11_lo_swap1_critical12_p10_p22_drop_rank002_rank020_drop_f4339_add_f1813_drop_f8775_drop_f1813_add_f5990,1,1,20:1813,20:5990,11,22,11,"20:1338,20:5990,20:6289,20:8754,20:9135,20:9149,20:12652,20:12704,20:13622,20:14991,20:15169"
lo_swap1_critical12_p10_p22_drop_rank002_rank020_drop_f4339_add_f1813_drop_f8775,prompt_delta_top33,swap1_critical11_lo_swap1_critical12_p10_p22_drop_rank002_rank020_drop_f4339_add_f1813_drop_f8775_drop_f1813_add_f321,1,1,20:1813,20:321,11,22,11,"20:321,20:1338,20:6289,20:8754,20:9135,20:9149,20:12652,20:12704,20:13622,20:14991,20:15169"
lo_swap1_critical12_p10_p22_drop_rank002_rank020_drop_f4339_add_f1813_drop_f8775,prompt_delta_top33,swap1_critical11_lo_swap1_critical12_p10_p22_drop_rank002_rank020_drop_f4339_add_f1813_drop_f8775_drop_f1813_add_f12313,1,1,20:1813,20:12313,11,22,11,"20:1338,20:6289,20:8754,20:9135,20:9149,20:12313,20:12652,20:12704,20:13622,20:14991,20:15169"
lo_swap1_critical12_p10_p22_drop_rank002_rank020_drop_f4339_add_f1813_drop_f8775,prompt_delta_top33,swap1_critical11_lo_swap1_critical12_p10_p22_drop_rank002_rank020_drop_f4339_add_f1813_drop_f8775_drop_f1813_add_f1100,1,1,20:1813,20:1100,11,22,11,"20:1100,20:1338,20:6289,20:8754,20:9135,20:9149,20:12652,20:12704,20:13622,20:14991,20:15169"
lo_swap1_critical12_p10_p22_drop_rank002_rank020_drop_f4339_add_f1813_drop_f8775,prompt_delta_top33,swap1_critical11_lo_swap1_critical12_p10_p22_drop_rank002_rank020_drop_f4339_add_f1813_drop_f8775_drop_f6289_add_f12963,1,1,20:6289,20:12963,11,22,11,"20:1338,20:1813,20:8754,20:9135,20:9149,20:12652,20:12704,20:12963,20:13622,20:14991,20:15169"
lo_swap1_critical12_p10_p22_drop_rank002_rank020_drop_f4339_add_f1813_drop_f8775,prompt_delta_top33,swap1_critical11_lo_swap1_critical12_p10_p22_drop_rank002_rank020_drop_f4339_add_f1813_drop_f8775_drop_f6289_add_f13060,1,1,20:6289,20:13060,11,22,11,"20:1338,20:1813,20:8754,20:9135,20:9149,20:12652,20:12704,20:13060,20:13622,20:14991,20:15169"
lo_swap1_critical12_p10_p22_drop_rank002_rank020_drop_f4339_add_f1813_drop_f8775,prompt_delta_top33,swap1_critical11_lo_swap1_critical12_p10_p22_drop_rank002_rank020_drop_f4339_add_f1813_drop_f8775_drop_f6289_add_f6169,1,1,20:6289,20:6169,11,22,11,"20:1338,20:1813,20:6169,20:8754,20:9135,20:9149,20:12652,20:12704,20:13622,20:14991,20:15169"
lo_swap1_critical12_p10_p22_drop_rank002_rank020_drop_f4339_add_f1813_drop_f8775,prompt_delta_top33,swap1_critical11_lo_swap1_critical12_p10_p22_drop_rank002_rank020_drop_f4339_add_f1813_drop_f8775_drop_f6289_add_f13882,1,1,20:6289,20:13882,11,22,11,"20:1338,20:1813,20:8754,20:9135,20:9149,20:12652,20:12704,20:13622,20:13882,20:14991,20:15169"
lo_swap1_critical12_p10_p22_drop_rank002_rank020_drop_f4339_add_f1813_drop_f8775,prompt_delta_top33,swap1_critical11_lo_swap1_critical12_p10_p22_drop_rank002_rank020_drop_f4339_add_f1813_drop_f8775_drop_f6289_add_f9407,1,1,20:6289,20:9407,11,22,11,"20:1338,20:1813,20:8754,20:9135,20:9149,20:9407,20:12652,20:12704,20:13622,20:14991,20:15169"
lo_swap1_critical12_p10_p22_drop_rank002_rank020_drop_f4339_add_f1813_drop_f8775,prompt_delta_top33,swap1_critical11_lo_swap1_critical12_p10_p22_drop_rank002_rank020_drop_f4339_add_f1813_drop_f8775_drop_f6289_add_f5355,1,1,20:6289,20:5355,11,22,11,"20:1338,20:1813,20:5355,20:8754,20:9135,20:9149,20:12652,20:12704,20:13622,20:14991,20:15169"
lo_swap1_critical12_p10_p22_drop_rank002_rank020_drop_f4339_add_f1813_drop_f8775,prompt_delta_top33,swap1_critical11_lo_swap1_critical12_p10_p22_drop_rank002_rank020_drop_f4339_add_f1813_drop_f8775_drop_f6289_add_f3850,1,1,20:6289,20:3850,11,22,11,"20:1338,20:1813,20:3850,20:8754,20:9135,20:9149,20:12652,20:12704,20:13622,20:14991,20:15169"
lo_swap1_critical12_p10_p22_drop_rank002_rank020_drop_f4339_add_f1813_drop_f8775,prompt_delta_top33,swap1_critical11_lo_swap1_critical12_p10_p22_drop_rank002_rank020_drop_f4339_add_f1813_drop_f8775_drop_f6289_add_f13854,1,1,20:6289,20:13854,11,22,11,"20:1338,20:1813,20:8754,20:9135,20:9149,20:12652,20:12704,20:13622,20:13854,20:14991,20:15169"
lo_swap1_critical12_p10_p22_drop_rank002_rank020_drop_f4339_add_f1813_drop_f8775,prompt_delta_top33,swap1_critical11_lo_swap1_critical12_p10_p22_drop_rank002_rank020_drop_f4339_add_f1813_drop_f8775_drop_f6289_add_f7965,1,1,20:6289,20:7965,11,22,11,"20:1338,20:1813,20:7965,20:8754,20:9135,20:9149,20:12652,20:12704,20:13622,20:14991,20:15169"
lo_swap1_critical12_p10_p22_drop_rank002_rank020_drop_f4339_add_f1813_drop_f8775,prompt_delta_top33,swap1_critical11_lo_swap1_critical12_p10_p22_drop_rank002_rank020_drop_f4339_add_f1813_drop_f8775_drop_f6289_add_f11414,1,1,20:6289,20:11414,11,22,11,"20:1338,20:1813,20:8754,20:9135,20:9149,20:11414,20:12652,20:12704,20:13622,20:14991,20:15169"
lo_swap1_critical12_p10_p22_drop_rank002_rank020_drop_f4339_add_f1813_drop_f8775,prompt_delta_top33,swap1_critical11_lo_swap1_critical12_p10_p22_drop_rank002_rank020_drop_f4339_add_f1813_drop_f8775_drop_f6289_add_f4339,1,1,20:6289,20:4339,11,22,11,"20:1338,20:1813,20:4339,20:8754,20:9135,20:9149,20:12652,20:12704,20:13622,20:14991,20:15169"
lo_swap1_critical12_p10_p22_drop_rank002_rank020_drop_f4339_add_f1813_drop_f8775,prompt_delta_top33,swap1_critical11_lo_swap1_critical12_p10_p22_drop_rank002_rank020_drop_f4339_add_f1813_drop_f8775_drop_f6289_add_f12002,1,1,20:6289,20:12002,11,22,11,"20:1338,20:1813,20:8754,20:9135,20:9149,20:12002,20:12652,20:12704,20:13622,20:14991,20:15169"
lo_swap1_critical12_p10_p22_drop_rank002_rank020_drop_f4339_add_f1813_drop_f8775,prompt_delta_top33,swap1_critical11_lo_swap1_critical12_p10_p22_drop_rank002_rank020_drop_f4339_add_f1813_drop_f8775_drop_f6289_add_f9001,1,1,20:6289,20:9001,11,22,11,"20:1338,20:1813,20:8754,20:9001,20:9135,20:9149,20:12652,20:12704,20:13622,20:14991,20:15169"
lo_swap1_critical12_p10_p22_drop_rank002_rank020_drop_f4339_add_f1813_drop_f8775,prompt_delta_top33,swap1_critical11_lo_swap1_critical12_p10_p22_drop_rank002_rank020_drop_f4339_add_f1813_drop_f8775_drop_f6289_add_f9024,1,1,20:6289,20:9024,11,22,11,"20:1338,20:1813,20:8754,20:9024,20:9135,20:9149,20:12652,20:12704,20:13622,20:14991,20:15169"
lo_swap1_critical12_p10_p22_drop_rank002_rank020_drop_f4339_add_f1813_drop_f8775,prompt_delta_top33,swap1_critical11_lo_swap1_critical12_p10_p22_drop_rank002_rank020_drop_f4339_add_f1813_drop_f8775_drop_f6289_add_f4326,1,1,20:6289,20:4326,11,22,11,"20:1338,20:1813,20:4326,20:8754,20:9135,20:9149,20:12652,20:12704,20:13622,20:14991,20:15169"
lo_swap1_critical12_p10_p22_drop_rank002_rank020_drop_f4339_add_f1813_drop_f8775,prompt_delta_top33,swap1_critical11_lo_swap1_critical12_p10_p22_drop_rank002_rank020_drop_f4339_add_f1813_drop_f8775_drop_f6289_add_f11545,1,1,20:6289,20:11545,11,22,11,"20:1338,20:1813,20:8754,20:9135,20:9149,20:11545,20:12652,20:12704,20:13622,20:14991,20:15169"
lo_swap1_critical12_p10_p22_drop_rank002_rank020_drop_f4339_add_f1813_drop_f8775,prompt_delta_top33,swap1_critical11_lo_swap1_critical12_p10_p22_drop_rank002_rank020_drop_f4339_add_f1813_drop_f8775_drop_f6289_add_f7531,1,1,20:6289,20:7531,11,22,11,"20:1338,20:1813,20:7531,20:8754,20:9135,20:9149,20:12652,20:12704,20:13622,20:14991,20:15169"
lo_swap1_critical12_p10_p22_drop_rank002_rank020_drop_f4339_add_f1813_drop_f8775,prompt_delta_top33,swap1_critical11_lo_swap1_critical12_p10_p22_drop_rank002_rank020_drop_f4339_add_f1813_drop_f8775_drop_f6289_add_f5990,1,1,20:6289,20:5990,11,22,11,"20:1338,20:1813,20:5990,20:8754,20:9135,20:9149,20:12652,20:12704,20:13622,20:14991,20:15169"
lo_swap1_critical12_p10_p22_drop_rank002_rank020_drop_f4339_add_f1813_drop_f8775,prompt_delta_top33,swap1_critical11_lo_swap1_critical12_p10_p22_drop_rank002_rank020_drop_f4339_add_f1813_drop_f8775_drop_f6289_add_f321,1,1,20:6289,20:321,11,22,11,"20:321,20:1338,20:1813,20:8754,20:9135,20:9149,20:12652,20:12704,20:13622,20:14991,20:15169"
lo_swap1_critical12_p10_p22_drop_rank002_rank020_drop_f4339_add_f1813_drop_f8775,prompt_delta_top33,swap1_critical11_lo_swap1_critical12_p10_p22_drop_rank002_rank020_drop_f4339_add_f1813_drop_f8775_drop_f6289_add_f12313,1,1,20:6289,20:12313,11,22,11,"20:1338,20:1813,20:8754,20:9135,20:9149,20:12313,20:12652,20:12704,20:13622,20:14991,20:15169"
lo_swap1_critical12_p10_p22_drop_rank002_rank020_drop_f4339_add_f1813_drop_f8775,prompt_delta_top33,swap1_critical11_lo_swap1_critical12_p10_p22_drop_rank002_rank020_drop_f4339_add_f1813_drop_f8775_drop_f6289_add_f1100,1,1,20:6289,20:1100,11,22,11,"20:1100,20:1338,20:1813,20:8754,20:9135,20:9149,20:12652,20:12704,20:13622,20:14991,20:15169"
lo_swap1_critical12_p10_p22_drop_rank002_rank020_drop_f4339_add_f1813_drop_f8775,prompt_delta_top33,swap1_critical11_lo_swap1_critical12_p10_p22_drop_rank002_rank020_drop_f4339_add_f1813_drop_f8775_drop_f8754_add_f12963,1,1,20:8754,20:12963,11,22,11,"20:1338,20:1813,20:6289,20:9135,20:9149,20:12652,20:12704,20:12963,20:13622,20:14991,20:15169"
lo_swap1_critical12_p10_p22_drop_rank002_rank020_drop_f4339_add_f1813_drop_f8775,prompt_delta_top33,swap1_critical11_lo_swap1_critical12_p10_p22_drop_rank002_rank020_drop_f4339_add_f1813_drop_f8775_drop_f8754_add_f13060,1,1,20:8754,20:13060,11,22,11,"20:1338,20:1813,20:6289,20:9135,20:9149,20:12652,20:12704,20:13060,20:13622,20:14991,20:15169"
lo_swap1_critical12_p10_p22_drop_rank002_rank020_drop_f4339_add_f1813_drop_f8775,prompt_delta_top33,swap1_critical11_lo_swap1_critical12_p10_p22_drop_rank002_rank020_drop_f4339_add_f1813_drop_f8775_drop_f8754_add_f6169,1,1,20:8754,20:6169,11,22,11,"20:1338,20:1813,20:6169,20:6289,20:9135,20:9149,20:12652,20:12704,20:13622,20:14991,20:15169"
lo_swap1_critical12_p10_p22_drop_rank002_rank020_drop_f4339_add_f1813_drop_f8775,prompt_delta_top33,swap1_critical11_lo_swap1_critical12_p10_p22_drop_rank002_rank020_drop_f4339_add_f1813_drop_f8775_drop_f8754_add_f13882,1,1,20:8754,20:13882,11,22,11,"20:1338,20:1813,20:6289,20:9135,20:9149,20:12652,20:12704,20:13622,20:13882,20:14991,20:15169"
lo_swap1_critical12_p10_p22_drop_rank002_rank020_drop_f4339_add_f1813_drop_f8775,prompt_delta_top33,swap1_critical11_lo_swap1_critical12_p10_p22_drop_rank002_rank020_drop_f4339_add_f1813_drop_f8775_drop_f8754_add_f9407,1,1,20:8754,20:9407,11,22,11,"20:1338,20:1813,20:6289,20:9135,20:9149,20:9407,20:12652,20:12704,20:13622,20:14991,20:15169"
lo_swap1_critical12_p10_p22_drop_rank002_rank020_drop_f4339_add_f1813_drop_f8775,prompt_delta_top33,swap1_critical11_lo_swap1_critical12_p10_p22_drop_rank002_rank020_drop_f4339_add_f1813_drop_f8775_drop_f8754_add_f5355,1,1,20:8754,20:5355,11,22,11,"20:1338,20:1813,20:5355,20:6289,20:9135,20:9149,20:12652,20:12704,20:13622,20:14991,20:15169"
lo_swap1_critical12_p10_p22_drop_rank002_rank020_drop_f4339_add_f1813_drop_f8775,prompt_delta_top33,swap1_critical11_lo_swap1_critical12_p10_p22_drop_rank002_rank020_drop_f4339_add_f1813_drop_f8775_drop_f8754_add_f3850,1,1,20:8754,20:3850,11,22,11,"20:1338,20:1813,20:3850,20:6289,20:9135,20:9149,20:12652,20:12704,20:13622,20:14991,20:15169"
lo_swap1_critical12_p10_p22_drop_rank002_rank020_drop_f4339_add_f1813_drop_f8775,prompt_delta_top33,swap1_critical11_lo_swap1_critical12_p10_p22_drop_rank002_rank020_drop_f4339_add_f1813_drop_f8775_drop_f8754_add_f13854,1,1,20:8754,20:13854,11,22,11,"20:1338,20:1813,20:6289,20:9135,20:9149,20:12652,20:12704,20:13622,20:13854,20:14991,20:15169"
lo_swap1_critical12_p10_p22_drop_rank002_rank020_drop_f4339_add_f1813_drop_f8775,prompt_delta_top33,swap1_critical11_lo_swap1_critical12_p10_p22_drop_rank002_rank020_drop_f4339_add_f1813_drop_f8775_drop_f8754_add_f7965,1,1,20:8754,20:7965,11,22,11,"20:1338,20:1813,20:6289,20:7965,20:9135,20:9149,20:12652,20:12704,20:13622,20:14991,20:15169"
lo_swap1_critical12_p10_p22_drop_rank002_rank020_drop_f4339_add_f1813_drop_f8775,prompt_delta_top33,swap1_critical11_lo_swap1_critical12_p10_p22_drop_rank002_rank020_drop_f4339_add_f1813_drop_f8775_drop_f8754_add_f11414,1,1,20:8754,20:11414,11,22,11,"20:1338,20:1813,20:6289,20:9135,20:9149,20:11414,20:12652,20:12704,20:13622,20:14991,20:15169"
lo_swap1_critical12_p10_p22_drop_rank002_rank020_drop_f4339_add_f1813_drop_f8775,prompt_delta_top33,swap1_critical11_lo_swap1_critical12_p10_p22_drop_rank002_rank020_drop_f4339_add_f1813_drop_f8775_drop_f8754_add_f4339,1,1,20:8754,20:4339,11,22,11,"20:1338,20:1813,20:4339,20:6289,20:9135,20:9149,20:12652,20:12704,20:13622,20:14991,20:15169"
lo_swap1_critical12_p10_p22_drop_rank002_rank020_drop_f4339_add_f1813_drop_f8775,prompt_delta_top33,swap1_critical11_lo_swap1_critical12_p10_p22_drop_rank002_rank020_drop_f4339_add_f1813_drop_f8775_drop_f8754_add_f12002,1,1,20:8754,20:12002,11,22,11,"20:1338,20:1813,20:6289,20:9135,20:9149,20:12002,20:12652,20:12704,20:13622,20:14991,20:15169"
lo_swap1_critical12_p10_p22_drop_rank002_rank020_drop_f4339_add_f1813_drop_f8775,prompt_delta_top33,swap1_critical11_lo_swap1_critical12_p10_p22_drop_rank002_rank020_drop_f4339_add_f1813_drop_f8775_drop_f8754_add_f9001,1,1,20:8754,20:9001,11,22,11,"20:1338,20:1813,20:6289,20:9001,20:9135,20:9149,20:12652,20:12704,20:13622,20:14991,20:15169"
lo_swap1_critical12_p10_p22_drop_rank002_rank020_drop_f4339_add_f1813_drop_f8775,prompt_delta_top33,swap1_critical11_lo_swap1_critical12_p10_p22_drop_rank002_rank020_drop_f4339_add_f1813_drop_f8775_drop_f8754_add_f9024,1,1,20:8754,20:9024,11,22,11,"20:1338,20:1813,20:6289,20:9024,20:9135,20:9149,20:12652,20:12704,20:13622,20:14991,20:15169"
lo_swap1_critical12_p10_p22_drop_rank002_rank020_drop_f4339_add_f1813_drop_f8775,prompt_delta_top33,swap1_critical11_lo_swap1_critical12_p10_p22_drop_rank002_rank020_drop_f4339_add_f1813_drop_f8775_drop_f8754_add_f4326,1,1,20:8754,20:4326,11,22,11,"20:1338,20:1813,20:4326,20:6289,20:9135,20:9149,20:12652,20:12704,20:13622,20:14991,20:15169"
lo_swap1_critical12_p10_p22_drop_rank002_rank020_drop_f4339_add_f1813_drop_f8775,prompt_delta_top33,swap1_critical11_lo_swap1_critical12_p10_p22_drop_rank002_rank020_drop_f4339_add_f1813_drop_f8775_drop_f8754_add_f11545,1,1,20:8754,20:11545,11,22,11,"20:1338,20:1813,20:6289,20:9135,20:9149,20:11545,20:12652,20:12704,20:13622,20:14991,20:15169"
lo_swap1_critical12_p10_p22_drop_rank002_rank020_drop_f4339_add_f1813_drop_f8775,prompt_delta_top33,swap1_critical11_lo_swap1_critical12_p10_p22_drop_rank002_rank020_drop_f4339_add_f1813_drop_f8775_drop_f8754_add_f7531,1,1,20:8754,20:7531,11,22,11,"20:1338,20:1813,20:6289,20:7531,20:9135,20:9149,20:12652,20:12704,20:13622,20:14991,20:15169"
lo_swap1_critical12_p10_p22_drop_rank002_rank020_drop_f4339_add_f1813_drop_f8775,prompt_delta_top33,swap1_critical11_lo_swap1_critical12_p10_p22_drop_rank002_rank020_drop_f4339_add_f1813_drop_f8775_drop_f8754_add_f5990,1,1,20:8754,20:5990,11,22,11,"20:1338,20:1813,20:5990,20:6289,20:9135,20:9149,20:12652,20:12704,20:13622,20:14991,20:15169"
lo_swap1_critical12_p10_p22_drop_rank002_rank020_drop_f4339_add_f1813_drop_f8775,prompt_delta_top33,swap1_critical11_lo_swap1_critical12_p10_p22_drop_rank002_rank020_drop_f4339_add_f1813_drop_f8775_drop_f8754_add_f321,1,1,20:8754,20:321,11,22,11,"20:321,20:1338,20:1813,20:6289,20:9135,20:9149,20:12652,20:12704,20:13622,20:14991,20:15169"
lo_swap1_critical12_p10_p22_drop_rank002_rank020_drop_f4339_add_f1813_drop_f8775,prompt_delta_top33,swap1_critical11_lo_swap1_critical12_p10_p22_drop_rank002_rank020_drop_f4339_add_f1813_drop_f8775_drop_f8754_add_f12313,1,1,20:8754,20:12313,11,22,11,"20:1338,20:1813,20:6289,20:9135,20:9149,20:12313,20:12652,20:12704,20:13622,20:14991,20:15169"
lo_swap1_critical12_p10_p22_drop_rank002_rank020_drop_f4339_add_f1813_drop_f8775,prompt_delta_top33,swap1_critical11_lo_swap1_critical12_p10_p22_drop_rank002_rank020_drop_f4339_add_f1813_drop_f8775_drop_f8754_add_f1100,1,1,20:8754,20:1100,11,22,11,"20:1100,20:1338,20:1813,20:6289,20:9135,20:9149,20:12652,20:12704,20:13622,20:14991,20:15169"
lo_swap1_critical12_p10_p22_drop_rank002_rank020_drop_f4339_add_f1813_drop_f8775,prompt_delta_top33,swap1_critical11_lo_swap1_critical12_p10_p22_drop_rank002_rank020_drop_f4339_add_f1813_drop_f8775_drop_f9135_add_f12963,1,1,20:9135,20:12963,11,22,11,"20:1338,20:1813,20:6289,20:8754,20:9149,20:12652,20:12704,20:12963,20:13622,20:14991,20:15169"
lo_swap1_critical12_p10_p22_drop_rank002_rank020_drop_f4339_add_f1813_drop_f8775,prompt_delta_top33,swap1_critical11_lo_swap1_critical12_p10_p22_drop_rank002_rank020_drop_f4339_add_f1813_drop_f8775_drop_f9135_add_f13060,1,1,20:9135,20:13060,11,22,11,"20:1338,20:1813,20:6289,20:8754,20:9149,20:12652,20:12704,20:13060,20:13622,20:14991,20:15169"
lo_swap1_critical12_p10_p22_drop_rank002_rank020_drop_f4339_add_f1813_drop_f8775,prompt_delta_top33,swap1_critical11_lo_swap1_critical12_p10_p22_drop_rank002_rank020_drop_f4339_add_f1813_drop_f8775_drop_f9135_add_f6169,1,1,20:9135,20:6169,11,22,11,"20:1338,20:1813,20:6169,20:6289,20:8754,20:9149,20:12652,20:12704,20:13622,20:14991,20:15169"
lo_swap1_critical12_p10_p22_drop_rank002_rank020_drop_f4339_add_f1813_drop_f8775,prompt_delta_top33,swap1_critical11_lo_swap1_critical12_p10_p22_drop_rank002_rank020_drop_f4339_add_f1813_drop_f8775_drop_f9135_add_f13882,1,1,20:9135,20:13882,11,22,11,"20:1338,20:1813,20:6289,20:8754,20:9149,20:12652,20:12704,20:13622,20:13882,20:14991,20:15169"
lo_swap1_critical12_p10_p22_drop_rank002_rank020_drop_f4339_add_f1813_drop_f8775,prompt_delta_top33,swap1_critical11_lo_swap1_critical12_p10_p22_drop_rank002_rank020_drop_f4339_add_f1813_drop_f8775_drop_f9135_add_f9407,1,1,20:9135,20:9407,11,22,11,"20:1338,20:1813,20:6289,20:8754,20:9149,20:9407,20:12652,20:12704,20:13622,20:14991,20:15169"
lo_swap1_critical12_p10_p22_drop_rank002_rank020_drop_f4339_add_f1813_drop_f8775,prompt_delta_top33,swap1_critical11_lo_swap1_critical12_p10_p22_drop_rank002_rank020_drop_f4339_add_f1813_drop_f8775_drop_f9135_add_f5355,1,1,20:9135,20:5355,11,22,11,"20:1338,20:1813,20:5355,20:6289,20:8754,20:9149,20:12652,20:12704,20:13622,20:14991,20:15169"
lo_swap1_critical12_p10_p22_drop_rank002_rank020_drop_f4339_add_f1813_drop_f8775,prompt_delta_top33,swap1_critical11_lo_swap1_critical12_p10_p22_drop_rank002_rank020_drop_f4339_add_f1813_drop_f8775_drop_f9135_add_f3850,1,1,20:9135,20:3850,11,22,11,"20:1338,20:1813,20:3850,20:6289,20:8754,20:9149,20:12652,20:12704,20:13622,20:14991,20:15169"
lo_swap1_critical12_p10_p22_drop_rank002_rank020_drop_f4339_add_f1813_drop_f8775,prompt_delta_top33,swap1_critical11_lo_swap1_critical12_p10_p22_drop_rank002_rank020_drop_f4339_add_f1813_drop_f8775_drop_f9135_add_f13854,1,1,20:9135,20:13854,11,22,11,"20:1338,20:1813,20:6289,20:8754,20:9149,20:12652,20:12704,20:13622,20:13854,20:14991,20:15169"
lo_swap1_critical12_p10_p22_drop_rank002_rank020_drop_f4339_add_f1813_drop_f8775,prompt_delta_top33,swap1_critical11_lo_swap1_critical12_p10_p22_drop_rank002_rank020_drop_f4339_add_f1813_drop_f8775_drop_f9135_add_f7965,1,1,20:9135,20:7965,11,22,11,"20:1338,20:1813,20:6289,20:7965,20:8754,20:9149,20:12652,20:12704,20:13622,20:14991,20:15169"
lo_swap1_critical12_p10_p22_drop_rank002_rank020_drop_f4339_add_f1813_drop_f8775,prompt_delta_top33,swap1_critical11_lo_swap1_critical12_p10_p22_drop_rank002_rank020_drop_f4339_add_f1813_drop_f8775_drop_f9135_add_f11414,1,1,20:9135,20:11414,11,22,11,"20:1338,20:1813,20:6289,20:8754,20:9149,20:11414,20:12652,20:12704,20:13622,20:14991,20:15169"
lo_swap1_critical12_p10_p22_drop_rank002_rank020_drop_f4339_add_f1813_drop_f8775,prompt_delta_top33,swap1_critical11_lo_swap1_critical12_p10_p22_drop_rank002_rank020_drop_f4339_add_f1813_drop_f8775_drop_f9135_add_f4339,1,1,20:9135,20:4339,11,22,11,"20:1338,20:1813,20:4339,20:6289,20:8754,20:9149,20:12652,20:12704,20:13622,20:14991,20:15169"
lo_swap1_critical12_p10_p22_drop_rank002_rank020_drop_f4339_add_f1813_drop_f8775,prompt_delta_top33,swap1_critical11_lo_swap1_critical12_p10_p22_drop_rank002_rank020_drop_f4339_add_f1813_drop_f8775_drop_f9135_add_f12002,1,1,20:9135,20:12002,11,22,11,"20:1338,20:1813,20:6289,20:8754,20:9149,20:12002,20:12652,20:12704,20:13622,20:14991,20:15169"
lo_swap1_critical12_p10_p22_drop_rank002_rank020_drop_f4339_add_f1813_drop_f8775,prompt_delta_top33,swap1_critical11_lo_swap1_critical12_p10_p22_drop_rank002_rank020_drop_f4339_add_f1813_drop_f8775_drop_f9135_add_f9001,1,1,20:9135,20:9001,11,22,11,"20:1338,20:1813,20:6289,20:8754,20:9001,20:9149,20:12652,20:12704,20:13622,20:14991,20:15169"
lo_swap1_critical12_p10_p22_drop_rank002_rank020_drop_f4339_add_f1813_drop_f8775,prompt_delta_top33,swap1_critical11_lo_swap1_critical12_p10_p22_drop_rank002_rank020_drop_f4339_add_f1813_drop_f8775_drop_f9135_add_f9024,1,1,20:9135,20:9024,11,22,11,"20:1338,20:1813,20:6289,20:8754,20:9024,20:9149,20:12652,20:12704,20:13622,20:14991,20:15169"
lo_swap1_critical12_p10_p22_drop_rank002_rank020_drop_f4339_add_f1813_drop_f8775,prompt_delta_top33,swap1_critical11_lo_swap1_critical12_p10_p22_drop_rank002_rank020_drop_f4339_add_f1813_drop_f8775_drop_f9135_add_f4326,1,1,20:9135,20:4326,11,22,11,"20:1338,20:1813,20:4326,20:6289,20:8754,20:9149,20:12652,20:12704,20:13622,20:14991,20:15169"
lo_swap1_critical12_p10_p22_drop_rank002_rank020_drop_f4339_add_f1813_drop_f8775,prompt_delta_top33,swap1_critical11_lo_swap1_critical12_p10_p22_drop_rank002_rank020_drop_f4339_add_f1813_drop_f8775_drop_f9135_add_f11545,1,1,20:9135,20:11545,11,22,11,"20:1338,20:1813,20:6289,20:8754,20:9149,20:11545,20:12652,20:12704,20:13622,20:14991,20:15169"
lo_swap1_critical12_p10_p22_drop_rank002_rank020_drop_f4339_add_f1813_drop_f8775,prompt_delta_top33,swap1_critical11_lo_swap1_critical12_p10_p22_drop_rank002_rank020_drop_f4339_add_f1813_drop_f8775_drop_f9135_add_f7531,1,1,20:9135,20:7531,11,22,11,"20:1338,20:1813,20:6289,20:7531,20:8754,20:9149,20:12652,20:12704,20:13622,20:14991,20:15169"
lo_swap1_critical12_p10_p22_drop_rank002_rank020_drop_f4339_add_f1813_drop_f8775,prompt_delta_top33,swap1_critical11_lo_swap1_critical12_p10_p22_drop_rank002_rank020_drop_f4339_add_f1813_drop_f8775_drop_f9135_add_f5990,1,1,20:9135,20:5990,11,22,11,"20:1338,20:1813,20:5990,20:6289,20:8754,20:9149,20:12652,20:12704,20:13622,20:14991,20:15169"
lo_swap1_critical12_p10_p22_drop_rank002_rank020_drop_f4339_add_f1813_drop_f8775,prompt_delta_top33,swap1_critical11_lo_swap1_critical12_p10_p22_drop_rank002_rank020_drop_f4339_add_f1813_drop_f8775_drop_f9135_add_f321,1,1,20:9135,20:321,11,22,11,"20:321,20:1338,20:1813,20:6289,20:8754,20:9149,20:12652,20:12704,20:13622,20:14991,20:15169"
lo_swap1_critical12_p10_p22_drop_rank002_rank020_drop_f4339_add_f1813_drop_f8775,prompt_delta_top33,swap1_critical11_lo_swap1_critical12_p10_p22_drop_rank002_rank020_drop_f4339_add_f1813_drop_f8775_drop_f9135_add_f12313,1,1,20:9135,20:12313,11,22,11,"20:1338,20:1813,20:6289,20:8754,20:9149,20:12313,20:12652,20:12704,20:13622,20:14991,20:15169"
lo_swap1_critical12_p10_p22_drop_rank002_rank020_drop_f4339_add_f1813_drop_f8775,prompt_delta_top33,swap1_critical11_lo_swap1_critical12_p10_p22_drop_rank002_rank020_drop_f4339_add_f1813_drop_f8775_drop_f9135_add_f1100,1,1,20:9135,20:1100,11,22,11,"20:1100,20:1338,20:1813,20:6289,20:8754,20:9149,20:12652,20:12704,20:13622,20:14991,20:15169"
lo_swap1_critical12_p10_p22_drop_rank002_rank020_drop_f4339_add_f1813_drop_f8775,prompt_delta_top33,swap1_critical11_lo_swap1_critical12_p10_p22_drop_rank002_rank020_drop_f4339_add_f1813_drop_f8775_drop_f9149_add_f12963,1,1,20:9149,20:12963,11,22,11,"20:1338,20:1813,20:6289,20:8754,20:9135,20:12652,20:12704,20:12963,20:13622,20:14991,20:15169"
lo_swap1_critical12_p10_p22_drop_rank002_rank020_drop_f4339_add_f1813_drop_f8775,prompt_delta_top33,swap1_critical11_lo_swap1_critical12_p10_p22_drop_rank002_rank020_drop_f4339_add_f1813_drop_f8775_drop_f9149_add_f13060,1,1,20:9149,20:13060,11,22,11,"20:1338,20:1813,20:6289,20:8754,20:9135,20:12652,20:12704,20:13060,20:13622,20:14991,20:15169"
lo_swap1_critical12_p10_p22_drop_rank002_rank020_drop_f4339_add_f1813_drop_f8775,prompt_delta_top33,swap1_critical11_lo_swap1_critical12_p10_p22_drop_rank002_rank020_drop_f4339_add_f1813_drop_f8775_drop_f9149_add_f6169,1,1,20:9149,20:6169,11,22,11,"20:1338,20:1813,20:6169,20:6289,20:8754,20:9135,20:12652,20:12704,20:13622,20:14991,20:15169"
lo_swap1_critical12_p10_p22_drop_rank002_rank020_drop_f4339_add_f1813_drop_f8775,prompt_delta_top33,swap1_critical11_lo_swap1_critical12_p10_p22_drop_rank002_rank020_drop_f4339_add_f1813_drop_f8775_drop_f9149_add_f13882,1,1,20:9149,20:13882,11,22,11,"20:1338,20:1813,20:6289,20:8754,20:9135,20:12652,20:12704,20:13622,20:13882,20:14991,20:15169"
lo_swap1_critical12_p10_p22_drop_rank002_rank020_drop_f4339_add_f1813_drop_f8775,prompt_delta_top33,swap1_critical11_lo_swap1_critical12_p10_p22_drop_rank002_rank020_drop_f4339_add_f1813_drop_f8775_drop_f9149_add_f9407,1,1,20:9149,20:9407,11,22,11,"20:1338,20:1813,20:6289,20:8754,20:9135,20:9407,20:12652,20:12704,20:13622,20:14991,20:15169"
lo_swap1_critical12_p10_p22_drop_rank002_rank020_drop_f4339_add_f1813_drop_f8775,prompt_delta_top33,swap1_critical11_lo_swap1_critical12_p10_p22_drop_rank002_rank020_drop_f4339_add_f1813_drop_f8775_drop_f9149_add_f5355,1,1,20:9149,20:5355,11,22,11,"20:1338,20:1813,20:5355,20:6289,20:8754,20:9135,20:12652,20:12704,20:13622,20:14991,20:15169"
lo_swap1_critical12_p10_p22_drop_rank002_rank020_drop_f4339_add_f1813_drop_f8775,prompt_delta_top33,swap1_critical11_lo_swap1_critical12_p10_p22_drop_rank002_rank020_drop_f4339_add_f1813_drop_f8775_drop_f9149_add_f3850,1,1,20:9149,20:3850,11,22,11,"20:1338,20:1813,20:3850,20:6289,20:8754,20:9135,20:12652,20:12704,20:13622,20:14991,20:15169"
lo_swap1_critical12_p10_p22_drop_rank002_rank020_drop_f4339_add_f1813_drop_f8775,prompt_delta_top33,swap1_critical11_lo_swap1_critical12_p10_p22_drop_rank002_rank020_drop_f4339_add_f1813_drop_f8775_drop_f9149_add_f13854,1,1,20:9149,20:13854,11,22,11,"20:1338,20:1813,20:6289,20:8754,20:9135,20:12652,20:12704,20:13622,20:13854,20:14991,20:15169"
lo_swap1_critical12_p10_p22_drop_rank002_rank020_drop_f4339_add_f1813_drop_f8775,prompt_delta_top33,swap1_critical11_lo_swap1_critical12_p10_p22_drop_rank002_rank020_drop_f4339_add_f1813_drop_f8775_drop_f9149_add_f7965,1,1,20:9149,20:7965,11,22,11,"20:1338,20:1813,20:6289,20:7965,20:8754,20:9135,20:12652,20:12704,20:13622,20:14991,20:15169"
lo_swap1_critical12_p10_p22_drop_rank002_rank020_drop_f4339_add_f1813_drop_f8775,prompt_delta_top33,swap1_critical11_lo_swap1_critical12_p10_p22_drop_rank002_rank020_drop_f4339_add_f1813_drop_f8775_drop_f9149_add_f11414,1,1,20:9149,20:11414,11,22,11,"20:1338,20:1813,20:6289,20:8754,20:9135,20:11414,20:12652,20:12704,20:13622,20:14991,20:15169"
lo_swap1_critical12_p10_p22_drop_rank002_rank020_drop_f4339_add_f1813_drop_f8775,prompt_delta_top33,swap1_critical11_lo_swap1_critical12_p10_p22_drop_rank002_rank020_drop_f4339_add_f1813_drop_f8775_drop_f9149_add_f4339,1,1,20:9149,20:4339,11,22,11,"20:1338,20:1813,20:4339,20:6289,20:8754,20:9135,20:12652,20:12704,20:13622,20:14991,20:15169"
lo_swap1_critical12_p10_p22_drop_rank002_rank020_drop_f4339_add_f1813_drop_f8775,prompt_delta_top33,swap1_critical11_lo_swap1_critical12_p10_p22_drop_rank002_rank020_drop_f4339_add_f1813_drop_f8775_drop_f9149_add_f12002,1,1,20:9149,20:12002,11,22,11,"20:1338,20:1813,20:6289,20:8754,20:9135,20:12002,20:12652,20:12704,20:13622,20:14991,20:15169"
lo_swap1_critical12_p10_p22_drop_rank002_rank020_drop_f4339_add_f1813_drop_f8775,prompt_delta_top33,swap1_critical11_lo_swap1_critical12_p10_p22_drop_rank002_rank020_drop_f4339_add_f1813_drop_f8775_drop_f9149_add_f9001,1,1,20:9149,20:9001,11,22,11,"20:1338,20:1813,20:6289,20:8754,20:9001,20:9135,20:12652,20:12704,20:13622,20:14991,20:15169"
lo_swap1_critical12_p10_p22_drop_rank002_rank020_drop_f4339_add_f1813_drop_f8775,prompt_delta_top33,swap1_critical11_lo_swap1_critical12_p10_p22_drop_rank002_rank020_drop_f4339_add_f1813_drop_f8775_drop_f9149_add_f9024,1,1,20:9149,20:9024,11,22,11,"20:1338,20:1813,20:6289,20:8754,20:9024,20:9135,20:12652,20:12704,20:13622,20:14991,20:15169"
lo_swap1_critical12_p10_p22_drop_rank002_rank020_drop_f4339_add_f1813_drop_f8775,prompt_delta_top33,swap1_critical11_lo_swap1_critical12_p10_p22_drop_rank002_rank020_drop_f4339_add_f1813_drop_f8775_drop_f9149_add_f4326,1,1,20:9149,20:4326,11,22,11,"20:1338,20:1813,20:4326,20:6289,20:8754,20:9135,20:12652,20:12704,20:13622,20:14991,20:15169"
lo_swap1_critical12_p10_p22_drop_rank002_rank020_drop_f4339_add_f1813_drop_f8775,prompt_delta_top33,swap1_critical11_lo_swap1_critical12_p10_p22_drop_rank002_rank020_drop_f4339_add_f1813_drop_f8775_drop_f9149_add_f11545,1,1,20:9149,20:11545,11,22,11,"20:1338,20:1813,20:6289,20:8754,20:9135,20:11545,20:12652,20:12704,20:13622,20:14991,20:15169"
lo_swap1_critical12_p10_p22_drop_rank002_rank020_drop_f4339_add_f1813_drop_f8775,prompt_delta_top33,swap1_critical11_lo_swap1_critical12_p10_p22_drop_rank002_rank020_drop_f4339_add_f1813_drop_f8775_drop_f9149_add_f7531,1,1,20:9149,20:7531,11,22,11,"20:1338,20:1813,20:6289,20:7531,20:8754,20:9135,20:12652,20:12704,20:13622,20:14991,20:15169"
lo_swap1_critical12_p10_p22_drop_rank002_rank020_drop_f4339_add_f1813_drop_f8775,prompt_delta_top33,swap1_critical11_lo_swap1_critical12_p10_p22_drop_rank002_rank020_drop_f4339_add_f1813_drop_f8775_drop_f9149_add_f5990,1,1,20:9149,20:5990,11,22,11,"20:1338,20:1813,20:5990,20:6289,20:8754,20:9135,20:12652,20:12704,20:13622,20:14991,20:15169"
lo_swap1_critical12_p10_p22_drop_rank002_rank020_drop_f4339_add_f1813_drop_f8775,prompt_delta_top33,swap1_critical11_lo_swap1_critical12_p10_p22_drop_rank002_rank020_drop_f4339_add_f1813_drop_f8775_drop_f9149_add_f321,1,1,20:9149,20:321,11,22,11,"20:321,20:1338,20:1813,20:6289,20:8754,20:9135,20:12652,20:12704,20:13622,20:14991,20:15169"
lo_swap1_critical12_p10_p22_drop_rank002_rank020_drop_f4339_add_f1813_drop_f8775,prompt_delta_top33,swap1_critical11_lo_swap1_critical12_p10_p22_drop_rank002_rank020_drop_f4339_add_f1813_drop_f8775_drop_f9149_add_f12313,1,1,20:9149,20:12313,11,22,11,"20:1338,20:1813,20:6289,20:8754,20:9135,20:12313,20:12652,20:12704,20:13622,20:14991,20:15169"
lo_swap1_critical12_p10_p22_drop_rank002_rank020_drop_f4339_add_f1813_drop_f8775,prompt_delta_top33,swap1_critical11_lo_swap1_critical12_p10_p22_drop_rank002_rank020_drop_f4339_add_f1813_drop_f8775_drop_f9149_add_f1100,1,1,20:9149,20:1100,11,22,11,"20:1100,20:1338,20:1813,20:6289,20:8754,20:9135,20:12652,20:12704,20:13622,20:14991,20:15169"
lo_swap1_critical12_p10_p22_drop_rank002_rank020_drop_f4339_add_f1813_drop_f8775,prompt_delta_top33,swap1_critical11_lo_swap1_critical12_p10_p22_drop_rank002_rank020_drop_f4339_add_f1813_drop_f8775_drop_f12652_add_f12963,1,1,20:12652,20:12963,11,22,11,"20:1338,20:1813,20:6289,20:8754,20:9135,20:9149,20:12704,20:12963,20:13622,20:14991,20:15169"
lo_swap1_critical12_p10_p22_drop_rank002_rank020_drop_f4339_add_f1813_drop_f8775,prompt_delta_top33,swap1_critical11_lo_swap1_critical12_p10_p22_drop_rank002_rank020_drop_f4339_add_f1813_drop_f8775_drop_f12652_add_f13060,1,1,20:12652,20:13060,11,22,11,"20:1338,20:1813,20:6289,20:8754,20:9135,20:9149,20:12704,20:13060,20:13622,20:14991,20:15169"
lo_swap1_critical12_p10_p22_drop_rank002_rank020_drop_f4339_add_f1813_drop_f8775,prompt_delta_top33,swap1_critical11_lo_swap1_critical12_p10_p22_drop_rank002_rank020_drop_f4339_add_f1813_drop_f8775_drop_f12652_add_f6169,1,1,20:12652,20:6169,11,22,11,"20:1338,20:1813,20:6169,20:6289,20:8754,20:9135,20:9149,20:12704,20:13622,20:14991,20:15169"
lo_swap1_critical12_p10_p22_drop_rank002_rank020_drop_f4339_add_f1813_drop_f8775,prompt_delta_top33,swap1_critical11_lo_swap1_critical12_p10_p22_drop_rank002_rank020_drop_f4339_add_f1813_drop_f8775_drop_f12652_add_f13882,1,1,20:12652,20:13882,11,22,11,"20:1338,20:1813,20:6289,20:8754,20:9135,20:9149,20:12704,20:13622,20:13882,20:14991,20:15169"
lo_swap1_critical12_p10_p22_drop_rank002_rank020_drop_f4339_add_f1813_drop_f8775,prompt_delta_top33,swap1_critical11_lo_swap1_critical12_p10_p22_drop_rank002_rank020_drop_f4339_add_f1813_drop_f8775_drop_f12652_add_f9407,1,1,20:12652,20:9407,11,22,11,"20:1338,20:1813,20:6289,20:8754,20:9135,20:9149,20:9407,20:12704,20:13622,20:14991,20:15169"
lo_swap1_critical12_p10_p22_drop_rank002_rank020_drop_f4339_add_f1813_drop_f8775,prompt_delta_top33,swap1_critical11_lo_swap1_critical12_p10_p22_drop_rank002_rank020_drop_f4339_add_f1813_drop_f8775_drop_f12652_add_f5355,1,1,20:12652,20:5355,11,22,11,"20:1338,20:1813,20:5355,20:6289,20:8754,20:9135,20:9149,20:12704,20:13622,20:14991,20:15169"
lo_swap1_critical12_p10_p22_drop_rank002_rank020_drop_f4339_add_f1813_drop_f8775,prompt_delta_top33,swap1_critical11_lo_swap1_critical12_p10_p22_drop_rank002_rank020_drop_f4339_add_f1813_drop_f8775_drop_f12652_add_f3850,1,1,20:12652,20:3850,11,22,11,"20:1338,20:1813,20:3850,20:6289,20:8754,20:9135,20:9149,20:12704,20:13622,20:14991,20:15169"
lo_swap1_critical12_p10_p22_drop_rank002_rank020_drop_f4339_add_f1813_drop_f8775,prompt_delta_top33,swap1_critical11_lo_swap1_critical12_p10_p22_drop_rank002_rank020_drop_f4339_add_f1813_drop_f8775_drop_f12652_add_f13854,1,1,20:12652,20:13854,11,22,11,"20:1338,20:1813,20:6289,20:8754,20:9135,20:9149,20:12704,20:13622,20:13854,20:14991,20:15169"
lo_swap1_critical12_p10_p22_drop_rank002_rank020_drop_f4339_add_f1813_drop_f8775,prompt_delta_top33,swap1_critical11_lo_swap1_critical12_p10_p22_drop_rank002_rank020_drop_f4339_add_f1813_drop_f8775_drop_f12652_add_f7965,1,1,20:12652,20:7965,11,22,11,"20:1338,20:1813,20:6289,20:7965,20:8754,20:9135,20:9149,20:12704,20:13622,20:14991,20:15169"
lo_swap1_critical12_p10_p22_drop_rank002_rank020_drop_f4339_add_f1813_drop_f8775,prompt_delta_top33,swap1_critical11_lo_swap1_critical12_p10_p22_drop_rank002_rank020_drop_f4339_add_f1813_drop_f8775_drop_f12652_add_f11414,1,1,20:12652,20:11414,11,22,11,"20:1338,20:1813,20:6289,20:8754,20:9135,20:9149,20:11414,20:12704,20:13622,20:14991,20:15169"
lo_swap1_critical12_p10_p22_drop_rank002_rank020_drop_f4339_add_f1813_drop_f8775,prompt_delta_top33,swap1_critical11_lo_swap1_critical12_p10_p22_drop_rank002_rank020_drop_f4339_add_f1813_drop_f8775_drop_f12652_add_f4339,1,1,20:12652,20:4339,11,22,11,"20:1338,20:1813,20:4339,20:6289,20:8754,20:9135,20:9149,20:12704,20:13622,20:14991,20:15169"
lo_swap1_critical12_p10_p22_drop_rank002_rank020_drop_f4339_add_f1813_drop_f8775,prompt_delta_top33,swap1_critical11_lo_swap1_critical12_p10_p22_drop_rank002_rank020_drop_f4339_add_f1813_drop_f8775_drop_f12652_add_f12002,1,1,20:12652,20:12002,11,22,11,"20:1338,20:1813,20:6289,20:8754,20:9135,20:9149,20:12002,20:12704,20:13622,20:14991,20:15169"
lo_swap1_critical12_p10_p22_drop_rank002_rank020_drop_f4339_add_f1813_drop_f8775,prompt_delta_top33,swap1_critical11_lo_swap1_critical12_p10_p22_drop_rank002_rank020_drop_f4339_add_f1813_drop_f8775_drop_f12652_add_f9001,1,1,20:12652,20:9001,11,22,11,"20:1338,20:1813,20:6289,20:8754,20:9001,20:9135,20:9149,20:12704,20:13622,20:14991,20:15169"
lo_swap1_critical12_p10_p22_drop_rank002_rank020_drop_f4339_add_f1813_drop_f8775,prompt_delta_top33,swap1_critical11_lo_swap1_critical12_p10_p22_drop_rank002_rank020_drop_f4339_add_f1813_drop_f8775_drop_f12652_add_f9024,1,1,20:12652,20:9024,11,22,11,"20:1338,20:1813,20:6289,20:8754,20:9024,20:9135,20:9149,20:12704,20:13622,20:14991,20:15169"
lo_swap1_critical12_p10_p22_drop_rank002_rank020_drop_f4339_add_f1813_drop_f8775,prompt_delta_top33,swap1_critical11_lo_swap1_critical12_p10_p22_drop_rank002_rank020_drop_f4339_add_f1813_drop_f8775_drop_f12652_add_f4326,1,1,20:12652,20:4326,11,22,11,"20:1338,20:1813,20:4326,20:6289,20:8754,20:9135,20:9149,20:12704,20:13622,20:14991,20:15169"
lo_swap1_critical12_p10_p22_drop_rank002_rank020_drop_f4339_add_f1813_drop_f8775,prompt_delta_top33,swap1_critical11_lo_swap1_critical12_p10_p22_drop_rank002_rank020_drop_f4339_add_f1813_drop_f8775_drop_f12652_add_f11545,1,1,20:12652,20:11545,11,22,11,"20:1338,20:1813,20:6289,20:8754,20:9135,20:9149,20:11545,20:12704,20:13622,20:14991,20:15169"
lo_swap1_critical12_p10_p22_drop_rank002_rank020_drop_f4339_add_f1813_drop_f8775,prompt_delta_top33,swap1_critical11_lo_swap1_critical12_p10_p22_drop_rank002_rank020_drop_f4339_add_f1813_drop_f8775_drop_f12652_add_f7531,1,1,20:12652,20:7531,11,22,11,"20:1338,20:1813,20:6289,20:7531,20:8754,20:9135,20:9149,20:12704,20:13622,20:14991,20:15169"
lo_swap1_critical12_p10_p22_drop_rank002_rank020_drop_f4339_add_f1813_drop_f8775,prompt_delta_top33,swap1_critical11_lo_swap1_critical12_p10_p22_drop_rank002_rank020_drop_f4339_add_f1813_drop_f8775_drop_f12652_add_f5990,1,1,20:12652,20:5990,11,22,11,"20:1338,20:1813,20:5990,20:6289,20:8754,20:9135,20:9149,20:12704,20:13622,20:14991,20:15169"
lo_swap1_critical12_p10_p22_drop_rank002_rank020_drop_f4339_add_f1813_drop_f8775,prompt_delta_top33,swap1_critical11_lo_swap1_critical12_p10_p22_drop_rank002_rank020_drop_f4339_add_f1813_drop_f8775_drop_f12652_add_f321,1,1,20:12652,20:321,11,22,11,"20:321,20:1338,20:1813,20:6289,20:8754,20:9135,20:9149,20:12704,20:13622,20:14991,20:15169"
lo_swap1_critical12_p10_p22_drop_rank002_rank020_drop_f4339_add_f1813_drop_f8775,prompt_delta_top33,swap1_critical11_lo_swap1_critical12_p10_p22_drop_rank002_rank020_drop_f4339_add_f1813_drop_f8775_drop_f12652_add_f12313,1,1,20:12652,20:12313,11,22,11,"20:1338,20:1813,20:6289,20:8754,20:9135,20:9149,20:12313,20:12704,20:13622,20:14991,20:15169"
lo_swap1_critical12_p10_p22_drop_rank002_rank020_drop_f4339_add_f1813_drop_f8775,prompt_delta_top33,swap1_critical11_lo_swap1_critical12_p10_p22_drop_rank002_rank020_drop_f4339_add_f1813_drop_f8775_drop_f12652_add_f1100,1,1,20:12652,20:1100,11,22,11,"20:1100,20:1338,20:1813,20:6289,20:8754,20:9135,20:9149,20:12704,20:13622,20:14991,20:15169"
lo_swap1_critical12_p10_p22_drop_rank002_rank020_drop_f4339_add_f1813_drop_f8775,prompt_delta_top33,swap1_critical11_lo_swap1_critical12_p10_p22_drop_rank002_rank020_drop_f4339_add_f1813_drop_f8775_drop_f12704_add_f12963,1,1,20:12704,20:12963,11,22,11,"20:1338,20:1813,20:6289,20:8754,20:9135,20:9149,20:12652,20:12963,20:13622,20:14991,20:15169"
lo_swap1_critical12_p10_p22_drop_rank002_rank020_drop_f4339_add_f1813_drop_f8775,prompt_delta_top33,swap1_critical11_lo_swap1_critical12_p10_p22_drop_rank002_rank020_drop_f4339_add_f1813_drop_f8775_drop_f12704_add_f13060,1,1,20:12704,20:13060,11,22,11,"20:1338,20:1813,20:6289,20:8754,20:9135,20:9149,20:12652,20:13060,20:13622,20:14991,20:15169"
lo_swap1_critical12_p10_p22_drop_rank002_rank020_drop_f4339_add_f1813_drop_f8775,prompt_delta_top33,swap1_critical11_lo_swap1_critical12_p10_p22_drop_rank002_rank020_drop_f4339_add_f1813_drop_f8775_drop_f12704_add_f6169,1,1,20:12704,20:6169,11,22,11,"20:1338,20:1813,20:6169,20:6289,20:8754,20:9135,20:9149,20:12652,20:13622,20:14991,20:15169"
lo_swap1_critical12_p10_p22_drop_rank002_rank020_drop_f4339_add_f1813_drop_f8775,prompt_delta_top33,swap1_critical11_lo_swap1_critical12_p10_p22_drop_rank002_rank020_drop_f4339_add_f1813_drop_f8775_drop_f12704_add_f13882,1,1,20:12704,20:13882,11,22,11,"20:1338,20:1813,20:6289,20:8754,20:9135,20:9149,20:12652,20:13622,20:13882,20:14991,20:15169"
lo_swap1_critical12_p10_p22_drop_rank002_rank020_drop_f4339_add_f1813_drop_f8775,prompt_delta_top33,swap1_critical11_lo_swap1_critical12_p10_p22_drop_rank002_rank020_drop_f4339_add_f1813_drop_f8775_drop_f12704_add_f9407,1,1,20:12704,20:9407,11,22,11,"20:1338,20:1813,20:6289,20:8754,20:9135,20:9149,20:9407,20:12652,20:13622,20:14991,20:15169"
lo_swap1_critical12_p10_p22_drop_rank002_rank020_drop_f4339_add_f1813_drop_f8775,prompt_delta_top33,swap1_critical11_lo_swap1_critical12_p10_p22_drop_rank002_rank020_drop_f4339_add_f1813_drop_f8775_drop_f12704_add_f5355,1,1,20:12704,20:5355,11,22,11,"20:1338,20:1813,20:5355,20:6289,20:8754,20:9135,20:9149,20:12652,20:13622,20:14991,20:15169"
lo_swap1_critical12_p10_p22_drop_rank002_rank020_drop_f4339_add_f1813_drop_f8775,prompt_delta_top33,swap1_critical11_lo_swap1_critical12_p10_p22_drop_rank002_rank020_drop_f4339_add_f1813_drop_f8775_drop_f12704_add_f3850,1,1,20:12704,20:3850,11,22,11,"20:1338,20:1813,20:3850,20:6289,20:8754,20:9135,20:9149,20:12652,20:13622,20:14991,20:15169"
lo_swap1_critical12_p10_p22_drop_rank002_rank020_drop_f4339_add_f1813_drop_f8775,prompt_delta_top33,swap1_critical11_lo_swap1_critical12_p10_p22_drop_rank002_rank020_drop_f4339_add_f1813_drop_f8775_drop_f12704_add_f13854,1,1,20:12704,20:13854,11,22,11,"20:1338,20:1813,20:6289,20:8754,20:9135,20:9149,20:12652,20:13622,20:13854,20:14991,20:15169"
lo_swap1_critical12_p10_p22_drop_rank002_rank020_drop_f4339_add_f1813_drop_f8775,prompt_delta_top33,swap1_critical11_lo_swap1_critical12_p10_p22_drop_rank002_rank020_drop_f4339_add_f1813_drop_f8775_drop_f12704_add_f7965,1,1,20:12704,20:7965,11,22,11,"20:1338,20:1813,20:6289,20:7965,20:8754,20:9135,20:9149,20:12652,20:13622,20:14991,20:15169"
lo_swap1_critical12_p10_p22_drop_rank002_rank020_drop_f4339_add_f1813_drop_f8775,prompt_delta_top33,swap1_critical11_lo_swap1_critical12_p10_p22_drop_rank002_rank020_drop_f4339_add_f1813_drop_f8775_drop_f12704_add_f11414,1,1,20:12704,20:11414,11,22,11,"20:1338,20:1813,20:6289,20:8754,20:9135,20:9149,20:11414,20:12652,20:13622,20:14991,20:15169"
lo_swap1_critical12_p10_p22_drop_rank002_rank020_drop_f4339_add_f1813_drop_f8775,prompt_delta_top33,swap1_critical11_lo_swap1_critical12_p10_p22_drop_rank002_rank020_drop_f4339_add_f1813_drop_f8775_drop_f12704_add_f4339,1,1,20:12704,20:4339,11,22,11,"20:1338,20:1813,20:4339,20:6289,20:8754,20:9135,20:9149,20:12652,20:13622,20:14991,20:15169"
lo_swap1_critical12_p10_p22_drop_rank002_rank020_drop_f4339_add_f1813_drop_f8775,prompt_delta_top33,swap1_critical11_lo_swap1_critical12_p10_p22_drop_rank002_rank020_drop_f4339_add_f1813_drop_f8775_drop_f12704_add_f12002,1,1,20:12704,20:12002,11,22,11,"20:1338,20:1813,20:6289,20:8754,20:9135,20:9149,20:12002,20:12652,20:13622,20:14991,20:15169"
lo_swap1_critical12_p10_p22_drop_rank002_rank020_drop_f4339_add_f1813_drop_f8775,prompt_delta_top33,swap1_critical11_lo_swap1_critical12_p10_p22_drop_rank002_rank020_drop_f4339_add_f1813_drop_f8775_drop_f12704_add_f9001,1,1,20:12704,20:9001,11,22,11,"20:1338,20:1813,20:6289,20:8754,20:9001,20:9135,20:9149,20:12652,20:13622,20:14991,20:15169"
lo_swap1_critical12_p10_p22_drop_rank002_rank020_drop_f4339_add_f1813_drop_f8775,prompt_delta_top33,swap1_critical11_lo_swap1_critical12_p10_p22_drop_rank002_rank020_drop_f4339_add_f1813_drop_f8775_drop_f12704_add_f9024,1,1,20:12704,20:9024,11,22,11,"20:1338,20:1813,20:6289,20:8754,20:9024,20:9135,20:9149,20:12652,20:13622,20:14991,20:15169"
lo_swap1_critical12_p10_p22_drop_rank002_rank020_drop_f4339_add_f1813_drop_f8775,prompt_delta_top33,swap1_critical11_lo_swap1_critical12_p10_p22_drop_rank002_rank020_drop_f4339_add_f1813_drop_f8775_drop_f12704_add_f4326,1,1,20:12704,20:4326,11,22,11,"20:1338,20:1813,20:4326,20:6289,20:8754,20:9135,20:9149,20:12652,20:13622,20:14991,20:15169"
lo_swap1_critical12_p10_p22_drop_rank002_rank020_drop_f4339_add_f1813_drop_f8775,prompt_delta_top33,swap1_critical11_lo_swap1_critical12_p10_p22_drop_rank002_rank020_drop_f4339_add_f1813_drop_f8775_drop_f12704_add_f11545,1,1,20:12704,20:11545,11,22,11,"20:1338,20:1813,20:6289,20:8754,20:9135,20:9149,20:11545,20:12652,20:13622,20:14991,20:15169"
lo_swap1_critical12_p10_p22_drop_rank002_rank020_drop_f4339_add_f1813_drop_f8775,prompt_delta_top33,swap1_critical11_lo_swap1_critical12_p10_p22_drop_rank002_rank020_drop_f4339_add_f1813_drop_f8775_drop_f12704_add_f7531,1,1,20:12704,20:7531,11,22,11,"20:1338,20:1813,20:6289,20:7531,20:8754,20:9135,20:9149,20:12652,20:13622,20:14991,20:15169"
lo_swap1_critical12_p10_p22_drop_rank002_rank020_drop_f4339_add_f1813_drop_f8775,prompt_delta_top33,swap1_critical11_lo_swap1_critical12_p10_p22_drop_rank002_rank020_drop_f4339_add_f1813_drop_f8775_drop_f12704_add_f5990,1,1,20:12704,20:5990,11,22,11,"20:1338,20:1813,20:5990,20:6289,20:8754,20:9135,20:9149,20:12652,20:13622,20:14991,20:15169"
lo_swap1_critical12_p10_p22_drop_rank002_rank020_drop_f4339_add_f1813_drop_f8775,prompt_delta_top33,swap1_critical11_lo_swap1_critical12_p10_p22_drop_rank002_rank020_drop_f4339_add_f1813_drop_f8775_drop_f12704_add_f321,1,1,20:12704,20:321,11,22,11,"20:321,20:1338,20:1813,20:6289,20:8754,20:9135,20:9149,20:12652,20:13622,20:14991,20:15169"
lo_swap1_critical12_p10_p22_drop_rank002_rank020_drop_f4339_add_f1813_drop_f8775,prompt_delta_top33,swap1_critical11_lo_swap1_critical12_p10_p22_drop_rank002_rank020_drop_f4339_add_f1813_drop_f8775_drop_f12704_add_f12313,1,1,20:12704,20:12313,11,22,11,"20:1338,20:1813,20:6289,20:8754,20:9135,20:9149,20:12313,20:12652,20:13622,20:14991,20:15169"
lo_swap1_critical12_p10_p22_drop_rank002_rank020_drop_f4339_add_f1813_drop_f8775,prompt_delta_top33,swap1_critical11_lo_swap1_critical12_p10_p22_drop_rank002_rank020_drop_f4339_add_f1813_drop_f8775_drop_f12704_add_f1100,1,1,20:12704,20:1100,11,22,11,"20:1100,20:1338,20:1813,20:6289,20:8754,20:9135,20:9149,20:12652,20:13622,20:14991,20:15169"
lo_swap1_critical12_p10_p22_drop_rank002_rank020_drop_f4339_add_f1813_drop_f8775,prompt_delta_top33,swap1_critical11_lo_swap1_critical12_p10_p22_drop_rank002_rank020_drop_f4339_add_f1813_drop_f8775_drop_f13622_add_f12963,1,1,20:13622,20:12963,11,22,11,"20:1338,20:1813,20:6289,20:8754,20:9135,20:9149,20:12652,20:12704,20:12963,20:14991,20:15169"
lo_swap1_critical12_p10_p22_drop_rank002_rank020_drop_f4339_add_f1813_drop_f8775,prompt_delta_top33,swap1_critical11_lo_swap1_critical12_p10_p22_drop_rank002_rank020_drop_f4339_add_f1813_drop_f8775_drop_f13622_add_f13060,1,1,20:13622,20:13060,11,22,11,"20:1338,20:1813,20:6289,20:8754,20:9135,20:9149,20:12652,20:12704,20:13060,20:14991,20:15169"
lo_swap1_critical12_p10_p22_drop_rank002_rank020_drop_f4339_add_f1813_drop_f8775,prompt_delta_top33,swap1_critical11_lo_swap1_critical12_p10_p22_drop_rank002_rank020_drop_f4339_add_f1813_drop_f8775_drop_f13622_add_f6169,1,1,20:13622,20:6169,11,22,11,"20:1338,20:1813,20:6169,20:6289,20:8754,20:9135,20:9149,20:12652,20:12704,20:14991,20:15169"
lo_swap1_critical12_p10_p22_drop_rank002_rank020_drop_f4339_add_f1813_drop_f8775,prompt_delta_top33,swap1_critical11_lo_swap1_critical12_p10_p22_drop_rank002_rank020_drop_f4339_add_f1813_drop_f8775_drop_f13622_add_f13882,1,1,20:13622,20:13882,11,22,11,"20:1338,20:1813,20:6289,20:8754,20:9135,20:9149,20:12652,20:12704,20:13882,20:14991,20:15169"
lo_swap1_critical12_p10_p22_drop_rank002_rank020_drop_f4339_add_f1813_drop_f8775,prompt_delta_top33,swap1_critical11_lo_swap1_critical12_p10_p22_drop_rank002_rank020_drop_f4339_add_f1813_drop_f8775_drop_f13622_add_f9407,1,1,20:13622,20:9407,11,22,11,"20:1338,20:1813,20:6289,20:8754,20:9135,20:9149,20:9407,20:12652,20:12704,20:14991,20:15169"
lo_swap1_critical12_p10_p22_drop_rank002_rank020_drop_f4339_add_f1813_drop_f8775,prompt_delta_top33,swap1_critical11_lo_swap1_critical12_p10_p22_drop_rank002_rank020_drop_f4339_add_f1813_drop_f8775_drop_f13622_add_f5355,1,1,20:13622,20:5355,11,22,11,"20:1338,20:1813,20:5355,20:6289,20:8754,20:9135,20:9149,20:12652,20:12704,20:14991,20:15169"
lo_swap1_critical12_p10_p22_drop_rank002_rank020_drop_f4339_add_f1813_drop_f8775,prompt_delta_top33,swap1_critical11_lo_swap1_critical12_p10_p22_drop_rank002_rank020_drop_f4339_add_f1813_drop_f8775_drop_f13622_add_f3850,1,1,20:13622,20:3850,11,22,11,"20:1338,20:1813,20:3850,20:6289,20:8754,20:9135,20:9149,20:12652,20:12704,20:14991,20:15169"
lo_swap1_critical12_p10_p22_drop_rank002_rank020_drop_f4339_add_f1813_drop_f8775,prompt_delta_top33,swap1_critical11_lo_swap1_critical12_p10_p22_drop_rank002_rank020_drop_f4339_add_f1813_drop_f8775_drop_f13622_add_f13854,1,1,20:13622,20:13854,11,22,11,"20:1338,20:1813,20:6289,20:8754,20:9135,20:9149,20:12652,20:12704,20:13854,20:14991,20:15169"
lo_swap1_critical12_p10_p22_drop_rank002_rank020_drop_f4339_add_f1813_drop_f8775,prompt_delta_top33,swap1_critical11_lo_swap1_critical12_p10_p22_drop_rank002_rank020_drop_f4339_add_f1813_drop_f8775_drop_f13622_add_f7965,1,1,20:13622,20:7965,11,22,11,"20:1338,20:1813,20:6289,20:7965,20:8754,20:9135,20:9149,20:12652,20:12704,20:14991,20:15169"
lo_swap1_critical12_p10_p22_drop_rank002_rank020_drop_f4339_add_f1813_drop_f8775,prompt_delta_top33,swap1_critical11_lo_swap1_critical12_p10_p22_drop_rank002_rank020_drop_f4339_add_f1813_drop_f8775_drop_f13622_add_f11414,1,1,20:13622,20:11414,11,22,11,"20:1338,20:1813,20:6289,20:8754,20:9135,20:9149,20:11414,20:12652,20:12704,20:14991,20:15169"
lo_swap1_critical12_p10_p22_drop_rank002_rank020_drop_f4339_add_f1813_drop_f8775,prompt_delta_top33,swap1_critical11_lo_swap1_critical12_p10_p22_drop_rank002_rank020_drop_f4339_add_f1813_drop_f8775_drop_f13622_add_f4339,1,1,20:13622,20:4339,11,22,11,"20:1338,20:1813,20:4339,20:6289,20:8754,20:9135,20:9149,20:12652,20:12704,20:14991,20:15169"
lo_swap1_critical12_p10_p22_drop_rank002_rank020_drop_f4339_add_f1813_drop_f8775,prompt_delta_top33,swap1_critical11_lo_swap1_critical12_p10_p22_drop_rank002_rank020_drop_f4339_add_f1813_drop_f8775_drop_f13622_add_f12002,1,1,20:13622,20:12002,11,22,11,"20:1338,20:1813,20:6289,20:8754,20:9135,20:9149,20:12002,20:12652,20:12704,20:14991,20:15169"
lo_swap1_critical12_p10_p22_drop_rank002_rank020_drop_f4339_add_f1813_drop_f8775,prompt_delta_top33,swap1_critical11_lo_swap1_critical12_p10_p22_drop_rank002_rank020_drop_f4339_add_f1813_drop_f8775_drop_f13622_add_f9001,1,1,20:13622,20:9001,11,22,11,"20:1338,20:1813,20:6289,20:8754,20:9001,20:9135,20:9149,20:12652,20:12704,20:14991,20:15169"
lo_swap1_critical12_p10_p22_drop_rank002_rank020_drop_f4339_add_f1813_drop_f8775,prompt_delta_top33,swap1_critical11_lo_swap1_critical12_p10_p22_drop_rank002_rank020_drop_f4339_add_f1813_drop_f8775_drop_f13622_add_f9024,1,1,20:13622,20:9024,11,22,11,"20:1338,20:1813,20:6289,20:8754,20:9024,20:9135,20:9149,20:12652,20:12704,20:14991,20:15169"
lo_swap1_critical12_p10_p22_drop_rank002_rank020_drop_f4339_add_f1813_drop_f8775,prompt_delta_top33,swap1_critical11_lo_swap1_critical12_p10_p22_drop_rank002_rank020_drop_f4339_add_f1813_drop_f8775_drop_f13622_add_f4326,1,1,20:13622,20:4326,11,22,11,"20:1338,20:1813,20:4326,20:6289,20:8754,20:9135,20:9149,20:12652,20:12704,20:14991,20:15169"
lo_swap1_critical12_p10_p22_drop_rank002_rank020_drop_f4339_add_f1813_drop_f8775,prompt_delta_top33,swap1_critical11_lo_swap1_critical12_p10_p22_drop_rank002_rank020_drop_f4339_add_f1813_drop_f8775_drop_f13622_add_f11545,1,1,20:13622,20:11545,11,22,11,"20:1338,20:1813,20:6289,20:8754,20:9135,20:9149,20:11545,20:12652,20:12704,20:14991,20:15169"
lo_swap1_critical12_p10_p22_drop_rank002_rank020_drop_f4339_add_f1813_drop_f8775,prompt_delta_top33,swap1_critical11_lo_swap1_critical12_p10_p22_drop_rank002_rank020_drop_f4339_add_f1813_drop_f8775_drop_f13622_add_f7531,1,1,20:13622,20:7531,11,22,11,"20:1338,20:1813,20:6289,20:7531,20:8754,20:9135,20:9149,20:12652,20:12704,20:14991,20:15169"
lo_swap1_critical12_p10_p22_drop_rank002_rank020_drop_f4339_add_f1813_drop_f8775,prompt_delta_top33,swap1_critical11_lo_swap1_critical12_p10_p22_drop_rank002_rank020_drop_f4339_add_f1813_drop_f8775_drop_f13622_add_f5990,1,1,20:13622,20:5990,11,22,11,"20:1338,20:1813,20:5990,20:6289,20:8754,20:9135,20:9149,20:12652,20:12704,20:14991,20:15169"
lo_swap1_critical12_p10_p22_drop_rank002_rank020_drop_f4339_add_f1813_drop_f8775,prompt_delta_top33,swap1_critical11_lo_swap1_critical12_p10_p22_drop_rank002_rank020_drop_f4339_add_f1813_drop_f8775_drop_f13622_add_f321,1,1,20:13622,20:321,11,22,11,"20:321,20:1338,20:1813,20:6289,20:8754,20:9135,20:9149,20:12652,20:12704,20:14991,20:15169"
lo_swap1_critical12_p10_p22_drop_rank002_rank020_drop_f4339_add_f1813_drop_f8775,prompt_delta_top33,swap1_critical11_lo_swap1_critical12_p10_p22_drop_rank002_rank020_drop_f4339_add_f1813_drop_f8775_drop_f13622_add_f12313,1,1,20:13622,20:12313,11,22,11,"20:1338,20:1813,20:6289,20:8754,20:9135,20:9149,20:12313,20:12652,20:12704,20:14991,20:15169"
lo_swap1_critical12_p10_p22_drop_rank002_rank020_drop_f4339_add_f1813_drop_f8775,prompt_delta_top33,swap1_critical11_lo_swap1_critical12_p10_p22_drop_rank002_rank020_drop_f4339_add_f1813_drop_f8775_drop_f13622_add_f1100,1,1,20:13622,20:1100,11,22,11,"20:1100,20:1338,20:1813,20:6289,20:8754,20:9135,20:9149,20:12652,20:12704,20:14991,20:15169"
lo_swap1_critical12_p10_p22_drop_rank002_rank020_drop_f4339_add_f1813_drop_f8775,prompt_delta_top33,swap1_critical11_lo_swap1_critical12_p10_p22_drop_rank002_rank020_drop_f4339_add_f1813_drop_f8775_drop_f14991_add_f12963,1,1,20:14991,20:12963,11,22,11,"20:1338,20:1813,20:6289,20:8754,20:9135,20:9149,20:12652,20:12704,20:12963,20:13622,20:15169"
lo_swap1_critical12_p10_p22_drop_rank002_rank020_drop_f4339_add_f1813_drop_f8775,prompt_delta_top33,swap1_critical11_lo_swap1_critical12_p10_p22_drop_rank002_rank020_drop_f4339_add_f1813_drop_f8775_drop_f14991_add_f13060,1,1,20:14991,20:13060,11,22,11,"20:1338,20:1813,20:6289,20:8754,20:9135,20:9149,20:12652,20:12704,20:13060,20:13622,20:15169"
lo_swap1_critical12_p10_p22_drop_rank002_rank020_drop_f4339_add_f1813_drop_f8775,prompt_delta_top33,swap1_critical11_lo_swap1_critical12_p10_p22_drop_rank002_rank020_drop_f4339_add_f1813_drop_f8775_drop_f14991_add_f6169,1,1,20:14991,20:6169,11,22,11,"20:1338,20:1813,20:6169,20:6289,20:8754,20:9135,20:9149,20:12652,20:12704,20:13622,20:15169"
lo_swap1_critical12_p10_p22_drop_rank002_rank020_drop_f4339_add_f1813_drop_f8775,prompt_delta_top33,swap1_critical11_lo_swap1_critical12_p10_p22_drop_rank002_rank020_drop_f4339_add_f1813_drop_f8775_drop_f14991_add_f13882,1,1,20:14991,20:13882,11,22,11,"20:1338,20:1813,20:6289,20:8754,20:9135,20:9149,20:12652,20:12704,20:13622,20:13882,20:15169"
lo_swap1_critical12_p10_p22_drop_rank002_rank020_drop_f4339_add_f1813_drop_f8775,prompt_delta_top33,swap1_critical11_lo_swap1_critical12_p10_p22_drop_rank002_rank020_drop_f4339_add_f1813_drop_f8775_drop_f14991_add_f9407,1,1,20:14991,20:9407,11,22,11,"20:1338,20:1813,20:6289,20:8754,20:9135,20:9149,20:9407,20:12652,20:12704,20:13622,20:15169"
lo_swap1_critical12_p10_p22_drop_rank002_rank020_drop_f4339_add_f1813_drop_f8775,prompt_delta_top33,swap1_critical11_lo_swap1_critical12_p10_p22_drop_rank002_rank020_drop_f4339_add_f1813_drop_f8775_drop_f14991_add_f5355,1,1,20:14991,20:5355,11,22,11,"20:1338,20:1813,20:5355,20:6289,20:8754,20:9135,20:9149,20:12652,20:12704,20:13622,20:15169"
lo_swap1_critical12_p10_p22_drop_rank002_rank020_drop_f4339_add_f1813_drop_f8775,prompt_delta_top33,swap1_critical11_lo_swap1_critical12_p10_p22_drop_rank002_rank020_drop_f4339_add_f1813_drop_f8775_drop_f14991_add_f3850,1,1,20:14991,20:3850,11,22,11,"20:1338,20:1813,20:3850,20:6289,20:8754,20:9135,20:9149,20:12652,20:12704,20:13622,20:15169"
lo_swap1_critical12_p10_p22_drop_rank002_rank020_drop_f4339_add_f1813_drop_f8775,prompt_delta_top33,swap1_critical11_lo_swap1_critical12_p10_p22_drop_rank002_rank020_drop_f4339_add_f1813_drop_f8775_drop_f14991_add_f13854,1,1,20:14991,20:13854,11,22,11,"20:1338,20:1813,20:6289,20:8754,20:9135,20:9149,20:12652,20:12704,20:13622,20:13854,20:15169"
lo_swap1_critical12_p10_p22_drop_rank002_rank020_drop_f4339_add_f1813_drop_f8775,prompt_delta_top33,swap1_critical11_lo_swap1_critical12_p10_p22_drop_rank002_rank020_drop_f4339_add_f1813_drop_f8775_drop_f14991_add_f7965,1,1,20:14991,20:7965,11,22,11,"20:1338,20:1813,20:6289,20:7965,20:8754,20:9135,20:9149,20:12652,20:12704,20:13622,20:15169"
lo_swap1_critical12_p10_p22_drop_rank002_rank020_drop_f4339_add_f1813_drop_f8775,prompt_delta_top33,swap1_critical11_lo_swap1_critical12_p10_p22_drop_rank002_rank020_drop_f4339_add_f1813_drop_f8775_drop_f14991_add_f11414,1,1,20:14991,20:11414,11,22,11,"20:1338,20:1813,20:6289,20:8754,20:9135,20:9149,20:11414,20:12652,20:12704,20:13622,20:15169"
lo_swap1_critical12_p10_p22_drop_rank002_rank020_drop_f4339_add_f1813_drop_f8775,prompt_delta_top33,swap1_critical11_lo_swap1_critical12_p10_p22_drop_rank002_rank020_drop_f4339_add_f1813_drop_f8775_drop_f14991_add_f4339,1,1,20:14991,20:4339,11,22,11,"20:1338,20:1813,20:4339,20:6289,20:8754,20:9135,20:9149,20:12652,20:12704,20:13622,20:15169"
lo_swap1_critical12_p10_p22_drop_rank002_rank020_drop_f4339_add_f1813_drop_f8775,prompt_delta_top33,swap1_critical11_lo_swap1_critical12_p10_p22_drop_rank002_rank020_drop_f4339_add_f1813_drop_f8775_drop_f14991_add_f12002,1,1,20:14991,20:12002,11,22,11,"20:1338,20:1813,20:6289,20:8754,20:9135,20:9149,20:12002,20:12652,20:12704,20:13622,20:15169"
lo_swap1_critical12_p10_p22_drop_rank002_rank020_drop_f4339_add_f1813_drop_f8775,prompt_delta_top33,swap1_critical11_lo_swap1_critical12_p10_p22_drop_rank002_rank020_drop_f4339_add_f1813_drop_f8775_drop_f14991_add_f9001,1,1,20:14991,20:9001,11,22,11,"20:1338,20:1813,20:6289,20:8754,20:9001,20:9135,20:9149,20:12652,20:12704,20:13622,20:15169"
lo_swap1_critical12_p10_p22_drop_rank002_rank020_drop_f4339_add_f1813_drop_f8775,prompt_delta_top33,swap1_critical11_lo_swap1_critical12_p10_p22_drop_rank002_rank020_drop_f4339_add_f1813_drop_f8775_drop_f14991_add_f9024,1,1,20:14991,20:9024,11,22,11,"20:1338,20:1813,20:6289,20:8754,20:9024,20:9135,20:9149,20:12652,20:12704,20:13622,20:15169"
lo_swap1_critical12_p10_p22_drop_rank002_rank020_drop_f4339_add_f1813_drop_f8775,prompt_delta_top33,swap1_critical11_lo_swap1_critical12_p10_p22_drop_rank002_rank020_drop_f4339_add_f1813_drop_f8775_drop_f14991_add_f4326,1,1,20:14991,20:4326,11,22,11,"20:1338,20:1813,20:4326,20:6289,20:8754,20:9135,20:9149,20:12652,20:12704,20:13622,20:15169"
lo_swap1_critical12_p10_p22_drop_rank002_rank020_drop_f4339_add_f1813_drop_f8775,prompt_delta_top33,swap1_critical11_lo_swap1_critical12_p10_p22_drop_rank002_rank020_drop_f4339_add_f1813_drop_f8775_drop_f14991_add_f11545,1,1,20:14991,20:11545,11,22,11,"20:1338,20:1813,20:6289,20:8754,20:9135,20:9149,20:11545,20:12652,20:12704,20:13622,20:15169"
lo_swap1_critical12_p10_p22_drop_rank002_rank020_drop_f4339_add_f1813_drop_f8775,prompt_delta_top33,swap1_critical11_lo_swap1_critical12_p10_p22_drop_rank002_rank020_drop_f4339_add_f1813_drop_f8775_drop_f14991_add_f7531,1,1,20:14991,20:7531,11,22,11,"20:1338,20:1813,20:6289,20:7531,20:8754,20:9135,20:9149,20:12652,20:12704,20:13622,20:15169"
lo_swap1_critical12_p10_p22_drop_rank002_rank020_drop_f4339_add_f1813_drop_f8775,prompt_delta_top33,swap1_critical11_lo_swap1_critical12_p10_p22_drop_rank002_rank020_drop_f4339_add_f1813_drop_f8775_drop_f14991_add_f5990,1,1,20:14991,20:5990,11,22,11,"20:1338,20:1813,20:5990,20:6289,20:8754,20:9135,20:9149,20:12652,20:12704,20:13622,20:15169"
lo_swap1_critical12_p10_p22_drop_rank002_rank020_drop_f4339_add_f1813_drop_f8775,prompt_delta_top33,swap1_critical11_lo_swap1_critical12_p10_p22_drop_rank002_rank020_drop_f4339_add_f1813_drop_f8775_drop_f14991_add_f321,1,1,20:14991,20:321,11,22,11,"20:321,20:1338,20:1813,20:6289,20:8754,20:9135,20:9149,20:12652,20:12704,20:13622,20:15169"
lo_swap1_critical12_p10_p22_drop_rank002_rank020_drop_f4339_add_f1813_drop_f8775,prompt_delta_top33,swap1_critical11_lo_swap1_critical12_p10_p22_drop_rank002_rank020_drop_f4339_add_f1813_drop_f8775_drop_f14991_add_f12313,1,1,20:14991,20:12313,11,22,11,"20:1338,20:1813,20:6289,20:8754,20:9135,20:9149,20:12313,20:12652,20:12704,20:13622,20:15169"
lo_swap1_critical12_p10_p22_drop_rank002_rank020_drop_f4339_add_f1813_drop_f8775,prompt_delta_top33,swap1_critical11_lo_swap1_critical12_p10_p22_drop_rank002_rank020_drop_f4339_add_f1813_drop_f8775_drop_f14991_add_f1100,1,1,20:14991,20:1100,11,22,11,"20:1100,20:1338,20:1813,20:6289,20:8754,20:9135,20:9149,20:12652,20:12704,20:13622,20:15169"
lo_swap1_critical12_p10_p22_drop_rank002_rank020_drop_f4339_add_f1813_drop_f8775,prompt_delta_top33,swap1_critical11_lo_swap1_critical12_p10_p22_drop_rank002_rank020_drop_f4339_add_f1813_drop_f8775_drop_f15169_add_f12963,1,1,20:15169,20:12963,11,22,11,"20:1338,20:1813,20:6289,20:8754,20:9135,20:9149,20:12652,20:12704,20:12963,20:13622,20:14991"
lo_swap1_critical12_p10_p22_drop_rank002_rank020_drop_f4339_add_f1813_drop_f8775,prompt_delta_top33,swap1_critical11_lo_swap1_critical12_p10_p22_drop_rank002_rank020_drop_f4339_add_f1813_drop_f8775_drop_f15169_add_f13060,1,1,20:15169,20:13060,11,22,11,"20:1338,20:1813,20:6289,20:8754,20:9135,20:9149,20:12652,20:12704,20:13060,20:13622,20:14991"
lo_swap1_critical12_p10_p22_drop_rank002_rank020_drop_f4339_add_f1813_drop_f8775,prompt_delta_top33,swap1_critical11_lo_swap1_critical12_p10_p22_drop_rank002_rank020_drop_f4339_add_f1813_drop_f8775_drop_f15169_add_f6169,1,1,20:15169,20:6169,11,22,11,"20:1338,20:1813,20:6169,20:6289,20:8754,20:9135,20:9149,20:12652,20:12704,20:13622,20:14991"
lo_swap1_critical12_p10_p22_drop_rank002_rank020_drop_f4339_add_f1813_drop_f8775,prompt_delta_top33,swap1_critical11_lo_swap1_critical12_p10_p22_drop_rank002_rank020_drop_f4339_add_f1813_drop_f8775_drop_f15169_add_f13882,1,1,20:15169,20:13882,11,22,11,"20:1338,20:1813,20:6289,20:8754,20:9135,20:9149,20:12652,20:12704,20:13622,20:13882,20:14991"
lo_swap1_critical12_p10_p22_drop_rank002_rank020_drop_f4339_add_f1813_drop_f8775,prompt_delta_top33,swap1_critical11_lo_swap1_critical12_p10_p22_drop_rank002_rank020_drop_f4339_add_f1813_drop_f8775_drop_f15169_add_f9407,1,1,20:15169,20:9407,11,22,11,"20:1338,20:1813,20:6289,20:8754,20:9135,20:9149,20:9407,20:12652,20:12704,20:13622,20:14991"
lo_swap1_critical12_p10_p22_drop_rank002_rank020_drop_f4339_add_f1813_drop_f8775,prompt_delta_top33,swap1_critical11_lo_swap1_critical12_p10_p22_drop_rank002_rank020_drop_f4339_add_f1813_drop_f8775_drop_f15169_add_f5355,1,1,20:15169,20:5355,11,22,11,"20:1338,20:1813,20:5355,20:6289,20:8754,20:9135,20:9149,20:12652,20:12704,20:13622,20:14991"
lo_swap1_critical12_p10_p22_drop_rank002_rank020_drop_f4339_add_f1813_drop_f8775,prompt_delta_top33,swap1_critical11_lo_swap1_critical12_p10_p22_drop_rank002_rank020_drop_f4339_add_f1813_drop_f8775_drop_f15169_add_f3850,1,1,20:15169,20:3850,11,22,11,"20:1338,20:1813,20:3850,20:6289,20:8754,20:9135,20:9149,20:12652,20:12704,20:13622,20:14991"
lo_swap1_critical12_p10_p22_drop_rank002_rank020_drop_f4339_add_f1813_drop_f8775,prompt_delta_top33,swap1_critical11_lo_swap1_critical12_p10_p22_drop_rank002_rank020_drop_f4339_add_f1813_drop_f8775_drop_f15169_add_f13854,1,1,20:15169,20:13854,11,22,11,"20:1338,20:1813,20:6289,20:8754,20:9135,20:9149,20:12652,20:12704,20:13622,20:13854,20:14991"
lo_swap1_critical12_p10_p22_drop_rank002_rank020_drop_f4339_add_f1813_drop_f8775,prompt_delta_top33,swap1_critical11_lo_swap1_critical12_p10_p22_drop_rank002_rank020_drop_f4339_add_f1813_drop_f8775_drop_f15169_add_f7965,1,1,20:15169,20:7965,11,22,11,"20:1338,20:1813,20:6289,20:7965,20:8754,20:9135,20:9149,20:12652,20:12704,20:13622,20:14991"
lo_swap1_critical12_p10_p22_drop_rank002_rank020_drop_f4339_add_f1813_drop_f8775,prompt_delta_top33,swap1_critical11_lo_swap1_critical12_p10_p22_drop_rank002_rank020_drop_f4339_add_f1813_drop_f8775_drop_f15169_add_f11414,1,1,20:15169,20:11414,11,22,11,"20:1338,20:1813,20:6289,20:8754,20:9135,20:9149,20:11414,20:12652,20:12704,20:13622,20:14991"
lo_swap1_critical12_p10_p22_drop_rank002_rank020_drop_f4339_add_f1813_drop_f8775,prompt_delta_top33,swap1_critical11_lo_swap1_critical12_p10_p22_drop_rank002_rank020_drop_f4339_add_f1813_drop_f8775_drop_f15169_add_f4339,1,1,20:15169,20:4339,11,22,11,"20:1338,20:1813,20:4339,20:6289,20:8754,20:9135,20:9149,20:12652,20:12704,20:13622,20:14991"
lo_swap1_critical12_p10_p22_drop_rank002_rank020_drop_f4339_add_f1813_drop_f8775,prompt_delta_top33,swap1_critical11_lo_swap1_critical12_p10_p22_drop_rank002_rank020_drop_f4339_add_f1813_drop_f8775_drop_f15169_add_f12002,1,1,20:15169,20:12002,11,22,11,"20:1338,20:1813,20:6289,20:8754,20:9135,20:9149,20:12002,20:12652,20:12704,20:13622,20:14991"
lo_swap1_critical12_p10_p22_drop_rank002_rank020_drop_f4339_add_f1813_drop_f8775,prompt_delta_top33,swap1_critical11_lo_swap1_critical12_p10_p22_drop_rank002_rank020_drop_f4339_add_f1813_drop_f8775_drop_f15169_add_f9001,1,1,20:15169,20:9001,11,22,11,"20:1338,20:1813,20:6289,20:8754,20:9001,20:9135,20:9149,20:12652,20:12704,20:13622,20:14991"
lo_swap1_critical12_p10_p22_drop_rank002_rank020_drop_f4339_add_f1813_drop_f8775,prompt_delta_top33,swap1_critical11_lo_swap1_critical12_p10_p22_drop_rank002_rank020_drop_f4339_add_f1813_drop_f8775_drop_f15169_add_f9024,1,1,20:15169,20:9024,11,22,11,"20:1338,20:1813,20:6289,20:8754,20:9024,20:9135,20:9149,20:12652,20:12704,20:13622,20:14991"
lo_swap1_critical12_p10_p22_drop_rank002_rank020_drop_f4339_add_f1813_drop_f8775,prompt_delta_top33,swap1_critical11_lo_swap1_critical12_p10_p22_drop_rank002_rank020_drop_f4339_add_f1813_drop_f8775_drop_f15169_add_f4326,1,1,20:15169,20:4326,11,22,11,"20:1338,20:1813,20:4326,20:6289,20:8754,20:9135,20:9149,20:12652,20:12704,20:13622,20:14991"
lo_swap1_critical12_p10_p22_drop_rank002_rank020_drop_f4339_add_f1813_drop_f8775,prompt_delta_top33,swap1_critical11_lo_swap1_critical12_p10_p22_drop_rank002_rank020_drop_f4339_add_f1813_drop_f8775_drop_f15169_add_f11545,1,1,20:15169,20:11545,11,22,11,"20:1338,20:1813,20:6289,20:8754,20:9135,20:9149,20:11545,20:12652,20:12704,20:13622,20:14991"
lo_swap1_critical12_p10_p22_drop_rank002_rank020_drop_f4339_add_f1813_drop_f8775,prompt_delta_top33,swap1_critical11_lo_swap1_critical12_p10_p22_drop_rank002_rank020_drop_f4339_add_f1813_drop_f8775_drop_f15169_add_f7531,1,1,20:15169,20:7531,11,22,11,"20:1338,20:1813,20:6289,20:7531,20:8754,20:9135,20:9149,20:12652,20:12704,20:13622,20:14991"
lo_swap1_critical12_p10_p22_drop_rank002_rank020_drop_f4339_add_f1813_drop_f8775,prompt_delta_top33,swap1_critical11_lo_swap1_critical12_p10_p22_drop_rank002_rank020_drop_f4339_add_f1813_drop_f8775_drop_f15169_add_f5990,1,1,20:15169,20:5990,11,22,11,"20:1338,20:1813,20:5990,20:6289,20:8754,20:9135,20:9149,20:12652,20:12704,20:13622,20:14991"
lo_swap1_critical12_p10_p22_drop_rank002_rank020_drop_f4339_add_f1813_drop_f8775,prompt_delta_top33,swap1_critical11_lo_swap1_critical12_p10_p22_drop_rank002_rank020_drop_f4339_add_f1813_drop_f8775_drop_f15169_add_f321,1,1,20:15169,20:321,11,22,11,"20:321,20:1338,20:1813,20:6289,20:8754,20:9135,20:9149,20:12652,20:12704,20:13622,20:14991"
lo_swap1_critical12_p10_p22_drop_rank002_rank020_drop_f4339_add_f1813_drop_f8775,prompt_delta_top33,swap1_critical11_lo_swap1_critical12_p10_p22_drop_rank002_rank020_drop_f4339_add_f1813_drop_f8775_drop_f15169_add_f12313,1,1,20:15169,20:12313,11,22,11,"20:1338,20:1813,20:6289,20:8754,20:9135,20:9149,20:12313,20:12652,20:12704,20:13622,20:14991"
lo_swap1_critical12_p10_p22_drop_rank002_rank020_drop_f4339_add_f1813_drop_f8775,prompt_delta_top33,swap1_critical11_lo_swap1_critical12_p10_p22_drop_rank002_rank020_drop_f4339_add_f1813_drop_f8775_drop_f15169_add_f1100,1,1,20:15169,20:1100,11,22,11,"20:1100,20:1338,20:1813,20:6289,20:8754,20:9135,20:9149,20:12652,20:12704,20:13622,20:14991"
