rank,layer,feature_id,abs_delta_sum,signed_delta_sum,donor_mean,recipient_mean,donor_active_fraction,recipient_active_fraction,token_count
1,20,15169,12.278522491455078,12.278522491455078,11.15495777130127,5.0156965255737305,0.5,0.5,2
2,20,12963,7.329527854919434,7.329527854919434,3.664763927459717,0.0,0.5,0.0,2
3,20,13060,5.863272666931152,-5.863272666931152,0.0,2.931636333465576,0.0,1.0,2
4,20,6169,5.85761833190918,5.85761833190918,2.92880916595459,0.0,0.5,0.0,2
5,20,13882,5.514823913574219,-5.420585632324219,23.501230239868164,26.211523056030273,1.0,1.0,2
6,20,9407,5.187416076660156,-5.187416076660156,1.6381020545959473,4.231810092926025,0.5,1.0,2
7,20,14991,5.075675010681152,5.075675010681152,2.537837505340576,0.0,0.5,0.0,2
8,20,5355,4.980377197265625,-4.980377197265625,0.0,2.4901885986328125,0.0,0.5,2
9,20,12704,4.823033809661865,-4.823033809661865,2.7251369953155518,5.136653900146484,0.5,1.0,2
10,20,8754,4.640984535217285,4.640984535217285,2.3204922676086426,0.0,0.5,0.0,2
11,20,3850,4.436105251312256,4.436105251312256,2.218052625656128,0.0,0.5,0.0,2
12,20,13854,4.372747421264648,4.372747421264648,2.186373710632324,0.0,0.5,0.0,2
13,20,7965,4.151318550109863,4.151318550109863,2.0756592750549316,0.0,0.5,0.0,2
14,20,8775,4.049808502197266,4.049808502197266,2.024904251098633,0.0,0.5,0.0,2
15,20,11414,3.9184131622314453,-3.9184131622314453,0.0,1.9592065811157227,0.0,0.5,2
16,20,4339,3.8497016429901123,3.8497016429901123,1.9248508214950562,0.0,0.5,0.0,2
17,20,12002,3.8390164375305176,3.8390164375305176,1.9195082187652588,0.0,0.5,0.0,2
18,20,9001,3.807616710662842,3.807616710662842,1.903808355331421,0.0,0.5,0.0,2
19,20,9024,3.807344436645508,3.807344436645508,1.903672218322754,0.0,0.5,0.0,2
20,20,4326,3.798692226409912,-3.798692226409912,0.0,1.899346113204956,0.0,0.5,2
21,20,11545,3.7545394897460938,-3.7545394897460938,3.533201217651367,5.410470962524414,0.5,1.0,2
22,20,9149,3.7410659790039062,-3.7410659790039062,4.095650672912598,5.966183662414551,0.5,0.5,2
23,20,7531,3.6762232780456543,3.6762232780456543,1.8381116390228271,0.0,0.5,0.0,2
24,20,9135,3.657808780670166,3.657808780670166,1.828904390335083,0.0,0.5,0.0,2
25,20,13622,3.5939531326293945,-3.5939531326293945,0.0,1.7969765663146973,0.0,0.5,2
26,20,5990,3.564218044281006,-3.564218044281006,3.277723550796509,5.059832572937012,0.5,0.5,2
27,20,12652,3.5500853061676025,3.5500853061676025,1.7750426530838013,0.0,0.5,0.0,2
28,20,1338,3.542052745819092,3.542052745819092,1.771026372909546,0.0,0.5,0.0,2
29,20,321,3.5058860778808594,3.5058860778808594,1.7529430389404297,0.0,0.5,0.0,2
30,20,12313,3.488645553588867,3.488645553588867,1.7443227767944336,0.0,0.5,0.0,2
31,20,1813,3.4750499725341797,3.4750499725341797,1.7375249862670898,0.0,0.5,0.0,2
32,20,1100,3.422802448272705,3.422802448272705,1.7114012241363525,0.0,0.5,0.0,2
33,20,6289,3.4215378761291504,-3.4215378761291504,0.0,1.7107689380645752,0.0,0.5,2
34,20,4989,3.4097976684570312,3.4097976684570312,7.160667419433594,5.455768585205078,0.5,0.5,2
35,20,3224,3.39035701751709,3.39035701751709,1.695178508758545,0.0,0.5,0.0,2
36,20,8569,3.3712282180786133,3.3712282180786133,1.6856141090393066,0.0,0.5,0.0,2
37,20,15054,3.3665881156921387,-3.3665881156921387,0.0,1.6832940578460693,0.0,0.5,2
38,20,13969,3.3464231491088867,3.3464231491088867,1.6732115745544434,0.0,0.5,0.0,2
39,20,11343,3.337984085083008,3.337984085083008,1.668992042541504,0.0,0.5,0.0,2
40,20,4162,3.3205437660217285,3.3205437660217285,1.6602718830108643,0.0,0.5,0.0,2
41,20,10341,3.318233013153076,3.0256285667419434,4.893238544464111,3.3804242610931396,1.0,0.5,2
42,20,3599,3.309569835662842,3.309569835662842,1.654784917831421,0.0,0.5,0.0,2
43,20,3098,3.3074288368225098,3.3074288368225098,1.6537144184112549,0.0,0.5,0.0,2
44,20,11196,3.276078701019287,3.276078701019287,1.6380393505096436,0.0,0.5,0.0,2
45,20,8291,3.264096736907959,-3.264096736907959,1.8468282222747803,3.4788765907287598,0.5,1.0,2
46,20,4897,3.2558531761169434,3.2558531761169434,1.6279265880584717,0.0,0.5,0.0,2
47,20,15379,3.2248027324676514,3.2248027324676514,4.881242752075195,3.268841505050659,1.0,0.5,2
48,20,9940,3.19221568107605,3.19221568107605,1.596107840538025,0.0,0.5,0.0,2
49,20,4844,3.191481113433838,-3.191481113433838,0.0,1.595740556716919,0.0,0.5,2
50,20,9952,3.1842856407165527,3.1842856407165527,1.5921428203582764,0.0,0.5,0.0,2
51,20,11837,3.156924247741699,-3.156924247741699,0.0,1.5784621238708496,0.0,0.5,2
52,20,8207,3.125124931335449,3.125124931335449,1.5625624656677246,0.0,0.5,0.0,2
53,20,2248,3.1197595596313477,-2.598809242248535,4.323156833648682,5.622561454772949,0.5,1.0,2
54,20,2445,3.107786178588867,-3.107786178588867,0.0,1.5538930892944336,0.0,0.5,2
55,20,3966,3.0930843353271484,3.0930843353271484,1.5465421676635742,0.0,0.5,0.0,2
56,20,2900,3.090606689453125,3.090606689453125,1.5453033447265625,0.0,0.5,0.0,2
57,20,9398,3.0891666412353516,3.0891666412353516,1.5445833206176758,0.0,0.5,0.0,2
58,20,15829,3.0879716873168945,3.0879716873168945,1.5439858436584473,0.0,0.5,0.0,2
59,20,16279,3.0832834243774414,-3.0832834243774414,0.0,1.5416417121887207,0.0,0.5,2
60,20,10860,3.0668578147888184,3.0668578147888184,1.5334289073944092,0.0,0.5,0.0,2
61,20,8180,3.056875228881836,-3.056875228881836,0.0,1.528437614440918,0.0,0.5,2
62,20,7589,3.0530052185058594,-2.952922821044922,6.534131050109863,8.010592460632324,1.0,1.0,2
63,20,5433,3.0514512062072754,3.0514512062072754,1.5257256031036377,0.0,0.5,0.0,2
64,20,7174,3.0370938777923584,3.0370938777923584,1.5185469388961792,0.0,0.5,0.0,2
65,20,1772,3.0335116386413574,-3.0335116386413574,0.0,1.5167558193206787,0.0,0.5,2
66,20,7508,3.031614303588867,3.031614303588867,22.488990783691406,20.973182678222656,1.0,1.0,2
67,20,16159,3.020456075668335,3.020456075668335,1.5102280378341675,0.0,0.5,0.0,2
68,20,15238,3.0116405487060547,3.0116405487060547,1.5058202743530273,0.0,0.5,0.0,2
69,20,11215,3.0083870887756348,-3.0083870887756348,0.0,1.5041935443878174,0.0,0.5,2
70,20,11333,3.0000391006469727,-3.0000391006469727,0.0,1.5000195503234863,0.0,0.5,2
71,20,14884,2.994070529937744,2.994070529937744,1.497035264968872,0.0,0.5,0.0,2
72,20,13358,2.9792418479919434,2.9792418479919434,1.4896209239959717,0.0,0.5,0.0,2
73,20,10478,2.9532508850097656,-2.9532508850097656,0.0,1.4766254425048828,0.0,0.5,2
74,20,12321,2.9508018493652344,-2.9508018493652344,0.0,1.4754009246826172,0.0,0.5,2
75,20,4539,2.932960033416748,-2.932960033416748,0.0,1.466480016708374,0.0,0.5,2
76,20,2361,2.9288504123687744,-2.9288504123687744,0.0,1.4644252061843872,0.0,0.5,2
77,20,10299,2.9283838272094727,2.7381601333618164,2.8275818824768066,1.4585018157958984,1.0,0.5,2
78,20,13545,2.9226298332214355,2.9226298332214355,1.4613149166107178,0.0,0.5,0.0,2
79,20,15450,2.916037082672119,-2.916037082672119,0.0,1.4580185413360596,0.0,0.5,2
80,20,50,2.8952999114990234,-2.8952999114990234,0.0,1.4476499557495117,0.0,0.5,2
81,20,1115,2.878377914428711,2.878377914428711,3.8860630989074707,2.4468741416931152,0.5,0.5,2
82,20,627,2.877185344696045,2.877185344696045,1.4385926723480225,0.0,0.5,0.0,2
83,20,3415,2.8617594242095947,2.8617594242095947,1.4308797121047974,0.0,0.5,0.0,2
84,20,7502,2.858212471008301,2.858212471008301,1.4291062355041504,0.0,0.5,0.0,2
85,20,10815,2.839249610900879,2.839249610900879,1.4196248054504395,0.0,0.5,0.0,2
86,20,10929,2.833768844604492,-2.833768844604492,0.0,1.416884422302246,0.0,0.5,2
87,20,4095,2.833144187927246,2.833144187927246,1.416572093963623,0.0,0.5,0.0,2
88,20,12410,2.8255701065063477,-2.8255701065063477,0.0,1.4127850532531738,0.0,0.5,2
89,20,4405,2.8253278732299805,-2.8253278732299805,0.0,1.4126639366149902,0.0,0.5,2
90,20,11559,2.8194150924682617,-2.8194150924682617,1.5330877304077148,2.9427952766418457,0.5,1.0,2
91,20,10514,2.8160367012023926,2.8160367012023926,1.4080183506011963,0.0,0.5,0.0,2
92,20,7705,2.807753562927246,2.807753562927246,1.403876781463623,0.0,0.5,0.0,2
93,20,3593,2.805522918701172,2.805522918701172,1.402761459350586,0.0,0.5,0.0,2
94,20,3876,2.805436134338379,2.805436134338379,1.4027180671691895,0.0,0.5,0.0,2
95,20,2076,2.8029584884643555,-2.8029584884643555,0.0,1.4014792442321777,0.0,0.5,2
96,20,2403,2.800903797149658,-2.800903797149658,0.0,1.400451898574829,0.0,0.5,2
97,20,8194,2.7917423248291016,2.7917423248291016,1.3958711624145508,0.0,0.5,0.0,2
98,20,14240,2.7792201042175293,2.7792201042175293,1.3896100521087646,0.0,0.5,0.0,2
99,20,15790,2.7750635147094727,-2.7750635147094727,0.0,1.3875317573547363,0.0,0.5,2
100,20,5188,2.7731266021728516,2.7731266021728516,1.3865633010864258,0.0,0.5,0.0,2
101,20,46,2.7693328857421875,2.7693328857421875,1.3846664428710938,0.0,0.5,0.0,2
102,20,6954,2.7643001079559326,2.7643001079559326,1.3821500539779663,0.0,0.5,0.0,2
103,20,844,2.756263256072998,2.74476957321167,3.3571438789367676,1.9847590923309326,1.0,0.5,2
104,20,9349,2.7555298805236816,2.7555298805236816,1.3777649402618408,0.0,0.5,0.0,2
105,20,10064,2.750661611557007,2.750661611557007,1.3753308057785034,0.0,0.5,0.0,2
106,20,4974,2.7472143173217773,-2.7472143173217773,0.0,1.3736071586608887,0.0,0.5,2
107,20,13554,2.7454912662506104,2.7454912662506104,1.3727456331253052,0.0,0.5,0.0,2
108,20,13623,2.737152099609375,2.737152099609375,1.3685760498046875,0.0,0.5,0.0,2
109,20,3863,2.734917163848877,2.734917163848877,1.3674585819244385,0.0,0.5,0.0,2
110,20,4002,2.731794834136963,2.731794834136963,1.3658974170684814,0.0,0.5,0.0,2
111,20,11471,2.713886260986328,2.713886260986328,1.356943130493164,0.0,0.5,0.0,2
112,20,1141,2.6966676712036133,-2.6966676712036133,0.0,1.3483338356018066,0.0,0.5,2
113,20,114,2.680387496948242,2.680387496948242,1.340193748474121,0.0,0.5,0.0,2
114,20,1915,2.674081325531006,2.674081325531006,1.337040662765503,0.0,0.5,0.0,2
115,20,2640,2.665029525756836,2.665029525756836,1.332514762878418,0.0,0.5,0.0,2
116,20,6988,2.6460466384887695,2.6460466384887695,1.3230233192443848,0.0,0.5,0.0,2
117,20,1985,2.636728286743164,-2.636728286743164,2.6507937908172607,3.9691579341888428,0.5,0.5,2
118,20,14569,2.6366868019104004,2.6366868019104004,1.3183434009552002,0.0,0.5,0.0,2
119,20,8182,2.571232795715332,-2.571232795715332,0.0,1.285616397857666,0.0,0.5,2
120,20,10952,2.49554443359375,-2.49554443359375,8.224849700927734,9.47262191772461,0.5,0.5,2
121,20,12692,2.4260454177856445,-2.4260454177856445,3.9300336837768555,5.143056392669678,0.5,0.5,2
122,20,10652,2.402276039123535,-2.402276039123535,1.7514548301696777,2.9525928497314453,0.5,0.5,2
123,20,14695,2.2135868072509766,-2.2135868072509766,2.5594921112060547,3.666285514831543,0.5,0.5,2
124,20,10334,2.175518035888672,-2.175518035888672,4.538300514221191,5.626059532165527,0.5,0.5,2
125,20,12551,2.110560417175293,-2.110560417175293,2.5031373500823975,3.558417558670044,0.5,0.5,2
126,20,130,2.059915065765381,-2.059915065765381,1.6244122982025146,2.654369831085205,0.5,0.5,2
127,20,8243,2.020658493041992,-2.020658493041992,3.0513429641723633,4.061672210693359,0.5,0.5,2
128,20,2305,1.7731761932373047,1.7731761932373047,2.5467214584350586,1.6601333618164062,0.5,0.5,2
129,20,4546,1.6929526329040527,1.6929526329040527,2.302868127822876,1.4563918113708496,0.5,0.5,2
130,20,11611,1.6912517547607422,1.6912517547607422,8.926374435424805,8.080747604370117,1.0,1.0,2
131,20,5999,1.6546077728271484,-1.1634883880615234,10.786001205444336,11.367745399475098,1.0,1.0,2
132,20,8611,1.6533324718475342,1.6533324718475342,4.82236385345459,3.9956979751586914,1.0,1.0,2
133,20,8468,1.5950927734375,1.5950927734375,2.1499996185302734,1.3524532318115234,0.5,0.5,2
134,20,2873,1.539060115814209,-1.4537405967712402,5.880746841430664,6.607617378234863,1.0,1.0,2
135,20,1293,1.5302917957305908,1.5302917957305908,2.7072558403015137,1.9421099424362183,0.5,0.5,2
136,20,5405,1.4457283020019531,-1.4457283020019531,12.361257553100586,13.084121704101562,1.0,1.0,2
137,20,8298,1.4395370483398438,1.4395370483398438,2.2750449180603027,1.5552763938903809,0.5,0.5,2
138,20,10547,1.408334732055664,1.408334732055664,2.5052876472473145,1.8011202812194824,0.5,0.5,2
139,20,11317,1.3656864166259766,-1.3656864166259766,1.56312894821167,2.245972156524658,0.5,0.5,2
140,20,5279,1.3282785415649414,1.3282785415649414,2.4761760234832764,1.8120367527008057,0.5,0.5,2
141,20,173,1.2768783569335938,1.2768783569335938,3.0047972202301025,2.3663580417633057,0.5,0.5,2
142,20,2462,1.2253484725952148,-1.2253484725952148,2.034426689147949,2.6471009254455566,0.5,0.5,2
143,20,3622,1.221756935119629,1.221756935119629,2.8386173248291016,2.227738857269287,0.5,0.5,2
144,20,6409,1.1766862869262695,1.1766862869262695,2.2774367332458496,1.6890935897827148,0.5,0.5,2
145,20,11593,1.0480976104736328,1.0480976104736328,9.56291675567627,9.038867950439453,1.0,1.0,2
146,20,13927,1.0246620178222656,1.0246620178222656,2.27958345413208,1.7672524452209473,0.5,0.5,2
147,20,8680,1.007863998413086,-1.007863998413086,10.125258445739746,10.629190444946289,1.0,1.0,2
148,20,10209,0.9928743839263916,0.9928743839263916,2.0846548080444336,1.5882176160812378,0.5,0.5,2
149,20,4123,0.9775762557983398,0.9775762557983398,2.1010355949401855,1.6122474670410156,0.5,0.5,2
150,20,13263,0.9131622314453125,-0.9131622314453125,2.1699469089508057,2.626528024673462,0.5,0.5,2
151,20,15773,0.9052028656005859,0.9052028656005859,3.6897530555725098,3.237151622772217,0.5,0.5,2
152,20,11660,0.888300895690918,0.8083810806274414,4.670984745025635,4.266794204711914,1.0,1.0,2
153,20,15479,0.8837308883666992,0.8837308883666992,5.306540012359619,4.8646745681762695,1.0,1.0,2
154,20,14140,0.855804443359375,-0.855804443359375,1.448460578918457,1.8763628005981445,0.5,0.5,2
155,20,6032,0.8303494453430176,0.8303494453430176,2.108991861343384,1.693817138671875,0.5,0.5,2
156,20,1035,0.8053112030029297,-0.8053112030029297,2.154318332672119,2.556973934173584,0.5,0.5,2
157,20,8742,0.8026008605957031,0.8026008605957031,4.900311470031738,4.499011039733887,0.5,0.5,2
158,20,15832,0.7911748886108398,-0.7911748886108398,2.1704792976379395,2.5660667419433594,0.5,0.5,2
159,20,11992,0.7764968872070312,0.7764968872070312,1.8670704364776611,1.4788219928741455,0.5,0.5,2
160,20,8425,0.7750201225280762,-0.7750201225280762,6.322053909301758,6.709563732147217,1.0,1.0,2
161,20,12157,0.7563571929931641,0.7563571929931641,2.115877628326416,1.737699031829834,0.5,0.5,2
162,20,8152,0.7194986343383789,-0.7194986343383789,3.3191614151000977,3.678910732269287,1.0,1.0,2
163,20,4758,0.7173404693603516,-0.7173404693603516,2.1073975563049316,2.4660677909851074,0.5,0.5,2
164,20,672,0.7129068374633789,-0.1174478530883789,5.190621852874756,5.249345779418945,1.0,1.0,2
165,20,3447,0.6745405197143555,-0.6745405197143555,2.018800735473633,2.3560709953308105,0.5,0.5,2
166,20,6124,0.6690187454223633,0.6690187454223633,1.8939096927642822,1.5594003200531006,0.5,0.5,2
167,20,7939,0.6383061408996582,0.6383061408996582,1.8509008884429932,1.531747817993164,0.5,0.5,2
168,20,16324,0.6145792007446289,0.6145792007446289,1.6621432304382324,1.354853630065918,0.5,0.5,2
169,20,3478,0.610325813293457,0.610325813293457,2.4561715126037598,2.1510086059570312,0.5,0.5,2
170,20,6341,0.602259635925293,0.602259635925293,3.387314796447754,3.0861849784851074,1.0,1.0,2
171,20,555,0.5751361846923828,0.5751361846923828,2.497866630554199,2.210298538208008,0.5,0.5,2
172,20,5751,0.5729584693908691,-0.4026350975036621,5.644445419311523,5.845763206481934,1.0,1.0,2
173,20,4554,0.5721874237060547,0.5721874237060547,2.0244762897491455,1.7383825778961182,0.5,0.5,2
174,20,10089,0.5603179931640625,0.5603179931640625,1.956573724746704,1.6764147281646729,0.5,0.5,2
175,20,13498,0.5357956886291504,0.5357956886291504,1.7278010845184326,1.4599032402038574,0.5,0.5,2
176,20,2147,0.5074396133422852,0.5074396133422852,1.8236792087554932,1.5699594020843506,0.5,0.5,2
177,20,5987,0.5051746368408203,0.5051746368408203,4.200732231140137,3.9481449127197266,1.0,1.0,2
178,20,14076,0.5045022964477539,0.5045022964477539,2.15901780128479,1.906766653060913,0.5,0.5,2
179,20,14948,0.4938831329345703,0.4938831329345703,1.8783154487609863,1.6313738822937012,0.5,0.5,2
180,20,4262,0.4801301956176758,0.4801301956176758,2.066206932067871,1.8261418342590332,0.5,0.5,2
181,20,7302,0.4779195785522461,-0.3984212875366211,12.83869743347168,13.037908554077148,1.0,1.0,2
182,20,2908,0.4754648208618164,-0.4754648208618164,2.0351855754852295,2.2729179859161377,0.5,0.5,2
183,20,4600,0.4676380157470703,-0.4676380157470703,1.4104654788970947,1.6442844867706299,0.5,0.5,2
184,20,4220,0.45217084884643555,0.45217084884643555,4.319914817810059,4.09382963180542,1.0,1.0,2
185,20,13425,0.44727301597595215,0.44727301597595215,1.812183141708374,1.588546633720398,0.5,0.5,2
186,20,721,0.43636059761047363,-0.43636059761047363,1.8097270727157593,2.027907371520996,0.5,0.5,2
187,20,14889,0.4204874038696289,-0.3683042526245117,10.48617935180664,10.670331954956055,1.0,1.0,2
188,20,2344,0.4072723388671875,0.4072723388671875,1.862473726272583,1.6588375568389893,0.5,0.5,2
189,20,7509,0.40056324005126953,0.40056324005126953,1.9372482299804688,1.736966609954834,0.5,0.5,2
190,20,5925,0.4001593589782715,0.4001593589782715,1.8218668699264526,1.621787190437317,0.5,0.5,2
191,20,7362,0.38245296478271484,-0.38245296478271484,1.9315664768218994,2.122792959213257,0.5,0.5,2
192,20,8390,0.35692501068115234,0.35692501068115234,1.9273041486740112,1.748841643333435,0.5,0.5,2
193,20,7815,0.34209728240966797,0.34209728240966797,1.9348199367523193,1.7637712955474854,0.5,0.5,2
194,20,14425,0.3363304138183594,-0.3363304138183594,6.283445358276367,6.451610565185547,0.5,0.5,2
195,20,3116,0.2924022674560547,-0.2924022674560547,1.6962757110595703,1.8424768447875977,0.5,0.5,2
196,20,3570,0.289766788482666,-0.289766788482666,3.726322650909424,3.871206045150757,1.0,1.0,2
197,20,2138,0.2891807556152344,-0.2891807556152344,1.6313085556030273,1.7758989334106445,0.5,0.5,2
198,20,3,0.2888603210449219,-0.2888603210449219,1.4171485900878906,1.5615787506103516,0.5,0.5,2
199,20,3385,0.2886543273925781,-0.2886543273925781,1.6828064918518066,1.8271336555480957,0.5,0.5,2
200,20,5286,0.28714561462402344,0.28714561462402344,1.7926000356674194,1.6490272283554077,0.5,0.5,2
201,20,15138,0.2663383483886719,0.2663383483886719,4.921232223510742,4.788063049316406,0.5,0.5,2
202,20,6463,0.2654151916503906,0.2654151916503906,4.627282619476318,4.494575023651123,0.5,0.5,2
203,20,3718,0.2645149230957031,-0.2645149230957031,1.3465073108673096,1.4787647724151611,0.5,0.5,2
204,20,10094,0.26444435119628906,-0.26444435119628906,2.0000429153442383,2.132265090942383,0.5,0.5,2
205,20,12469,0.2406005859375,0.2406005859375,1.563417911529541,1.443117618560791,0.5,0.5,2
206,20,4288,0.23651766777038574,0.23651766777038574,1.5888382196426392,1.4705793857574463,0.5,0.5,2
207,20,6574,0.23356056213378906,0.23356056213378906,3.4344747066497803,3.3176944255828857,0.5,0.5,2
208,20,6641,0.23033714294433594,0.23033714294433594,2.533958911895752,2.418790340423584,0.5,0.5,2
209,20,13507,0.223052978515625,-0.223052978515625,1.5950844287872314,1.706610918045044,0.5,0.5,2
210,20,12626,0.22011566162109375,-0.22011566162109375,1.691216230392456,1.801274061203003,0.5,0.5,2
211,20,6392,0.2137737274169922,0.2137737274169922,2.4739856719970703,2.367098808288574,0.5,0.5,2
212,20,8916,0.21356964111328125,0.21356964111328125,1.5779750347137451,1.4711902141571045,0.5,0.5,2
213,20,527,0.2090320587158203,-0.2090320587158203,1.5234358310699463,1.6279518604278564,0.5,0.5,2
214,20,4337,0.20780563354492188,0.20780563354492188,5.349884033203125,5.245981216430664,0.5,0.5,2
215,20,14114,0.20663833618164062,0.20663833618164062,1.4792592525482178,1.3759400844573975,0.5,0.5,2
216,20,8717,0.20246028900146484,0.20246028900146484,1.8082919120788574,1.707061767578125,0.5,0.5,2
217,20,13417,0.19627952575683594,0.19627952575683594,3.2283923625946045,3.1302525997161865,0.5,0.5,2
218,20,8525,0.19626712799072266,0.19626712799072266,2.764702558517456,2.6665689945220947,0.5,0.5,2
219,20,14825,0.19562244415283203,-0.19562244415283203,1.5782980918884277,1.6761093139648438,0.5,0.5,2
220,20,12725,0.19150161743164062,-0.19150161743164062,1.750396728515625,1.8461475372314453,0.5,0.5,2
221,20,11476,0.18779754638671875,-0.15336322784423828,3.318342447280884,3.395024061203003,1.0,1.0,2
222,20,1073,0.17814922332763672,-0.17814922332763672,1.734452724456787,1.8235273361206055,0.5,0.5,2
223,20,3223,0.1779499053955078,-0.1779499053955078,1.4059584140777588,1.4949333667755127,0.5,0.5,2
224,20,2427,0.17554569244384766,-0.17554569244384766,1.9803287982940674,2.068101644515991,0.5,0.5,2
225,20,3755,0.1749744415283203,-0.1749744415283203,1.377988338470459,1.4654755592346191,0.5,0.5,2
226,20,6310,0.15468215942382812,-0.15468215942382812,1.7385587692260742,1.8158998489379883,0.5,0.5,2
227,20,7949,0.15131092071533203,0.15131092071533203,1.589789867401123,1.514134407043457,0.5,0.5,2
228,20,9714,0.1482381820678711,0.1482381820678711,1.6831469535827637,1.6090278625488281,0.5,0.5,2
229,20,14306,0.1466827392578125,-0.1466827392578125,2.2505381107330322,2.3238794803619385,0.5,0.5,2
230,20,4477,0.1444835662841797,0.1444835662841797,2.082275390625,2.01003360748291,0.5,0.5,2
231,20,5520,0.14244365692138672,-0.14244365692138672,1.7688159942626953,1.8400378227233887,0.5,0.5,2
232,20,11882,0.1381998062133789,-0.1381998062133789,2.4394025802612305,2.50850248336792,0.5,0.5,2
233,20,7259,0.13759231567382812,0.13759231567382812,4.08992862701416,4.021132469177246,0.5,0.5,2
234,20,5387,0.13405990600585938,-0.13405990600585938,3.84332275390625,3.9103527069091797,0.5,0.5,2
235,20,15861,0.129500150680542,0.129500150680542,1.5146597623825073,1.4499096870422363,0.5,0.5,2
236,20,10092,0.12909221649169922,-0.12909221649169922,1.9527475833892822,2.017293691635132,0.5,0.5,2
237,20,7216,0.12888813018798828,-0.12888813018798828,1.5586509704589844,1.6230950355529785,0.5,0.5,2
238,20,10518,0.12437820434570312,-0.12437820434570312,2.42503023147583,2.4872193336486816,0.5,0.5,2
239,20,10008,0.12366724014282227,-0.12366724014282227,1.9418931007385254,2.0037267208099365,0.5,0.5,2
240,20,9072,0.12124061584472656,0.12124061584472656,1.4402666091918945,1.3796463012695312,0.5,0.5,2
241,20,13691,0.12087631225585938,-0.12087631225585938,2.26025128364563,2.3206894397735596,0.5,0.5,2
242,20,2182,0.11455059051513672,-0.11455059051513672,3.392669439315796,3.4499447345733643,0.5,0.5,2
243,20,3650,0.11068153381347656,0.11068153381347656,3.193330764770508,3.1379899978637695,0.5,0.5,2
244,20,14683,0.11022281646728516,0.11022281646728516,2.212947368621826,2.1578359603881836,0.5,0.5,2
245,20,11296,0.10990428924560547,0.10990428924560547,1.6756110191345215,1.6206588745117188,0.5,0.5,2
246,20,4733,0.10967206954956055,-0.10967206954956055,2.4323508739471436,2.487186908721924,0.5,0.5,2
247,20,16014,0.10900402069091797,-0.10900402069091797,1.4871716499328613,1.5416736602783203,0.5,0.5,2
248,20,14878,0.10795021057128906,-0.10795021057128906,2.5131585597991943,2.567133665084839,0.5,0.5,2
249,20,6370,0.10742998123168945,-0.10742998123168945,1.614578366279602,1.6682933568954468,0.5,0.5,2
250,20,12266,0.1067056655883789,-0.1067056655883789,1.5742838382720947,1.6276366710662842,0.5,0.5,2
251,20,12444,0.10442161560058594,-0.10442161560058594,4.858197212219238,4.910408020019531,0.5,0.5,2
252,20,9852,0.1025552749633789,-0.1025552749633789,1.7301864624023438,1.7814640998840332,0.5,0.5,2
253,20,3590,0.1022491455078125,-0.1022491455078125,1.9441726207733154,1.9952971935272217,0.5,0.5,2
254,20,894,0.10224246978759766,0.10224246978759766,1.6250042915344238,1.573883056640625,0.5,0.5,2
255,20,9693,0.10110950469970703,-0.10110950469970703,2.5177862644195557,2.568341016769409,0.5,0.5,2
256,20,11723,0.0943903923034668,-0.0943903923034668,1.3867477178573608,1.4339429140090942,0.5,0.5,2
257,20,12872,0.09217977523803711,-0.09217977523803711,1.3730521202087402,1.4191420078277588,0.5,0.5,2
258,20,6737,0.09055137634277344,0.09055137634277344,1.5202736854553223,1.4749979972839355,0.5,0.5,2
259,20,3423,0.09046649932861328,0.09046649932861328,2.7887792587280273,2.7435460090637207,0.5,0.5,2
260,20,13656,0.08547496795654297,-0.08547496795654297,1.2802331447601318,1.3229706287384033,0.5,0.5,2
261,20,5431,0.0845937728881836,0.0845937728881836,1.4586257934570312,1.4163289070129395,0.5,0.5,2
262,20,7485,0.08436393737792969,-0.08436393737792969,3.628767728805542,3.670949697494507,0.5,0.5,2
263,20,14634,0.08416175842285156,0.08416175842285156,1.8629875183105469,1.820906639099121,0.5,0.5,2
264,20,4970,0.08078956604003906,0.08078956604003906,1.517601728439331,1.4772069454193115,0.5,0.5,2
265,20,13394,0.08059310913085938,-0.08059310913085938,2.538356304168701,2.578652858734131,0.5,0.5,2
266,20,3112,0.0791940689086914,-0.0791940689086914,1.3632442951202393,1.402841329574585,0.5,0.5,2
267,20,9674,0.0773458480834961,-0.0773458480834961,1.9068236351013184,1.9454965591430664,0.5,0.5,2
268,20,15685,0.07013702392578125,-0.07013702392578125,4.110499858856201,4.145568370819092,0.5,0.5,2
269,20,4483,0.06947135925292969,-0.06947135925292969,1.6568033695220947,1.6915390491485596,0.5,0.5,2
270,20,437,0.06793689727783203,0.06793689727783203,1.4073097705841064,1.3733413219451904,0.5,0.5,2
271,20,11549,0.062088966369628906,-0.062088966369628906,1.4845480918884277,1.5155925750732422,0.5,0.5,2
272,20,15314,0.06114006042480469,-0.06114006042480469,1.4518470764160156,1.482417106628418,0.5,0.5,2
273,20,10461,0.0610804557800293,-0.0610804557800293,1.8385155200958252,1.8690557479858398,0.5,0.5,2
274,20,15421,0.05935192108154297,-0.05935192108154297,1.394972324371338,1.4246482849121094,0.5,0.5,2
275,20,15247,0.05568218231201172,0.05568218231201172,4.212840557098389,4.184999465942383,0.5,0.5,2
276,20,9770,0.055034637451171875,-0.055034637451171875,1.445749044418335,1.473266363143921,0.5,0.5,2
277,20,4685,0.05358600616455078,-0.05358600616455078,1.3293075561523438,1.3561005592346191,0.5,0.5,2
278,20,3207,0.05200004577636719,-0.05200004577636719,1.9896254539489746,2.015625476837158,0.5,0.5,2
279,20,775,0.05166816711425781,0.05166816711425781,1.66253662109375,1.636702537536621,0.5,0.5,2
280,20,4392,0.050945281982421875,-0.050945281982421875,2.800414800643921,2.825887441635132,0.5,0.5,2
281,20,1836,0.04792499542236328,0.04792499542236328,1.5499906539916992,1.5260281562805176,0.5,0.5,2
282,20,6611,0.047618865966796875,-0.047618865966796875,2.1927690505981445,2.216578483581543,0.5,0.5,2
283,20,7547,0.04524040222167969,-0.04524040222167969,1.9285390377044678,1.9511592388153076,0.5,0.5,2
284,20,3347,0.04474449157714844,-0.04474449157714844,6.353283882141113,6.3756561279296875,0.5,0.5,2
285,20,13427,0.043747901916503906,-0.043747901916503906,1.3819396495819092,1.4038136005401611,0.5,0.5,2
286,20,3239,0.04345703125,0.04345703125,3.36649751663208,3.34476900100708,0.5,0.5,2
287,20,420,0.04037284851074219,-0.04037284851074219,1.5570027828216553,1.5771892070770264,0.5,0.5,2
288,20,5627,0.04005622863769531,0.04005622863769531,3.4823813438415527,3.462353229522705,0.5,0.5,2
289,20,4126,0.03727245330810547,-0.03727245330810547,2.0285935401916504,2.047229766845703,0.5,0.5,2
290,20,5147,0.03598833084106445,-0.03598833084106445,1.5993139743804932,1.6173081398010254,0.5,0.5,2
291,20,697,0.035091400146484375,-0.035091400146484375,5.096835613250732,5.114381313323975,0.5,0.5,2
292,20,6027,0.03456878662109375,0.03456878662109375,1.7756428718566895,1.7583584785461426,0.5,0.5,2
293,20,8456,0.03302955627441406,0.03302955627441406,6.36366605758667,6.347151279449463,1.0,1.0,2
294,20,892,0.03238487243652344,-0.03238487243652344,1.5352654457092285,1.5514578819274902,0.5,0.5,2
295,20,8497,0.032151222229003906,0.032151222229003906,1.5234205722808838,1.5073449611663818,0.5,0.5,2
296,20,6519,0.029361248016357422,0.029361248016357422,1.5652251243591309,1.5505445003509521,0.5,0.5,2
297,20,11624,0.02920246124267578,0.02920246124267578,1.9641315937042236,1.9495303630828857,0.5,0.5,2
298,20,13872,0.028673171997070312,-0.028673171997070312,2.1259870529174805,2.1403236389160156,0.5,0.5,2
299,20,15299,0.02644062042236328,0.02644062042236328,2.61191463470459,2.598694324493408,0.5,0.5,2
300,20,8489,0.025997161865234375,-0.025997161865234375,3.444793224334717,3.457791805267334,0.5,0.5,2
301,20,15487,0.019008636474609375,0.019008636474609375,1.3772215843200684,1.3677172660827637,0.5,0.5,2
302,20,4665,0.01753997802734375,0.01753997802734375,1.6678087711334229,1.659038782119751,0.5,0.5,2
303,20,2976,0.01710987091064453,0.01710987091064453,2.417532205581665,2.4089772701263428,0.5,0.5,2
304,20,11906,0.01389455795288086,0.01389455795288086,1.5742919445037842,1.5673446655273438,0.5,0.5,2
305,20,8883,0.013517379760742188,0.013517379760742188,1.6182513236999512,1.61149263381958,0.5,0.5,2
306,20,11777,0.012308120727539062,0.012308120727539062,5.6743083000183105,5.668154239654541,0.5,0.5,2
307,20,11636,0.011514663696289062,0.011514663696289062,3.040391445159912,3.0346341133117676,0.5,0.5,2
308,20,8659,0.009057044982910156,0.009057044982910156,2.3512487411499023,2.3467202186584473,0.5,0.5,2
309,20,15769,0.00866079330444336,0.00866079330444336,1.723344326019287,1.7190139293670654,0.5,0.5,2
310,20,6589,0.00739288330078125,-0.00739288330078125,1.6832385063171387,1.6869349479675293,0.5,0.5,2
311,20,2468,0.00701141357421875,0.00701141357421875,1.718907117843628,1.7154014110565186,0.5,0.5,2
312,20,14308,0.0066471099853515625,0.0066471099853515625,2.4083685874938965,2.4050450325012207,0.5,0.5,2
313,20,9106,0.0047550201416015625,0.0047550201416015625,1.5308327674865723,1.5284552574157715,0.5,0.5,2
314,20,7434,0.003223419189453125,-0.003223419189453125,1.8200263977050781,1.8216381072998047,0.5,0.5,2
315,20,4459,0.00307464599609375,0.00307464599609375,1.6028900146484375,1.6013526916503906,0.5,0.5,2
316,20,4769,0.0029115676879882812,0.0029115676879882812,2.1822330951690674,2.1807773113250732,0.5,0.5,2
317,20,13043,0.0011920928955078125,-0.0011920928955078125,1.9364168643951416,1.9370129108428955,0.5,0.5,2
318,20,10672,0.0009002685546875,0.0009002685546875,1.6829099655151367,1.682459831237793,0.5,0.5,2
319,20,2531,0.0,0.0,0.0,0.0,0.0,0.0,2
320,20,2425,0.0,0.0,0.0,0.0,0.0,0.0,2
321,20,2442,0.0,0.0,0.0,0.0,0.0,0.0,2
322,20,2535,0.0,0.0,0.0,0.0,0.0,0.0,2
323,20,2424,0.0,0.0,0.0,0.0,0.0,0.0,2
324,20,2534,0.0,0.0,0.0,0.0,0.0,0.0,2
325,20,2443,0.0,0.0,0.0,0.0,0.0,0.0,2
326,20,2423,0.0,0.0,0.0,0.0,0.0,0.0,2
327,20,2533,0.0,0.0,0.0,0.0,0.0,0.0,2
328,20,2444,0.0,0.0,0.0,0.0,0.0,0.0,2
329,20,2532,0.0,0.0,0.0,0.0,0.0,0.0,2
330,20,2547,0.0,0.0,0.0,0.0,0.0,0.0,2
331,20,2446,0.0,0.0,0.0,0.0,0.0,0.0,2
332,20,2447,0.0,0.0,0.0,0.0,0.0,0.0,2
333,20,2441,0.0,0.0,0.0,0.0,0.0,0.0,2
334,20,2548,0.0,0.0,0.0,0.0,0.0,0.0,2
335,20,2422,0.0,0.0,0.0,0.0,0.0,0.0,2
336,20,2448,0.0,0.0,0.0,0.0,0.0,0.0,2
337,20,2421,0.0,0.0,0.0,0.0,0.0,0.0,2
338,20,2420,0.0,0.0,0.0,0.0,0.0,0.0,2
339,20,2549,0.0,0.0,0.0,0.0,0.0,0.0,2
340,20,2419,0.0,0.0,0.0,0.0,0.0,0.0,2
341,20,2530,0.0,0.0,0.0,0.0,0.0,0.0,2
342,20,2418,0.0,0.0,0.0,0.0,0.0,0.0,2
343,20,2495,0.0,0.0,0.0,0.0,0.0,0.0,2
344,20,2604,0.0,0.0,0.0,0.0,0.0,0.0,2
345,20,2438,0.0,0.0,0.0,0.0,0.0,0.0,2
346,20,2434,0.0,0.0,0.0,0.0,0.0,0.0,2
347,20,2433,0.0,0.0,0.0,0.0,0.0,0.0,2
348,20,2432,0.0,0.0,0.0,0.0,0.0,0.0,2
349,20,2431,0.0,0.0,0.0,0.0,0.0,0.0,2
350,20,2541,0.0,0.0,0.0,0.0,0.0,0.0,2
351,20,2436,0.0,0.0,0.0,0.0,0.0,0.0,2
352,20,2540,0.0,0.0,0.0,0.0,0.0,0.0,2
353,20,2430,0.0,0.0,0.0,0.0,0.0,0.0,2
354,20,2539,0.0,0.0,0.0,0.0,0.0,0.0,2
355,20,2437,0.0,0.0,0.0,0.0,0.0,0.0,2
356,20,2429,0.0,0.0,0.0,0.0,0.0,0.0,2
357,20,2538,0.0,0.0,0.0,0.0,0.0,0.0,2
358,20,2435,0.0,0.0,0.0,0.0,0.0,0.0,2
359,20,2537,0.0,0.0,0.0,0.0,0.0,0.0,2
360,20,2428,0.0,0.0,0.0,0.0,0.0,0.0,2
361,20,2426,0.0,0.0,0.0,0.0,0.0,0.0,2
362,20,2439,0.0,0.0,0.0,0.0,0.0,0.0,2
363,20,2542,0.0,0.0,0.0,0.0,0.0,0.0,2
364,20,2543,0.0,0.0,0.0,0.0,0.0,0.0,2
365,20,2544,0.0,0.0,0.0,0.0,0.0,0.0,2
366,20,2545,0.0,0.0,0.0,0.0,0.0,0.0,2
367,20,2536,0.0,0.0,0.0,0.0,0.0,0.0,2
368,20,2546,0.0,0.0,0.0,0.0,0.0,0.0,2
369,20,2440,0.0,0.0,0.0,0.0,0.0,0.0,2
370,20,2479,0.0,0.0,0.0,0.0,0.0,0.0,2
371,20,2505,0.0,0.0,0.0,0.0,0.0,0.0,2
372,20,2484,0.0,0.0,0.0,0.0,0.0,0.0,2
373,20,2506,0.0,0.0,0.0,0.0,0.0,0.0,2
374,20,2507,0.0,0.0,0.0,0.0,0.0,0.0,2
375,20,2483,0.0,0.0,0.0,0.0,0.0,0.0,2
376,20,2482,0.0,0.0,0.0,0.0,0.0,0.0,2
377,20,2481,0.0,0.0,0.0,0.0,0.0,0.0,2
378,20,2480,0.0,0.0,0.0,0.0,0.0,0.0,2
379,20,2508,0.0,0.0,0.0,0.0,0.0,0.0,2
380,20,2485,0.0,0.0,0.0,0.0,0.0,0.0,2
381,20,2478,0.0,0.0,0.0,0.0,0.0,0.0,2
382,20,2477,0.0,0.0,0.0,0.0,0.0,0.0,2
383,20,2509,0.0,0.0,0.0,0.0,0.0,0.0,2
384,20,2510,0.0,0.0,0.0,0.0,0.0,0.0,2
385,20,2476,0.0,0.0,0.0,0.0,0.0,0.0,2
386,20,2475,0.0,0.0,0.0,0.0,0.0,0.0,2
387,20,2474,0.0,0.0,0.0,0.0,0.0,0.0,2
388,20,2473,0.0,0.0,0.0,0.0,0.0,0.0,2
389,20,2472,0.0,0.0,0.0,0.0,0.0,0.0,2
390,20,2501,0.0,0.0,0.0,0.0,0.0,0.0,2
391,20,2496,0.0,0.0,0.0,0.0,0.0,0.0,2
392,20,2494,0.0,0.0,0.0,0.0,0.0,0.0,2
393,20,2497,0.0,0.0,0.0,0.0,0.0,0.0,2
394,20,2498,0.0,0.0,0.0,0.0,0.0,0.0,2
395,20,2499,0.0,0.0,0.0,0.0,0.0,0.0,2
396,20,2493,0.0,0.0,0.0,0.0,0.0,0.0,2
397,20,2500,0.0,0.0,0.0,0.0,0.0,0.0,2
398,20,2492,0.0,0.0,0.0,0.0,0.0,0.0,2
399,20,2491,0.0,0.0,0.0,0.0,0.0,0.0,2
400,20,2471,0.0,0.0,0.0,0.0,0.0,0.0,2
401,20,2502,0.0,0.0,0.0,0.0,0.0,0.0,2
402,20,2490,0.0,0.0,0.0,0.0,0.0,0.0,2
403,20,2489,0.0,0.0,0.0,0.0,0.0,0.0,2
404,20,2488,0.0,0.0,0.0,0.0,0.0,0.0,2
405,20,2503,0.0,0.0,0.0,0.0,0.0,0.0,2
406,20,2504,0.0,0.0,0.0,0.0,0.0,0.0,2
407,20,2487,0.0,0.0,0.0,0.0,0.0,0.0,2
408,20,2486,0.0,0.0,0.0,0.0,0.0,0.0,2
409,20,2452,0.0,0.0,0.0,0.0,0.0,0.0,2
410,20,2519,0.0,0.0,0.0,0.0,0.0,0.0,2
411,20,2520,0.0,0.0,0.0,0.0,0.0,0.0,2
412,20,2457,0.0,0.0,0.0,0.0,0.0,0.0,2
413,20,2456,0.0,0.0,0.0,0.0,0.0,0.0,2
414,20,2455,0.0,0.0,0.0,0.0,0.0,0.0,2
415,20,2521,0.0,0.0,0.0,0.0,0.0,0.0,2
416,20,2522,0.0,0.0,0.0,0.0,0.0,0.0,2
417,20,2454,0.0,0.0,0.0,0.0,0.0,0.0,2
418,20,2453,0.0,0.0,0.0,0.0,0.0,0.0,2
419,20,2518,0.0,0.0,0.0,0.0,0.0,0.0,2
420,20,2523,0.0,0.0,0.0,0.0,0.0,0.0,2
421,20,2524,0.0,0.0,0.0,0.0,0.0,0.0,2
422,20,2525,0.0,0.0,0.0,0.0,0.0,0.0,2
423,20,2451,0.0,0.0,0.0,0.0,0.0,0.0,2
424,20,2526,0.0,0.0,0.0,0.0,0.0,0.0,2
425,20,2527,0.0,0.0,0.0,0.0,0.0,0.0,2
426,20,2528,0.0,0.0,0.0,0.0,0.0,0.0,2
427,20,2450,0.0,0.0,0.0,0.0,0.0,0.0,2
428,20,2529,0.0,0.0,0.0,0.0,0.0,0.0,2
429,20,2466,0.0,0.0,0.0,0.0,0.0,0.0,2
430,20,2470,0.0,0.0,0.0,0.0,0.0,0.0,2
431,20,2511,0.0,0.0,0.0,0.0,0.0,0.0,2
432,20,2512,0.0,0.0,0.0,0.0,0.0,0.0,2
433,20,2513,0.0,0.0,0.0,0.0,0.0,0.0,2
434,20,2514,0.0,0.0,0.0,0.0,0.0,0.0,2
435,20,2469,0.0,0.0,0.0,0.0,0.0,0.0,2
436,20,2467,0.0,0.0,0.0,0.0,0.0,0.0,2
437,20,2515,0.0,0.0,0.0,0.0,0.0,0.0,2
438,20,2516,0.0,0.0,0.0,0.0,0.0,0.0,2
439,20,2449,0.0,0.0,0.0,0.0,0.0,0.0,2
440,20,2465,0.0,0.0,0.0,0.0,0.0,0.0,2
441,20,2517,0.0,0.0,0.0,0.0,0.0,0.0,2
442,20,2464,0.0,0.0,0.0,0.0,0.0,0.0,2
443,20,2463,0.0,0.0,0.0,0.0,0.0,0.0,2
444,20,2461,0.0,0.0,0.0,0.0,0.0,0.0,2
445,20,2460,0.0,0.0,0.0,0.0,0.0,0.0,2
446,20,2459,0.0,0.0,0.0,0.0,0.0,0.0,2
447,20,2458,0.0,0.0,0.0,0.0,0.0,0.0,2
448,20,2713,0.0,0.0,0.0,0.0,0.0,0.0,2
449,20,2699,0.0,0.0,0.0,0.0,0.0,0.0,2
450,20,2700,0.0,0.0,0.0,0.0,0.0,0.0,2
451,20,2701,0.0,0.0,0.0,0.0,0.0,0.0,2
452,20,2702,0.0,0.0,0.0,0.0,0.0,0.0,2
453,20,2703,0.0,0.0,0.0,0.0,0.0,0.0,2
454,20,2704,0.0,0.0,0.0,0.0,0.0,0.0,2
455,20,2705,0.0,0.0,0.0,0.0,0.0,0.0,2
456,20,2706,0.0,0.0,0.0,0.0,0.0,0.0,2
457,20,2707,0.0,0.0,0.0,0.0,0.0,0.0,2
458,20,2708,0.0,0.0,0.0,0.0,0.0,0.0,2
459,20,2709,0.0,0.0,0.0,0.0,0.0,0.0,2
460,20,2710,0.0,0.0,0.0,0.0,0.0,0.0,2
461,20,2711,0.0,0.0,0.0,0.0,0.0,0.0,2
462,20,2712,0.0,0.0,0.0,0.0,0.0,0.0,2
463,20,2698,0.0,0.0,0.0,0.0,0.0,0.0,2
464,20,2714,0.0,0.0,0.0,0.0,0.0,0.0,2
465,20,2715,0.0,0.0,0.0,0.0,0.0,0.0,2
466,20,2716,0.0,0.0,0.0,0.0,0.0,0.0,2
467,20,2717,0.0,0.0,0.0,0.0,0.0,0.0,2
468,20,2718,0.0,0.0,0.0,0.0,0.0,0.0,2
469,20,2719,0.0,0.0,0.0,0.0,0.0,0.0,2
470,20,2720,0.0,0.0,0.0,0.0,0.0,0.0,2
471,20,2721,0.0,0.0,0.0,0.0,0.0,0.0,2
472,20,2722,0.0,0.0,0.0,0.0,0.0,0.0,2
473,20,2723,0.0,0.0,0.0,0.0,0.0,0.0,2
474,20,2724,0.0,0.0,0.0,0.0,0.0,0.0,2
475,20,2725,0.0,0.0,0.0,0.0,0.0,0.0,2
476,20,2726,0.0,0.0,0.0,0.0,0.0,0.0,2
477,20,2727,0.0,0.0,0.0,0.0,0.0,0.0,2
478,20,2684,0.0,0.0,0.0,0.0,0.0,0.0,2
479,20,2670,0.0,0.0,0.0,0.0,0.0,0.0,2
480,20,2671,0.0,0.0,0.0,0.0,0.0,0.0,2
481,20,2672,0.0,0.0,0.0,0.0,0.0,0.0,2
482,20,2673,0.0,0.0,0.0,0.0,0.0,0.0,2
483,20,2674,0.0,0.0,0.0,0.0,0.0,0.0,2
484,20,2675,0.0,0.0,0.0,0.0,0.0,0.0,2
485,20,2676,0.0,0.0,0.0,0.0,0.0,0.0,2
486,20,2677,0.0,0.0,0.0,0.0,0.0,0.0,2
487,20,2678,0.0,0.0,0.0,0.0,0.0,0.0,2
488,20,2679,0.0,0.0,0.0,0.0,0.0,0.0,2
489,20,2680,0.0,0.0,0.0,0.0,0.0,0.0,2
490,20,2681,0.0,0.0,0.0,0.0,0.0,0.0,2
491,20,2682,0.0,0.0,0.0,0.0,0.0,0.0,2
492,20,2683,0.0,0.0,0.0,0.0,0.0,0.0,2
493,20,2728,0.0,0.0,0.0,0.0,0.0,0.0,2
494,20,2685,0.0,0.0,0.0,0.0,0.0,0.0,2
495,20,2686,0.0,0.0,0.0,0.0,0.0,0.0,2
496,20,2687,0.0,0.0,0.0,0.0,0.0,0.0,2
497,20,2688,0.0,0.0,0.0,0.0,0.0,0.0,2
498,20,2689,0.0,0.0,0.0,0.0,0.0,0.0,2
499,20,2690,0.0,0.0,0.0,0.0,0.0,0.0,2
500,20,2691,0.0,0.0,0.0,0.0,0.0,0.0,2
501,20,2692,0.0,0.0,0.0,0.0,0.0,0.0,2
502,20,2693,0.0,0.0,0.0,0.0,0.0,0.0,2
503,20,2694,0.0,0.0,0.0,0.0,0.0,0.0,2
504,20,2695,0.0,0.0,0.0,0.0,0.0,0.0,2
505,20,2696,0.0,0.0,0.0,0.0,0.0,0.0,2
506,20,2697,0.0,0.0,0.0,0.0,0.0,0.0,2
507,20,2772,0.0,0.0,0.0,0.0,0.0,0.0,2
508,20,2758,0.0,0.0,0.0,0.0,0.0,0.0,2
509,20,2759,0.0,0.0,0.0,0.0,0.0,0.0,2
510,20,2760,0.0,0.0,0.0,0.0,0.0,0.0,2
511,20,2761,0.0,0.0,0.0,0.0,0.0,0.0,2
512,20,2762,0.0,0.0,0.0,0.0,0.0,0.0,2
513,20,2763,0.0,0.0,0.0,0.0,0.0,0.0,2
514,20,2764,0.0,0.0,0.0,0.0,0.0,0.0,2
515,20,2765,0.0,0.0,0.0,0.0,0.0,0.0,2
516,20,2766,0.0,0.0,0.0,0.0,0.0,0.0,2
517,20,2767,0.0,0.0,0.0,0.0,0.0,0.0,2
518,20,2768,0.0,0.0,0.0,0.0,0.0,0.0,2
519,20,2769,0.0,0.0,0.0,0.0,0.0,0.0,2
520,20,2770,0.0,0.0,0.0,0.0,0.0,0.0,2
521,20,2771,0.0,0.0,0.0,0.0,0.0,0.0,2
522,20,2757,0.0,0.0,0.0,0.0,0.0,0.0,2
523,20,2773,0.0,0.0,0.0,0.0,0.0,0.0,2
524,20,2774,0.0,0.0,0.0,0.0,0.0,0.0,2
525,20,2775,0.0,0.0,0.0,0.0,0.0,0.0,2
526,20,2776,0.0,0.0,0.0,0.0,0.0,0.0,2
527,20,2777,0.0,0.0,0.0,0.0,0.0,0.0,2
528,20,2778,0.0,0.0,0.0,0.0,0.0,0.0,2
529,20,2779,0.0,0.0,0.0,0.0,0.0,0.0,2
530,20,2780,0.0,0.0,0.0,0.0,0.0,0.0,2
531,20,2781,0.0,0.0,0.0,0.0,0.0,0.0,2
532,20,2782,0.0,0.0,0.0,0.0,0.0,0.0,2
533,20,2783,0.0,0.0,0.0,0.0,0.0,0.0,2
534,20,2784,0.0,0.0,0.0,0.0,0.0,0.0,2
535,20,2785,0.0,0.0,0.0,0.0,0.0,0.0,2
536,20,2786,0.0,0.0,0.0,0.0,0.0,0.0,2
537,20,2743,0.0,0.0,0.0,0.0,0.0,0.0,2
538,20,2729,0.0,0.0,0.0,0.0,0.0,0.0,2
539,20,2730,0.0,0.0,0.0,0.0,0.0,0.0,2
540,20,2731,0.0,0.0,0.0,0.0,0.0,0.0,2
541,20,2732,0.0,0.0,0.0,0.0,0.0,0.0,2
542,20,2733,0.0,0.0,0.0,0.0,0.0,0.0,2
543,20,2734,0.0,0.0,0.0,0.0,0.0,0.0,2
544,20,2735,0.0,0.0,0.0,0.0,0.0,0.0,2
545,20,2736,0.0,0.0,0.0,0.0,0.0,0.0,2
546,20,2737,0.0,0.0,0.0,0.0,0.0,0.0,2
547,20,2738,0.0,0.0,0.0,0.0,0.0,0.0,2
548,20,2739,0.0,0.0,0.0,0.0,0.0,0.0,2
549,20,2740,0.0,0.0,0.0,0.0,0.0,0.0,2
550,20,2741,0.0,0.0,0.0,0.0,0.0,0.0,2
551,20,2742,0.0,0.0,0.0,0.0,0.0,0.0,2
552,20,2669,0.0,0.0,0.0,0.0,0.0,0.0,2
553,20,2744,0.0,0.0,0.0,0.0,0.0,0.0,2
554,20,2745,0.0,0.0,0.0,0.0,0.0,0.0,2
555,20,2746,0.0,0.0,0.0,0.0,0.0,0.0,2
556,20,2747,0.0,0.0,0.0,0.0,0.0,0.0,2
557,20,2748,0.0,0.0,0.0,0.0,0.0,0.0,2
558,20,2749,0.0,0.0,0.0,0.0,0.0,0.0,2
559,20,2750,0.0,0.0,0.0,0.0,0.0,0.0,2
560,20,2751,0.0,0.0,0.0,0.0,0.0,0.0,2
561,20,2752,0.0,0.0,0.0,0.0,0.0,0.0,2
562,20,2753,0.0,0.0,0.0,0.0,0.0,0.0,2
563,20,2754,0.0,0.0,0.0,0.0,0.0,0.0,2
564,20,2755,0.0,0.0,0.0,0.0,0.0,0.0,2
565,20,2756,0.0,0.0,0.0,0.0,0.0,0.0,2
566,20,2594,0.0,0.0,0.0,0.0,0.0,0.0,2
567,20,2580,0.0,0.0,0.0,0.0,0.0,0.0,2
568,20,2581,0.0,0.0,0.0,0.0,0.0,0.0,2
569,20,2582,0.0,0.0,0.0,0.0,0.0,0.0,2
570,20,2583,0.0,0.0,0.0,0.0,0.0,0.0,2
571,20,2584,0.0,0.0,0.0,0.0,0.0,0.0,2
572,20,2585,0.0,0.0,0.0,0.0,0.0,0.0,2
573,20,2586,0.0,0.0,0.0,0.0,0.0,0.0,2
574,20,2587,0.0,0.0,0.0,0.0,0.0,0.0,2
575,20,2588,0.0,0.0,0.0,0.0,0.0,0.0,2
576,20,2589,0.0,0.0,0.0,0.0,0.0,0.0,2
577,20,2590,0.0,0.0,0.0,0.0,0.0,0.0,2
578,20,2591,0.0,0.0,0.0,0.0,0.0,0.0,2
579,20,2592,0.0,0.0,0.0,0.0,0.0,0.0,2
580,20,2593,0.0,0.0,0.0,0.0,0.0,0.0,2
581,20,2579,0.0,0.0,0.0,0.0,0.0,0.0,2
582,20,2595,0.0,0.0,0.0,0.0,0.0,0.0,2
583,20,2596,0.0,0.0,0.0,0.0,0.0,0.0,2
584,20,2597,0.0,0.0,0.0,0.0,0.0,0.0,2
585,20,2598,0.0,0.0,0.0,0.0,0.0,0.0,2
586,20,2599,0.0,0.0,0.0,0.0,0.0,0.0,2
587,20,2600,0.0,0.0,0.0,0.0,0.0,0.0,2
588,20,2601,0.0,0.0,0.0,0.0,0.0,0.0,2
589,20,2602,0.0,0.0,0.0,0.0,0.0,0.0,2
590,20,2603,0.0,0.0,0.0,0.0,0.0,0.0,2
591,20,2346,0.0,0.0,0.0,0.0,0.0,0.0,2
592,20,2605,0.0,0.0,0.0,0.0,0.0,0.0,2
593,20,2606,0.0,0.0,0.0,0.0,0.0,0.0,2
594,20,2607,0.0,0.0,0.0,0.0,0.0,0.0,2
595,20,2608,0.0,0.0,0.0,0.0,0.0,0.0,2
596,20,2565,0.0,0.0,0.0,0.0,0.0,0.0,2
597,20,2551,0.0,0.0,0.0,0.0,0.0,0.0,2
598,20,2552,0.0,0.0,0.0,0.0,0.0,0.0,2
599,20,2553,0.0,0.0,0.0,0.0,0.0,0.0,2
600,20,2554,0.0,0.0,0.0,0.0,0.0,0.0,2
601,20,2555,0.0,0.0,0.0,0.0,0.0,0.0,2
602,20,2556,0.0,0.0,0.0,0.0,0.0,0.0,2
603,20,2557,0.0,0.0,0.0,0.0,0.0,0.0,2
604,20,2558,0.0,0.0,0.0,0.0,0.0,0.0,2
605,20,2559,0.0,0.0,0.0,0.0,0.0,0.0,2
606,20,2560,0.0,0.0,0.0,0.0,0.0,0.0,2
607,20,2561,0.0,0.0,0.0,0.0,0.0,0.0,2
608,20,2562,0.0,0.0,0.0,0.0,0.0,0.0,2
609,20,2563,0.0,0.0,0.0,0.0,0.0,0.0,2
610,20,2564,0.0,0.0,0.0,0.0,0.0,0.0,2
611,20,2609,0.0,0.0,0.0,0.0,0.0,0.0,2
612,20,2566,0.0,0.0,0.0,0.0,0.0,0.0,2
613,20,2567,0.0,0.0,0.0,0.0,0.0,0.0,2
614,20,2568,0.0,0.0,0.0,0.0,0.0,0.0,2
615,20,2569,0.0,0.0,0.0,0.0,0.0,0.0,2
616,20,2570,0.0,0.0,0.0,0.0,0.0,0.0,2
617,20,2571,0.0,0.0,0.0,0.0,0.0,0.0,2
618,20,2572,0.0,0.0,0.0,0.0,0.0,0.0,2
619,20,2573,0.0,0.0,0.0,0.0,0.0,0.0,2
620,20,2574,0.0,0.0,0.0,0.0,0.0,0.0,2
621,20,2575,0.0,0.0,0.0,0.0,0.0,0.0,2
622,20,2576,0.0,0.0,0.0,0.0,0.0,0.0,2
623,20,2577,0.0,0.0,0.0,0.0,0.0,0.0,2
624,20,2578,0.0,0.0,0.0,0.0,0.0,0.0,2
625,20,2654,0.0,0.0,0.0,0.0,0.0,0.0,2
626,20,2639,0.0,0.0,0.0,0.0,0.0,0.0,2
627,20,2641,0.0,0.0,0.0,0.0,0.0,0.0,2
628,20,2642,0.0,0.0,0.0,0.0,0.0,0.0,2
629,20,2643,0.0,0.0,0.0,0.0,0.0,0.0,2
630,20,2644,0.0,0.0,0.0,0.0,0.0,0.0,2
631,20,2645,0.0,0.0,0.0,0.0,0.0,0.0,2
632,20,2646,0.0,0.0,0.0,0.0,0.0,0.0,2
633,20,2647,0.0,0.0,0.0,0.0,0.0,0.0,2
634,20,2648,0.0,0.0,0.0,0.0,0.0,0.0,2
635,20,2649,0.0,0.0,0.0,0.0,0.0,0.0,2
636,20,2650,0.0,0.0,0.0,0.0,0.0,0.0,2
637,20,2651,0.0,0.0,0.0,0.0,0.0,0.0,2
638,20,2652,0.0,0.0,0.0,0.0,0.0,0.0,2
639,20,2653,0.0,0.0,0.0,0.0,0.0,0.0,2
640,20,2638,0.0,0.0,0.0,0.0,0.0,0.0,2
641,20,2655,0.0,0.0,0.0,0.0,0.0,0.0,2
642,20,2656,0.0,0.0,0.0,0.0,0.0,0.0,2
643,20,2657,0.0,0.0,0.0,0.0,0.0,0.0,2
644,20,2658,0.0,0.0,0.0,0.0,0.0,0.0,2
645,20,2659,0.0,0.0,0.0,0.0,0.0,0.0,2
646,20,2660,0.0,0.0,0.0,0.0,0.0,0.0,2
647,20,2661,0.0,0.0,0.0,0.0,0.0,0.0,2
648,20,2662,0.0,0.0,0.0,0.0,0.0,0.0,2
649,20,2663,0.0,0.0,0.0,0.0,0.0,0.0,2
650,20,2664,0.0,0.0,0.0,0.0,0.0,0.0,2
651,20,2665,0.0,0.0,0.0,0.0,0.0,0.0,2
652,20,2666,0.0,0.0,0.0,0.0,0.0,0.0,2
653,20,2667,0.0,0.0,0.0,0.0,0.0,0.0,2
654,20,2668,0.0,0.0,0.0,0.0,0.0,0.0,2
655,20,2624,0.0,0.0,0.0,0.0,0.0,0.0,2
656,20,2610,0.0,0.0,0.0,0.0,0.0,0.0,2
657,20,2611,0.0,0.0,0.0,0.0,0.0,0.0,2
658,20,2612,0.0,0.0,0.0,0.0,0.0,0.0,2
659,20,2613,0.0,0.0,0.0,0.0,0.0,0.0,2
660,20,2614,0.0,0.0,0.0,0.0,0.0,0.0,2
661,20,2615,0.0,0.0,0.0,0.0,0.0,0.0,2
662,20,2616,0.0,0.0,0.0,0.0,0.0,0.0,2
663,20,2617,0.0,0.0,0.0,0.0,0.0,0.0,2
664,20,2618,0.0,0.0,0.0,0.0,0.0,0.0,2
665,20,2619,0.0,0.0,0.0,0.0,0.0,0.0,2
666,20,2620,0.0,0.0,0.0,0.0,0.0,0.0,2
667,20,2621,0.0,0.0,0.0,0.0,0.0,0.0,2
668,20,2622,0.0,0.0,0.0,0.0,0.0,0.0,2
669,20,2623,0.0,0.0,0.0,0.0,0.0,0.0,2
670,20,2550,0.0,0.0,0.0,0.0,0.0,0.0,2
671,20,2625,0.0,0.0,0.0,0.0,0.0,0.0,2
672,20,2626,0.0,0.0,0.0,0.0,0.0,0.0,2
673,20,2627,0.0,0.0,0.0,0.0,0.0,0.0,2
674,20,2628,0.0,0.0,0.0,0.0,0.0,0.0,2
675,20,2629,0.0,0.0,0.0,0.0,0.0,0.0,2
676,20,2630,0.0,0.0,0.0,0.0,0.0,0.0,2
677,20,2631,0.0,0.0,0.0,0.0,0.0,0.0,2
678,20,2632,0.0,0.0,0.0,0.0,0.0,0.0,2
679,20,2633,0.0,0.0,0.0,0.0,0.0,0.0,2
680,20,2634,0.0,0.0,0.0,0.0,0.0,0.0,2
681,20,2635,0.0,0.0,0.0,0.0,0.0,0.0,2
682,20,2636,0.0,0.0,0.0,0.0,0.0,0.0,2
683,20,2637,0.0,0.0,0.0,0.0,0.0,0.0,2
684,20,2088,0.0,0.0,0.0,0.0,0.0,0.0,2
685,20,2072,0.0,0.0,0.0,0.0,0.0,0.0,2
686,20,2073,0.0,0.0,0.0,0.0,0.0,0.0,2
687,20,2074,0.0,0.0,0.0,0.0,0.0,0.0,2
688,20,2075,0.0,0.0,0.0,0.0,0.0,0.0,2
689,20,2077,0.0,0.0,0.0,0.0,0.0,0.0,2
690,20,2078,0.0,0.0,0.0,0.0,0.0,0.0,2
691,20,2079,0.0,0.0,0.0,0.0,0.0,0.0,2
692,20,2080,0.0,0.0,0.0,0.0,0.0,0.0,2
693,20,2081,0.0,0.0,0.0,0.0,0.0,0.0,2
694,20,2082,0.0,0.0,0.0,0.0,0.0,0.0,2
695,20,2083,0.0,0.0,0.0,0.0,0.0,0.0,2
696,20,2084,0.0,0.0,0.0,0.0,0.0,0.0,2
697,20,2085,0.0,0.0,0.0,0.0,0.0,0.0,2
698,20,2086,0.0,0.0,0.0,0.0,0.0,0.0,2
699,20,2087,0.0,0.0,0.0,0.0,0.0,0.0,2
700,20,2071,0.0,0.0,0.0,0.0,0.0,0.0,2
701,20,2089,0.0,0.0,0.0,0.0,0.0,0.0,2
702,20,2090,0.0,0.0,0.0,0.0,0.0,0.0,2
703,20,2091,0.0,0.0,0.0,0.0,0.0,0.0,2
704,20,2092,0.0,0.0,0.0,0.0,0.0,0.0,2
705,20,2093,0.0,0.0,0.0,0.0,0.0,0.0,2
706,20,2094,0.0,0.0,0.0,0.0,0.0,0.0,2
707,20,2095,0.0,0.0,0.0,0.0,0.0,0.0,2
708,20,2096,0.0,0.0,0.0,0.0,0.0,0.0,2
709,20,2097,0.0,0.0,0.0,0.0,0.0,0.0,2
710,20,2098,0.0,0.0,0.0,0.0,0.0,0.0,2
711,20,2099,0.0,0.0,0.0,0.0,0.0,0.0,2
712,20,2100,0.0,0.0,0.0,0.0,0.0,0.0,2
713,20,2101,0.0,0.0,0.0,0.0,0.0,0.0,2
714,20,2102,0.0,0.0,0.0,0.0,0.0,0.0,2
715,20,2056,0.0,0.0,0.0,0.0,0.0,0.0,2
716,20,2041,0.0,0.0,0.0,0.0,0.0,0.0,2
717,20,2042,0.0,0.0,0.0,0.0,0.0,0.0,2
718,20,2043,0.0,0.0,0.0,0.0,0.0,0.0,2
719,20,2044,0.0,0.0,0.0,0.0,0.0,0.0,2
720,20,2045,0.0,0.0,0.0,0.0,0.0,0.0,2
721,20,2046,0.0,0.0,0.0,0.0,0.0,0.0,2
722,20,2047,0.0,0.0,0.0,0.0,0.0,0.0,2
723,20,2048,0.0,0.0,0.0,0.0,0.0,0.0,2
724,20,2049,0.0,0.0,0.0,0.0,0.0,0.0,2
725,20,2050,0.0,0.0,0.0,0.0,0.0,0.0,2
726,20,2051,0.0,0.0,0.0,0.0,0.0,0.0,2
727,20,2052,0.0,0.0,0.0,0.0,0.0,0.0,2
728,20,2053,0.0,0.0,0.0,0.0,0.0,0.0,2
729,20,2054,0.0,0.0,0.0,0.0,0.0,0.0,2
730,20,2055,0.0,0.0,0.0,0.0,0.0,0.0,2
731,20,2103,0.0,0.0,0.0,0.0,0.0,0.0,2
732,20,2057,0.0,0.0,0.0,0.0,0.0,0.0,2
733,20,2058,0.0,0.0,0.0,0.0,0.0,0.0,2
734,20,2059,0.0,0.0,0.0,0.0,0.0,0.0,2
735,20,2060,0.0,0.0,0.0,0.0,0.0,0.0,2
736,20,2061,0.0,0.0,0.0,0.0,0.0,0.0,2
737,20,2062,0.0,0.0,0.0,0.0,0.0,0.0,2
738,20,2063,0.0,0.0,0.0,0.0,0.0,0.0,2
739,20,2064,0.0,0.0,0.0,0.0,0.0,0.0,2
740,20,2065,0.0,0.0,0.0,0.0,0.0,0.0,2
741,20,2066,0.0,0.0,0.0,0.0,0.0,0.0,2
742,20,2067,0.0,0.0,0.0,0.0,0.0,0.0,2
743,20,2068,0.0,0.0,0.0,0.0,0.0,0.0,2
744,20,2069,0.0,0.0,0.0,0.0,0.0,0.0,2
745,20,2070,0.0,0.0,0.0,0.0,0.0,0.0,2
746,20,2151,0.0,0.0,0.0,0.0,0.0,0.0,2
747,20,2134,0.0,0.0,0.0,0.0,0.0,0.0,2
748,20,2135,0.0,0.0,0.0,0.0,0.0,0.0,2
749,20,2136,0.0,0.0,0.0,0.0,0.0,0.0,2
750,20,2137,0.0,0.0,0.0,0.0,0.0,0.0,2
751,20,2139,0.0,0.0,0.0,0.0,0.0,0.0,2
752,20,2140,0.0,0.0,0.0,0.0,0.0,0.0,2
753,20,2141,0.0,0.0,0.0,0.0,0.0,0.0,2
754,20,2142,0.0,0.0,0.0,0.0,0.0,0.0,2
755,20,2143,0.0,0.0,0.0,0.0,0.0,0.0,2
756,20,2144,0.0,0.0,0.0,0.0,0.0,0.0,2
757,20,2145,0.0,0.0,0.0,0.0,0.0,0.0,2
758,20,2146,0.0,0.0,0.0,0.0,0.0,0.0,2
759,20,2148,0.0,0.0,0.0,0.0,0.0,0.0,2
760,20,2149,0.0,0.0,0.0,0.0,0.0,0.0,2
761,20,2150,0.0,0.0,0.0,0.0,0.0,0.0,2
762,20,2133,0.0,0.0,0.0,0.0,0.0,0.0,2
763,20,2152,0.0,0.0,0.0,0.0,0.0,0.0,2
764,20,2153,0.0,0.0,0.0,0.0,0.0,0.0,2
765,20,2154,0.0,0.0,0.0,0.0,0.0,0.0,2
766,20,2155,0.0,0.0,0.0,0.0,0.0,0.0,2
767,20,2156,0.0,0.0,0.0,0.0,0.0,0.0,2
768,20,2157,0.0,0.0,0.0,0.0,0.0,0.0,2
769,20,2158,0.0,0.0,0.0,0.0,0.0,0.0,2
770,20,2159,0.0,0.0,0.0,0.0,0.0,0.0,2
771,20,2160,0.0,0.0,0.0,0.0,0.0,0.0,2
772,20,2161,0.0,0.0,0.0,0.0,0.0,0.0,2
773,20,2162,0.0,0.0,0.0,0.0,0.0,0.0,2
774,20,2163,0.0,0.0,0.0,0.0,0.0,0.0,2
775,20,2164,0.0,0.0,0.0,0.0,0.0,0.0,2
776,20,2165,0.0,0.0,0.0,0.0,0.0,0.0,2
777,20,2118,0.0,0.0,0.0,0.0,0.0,0.0,2
778,20,2104,0.0,0.0,0.0,0.0,0.0,0.0,2
779,20,2105,0.0,0.0,0.0,0.0,0.0,0.0,2
780,20,2106,0.0,0.0,0.0,0.0,0.0,0.0,2
781,20,2107,0.0,0.0,0.0,0.0,0.0,0.0,2
782,20,2108,0.0,0.0,0.0,0.0,0.0,0.0,2
783,20,2109,0.0,0.0,0.0,0.0,0.0,0.0,2
784,20,2110,0.0,0.0,0.0,0.0,0.0,0.0,2
785,20,2111,0.0,0.0,0.0,0.0,0.0,0.0,2
786,20,2112,0.0,0.0,0.0,0.0,0.0,0.0,2
787,20,2113,0.0,0.0,0.0,0.0,0.0,0.0,2
788,20,2114,0.0,0.0,0.0,0.0,0.0,0.0,2
789,20,2115,0.0,0.0,0.0,0.0,0.0,0.0,2
790,20,2116,0.0,0.0,0.0,0.0,0.0,0.0,2
791,20,2117,0.0,0.0,0.0,0.0,0.0,0.0,2
792,20,2040,0.0,0.0,0.0,0.0,0.0,0.0,2
793,20,2119,0.0,0.0,0.0,0.0,0.0,0.0,2
794,20,2120,0.0,0.0,0.0,0.0,0.0,0.0,2
795,20,2121,0.0,0.0,0.0,0.0,0.0,0.0,2
796,20,2122,0.0,0.0,0.0,0.0,0.0,0.0,2
797,20,2123,0.0,0.0,0.0,0.0,0.0,0.0,2
798,20,2124,0.0,0.0,0.0,0.0,0.0,0.0,2
799,20,2125,0.0,0.0,0.0,0.0,0.0,0.0,2
800,20,2126,0.0,0.0,0.0,0.0,0.0,0.0,2
801,20,2127,0.0,0.0,0.0,0.0,0.0,0.0,2
802,20,2128,0.0,0.0,0.0,0.0,0.0,0.0,2
803,20,2129,0.0,0.0,0.0,0.0,0.0,0.0,2
804,20,2130,0.0,0.0,0.0,0.0,0.0,0.0,2
805,20,2131,0.0,0.0,0.0,0.0,0.0,0.0,2
806,20,2132,0.0,0.0,0.0,0.0,0.0,0.0,2
807,20,1963,0.0,0.0,0.0,0.0,0.0,0.0,2
808,20,1948,0.0,0.0,0.0,0.0,0.0,0.0,2
809,20,1949,0.0,0.0,0.0,0.0,0.0,0.0,2
810,20,1950,0.0,0.0,0.0,0.0,0.0,0.0,2
811,20,1951,0.0,0.0,0.0,0.0,0.0,0.0,2
812,20,1952,0.0,0.0,0.0,0.0,0.0,0.0,2
813,20,1953,0.0,0.0,0.0,0.0,0.0,0.0,2
814,20,1954,0.0,0.0,0.0,0.0,0.0,0.0,2
815,20,1955,0.0,0.0,0.0,0.0,0.0,0.0,2
816,20,1956,0.0,0.0,0.0,0.0,0.0,0.0,2
817,20,1957,0.0,0.0,0.0,0.0,0.0,0.0,2
818,20,1958,0.0,0.0,0.0,0.0,0.0,0.0,2
819,20,1959,0.0,0.0,0.0,0.0,0.0,0.0,2
820,20,1960,0.0,0.0,0.0,0.0,0.0,0.0,2
821,20,1961,0.0,0.0,0.0,0.0,0.0,0.0,2
822,20,1962,0.0,0.0,0.0,0.0,0.0,0.0,2
823,20,1947,0.0,0.0,0.0,0.0,0.0,0.0,2
824,20,1964,0.0,0.0,0.0,0.0,0.0,0.0,2
825,20,1965,0.0,0.0,0.0,0.0,0.0,0.0,2
826,20,1966,0.0,0.0,0.0,0.0,0.0,0.0,2
827,20,1967,0.0,0.0,0.0,0.0,0.0,0.0,2
828,20,1968,0.0,0.0,0.0,0.0,0.0,0.0,2
829,20,1969,0.0,0.0,0.0,0.0,0.0,0.0,2
830,20,1970,0.0,0.0,0.0,0.0,0.0,0.0,2
831,20,1971,0.0,0.0,0.0,0.0,0.0,0.0,2
832,20,1972,0.0,0.0,0.0,0.0,0.0,0.0,2
833,20,1973,0.0,0.0,0.0,0.0,0.0,0.0,2
834,20,1974,0.0,0.0,0.0,0.0,0.0,0.0,2
835,20,1975,0.0,0.0,0.0,0.0,0.0,0.0,2
836,20,1976,0.0,0.0,0.0,0.0,0.0,0.0,2
837,20,1977,0.0,0.0,0.0,0.0,0.0,0.0,2
838,20,1932,0.0,0.0,0.0,0.0,0.0,0.0,2
839,20,1918,0.0,0.0,0.0,0.0,0.0,0.0,2
840,20,1919,0.0,0.0,0.0,0.0,0.0,0.0,2
841,20,1920,0.0,0.0,0.0,0.0,0.0,0.0,2
842,20,1921,0.0,0.0,0.0,0.0,0.0,0.0,2
843,20,1922,0.0,0.0,0.0,0.0,0.0,0.0,2
844,20,1923,0.0,0.0,0.0,0.0,0.0,0.0,2
845,20,1924,0.0,0.0,0.0,0.0,0.0,0.0,2
846,20,1925,0.0,0.0,0.0,0.0,0.0,0.0,2
847,20,1926,0.0,0.0,0.0,0.0,0.0,0.0,2
848,20,1927,0.0,0.0,0.0,0.0,0.0,0.0,2
849,20,1928,0.0,0.0,0.0,0.0,0.0,0.0,2
850,20,1929,0.0,0.0,0.0,0.0,0.0,0.0,2
851,20,1930,0.0,0.0,0.0,0.0,0.0,0.0,2
852,20,1931,0.0,0.0,0.0,0.0,0.0,0.0,2
853,20,1978,0.0,0.0,0.0,0.0,0.0,0.0,2
854,20,1933,0.0,0.0,0.0,0.0,0.0,0.0,2
855,20,1934,0.0,0.0,0.0,0.0,0.0,0.0,2
856,20,1935,0.0,0.0,0.0,0.0,0.0,0.0,2
857,20,1936,0.0,0.0,0.0,0.0,0.0,0.0,2
858,20,1937,0.0,0.0,0.0,0.0,0.0,0.0,2
859,20,1938,0.0,0.0,0.0,0.0,0.0,0.0,2
860,20,1939,0.0,0.0,0.0,0.0,0.0,0.0,2
861,20,1940,0.0,0.0,0.0,0.0,0.0,0.0,2
862,20,1941,0.0,0.0,0.0,0.0,0.0,0.0,2
863,20,1942,0.0,0.0,0.0,0.0,0.0,0.0,2
864,20,1943,0.0,0.0,0.0,0.0,0.0,0.0,2
865,20,1944,0.0,0.0,0.0,0.0,0.0,0.0,2
866,20,1945,0.0,0.0,0.0,0.0,0.0,0.0,2
867,20,1946,0.0,0.0,0.0,0.0,0.0,0.0,2
868,20,2025,0.0,0.0,0.0,0.0,0.0,0.0,2
869,20,2010,0.0,0.0,0.0,0.0,0.0,0.0,2
870,20,2011,0.0,0.0,0.0,0.0,0.0,0.0,2
871,20,2012,0.0,0.0,0.0,0.0,0.0,0.0,2
872,20,2013,0.0,0.0,0.0,0.0,0.0,0.0,2
873,20,2014,0.0,0.0,0.0,0.0,0.0,0.0,2
874,20,2015,0.0,0.0,0.0,0.0,0.0,0.0,2
875,20,2016,0.0,0.0,0.0,0.0,0.0,0.0,2
876,20,2017,0.0,0.0,0.0,0.0,0.0,0.0,2
877,20,2018,0.0,0.0,0.0,0.0,0.0,0.0,2
878,20,2019,0.0,0.0,0.0,0.0,0.0,0.0,2
879,20,2020,0.0,0.0,0.0,0.0,0.0,0.0,2
880,20,2021,0.0,0.0,0.0,0.0,0.0,0.0,2
881,20,2022,0.0,0.0,0.0,0.0,0.0,0.0,2
882,20,2023,0.0,0.0,0.0,0.0,0.0,0.0,2
883,20,2024,0.0,0.0,0.0,0.0,0.0,0.0,2
884,20,2009,0.0,0.0,0.0,0.0,0.0,0.0,2
885,20,2026,0.0,0.0,0.0,0.0,0.0,0.0,2
886,20,2027,0.0,0.0,0.0,0.0,0.0,0.0,2
887,20,2028,0.0,0.0,0.0,0.0,0.0,0.0,2
888,20,2029,0.0,0.0,0.0,0.0,0.0,0.0,2
889,20,2030,0.0,0.0,0.0,0.0,0.0,0.0,2
890,20,2031,0.0,0.0,0.0,0.0,0.0,0.0,2
891,20,2032,0.0,0.0,0.0,0.0,0.0,0.0,2
892,20,2033,0.0,0.0,0.0,0.0,0.0,0.0,2
893,20,2034,0.0,0.0,0.0,0.0,0.0,0.0,2
894,20,2035,0.0,0.0,0.0,0.0,0.0,0.0,2
895,20,2036,0.0,0.0,0.0,0.0,0.0,0.0,2
896,20,2037,0.0,0.0,0.0,0.0,0.0,0.0,2
897,20,2038,0.0,0.0,0.0,0.0,0.0,0.0,2
898,20,2039,0.0,0.0,0.0,0.0,0.0,0.0,2
899,20,1994,0.0,0.0,0.0,0.0,0.0,0.0,2
900,20,1979,0.0,0.0,0.0,0.0,0.0,0.0,2
901,20,1980,0.0,0.0,0.0,0.0,0.0,0.0,2
902,20,1981,0.0,0.0,0.0,0.0,0.0,0.0,2
903,20,1982,0.0,0.0,0.0,0.0,0.0,0.0,2
904,20,1983,0.0,0.0,0.0,0.0,0.0,0.0,2
905,20,1984,0.0,0.0,0.0,0.0,0.0,0.0,2
906,20,1986,0.0,0.0,0.0,0.0,0.0,0.0,2
907,20,1987,0.0,0.0,0.0,0.0,0.0,0.0,2
908,20,1988,0.0,0.0,0.0,0.0,0.0,0.0,2
909,20,1989,0.0,0.0,0.0,0.0,0.0,0.0,2
910,20,1990,0.0,0.0,0.0,0.0,0.0,0.0,2
911,20,1991,0.0,0.0,0.0,0.0,0.0,0.0,2
912,20,1992,0.0,0.0,0.0,0.0,0.0,0.0,2
913,20,1993,0.0,0.0,0.0,0.0,0.0,0.0,2
914,20,2166,0.0,0.0,0.0,0.0,0.0,0.0,2
915,20,1995,0.0,0.0,0.0,0.0,0.0,0.0,2
916,20,1996,0.0,0.0,0.0,0.0,0.0,0.0,2
917,20,1997,0.0,0.0,0.0,0.0,0.0,0.0,2
918,20,1998,0.0,0.0,0.0,0.0,0.0,0.0,2
919,20,1999,0.0,0.0,0.0,0.0,0.0,0.0,2
920,20,2000,0.0,0.0,0.0,0.0,0.0,0.0,2
921,20,2001,0.0,0.0,0.0,0.0,0.0,0.0,2
922,20,2002,0.0,0.0,0.0,0.0,0.0,0.0,2
923,20,2003,0.0,0.0,0.0,0.0,0.0,0.0,2
924,20,2004,0.0,0.0,0.0,0.0,0.0,0.0,2
925,20,2005,0.0,0.0,0.0,0.0,0.0,0.0,2
926,20,2006,0.0,0.0,0.0,0.0,0.0,0.0,2
927,20,2007,0.0,0.0,0.0,0.0,0.0,0.0,2
928,20,2008,0.0,0.0,0.0,0.0,0.0,0.0,2
929,20,2338,0.0,0.0,0.0,0.0,0.0,0.0,2
930,20,2323,0.0,0.0,0.0,0.0,0.0,0.0,2
931,20,2324,0.0,0.0,0.0,0.0,0.0,0.0,2
932,20,2325,0.0,0.0,0.0,0.0,0.0,0.0,2
933,20,2326,0.0,0.0,0.0,0.0,0.0,0.0,2
934,20,2327,0.0,0.0,0.0,0.0,0.0,0.0,2
935,20,2328,0.0,0.0,0.0,0.0,0.0,0.0,2
936,20,2329,0.0,0.0,0.0,0.0,0.0,0.0,2
937,20,2330,0.0,0.0,0.0,0.0,0.0,0.0,2
938,20,2331,0.0,0.0,0.0,0.0,0.0,0.0,2
939,20,2332,0.0,0.0,0.0,0.0,0.0,0.0,2
940,20,2333,0.0,0.0,0.0,0.0,0.0,0.0,2
941,20,2334,0.0,0.0,0.0,0.0,0.0,0.0,2
942,20,2335,0.0,0.0,0.0,0.0,0.0,0.0,2
943,20,2336,0.0,0.0,0.0,0.0,0.0,0.0,2
944,20,2337,0.0,0.0,0.0,0.0,0.0,0.0,2
945,20,2322,0.0,0.0,0.0,0.0,0.0,0.0,2
946,20,2339,0.0,0.0,0.0,0.0,0.0,0.0,2
947,20,2340,0.0,0.0,0.0,0.0,0.0,0.0,2
948,20,2341,0.0,0.0,0.0,0.0,0.0,0.0,2
949,20,2342,0.0,0.0,0.0,0.0,0.0,0.0,2
950,20,2343,0.0,0.0,0.0,0.0,0.0,0.0,2
951,20,2345,0.0,0.0,0.0,0.0,0.0,0.0,2
952,20,2869,0.0,0.0,0.0,0.0,0.0,0.0,2
953,20,2347,0.0,0.0,0.0,0.0,0.0,0.0,2
954,20,2348,0.0,0.0,0.0,0.0,0.0,0.0,2
955,20,2349,0.0,0.0,0.0,0.0,0.0,0.0,2
956,20,2350,0.0,0.0,0.0,0.0,0.0,0.0,2
957,20,2351,0.0,0.0,0.0,0.0,0.0,0.0,2
958,20,2352,0.0,0.0,0.0,0.0,0.0,0.0,2
959,20,2353,0.0,0.0,0.0,0.0,0.0,0.0,2
960,20,2307,0.0,0.0,0.0,0.0,0.0,0.0,2
961,20,2291,0.0,0.0,0.0,0.0,0.0,0.0,2
962,20,2292,0.0,0.0,0.0,0.0,0.0,0.0,2
963,20,2293,0.0,0.0,0.0,0.0,0.0,0.0,2
964,20,2294,0.0,0.0,0.0,0.0,0.0,0.0,2
965,20,2295,0.0,0.0,0.0,0.0,0.0,0.0,2
966,20,2296,0.0,0.0,0.0,0.0,0.0,0.0,2
967,20,2297,0.0,0.0,0.0,0.0,0.0,0.0,2
968,20,2298,0.0,0.0,0.0,0.0,0.0,0.0,2
969,20,2299,0.0,0.0,0.0,0.0,0.0,0.0,2
970,20,2300,0.0,0.0,0.0,0.0,0.0,0.0,2
971,20,2301,0.0,0.0,0.0,0.0,0.0,0.0,2
972,20,2302,0.0,0.0,0.0,0.0,0.0,0.0,2
973,20,2303,0.0,0.0,0.0,0.0,0.0,0.0,2
974,20,2304,0.0,0.0,0.0,0.0,0.0,0.0,2
975,20,2306,0.0,0.0,0.0,0.0,0.0,0.0,2
976,20,2354,0.0,0.0,0.0,0.0,0.0,0.0,2
977,20,2308,0.0,0.0,0.0,0.0,0.0,0.0,2
978,20,2309,0.0,0.0,0.0,0.0,0.0,0.0,2
979,20,2310,0.0,0.0,0.0,0.0,0.0,0.0,2
980,20,2311,0.0,0.0,0.0,0.0,0.0,0.0,2
981,20,2312,0.0,0.0,0.0,0.0,0.0,0.0,2
982,20,2313,0.0,0.0,0.0,0.0,0.0,0.0,2
983,20,2314,0.0,0.0,0.0,0.0,0.0,0.0,2
984,20,2315,0.0,0.0,0.0,0.0,0.0,0.0,2
985,20,2316,0.0,0.0,0.0,0.0,0.0,0.0,2
986,20,2317,0.0,0.0,0.0,0.0,0.0,0.0,2
987,20,2318,0.0,0.0,0.0,0.0,0.0,0.0,2
988,20,2319,0.0,0.0,0.0,0.0,0.0,0.0,2
989,20,2320,0.0,0.0,0.0,0.0,0.0,0.0,2
990,20,2321,0.0,0.0,0.0,0.0,0.0,0.0,2
991,20,2401,0.0,0.0,0.0,0.0,0.0,0.0,2
992,20,2386,0.0,0.0,0.0,0.0,0.0,0.0,2
993,20,2387,0.0,0.0,0.0,0.0,0.0,0.0,2
994,20,2388,0.0,0.0,0.0,0.0,0.0,0.0,2
995,20,2389,0.0,0.0,0.0,0.0,0.0,0.0,2
996,20,2390,0.0,0.0,0.0,0.0,0.0,0.0,2
997,20,2391,0.0,0.0,0.0,0.0,0.0,0.0,2
998,20,2392,0.0,0.0,0.0,0.0,0.0,0.0,2
999,20,2393,0.0,0.0,0.0,0.0,0.0,0.0,2
1000,20,2394,0.0,0.0,0.0,0.0,0.0,0.0,2
1001,20,2395,0.0,0.0,0.0,0.0,0.0,0.0,2
1002,20,2396,0.0,0.0,0.0,0.0,0.0,0.0,2
1003,20,2397,0.0,0.0,0.0,0.0,0.0,0.0,2
1004,20,2398,0.0,0.0,0.0,0.0,0.0,0.0,2
1005,20,2399,0.0,0.0,0.0,0.0,0.0,0.0,2
1006,20,2400,0.0,0.0,0.0,0.0,0.0,0.0,2
1007,20,2385,0.0,0.0,0.0,0.0,0.0,0.0,2
1008,20,2402,0.0,0.0,0.0,0.0,0.0,0.0,2
1009,20,2404,0.0,0.0,0.0,0.0,0.0,0.0,2
1010,20,2405,0.0,0.0,0.0,0.0,0.0,0.0,2
1011,20,2406,0.0,0.0,0.0,0.0,0.0,0.0,2
1012,20,2407,0.0,0.0,0.0,0.0,0.0,0.0,2
1013,20,2408,0.0,0.0,0.0,0.0,0.0,0.0,2
1014,20,2409,0.0,0.0,0.0,0.0,0.0,0.0,2
1015,20,2410,0.0,0.0,0.0,0.0,0.0,0.0,2
1016,20,2411,0.0,0.0,0.0,0.0,0.0,0.0,2
1017,20,2412,0.0,0.0,0.0,0.0,0.0,0.0,2
1018,20,2413,0.0,0.0,0.0,0.0,0.0,0.0,2
1019,20,2414,0.0,0.0,0.0,0.0,0.0,0.0,2
1020,20,2415,0.0,0.0,0.0,0.0,0.0,0.0,2
1021,20,2416,0.0,0.0,0.0,0.0,0.0,0.0,2
1022,20,2370,0.0,0.0,0.0,0.0,0.0,0.0,2
1023,20,2355,0.0,0.0,0.0,0.0,0.0,0.0,2
1024,20,2356,0.0,0.0,0.0,0.0,0.0,0.0,2
1025,20,2357,0.0,0.0,0.0,0.0,0.0,0.0,2
1026,20,2358,0.0,0.0,0.0,0.0,0.0,0.0,2
1027,20,2359,0.0,0.0,0.0,0.0,0.0,0.0,2
1028,20,2360,0.0,0.0,0.0,0.0,0.0,0.0,2
1029,20,2362,0.0,0.0,0.0,0.0,0.0,0.0,2
1030,20,2363,0.0,0.0,0.0,0.0,0.0,0.0,2
1031,20,2364,0.0,0.0,0.0,0.0,0.0,0.0,2
1032,20,2365,0.0,0.0,0.0,0.0,0.0,0.0,2
1033,20,2366,0.0,0.0,0.0,0.0,0.0,0.0,2
1034,20,2367,0.0,0.0,0.0,0.0,0.0,0.0,2
1035,20,2368,0.0,0.0,0.0,0.0,0.0,0.0,2
1036,20,2369,0.0,0.0,0.0,0.0,0.0,0.0,2
1037,20,2290,0.0,0.0,0.0,0.0,0.0,0.0,2
1038,20,2371,0.0,0.0,0.0,0.0,0.0,0.0,2
1039,20,2372,0.0,0.0,0.0,0.0,0.0,0.0,2
1040,20,2373,0.0,0.0,0.0,0.0,0.0,0.0,2
1041,20,2374,0.0,0.0,0.0,0.0,0.0,0.0,2
1042,20,2375,0.0,0.0,0.0,0.0,0.0,0.0,2
1043,20,2376,0.0,0.0,0.0,0.0,0.0,0.0,2
1044,20,2377,0.0,0.0,0.0,0.0,0.0,0.0,2
1045,20,2378,0.0,0.0,0.0,0.0,0.0,0.0,2
1046,20,2379,0.0,0.0,0.0,0.0,0.0,0.0,2
1047,20,2380,0.0,0.0,0.0,0.0,0.0,0.0,2
1048,20,2381,0.0,0.0,0.0,0.0,0.0,0.0,2
1049,20,2382,0.0,0.0,0.0,0.0,0.0,0.0,2
1050,20,2383,0.0,0.0,0.0,0.0,0.0,0.0,2
1051,20,2384,0.0,0.0,0.0,0.0,0.0,0.0,2
1052,20,2213,0.0,0.0,0.0,0.0,0.0,0.0,2
1053,20,2198,0.0,0.0,0.0,0.0,0.0,0.0,2
1054,20,2199,0.0,0.0,0.0,0.0,0.0,0.0,2
1055,20,2200,0.0,0.0,0.0,0.0,0.0,0.0,2
1056,20,2201,0.0,0.0,0.0,0.0,0.0,0.0,2
1057,20,2202,0.0,0.0,0.0,0.0,0.0,0.0,2
1058,20,2203,0.0,0.0,0.0,0.0,0.0,0.0,2
1059,20,2204,0.0,0.0,0.0,0.0,0.0,0.0,2
1060,20,2205,0.0,0.0,0.0,0.0,0.0,0.0,2
1061,20,2206,0.0,0.0,0.0,0.0,0.0,0.0,2
1062,20,2207,0.0,0.0,0.0,0.0,0.0,0.0,2
1063,20,2208,0.0,0.0,0.0,0.0,0.0,0.0,2
1064,20,2209,0.0,0.0,0.0,0.0,0.0,0.0,2
1065,20,2210,0.0,0.0,0.0,0.0,0.0,0.0,2
1066,20,2211,0.0,0.0,0.0,0.0,0.0,0.0,2
1067,20,2212,0.0,0.0,0.0,0.0,0.0,0.0,2
1068,20,2197,0.0,0.0,0.0,0.0,0.0,0.0,2
1069,20,2214,0.0,0.0,0.0,0.0,0.0,0.0,2
1070,20,2215,0.0,0.0,0.0,0.0,0.0,0.0,2
1071,20,2216,0.0,0.0,0.0,0.0,0.0,0.0,2
1072,20,2217,0.0,0.0,0.0,0.0,0.0,0.0,2
1073,20,2218,0.0,0.0,0.0,0.0,0.0,0.0,2
1074,20,2219,0.0,0.0,0.0,0.0,0.0,0.0,2
1075,20,2220,0.0,0.0,0.0,0.0,0.0,0.0,2
1076,20,2221,0.0,0.0,0.0,0.0,0.0,0.0,2
1077,20,2222,0.0,0.0,0.0,0.0,0.0,0.0,2
1078,20,2223,0.0,0.0,0.0,0.0,0.0,0.0,2
1079,20,2224,0.0,0.0,0.0,0.0,0.0,0.0,2
1080,20,2225,0.0,0.0,0.0,0.0,0.0,0.0,2
1081,20,2226,0.0,0.0,0.0,0.0,0.0,0.0,2
1082,20,2227,0.0,0.0,0.0,0.0,0.0,0.0,2
1083,20,2181,0.0,0.0,0.0,0.0,0.0,0.0,2
1084,20,2167,0.0,0.0,0.0,0.0,0.0,0.0,2
1085,20,2168,0.0,0.0,0.0,0.0,0.0,0.0,2
1086,20,2169,0.0,0.0,0.0,0.0,0.0,0.0,2
1087,20,2170,0.0,0.0,0.0,0.0,0.0,0.0,2
1088,20,2171,0.0,0.0,0.0,0.0,0.0,0.0,2
1089,20,2172,0.0,0.0,0.0,0.0,0.0,0.0,2
1090,20,2173,0.0,0.0,0.0,0.0,0.0,0.0,2
1091,20,2174,0.0,0.0,0.0,0.0,0.0,0.0,2
1092,20,2175,0.0,0.0,0.0,0.0,0.0,0.0,2
1093,20,2176,0.0,0.0,0.0,0.0,0.0,0.0,2
1094,20,2177,0.0,0.0,0.0,0.0,0.0,0.0,2
1095,20,2178,0.0,0.0,0.0,0.0,0.0,0.0,2
1096,20,2179,0.0,0.0,0.0,0.0,0.0,0.0,2
1097,20,2180,0.0,0.0,0.0,0.0,0.0,0.0,2
1098,20,2228,0.0,0.0,0.0,0.0,0.0,0.0,2
1099,20,2183,0.0,0.0,0.0,0.0,0.0,0.0,2
1100,20,2184,0.0,0.0,0.0,0.0,0.0,0.0,2
1101,20,2185,0.0,0.0,0.0,0.0,0.0,0.0,2
1102,20,2186,0.0,0.0,0.0,0.0,0.0,0.0,2
1103,20,2187,0.0,0.0,0.0,0.0,0.0,0.0,2
1104,20,2188,0.0,0.0,0.0,0.0,0.0,0.0,2
1105,20,2189,0.0,0.0,0.0,0.0,0.0,0.0,2
1106,20,2190,0.0,0.0,0.0,0.0,0.0,0.0,2
1107,20,2191,0.0,0.0,0.0,0.0,0.0,0.0,2
1108,20,2192,0.0,0.0,0.0,0.0,0.0,0.0,2
1109,20,2193,0.0,0.0,0.0,0.0,0.0,0.0,2
1110,20,2194,0.0,0.0,0.0,0.0,0.0,0.0,2
1111,20,2195,0.0,0.0,0.0,0.0,0.0,0.0,2
1112,20,2196,0.0,0.0,0.0,0.0,0.0,0.0,2
1113,20,2275,0.0,0.0,0.0,0.0,0.0,0.0,2
1114,20,2260,0.0,0.0,0.0,0.0,0.0,0.0,2
1115,20,2261,0.0,0.0,0.0,0.0,0.0,0.0,2
1116,20,2262,0.0,0.0,0.0,0.0,0.0,0.0,2
1117,20,2263,0.0,0.0,0.0,0.0,0.0,0.0,2
1118,20,2264,0.0,0.0,0.0,0.0,0.0,0.0,2
1119,20,2265,0.0,0.0,0.0,0.0,0.0,0.0,2
1120,20,2266,0.0,0.0,0.0,0.0,0.0,0.0,2
1121,20,2267,0.0,0.0,0.0,0.0,0.0,0.0,2
1122,20,2268,0.0,0.0,0.0,0.0,0.0,0.0,2
1123,20,2269,0.0,0.0,0.0,0.0,0.0,0.0,2
1124,20,2270,0.0,0.0,0.0,0.0,0.0,0.0,2
1125,20,2271,0.0,0.0,0.0,0.0,0.0,0.0,2
1126,20,2272,0.0,0.0,0.0,0.0,0.0,0.0,2
1127,20,2273,0.0,0.0,0.0,0.0,0.0,0.0,2
1128,20,2274,0.0,0.0,0.0,0.0,0.0,0.0,2
1129,20,2259,0.0,0.0,0.0,0.0,0.0,0.0,2
1130,20,2276,0.0,0.0,0.0,0.0,0.0,0.0,2
1131,20,2277,0.0,0.0,0.0,0.0,0.0,0.0,2
1132,20,2278,0.0,0.0,0.0,0.0,0.0,0.0,2
1133,20,2279,0.0,0.0,0.0,0.0,0.0,0.0,2
1134,20,2280,0.0,0.0,0.0,0.0,0.0,0.0,2
1135,20,2281,0.0,0.0,0.0,0.0,0.0,0.0,2
1136,20,2282,0.0,0.0,0.0,0.0,0.0,0.0,2
1137,20,2283,0.0,0.0,0.0,0.0,0.0,0.0,2
1138,20,2284,0.0,0.0,0.0,0.0,0.0,0.0,2
1139,20,2285,0.0,0.0,0.0,0.0,0.0,0.0,2
1140,20,2286,0.0,0.0,0.0,0.0,0.0,0.0,2
1141,20,2287,0.0,0.0,0.0,0.0,0.0,0.0,2
1142,20,2288,0.0,0.0,0.0,0.0,0.0,0.0,2
1143,20,2289,0.0,0.0,0.0,0.0,0.0,0.0,2
1144,20,2243,0.0,0.0,0.0,0.0,0.0,0.0,2
1145,20,2229,0.0,0.0,0.0,0.0,0.0,0.0,2
1146,20,2230,0.0,0.0,0.0,0.0,0.0,0.0,2
1147,20,2231,0.0,0.0,0.0,0.0,0.0,0.0,2
1148,20,2232,0.0,0.0,0.0,0.0,0.0,0.0,2
1149,20,2233,0.0,0.0,0.0,0.0,0.0,0.0,2
1150,20,2234,0.0,0.0,0.0,0.0,0.0,0.0,2
1151,20,2235,0.0,0.0,0.0,0.0,0.0,0.0,2
1152,20,2236,0.0,0.0,0.0,0.0,0.0,0.0,2
1153,20,2237,0.0,0.0,0.0,0.0,0.0,0.0,2
1154,20,2238,0.0,0.0,0.0,0.0,0.0,0.0,2
1155,20,2239,0.0,0.0,0.0,0.0,0.0,0.0,2
1156,20,2240,0.0,0.0,0.0,0.0,0.0,0.0,2
1157,20,2241,0.0,0.0,0.0,0.0,0.0,0.0,2
1158,20,2242,0.0,0.0,0.0,0.0,0.0,0.0,2
1159,20,2417,0.0,0.0,0.0,0.0,0.0,0.0,2
1160,20,2244,0.0,0.0,0.0,0.0,0.0,0.0,2
1161,20,2245,0.0,0.0,0.0,0.0,0.0,0.0,2
1162,20,2246,0.0,0.0,0.0,0.0,0.0,0.0,2
1163,20,2247,0.0,0.0,0.0,0.0,0.0,0.0,2
1164,20,2249,0.0,0.0,0.0,0.0,0.0,0.0,2
1165,20,2250,0.0,0.0,0.0,0.0,0.0,0.0,2
1166,20,2251,0.0,0.0,0.0,0.0,0.0,0.0,2
1167,20,2252,0.0,0.0,0.0,0.0,0.0,0.0,2
1168,20,2253,0.0,0.0,0.0,0.0,0.0,0.0,2
1169,20,2254,0.0,0.0,0.0,0.0,0.0,0.0,2
1170,20,2255,0.0,0.0,0.0,0.0,0.0,0.0,2
1171,20,2256,0.0,0.0,0.0,0.0,0.0,0.0,2
1172,20,2257,0.0,0.0,0.0,0.0,0.0,0.0,2
1173,20,2258,0.0,0.0,0.0,0.0,0.0,0.0,2
1174,20,3464,0.0,0.0,0.0,0.0,0.0,0.0,2
1175,20,3449,0.0,0.0,0.0,0.0,0.0,0.0,2
1176,20,3450,0.0,0.0,0.0,0.0,0.0,0.0,2
1177,20,3451,0.0,0.0,0.0,0.0,0.0,0.0,2
1178,20,3452,0.0,0.0,0.0,0.0,0.0,0.0,2
1179,20,3453,0.0,0.0,0.0,0.0,0.0,0.0,2
1180,20,3454,0.0,0.0,0.0,0.0,0.0,0.0,2
1181,20,3455,0.0,0.0,0.0,0.0,0.0,0.0,2
1182,20,3456,0.0,0.0,0.0,0.0,0.0,0.0,2
1183,20,3457,0.0,0.0,0.0,0.0,0.0,0.0,2
1184,20,3458,0.0,0.0,0.0,0.0,0.0,0.0,2
1185,20,3459,0.0,0.0,0.0,0.0,0.0,0.0,2
1186,20,3460,0.0,0.0,0.0,0.0,0.0,0.0,2
1187,20,3461,0.0,0.0,0.0,0.0,0.0,0.0,2
1188,20,3462,0.0,0.0,0.0,0.0,0.0,0.0,2
1189,20,3463,0.0,0.0,0.0,0.0,0.0,0.0,2
1190,20,3448,0.0,0.0,0.0,0.0,0.0,0.0,2
1191,20,3465,0.0,0.0,0.0,0.0,0.0,0.0,2
1192,20,3466,0.0,0.0,0.0,0.0,0.0,0.0,2
1193,20,3467,0.0,0.0,0.0,0.0,0.0,0.0,2
1194,20,3468,0.0,0.0,0.0,0.0,0.0,0.0,2
1195,20,3469,0.0,0.0,0.0,0.0,0.0,0.0,2
1196,20,3470,0.0,0.0,0.0,0.0,0.0,0.0,2
1197,20,3471,0.0,0.0,0.0,0.0,0.0,0.0,2
1198,20,3472,0.0,0.0,0.0,0.0,0.0,0.0,2
1199,20,3473,0.0,0.0,0.0,0.0,0.0,0.0,2
1200,20,3474,0.0,0.0,0.0,0.0,0.0,0.0,2
1201,20,3475,0.0,0.0,0.0,0.0,0.0,0.0,2
1202,20,3476,0.0,0.0,0.0,0.0,0.0,0.0,2
1203,20,3477,0.0,0.0,0.0,0.0,0.0,0.0,2
1204,20,3479,0.0,0.0,0.0,0.0,0.0,0.0,2
1205,20,3432,0.0,0.0,0.0,0.0,0.0,0.0,2
1206,20,3416,0.0,0.0,0.0,0.0,0.0,0.0,2
1207,20,3417,0.0,0.0,0.0,0.0,0.0,0.0,2
1208,20,3418,0.0,0.0,0.0,0.0,0.0,0.0,2
1209,20,3419,0.0,0.0,0.0,0.0,0.0,0.0,2
1210,20,3420,0.0,0.0,0.0,0.0,0.0,0.0,2
1211,20,3421,0.0,0.0,0.0,0.0,0.0,0.0,2
1212,20,3422,0.0,0.0,0.0,0.0,0.0,0.0,2
1213,20,3424,0.0,0.0,0.0,0.0,0.0,0.0,2
1214,20,3425,0.0,0.0,0.0,0.0,0.0,0.0,2
1215,20,3426,0.0,0.0,0.0,0.0,0.0,0.0,2
1216,20,3427,0.0,0.0,0.0,0.0,0.0,0.0,2
1217,20,3428,0.0,0.0,0.0,0.0,0.0,0.0,2
1218,20,3429,0.0,0.0,0.0,0.0,0.0,0.0,2
1219,20,3430,0.0,0.0,0.0,0.0,0.0,0.0,2
1220,20,3431,0.0,0.0,0.0,0.0,0.0,0.0,2
1221,20,3480,0.0,0.0,0.0,0.0,0.0,0.0,2
1222,20,3433,0.0,0.0,0.0,0.0,0.0,0.0,2
1223,20,3434,0.0,0.0,0.0,0.0,0.0,0.0,2
1224,20,3435,0.0,0.0,0.0,0.0,0.0,0.0,2
1225,20,3436,0.0,0.0,0.0,0.0,0.0,0.0,2
1226,20,3437,0.0,0.0,0.0,0.0,0.0,0.0,2
1227,20,3438,0.0,0.0,0.0,0.0,0.0,0.0,2
1228,20,3439,0.0,0.0,0.0,0.0,0.0,0.0,2
1229,20,3440,0.0,0.0,0.0,0.0,0.0,0.0,2
1230,20,3441,0.0,0.0,0.0,0.0,0.0,0.0,2
1231,20,3442,0.0,0.0,0.0,0.0,0.0,0.0,2
1232,20,3443,0.0,0.0,0.0,0.0,0.0,0.0,2
1233,20,3444,0.0,0.0,0.0,0.0,0.0,0.0,2
1234,20,3445,0.0,0.0,0.0,0.0,0.0,0.0,2
1235,20,3446,0.0,0.0,0.0,0.0,0.0,0.0,2
1236,20,3526,0.0,0.0,0.0,0.0,0.0,0.0,2
1237,20,3511,0.0,0.0,0.0,0.0,0.0,0.0,2
1238,20,3512,0.0,0.0,0.0,0.0,0.0,0.0,2
1239,20,3513,0.0,0.0,0.0,0.0,0.0,0.0,2
1240,20,3514,0.0,0.0,0.0,0.0,0.0,0.0,2
1241,20,3515,0.0,0.0,0.0,0.0,0.0,0.0,2
1242,20,3516,0.0,0.0,0.0,0.0,0.0,0.0,2
1243,20,3517,0.0,0.0,0.0,0.0,0.0,0.0,2
1244,20,3518,0.0,0.0,0.0,0.0,0.0,0.0,2
1245,20,3519,0.0,0.0,0.0,0.0,0.0,0.0,2
1246,20,3520,0.0,0.0,0.0,0.0,0.0,0.0,2
1247,20,3521,0.0,0.0,0.0,0.0,0.0,0.0,2
1248,20,3522,0.0,0.0,0.0,0.0,0.0,0.0,2
1249,20,3523,0.0,0.0,0.0,0.0,0.0,0.0,2
1250,20,3524,0.0,0.0,0.0,0.0,0.0,0.0,2
1251,20,3525,0.0,0.0,0.0,0.0,0.0,0.0,2
1252,20,3510,0.0,0.0,0.0,0.0,0.0,0.0,2
1253,20,3527,0.0,0.0,0.0,0.0,0.0,0.0,2
1254,20,3528,0.0,0.0,0.0,0.0,0.0,0.0,2
1255,20,3529,0.0,0.0,0.0,0.0,0.0,0.0,2
1256,20,3530,0.0,0.0,0.0,0.0,0.0,0.0,2
1257,20,3531,0.0,0.0,0.0,0.0,0.0,0.0,2
1258,20,3532,0.0,0.0,0.0,0.0,0.0,0.0,2
1259,20,3533,0.0,0.0,0.0,0.0,0.0,0.0,2
1260,20,3534,0.0,0.0,0.0,0.0,0.0,0.0,2
1261,20,3535,0.0,0.0,0.0,0.0,0.0,0.0,2
1262,20,3536,0.0,0.0,0.0,0.0,0.0,0.0,2
1263,20,3537,0.0,0.0,0.0,0.0,0.0,0.0,2
1264,20,3538,0.0,0.0,0.0,0.0,0.0,0.0,2
1265,20,3539,0.0,0.0,0.0,0.0,0.0,0.0,2
1266,20,3540,0.0,0.0,0.0,0.0,0.0,0.0,2
1267,20,3495,0.0,0.0,0.0,0.0,0.0,0.0,2
1268,20,3481,0.0,0.0,0.0,0.0,0.0,0.0,2
1269,20,3482,0.0,0.0,0.0,0.0,0.0,0.0,2
1270,20,3483,0.0,0.0,0.0,0.0,0.0,0.0,2
1271,20,3484,0.0,0.0,0.0,0.0,0.0,0.0,2
1272,20,3485,0.0,0.0,0.0,0.0,0.0,0.0,2
1273,20,3486,0.0,0.0,0.0,0.0,0.0,0.0,2
1274,20,3487,0.0,0.0,0.0,0.0,0.0,0.0,2
1275,20,3488,0.0,0.0,0.0,0.0,0.0,0.0,2
1276,20,3489,0.0,0.0,0.0,0.0,0.0,0.0,2
1277,20,3490,0.0,0.0,0.0,0.0,0.0,0.0,2
1278,20,3491,0.0,0.0,0.0,0.0,0.0,0.0,2
1279,20,3492,0.0,0.0,0.0,0.0,0.0,0.0,2
1280,20,3493,0.0,0.0,0.0,0.0,0.0,0.0,2
1281,20,3494,0.0,0.0,0.0,0.0,0.0,0.0,2
1282,20,3414,0.0,0.0,0.0,0.0,0.0,0.0,2
1283,20,3496,0.0,0.0,0.0,0.0,0.0,0.0,2
1284,20,3497,0.0,0.0,0.0,0.0,0.0,0.0,2
1285,20,3498,0.0,0.0,0.0,0.0,0.0,0.0,2
1286,20,3499,0.0,0.0,0.0,0.0,0.0,0.0,2
1287,20,3500,0.0,0.0,0.0,0.0,0.0,0.0,2
1288,20,3501,0.0,0.0,0.0,0.0,0.0,0.0,2
1289,20,3502,0.0,0.0,0.0,0.0,0.0,0.0,2
1290,20,3503,0.0,0.0,0.0,0.0,0.0,0.0,2
1291,20,3504,0.0,0.0,0.0,0.0,0.0,0.0,2
1292,20,3505,0.0,0.0,0.0,0.0,0.0,0.0,2
1293,20,3506,0.0,0.0,0.0,0.0,0.0,0.0,2
1294,20,3507,0.0,0.0,0.0,0.0,0.0,0.0,2
1295,20,3508,0.0,0.0,0.0,0.0,0.0,0.0,2
1296,20,3509,0.0,0.0,0.0,0.0,0.0,0.0,2
1297,20,3336,0.0,0.0,0.0,0.0,0.0,0.0,2
1298,20,3321,0.0,0.0,0.0,0.0,0.0,0.0,2
1299,20,3322,0.0,0.0,0.0,0.0,0.0,0.0,2
1300,20,3323,0.0,0.0,0.0,0.0,0.0,0.0,2
1301,20,3324,0.0,0.0,0.0,0.0,0.0,0.0,2
1302,20,3325,0.0,0.0,0.0,0.0,0.0,0.0,2
1303,20,3326,0.0,0.0,0.0,0.0,0.0,0.0,2
1304,20,3327,0.0,0.0,0.0,0.0,0.0,0.0,2
1305,20,3328,0.0,0.0,0.0,0.0,0.0,0.0,2
1306,20,3329,0.0,0.0,0.0,0.0,0.0,0.0,2
1307,20,3330,0.0,0.0,0.0,0.0,0.0,0.0,2
1308,20,3331,0.0,0.0,0.0,0.0,0.0,0.0,2
1309,20,3332,0.0,0.0,0.0,0.0,0.0,0.0,2
1310,20,3333,0.0,0.0,0.0,0.0,0.0,0.0,2
1311,20,3334,0.0,0.0,0.0,0.0,0.0,0.0,2
1312,20,3335,0.0,0.0,0.0,0.0,0.0,0.0,2
1313,20,3320,0.0,0.0,0.0,0.0,0.0,0.0,2
1314,20,3337,0.0,0.0,0.0,0.0,0.0,0.0,2
1315,20,3338,0.0,0.0,0.0,0.0,0.0,0.0,2
1316,20,3339,0.0,0.0,0.0,0.0,0.0,0.0,2
1317,20,3340,0.0,0.0,0.0,0.0,0.0,0.0,2
1318,20,3341,0.0,0.0,0.0,0.0,0.0,0.0,2
1319,20,3342,0.0,0.0,0.0,0.0,0.0,0.0,2
1320,20,3343,0.0,0.0,0.0,0.0,0.0,0.0,2
1321,20,3344,0.0,0.0,0.0,0.0,0.0,0.0,2
1322,20,3345,0.0,0.0,0.0,0.0,0.0,0.0,2
1323,20,3346,0.0,0.0,0.0,0.0,0.0,0.0,2
1324,20,3348,0.0,0.0,0.0,0.0,0.0,0.0,2
1325,20,3349,0.0,0.0,0.0,0.0,0.0,0.0,2
1326,20,3350,0.0,0.0,0.0,0.0,0.0,0.0,2
1327,20,3351,0.0,0.0,0.0,0.0,0.0,0.0,2
1328,20,3305,0.0,0.0,0.0,0.0,0.0,0.0,2
1329,20,3290,0.0,0.0,0.0,0.0,0.0,0.0,2
1330,20,3291,0.0,0.0,0.0,0.0,0.0,0.0,2
1331,20,3292,0.0,0.0,0.0,0.0,0.0,0.0,2
1332,20,3293,0.0,0.0,0.0,0.0,0.0,0.0,2
1333,20,3294,0.0,0.0,0.0,0.0,0.0,0.0,2
1334,20,3295,0.0,0.0,0.0,0.0,0.0,0.0,2
1335,20,3296,0.0,0.0,0.0,0.0,0.0,0.0,2
1336,20,3297,0.0,0.0,0.0,0.0,0.0,0.0,2
1337,20,3298,0.0,0.0,0.0,0.0,0.0,0.0,2
1338,20,3299,0.0,0.0,0.0,0.0,0.0,0.0,2
1339,20,3300,0.0,0.0,0.0,0.0,0.0,0.0,2
1340,20,3301,0.0,0.0,0.0,0.0,0.0,0.0,2
1341,20,3302,0.0,0.0,0.0,0.0,0.0,0.0,2
1342,20,3303,0.0,0.0,0.0,0.0,0.0,0.0,2
1343,20,3304,0.0,0.0,0.0,0.0,0.0,0.0,2
1344,20,3352,0.0,0.0,0.0,0.0,0.0,0.0,2
1345,20,3306,0.0,0.0,0.0,0.0,0.0,0.0,2
1346,20,3307,0.0,0.0,0.0,0.0,0.0,0.0,2
1347,20,3308,0.0,0.0,0.0,0.0,0.0,0.0,2
1348,20,3309,0.0,0.0,0.0,0.0,0.0,0.0,2
1349,20,3310,0.0,0.0,0.0,0.0,0.0,0.0,2
1350,20,3311,0.0,0.0,0.0,0.0,0.0,0.0,2
1351,20,3312,0.0,0.0,0.0,0.0,0.0,0.0,2
1352,20,3313,0.0,0.0,0.0,0.0,0.0,0.0,2
1353,20,3314,0.0,0.0,0.0,0.0,0.0,0.0,2
1354,20,3315,0.0,0.0,0.0,0.0,0.0,0.0,2
1355,20,3316,0.0,0.0,0.0,0.0,0.0,0.0,2
1356,20,3317,0.0,0.0,0.0,0.0,0.0,0.0,2
1357,20,3318,0.0,0.0,0.0,0.0,0.0,0.0,2
1358,20,3319,0.0,0.0,0.0,0.0,0.0,0.0,2
1359,20,3399,0.0,0.0,0.0,0.0,0.0,0.0,2
1360,20,3383,0.0,0.0,0.0,0.0,0.0,0.0,2
1361,20,3384,0.0,0.0,0.0,0.0,0.0,0.0,2
1362,20,3386,0.0,0.0,0.0,0.0,0.0,0.0,2
1363,20,3387,0.0,0.0,0.0,0.0,0.0,0.0,2
1364,20,3388,0.0,0.0,0.0,0.0,0.0,0.0,2
1365,20,3389,0.0,0.0,0.0,0.0,0.0,0.0,2
1366,20,3390,0.0,0.0,0.0,0.0,0.0,0.0,2
1367,20,3391,0.0,0.0,0.0,0.0,0.0,0.0,2
1368,20,3392,0.0,0.0,0.0,0.0,0.0,0.0,2
1369,20,3393,0.0,0.0,0.0,0.0,0.0,0.0,2
1370,20,3394,0.0,0.0,0.0,0.0,0.0,0.0,2
1371,20,3395,0.0,0.0,0.0,0.0,0.0,0.0,2
1372,20,3396,0.0,0.0,0.0,0.0,0.0,0.0,2
1373,20,3397,0.0,0.0,0.0,0.0,0.0,0.0,2
1374,20,3398,0.0,0.0,0.0,0.0,0.0,0.0,2
1375,20,3382,0.0,0.0,0.0,0.0,0.0,0.0,2
1376,20,3400,0.0,0.0,0.0,0.0,0.0,0.0,2
1377,20,3401,0.0,0.0,0.0,0.0,0.0,0.0,2
1378,20,3402,0.0,0.0,0.0,0.0,0.0,0.0,2
1379,20,3403,0.0,0.0,0.0,0.0,0.0,0.0,2
1380,20,3404,0.0,0.0,0.0,0.0,0.0,0.0,2
1381,20,3405,0.0,0.0,0.0,0.0,0.0,0.0,2
1382,20,3406,0.0,0.0,0.0,0.0,0.0,0.0,2
1383,20,3407,0.0,0.0,0.0,0.0,0.0,0.0,2
1384,20,3408,0.0,0.0,0.0,0.0,0.0,0.0,2
1385,20,3409,0.0,0.0,0.0,0.0,0.0,0.0,2
1386,20,3410,0.0,0.0,0.0,0.0,0.0,0.0,2
1387,20,3411,0.0,0.0,0.0,0.0,0.0,0.0,2
1388,20,3412,0.0,0.0,0.0,0.0,0.0,0.0,2
1389,20,3413,0.0,0.0,0.0,0.0,0.0,0.0,2
1390,20,3367,0.0,0.0,0.0,0.0,0.0,0.0,2
1391,20,3353,0.0,0.0,0.0,0.0,0.0,0.0,2
1392,20,3354,0.0,0.0,0.0,0.0,0.0,0.0,2
1393,20,3355,0.0,0.0,0.0,0.0,0.0,0.0,2
1394,20,3356,0.0,0.0,0.0,0.0,0.0,0.0,2
1395,20,3357,0.0,0.0,0.0,0.0,0.0,0.0,2
1396,20,3358,0.0,0.0,0.0,0.0,0.0,0.0,2
1397,20,3359,0.0,0.0,0.0,0.0,0.0,0.0,2
1398,20,3360,0.0,0.0,0.0,0.0,0.0,0.0,2
1399,20,3361,0.0,0.0,0.0,0.0,0.0,0.0,2
1400,20,3362,0.0,0.0,0.0,0.0,0.0,0.0,2
1401,20,3363,0.0,0.0,0.0,0.0,0.0,0.0,2
1402,20,3364,0.0,0.0,0.0,0.0,0.0,0.0,2
1403,20,3365,0.0,0.0,0.0,0.0,0.0,0.0,2
1404,20,3366,0.0,0.0,0.0,0.0,0.0,0.0,2
1405,20,3541,0.0,0.0,0.0,0.0,0.0,0.0,2
1406,20,3368,0.0,0.0,0.0,0.0,0.0,0.0,2
1407,20,3369,0.0,0.0,0.0,0.0,0.0,0.0,2
1408,20,3370,0.0,0.0,0.0,0.0,0.0,0.0,2
1409,20,3371,0.0,0.0,0.0,0.0,0.0,0.0,2
1410,20,3372,0.0,0.0,0.0,0.0,0.0,0.0,2
1411,20,3373,0.0,0.0,0.0,0.0,0.0,0.0,2
1412,20,3374,0.0,0.0,0.0,0.0,0.0,0.0,2
1413,20,3375,0.0,0.0,0.0,0.0,0.0,0.0,2
1414,20,3376,0.0,0.0,0.0,0.0,0.0,0.0,2
1415,20,3377,0.0,0.0,0.0,0.0,0.0,0.0,2
1416,20,3378,0.0,0.0,0.0,0.0,0.0,0.0,2
1417,20,3379,0.0,0.0,0.0,0.0,0.0,0.0,2
1418,20,3380,0.0,0.0,0.0,0.0,0.0,0.0,2
1419,20,3381,0.0,0.0,0.0,0.0,0.0,0.0,2
1420,20,3716,0.0,0.0,0.0,0.0,0.0,0.0,2
1421,20,3701,0.0,0.0,0.0,0.0,0.0,0.0,2
1422,20,3702,0.0,0.0,0.0,0.0,0.0,0.0,2
1423,20,3703,0.0,0.0,0.0,0.0,0.0,0.0,2
1424,20,3704,0.0,0.0,0.0,0.0,0.0,0.0,2
1425,20,3705,0.0,0.0,0.0,0.0,0.0,0.0,2
1426,20,3706,0.0,0.0,0.0,0.0,0.0,0.0,2
1427,20,3707,0.0,0.0,0.0,0.0,0.0,0.0,2
1428,20,3708,0.0,0.0,0.0,0.0,0.0,0.0,2
1429,20,3709,0.0,0.0,0.0,0.0,0.0,0.0,2
1430,20,3710,0.0,0.0,0.0,0.0,0.0,0.0,2
1431,20,3711,0.0,0.0,0.0,0.0,0.0,0.0,2
1432,20,3712,0.0,0.0,0.0,0.0,0.0,0.0,2
1433,20,3713,0.0,0.0,0.0,0.0,0.0,0.0,2
1434,20,3714,0.0,0.0,0.0,0.0,0.0,0.0,2
1435,20,3715,0.0,0.0,0.0,0.0,0.0,0.0,2
1436,20,3700,0.0,0.0,0.0,0.0,0.0,0.0,2
1437,20,3717,0.0,0.0,0.0,0.0,0.0,0.0,2
1438,20,3719,0.0,0.0,0.0,0.0,0.0,0.0,2
1439,20,3720,0.0,0.0,0.0,0.0,0.0,0.0,2
1440,20,3721,0.0,0.0,0.0,0.0,0.0,0.0,2
1441,20,3722,0.0,0.0,0.0,0.0,0.0,0.0,2
1442,20,3723,0.0,0.0,0.0,0.0,0.0,0.0,2
1443,20,3724,0.0,0.0,0.0,0.0,0.0,0.0,2
1444,20,3725,0.0,0.0,0.0,0.0,0.0,0.0,2
1445,20,3726,0.0,0.0,0.0,0.0,0.0,0.0,2
1446,20,3727,0.0,0.0,0.0,0.0,0.0,0.0,2
1447,20,3728,0.0,0.0,0.0,0.0,0.0,0.0,2
1448,20,3729,0.0,0.0,0.0,0.0,0.0,0.0,2
1449,20,3730,0.0,0.0,0.0,0.0,0.0,0.0,2
1450,20,3731,0.0,0.0,0.0,0.0,0.0,0.0,2
1451,20,3685,0.0,0.0,0.0,0.0,0.0,0.0,2
1452,20,3670,0.0,0.0,0.0,0.0,0.0,0.0,2
1453,20,3671,0.0,0.0,0.0,0.0,0.0,0.0,2
1454,20,3672,0.0,0.0,0.0,0.0,0.0,0.0,2
1455,20,3673,0.0,0.0,0.0,0.0,0.0,0.0,2
1456,20,3674,0.0,0.0,0.0,0.0,0.0,0.0,2
1457,20,3675,0.0,0.0,0.0,0.0,0.0,0.0,2
1458,20,3676,0.0,0.0,0.0,0.0,0.0,0.0,2
1459,20,3677,0.0,0.0,0.0,0.0,0.0,0.0,2
1460,20,3678,0.0,0.0,0.0,0.0,0.0,0.0,2
1461,20,3679,0.0,0.0,0.0,0.0,0.0,0.0,2
1462,20,3680,0.0,0.0,0.0,0.0,0.0,0.0,2
1463,20,3681,0.0,0.0,0.0,0.0,0.0,0.0,2
1464,20,3682,0.0,0.0,0.0,0.0,0.0,0.0,2
1465,20,3683,0.0,0.0,0.0,0.0,0.0,0.0,2
1466,20,3684,0.0,0.0,0.0,0.0,0.0,0.0,2
1467,20,3732,0.0,0.0,0.0,0.0,0.0,0.0,2
1468,20,3686,0.0,0.0,0.0,0.0,0.0,0.0,2
1469,20,3687,0.0,0.0,0.0,0.0,0.0,0.0,2
1470,20,3688,0.0,0.0,0.0,0.0,0.0,0.0,2
1471,20,3689,0.0,0.0,0.0,0.0,0.0,0.0,2
1472,20,3690,0.0,0.0,0.0,0.0,0.0,0.0,2
1473,20,3691,0.0,0.0,0.0,0.0,0.0,0.0,2
1474,20,3692,0.0,0.0,0.0,0.0,0.0,0.0,2
1475,20,3693,0.0,0.0,0.0,0.0,0.0,0.0,2
1476,20,3694,0.0,0.0,0.0,0.0,0.0,0.0,2
1477,20,3695,0.0,0.0,0.0,0.0,0.0,0.0,2
1478,20,3696,0.0,0.0,0.0,0.0,0.0,0.0,2
1479,20,3697,0.0,0.0,0.0,0.0,0.0,0.0,2
1480,20,3698,0.0,0.0,0.0,0.0,0.0,0.0,2
1481,20,3699,0.0,0.0,0.0,0.0,0.0,0.0,2
1482,20,3779,0.0,0.0,0.0,0.0,0.0,0.0,2
1483,20,3764,0.0,0.0,0.0,0.0,0.0,0.0,2
1484,20,3765,0.0,0.0,0.0,0.0,0.0,0.0,2
1485,20,3766,0.0,0.0,0.0,0.0,0.0,0.0,2
1486,20,3767,0.0,0.0,0.0,0.0,0.0,0.0,2
1487,20,3768,0.0,0.0,0.0,0.0,0.0,0.0,2
1488,20,3769,0.0,0.0,0.0,0.0,0.0,0.0,2
1489,20,3770,0.0,0.0,0.0,0.0,0.0,0.0,2
1490,20,3771,0.0,0.0,0.0,0.0,0.0,0.0,2
1491,20,3772,0.0,0.0,0.0,0.0,0.0,0.0,2
1492,20,3773,0.0,0.0,0.0,0.0,0.0,0.0,2
1493,20,3774,0.0,0.0,0.0,0.0,0.0,0.0,2
1494,20,3775,0.0,0.0,0.0,0.0,0.0,0.0,2
1495,20,3776,0.0,0.0,0.0,0.0,0.0,0.0,2
1496,20,3777,0.0,0.0,0.0,0.0,0.0,0.0,2
1497,20,3778,0.0,0.0,0.0,0.0,0.0,0.0,2
1498,20,3763,0.0,0.0,0.0,0.0,0.0,0.0,2
1499,20,3780,0.0,0.0,0.0,0.0,0.0,0.0,2
1500,20,3781,0.0,0.0,0.0,0.0,0.0,0.0,2
1501,20,3782,0.0,0.0,0.0,0.0,0.0,0.0,2
1502,20,3783,0.0,0.0,0.0,0.0,0.0,0.0,2
1503,20,3784,0.0,0.0,0.0,0.0,0.0,0.0,2
1504,20,3785,0.0,0.0,0.0,0.0,0.0,0.0,2
1505,20,3786,0.0,0.0,0.0,0.0,0.0,0.0,2
1506,20,3787,0.0,0.0,0.0,0.0,0.0,0.0,2
1507,20,3788,0.0,0.0,0.0,0.0,0.0,0.0,2
1508,20,3789,0.0,0.0,0.0,0.0,0.0,0.0,2
1509,20,3790,0.0,0.0,0.0,0.0,0.0,0.0,2
1510,20,3791,0.0,0.0,0.0,0.0,0.0,0.0,2
1511,20,3792,0.0,0.0,0.0,0.0,0.0,0.0,2
1512,20,3793,0.0,0.0,0.0,0.0,0.0,0.0,2
1513,20,3747,0.0,0.0,0.0,0.0,0.0,0.0,2
1514,20,3733,0.0,0.0,0.0,0.0,0.0,0.0,2
1515,20,3734,0.0,0.0,0.0,0.0,0.0,0.0,2
1516,20,3735,0.0,0.0,0.0,0.0,0.0,0.0,2
1517,20,3736,0.0,0.0,0.0,0.0,0.0,0.0,2
1518,20,3737,0.0,0.0,0.0,0.0,0.0,0.0,2
1519,20,3738,0.0,0.0,0.0,0.0,0.0,0.0,2
1520,20,3739,0.0,0.0,0.0,0.0,0.0,0.0,2
1521,20,3740,0.0,0.0,0.0,0.0,0.0,0.0,2
1522,20,3741,0.0,0.0,0.0,0.0,0.0,0.0,2
1523,20,3742,0.0,0.0,0.0,0.0,0.0,0.0,2
1524,20,3743,0.0,0.0,0.0,0.0,0.0,0.0,2
1525,20,3744,0.0,0.0,0.0,0.0,0.0,0.0,2
1526,20,3745,0.0,0.0,0.0,0.0,0.0,0.0,2
1527,20,3746,0.0,0.0,0.0,0.0,0.0,0.0,2
1528,20,3669,0.0,0.0,0.0,0.0,0.0,0.0,2
1529,20,3748,0.0,0.0,0.0,0.0,0.0,0.0,2
1530,20,3749,0.0,0.0,0.0,0.0,0.0,0.0,2
1531,20,3750,0.0,0.0,0.0,0.0,0.0,0.0,2
1532,20,3751,0.0,0.0,0.0,0.0,0.0,0.0,2
1533,20,3752,0.0,0.0,0.0,0.0,0.0,0.0,2
1534,20,3753,0.0,0.0,0.0,0.0,0.0,0.0,2
1535,20,3754,0.0,0.0,0.0,0.0,0.0,0.0,2
1536,20,3756,0.0,0.0,0.0,0.0,0.0,0.0,2
1537,20,3757,0.0,0.0,0.0,0.0,0.0,0.0,2
1538,20,3758,0.0,0.0,0.0,0.0,0.0,0.0,2
1539,20,3759,0.0,0.0,0.0,0.0,0.0,0.0,2
1540,20,3760,0.0,0.0,0.0,0.0,0.0,0.0,2
1541,20,3761,0.0,0.0,0.0,0.0,0.0,0.0,2
1542,20,3762,0.0,0.0,0.0,0.0,0.0,0.0,2
1543,20,3588,0.0,0.0,0.0,0.0,0.0,0.0,2
1544,20,3573,0.0,0.0,0.0,0.0,0.0,0.0,2
1545,20,3574,0.0,0.0,0.0,0.0,0.0,0.0,2
1546,20,3575,0.0,0.0,0.0,0.0,0.0,0.0,2
1547,20,3576,0.0,0.0,0.0,0.0,0.0,0.0,2
1548,20,3577,0.0,0.0,0.0,0.0,0.0,0.0,2
1549,20,3578,0.0,0.0,0.0,0.0,0.0,0.0,2
1550,20,3579,0.0,0.0,0.0,0.0,0.0,0.0,2
1551,20,3580,0.0,0.0,0.0,0.0,0.0,0.0,2
1552,20,3581,0.0,0.0,0.0,0.0,0.0,0.0,2
1553,20,3582,0.0,0.0,0.0,0.0,0.0,0.0,2
1554,20,3583,0.0,0.0,0.0,0.0,0.0,0.0,2
1555,20,3584,0.0,0.0,0.0,0.0,0.0,0.0,2
1556,20,3585,0.0,0.0,0.0,0.0,0.0,0.0,2
1557,20,3586,0.0,0.0,0.0,0.0,0.0,0.0,2
1558,20,3587,0.0,0.0,0.0,0.0,0.0,0.0,2
1559,20,3572,0.0,0.0,0.0,0.0,0.0,0.0,2
1560,20,3589,0.0,0.0,0.0,0.0,0.0,0.0,2
1561,20,3591,0.0,0.0,0.0,0.0,0.0,0.0,2
1562,20,3592,0.0,0.0,0.0,0.0,0.0,0.0,2
1563,20,3594,0.0,0.0,0.0,0.0,0.0,0.0,2
1564,20,3595,0.0,0.0,0.0,0.0,0.0,0.0,2
1565,20,3596,0.0,0.0,0.0,0.0,0.0,0.0,2
1566,20,3597,0.0,0.0,0.0,0.0,0.0,0.0,2
1567,20,3598,0.0,0.0,0.0,0.0,0.0,0.0,2
1568,20,3600,0.0,0.0,0.0,0.0,0.0,0.0,2
1569,20,3601,0.0,0.0,0.0,0.0,0.0,0.0,2
1570,20,3602,0.0,0.0,0.0,0.0,0.0,0.0,2
1571,20,3603,0.0,0.0,0.0,0.0,0.0,0.0,2
1572,20,3604,0.0,0.0,0.0,0.0,0.0,0.0,2
1573,20,3605,0.0,0.0,0.0,0.0,0.0,0.0,2
1574,20,3556,0.0,0.0,0.0,0.0,0.0,0.0,2
1575,20,3542,0.0,0.0,0.0,0.0,0.0,0.0,2
1576,20,3543,0.0,0.0,0.0,0.0,0.0,0.0,2
1577,20,3544,0.0,0.0,0.0,0.0,0.0,0.0,2
1578,20,3545,0.0,0.0,0.0,0.0,0.0,0.0,2
1579,20,3546,0.0,0.0,0.0,0.0,0.0,0.0,2
1580,20,3547,0.0,0.0,0.0,0.0,0.0,0.0,2
1581,20,3548,0.0,0.0,0.0,0.0,0.0,0.0,2
1582,20,3549,0.0,0.0,0.0,0.0,0.0,0.0,2
1583,20,3550,0.0,0.0,0.0,0.0,0.0,0.0,2
1584,20,3551,0.0,0.0,0.0,0.0,0.0,0.0,2
1585,20,3552,0.0,0.0,0.0,0.0,0.0,0.0,2
1586,20,3553,0.0,0.0,0.0,0.0,0.0,0.0,2
1587,20,3554,0.0,0.0,0.0,0.0,0.0,0.0,2
1588,20,3555,0.0,0.0,0.0,0.0,0.0,0.0,2
1589,20,3606,0.0,0.0,0.0,0.0,0.0,0.0,2
1590,20,3557,0.0,0.0,0.0,0.0,0.0,0.0,2
1591,20,3558,0.0,0.0,0.0,0.0,0.0,0.0,2
1592,20,3559,0.0,0.0,0.0,0.0,0.0,0.0,2
1593,20,3560,0.0,0.0,0.0,0.0,0.0,0.0,2
1594,20,3561,0.0,0.0,0.0,0.0,0.0,0.0,2
1595,20,3562,0.0,0.0,0.0,0.0,0.0,0.0,2
1596,20,3563,0.0,0.0,0.0,0.0,0.0,0.0,2
1597,20,3564,0.0,0.0,0.0,0.0,0.0,0.0,2
1598,20,3565,0.0,0.0,0.0,0.0,0.0,0.0,2
1599,20,3566,0.0,0.0,0.0,0.0,0.0,0.0,2
1600,20,3567,0.0,0.0,0.0,0.0,0.0,0.0,2
1601,20,3568,0.0,0.0,0.0,0.0,0.0,0.0,2
1602,20,3569,0.0,0.0,0.0,0.0,0.0,0.0,2
1603,20,3571,0.0,0.0,0.0,0.0,0.0,0.0,2
1604,20,3654,0.0,0.0,0.0,0.0,0.0,0.0,2
1605,20,3638,0.0,0.0,0.0,0.0,0.0,0.0,2
1606,20,3639,0.0,0.0,0.0,0.0,0.0,0.0,2
1607,20,3640,0.0,0.0,0.0,0.0,0.0,0.0,2
1608,20,3641,0.0,0.0,0.0,0.0,0.0,0.0,2
1609,20,3642,0.0,0.0,0.0,0.0,0.0,0.0,2
1610,20,3643,0.0,0.0,0.0,0.0,0.0,0.0,2
1611,20,3644,0.0,0.0,0.0,0.0,0.0,0.0,2
1612,20,3645,0.0,0.0,0.0,0.0,0.0,0.0,2
1613,20,3646,0.0,0.0,0.0,0.0,0.0,0.0,2
1614,20,3647,0.0,0.0,0.0,0.0,0.0,0.0,2
1615,20,3648,0.0,0.0,0.0,0.0,0.0,0.0,2
1616,20,3649,0.0,0.0,0.0,0.0,0.0,0.0,2
1617,20,3651,0.0,0.0,0.0,0.0,0.0,0.0,2
1618,20,3652,0.0,0.0,0.0,0.0,0.0,0.0,2
1619,20,3653,0.0,0.0,0.0,0.0,0.0,0.0,2
1620,20,3637,0.0,0.0,0.0,0.0,0.0,0.0,2
1621,20,3655,0.0,0.0,0.0,0.0,0.0,0.0,2
1622,20,3656,0.0,0.0,0.0,0.0,0.0,0.0,2
1623,20,3657,0.0,0.0,0.0,0.0,0.0,0.0,2
1624,20,3658,0.0,0.0,0.0,0.0,0.0,0.0,2
1625,20,3659,0.0,0.0,0.0,0.0,0.0,0.0,2
1626,20,3660,0.0,0.0,0.0,0.0,0.0,0.0,2
1627,20,3661,0.0,0.0,0.0,0.0,0.0,0.0,2
1628,20,3662,0.0,0.0,0.0,0.0,0.0,0.0,2
1629,20,3663,0.0,0.0,0.0,0.0,0.0,0.0,2
1630,20,3664,0.0,0.0,0.0,0.0,0.0,0.0,2
1631,20,3665,0.0,0.0,0.0,0.0,0.0,0.0,2
1632,20,3666,0.0,0.0,0.0,0.0,0.0,0.0,2
1633,20,3667,0.0,0.0,0.0,0.0,0.0,0.0,2
1634,20,3668,0.0,0.0,0.0,0.0,0.0,0.0,2
1635,20,3621,0.0,0.0,0.0,0.0,0.0,0.0,2
1636,20,3607,0.0,0.0,0.0,0.0,0.0,0.0,2
1637,20,3608,0.0,0.0,0.0,0.0,0.0,0.0,2
1638,20,3609,0.0,0.0,0.0,0.0,0.0,0.0,2
1639,20,3610,0.0,0.0,0.0,0.0,0.0,0.0,2
1640,20,3611,0.0,0.0,0.0,0.0,0.0,0.0,2
1641,20,3612,0.0,0.0,0.0,0.0,0.0,0.0,2
1642,20,3613,0.0,0.0,0.0,0.0,0.0,0.0,2
1643,20,3614,0.0,0.0,0.0,0.0,0.0,0.0,2
1644,20,3615,0.0,0.0,0.0,0.0,0.0,0.0,2
1645,20,3616,0.0,0.0,0.0,0.0,0.0,0.0,2
1646,20,3617,0.0,0.0,0.0,0.0,0.0,0.0,2
1647,20,3618,0.0,0.0,0.0,0.0,0.0,0.0,2
1648,20,3619,0.0,0.0,0.0,0.0,0.0,0.0,2
1649,20,3620,0.0,0.0,0.0,0.0,0.0,0.0,2
1650,20,3289,0.0,0.0,0.0,0.0,0.0,0.0,2
1651,20,3623,0.0,0.0,0.0,0.0,0.0,0.0,2
1652,20,3624,0.0,0.0,0.0,0.0,0.0,0.0,2
1653,20,3625,0.0,0.0,0.0,0.0,0.0,0.0,2
1654,20,3626,0.0,0.0,0.0,0.0,0.0,0.0,2
1655,20,3627,0.0,0.0,0.0,0.0,0.0,0.0,2
1656,20,3628,0.0,0.0,0.0,0.0,0.0,0.0,2
1657,20,3629,0.0,0.0,0.0,0.0,0.0,0.0,2
1658,20,3630,0.0,0.0,0.0,0.0,0.0,0.0,2
1659,20,3631,0.0,0.0,0.0,0.0,0.0,0.0,2
1660,20,3632,0.0,0.0,0.0,0.0,0.0,0.0,2
1661,20,3633,0.0,0.0,0.0,0.0,0.0,0.0,2
1662,20,3634,0.0,0.0,0.0,0.0,0.0,0.0,2
1663,20,3635,0.0,0.0,0.0,0.0,0.0,0.0,2
1664,20,3636,0.0,0.0,0.0,0.0,0.0,0.0,2
1665,20,2960,0.0,0.0,0.0,0.0,0.0,0.0,2
1666,20,2945,0.0,0.0,0.0,0.0,0.0,0.0,2
1667,20,2946,0.0,0.0,0.0,0.0,0.0,0.0,2
1668,20,2947,0.0,0.0,0.0,0.0,0.0,0.0,2
1669,20,2948,0.0,0.0,0.0,0.0,0.0,0.0,2
1670,20,2949,0.0,0.0,0.0,0.0,0.0,0.0,2
1671,20,2950,0.0,0.0,0.0,0.0,0.0,0.0,2
1672,20,2951,0.0,0.0,0.0,0.0,0.0,0.0,2
1673,20,2952,0.0,0.0,0.0,0.0,0.0,0.0,2
1674,20,2953,0.0,0.0,0.0,0.0,0.0,0.0,2
1675,20,2954,0.0,0.0,0.0,0.0,0.0,0.0,2
1676,20,2955,0.0,0.0,0.0,0.0,0.0,0.0,2
1677,20,2956,0.0,0.0,0.0,0.0,0.0,0.0,2
1678,20,2957,0.0,0.0,0.0,0.0,0.0,0.0,2
1679,20,2958,0.0,0.0,0.0,0.0,0.0,0.0,2
1680,20,2959,0.0,0.0,0.0,0.0,0.0,0.0,2
1681,20,2944,0.0,0.0,0.0,0.0,0.0,0.0,2
1682,20,2961,0.0,0.0,0.0,0.0,0.0,0.0,2
1683,20,2962,0.0,0.0,0.0,0.0,0.0,0.0,2
1684,20,2963,0.0,0.0,0.0,0.0,0.0,0.0,2
1685,20,2964,0.0,0.0,0.0,0.0,0.0,0.0,2
1686,20,2965,0.0,0.0,0.0,0.0,0.0,0.0,2
1687,20,2966,0.0,0.0,0.0,0.0,0.0,0.0,2
1688,20,2967,0.0,0.0,0.0,0.0,0.0,0.0,2
1689,20,2968,0.0,0.0,0.0,0.0,0.0,0.0,2
1690,20,2969,0.0,0.0,0.0,0.0,0.0,0.0,2
1691,20,2970,0.0,0.0,0.0,0.0,0.0,0.0,2
1692,20,2971,0.0,0.0,0.0,0.0,0.0,0.0,2
1693,20,2972,0.0,0.0,0.0,0.0,0.0,0.0,2
1694,20,2973,0.0,0.0,0.0,0.0,0.0,0.0,2
1695,20,2974,0.0,0.0,0.0,0.0,0.0,0.0,2
1696,20,2929,0.0,0.0,0.0,0.0,0.0,0.0,2
1697,20,2914,0.0,0.0,0.0,0.0,0.0,0.0,2
1698,20,2915,0.0,0.0,0.0,0.0,0.0,0.0,2
1699,20,2916,0.0,0.0,0.0,0.0,0.0,0.0,2
1700,20,2917,0.0,0.0,0.0,0.0,0.0,0.0,2
1701,20,2918,0.0,0.0,0.0,0.0,0.0,0.0,2
1702,20,2919,0.0,0.0,0.0,0.0,0.0,0.0,2
1703,20,2920,0.0,0.0,0.0,0.0,0.0,0.0,2
1704,20,2921,0.0,0.0,0.0,0.0,0.0,0.0,2
1705,20,2922,0.0,0.0,0.0,0.0,0.0,0.0,2
1706,20,2923,0.0,0.0,0.0,0.0,0.0,0.0,2
1707,20,2924,0.0,0.0,0.0,0.0,0.0,0.0,2
1708,20,2925,0.0,0.0,0.0,0.0,0.0,0.0,2
1709,20,2926,0.0,0.0,0.0,0.0,0.0,0.0,2
1710,20,2927,0.0,0.0,0.0,0.0,0.0,0.0,2
1711,20,2928,0.0,0.0,0.0,0.0,0.0,0.0,2
1712,20,2975,0.0,0.0,0.0,0.0,0.0,0.0,2
1713,20,2930,0.0,0.0,0.0,0.0,0.0,0.0,2
1714,20,2931,0.0,0.0,0.0,0.0,0.0,0.0,2
1715,20,2932,0.0,0.0,0.0,0.0,0.0,0.0,2
1716,20,2933,0.0,0.0,0.0,0.0,0.0,0.0,2
1717,20,2934,0.0,0.0,0.0,0.0,0.0,0.0,2
1718,20,2935,0.0,0.0,0.0,0.0,0.0,0.0,2
1719,20,2936,0.0,0.0,0.0,0.0,0.0,0.0,2
1720,20,2937,0.0,0.0,0.0,0.0,0.0,0.0,2
1721,20,2938,0.0,0.0,0.0,0.0,0.0,0.0,2
1722,20,2939,0.0,0.0,0.0,0.0,0.0,0.0,2
1723,20,2940,0.0,0.0,0.0,0.0,0.0,0.0,2
1724,20,2941,0.0,0.0,0.0,0.0,0.0,0.0,2
1725,20,2942,0.0,0.0,0.0,0.0,0.0,0.0,2
1726,20,2943,0.0,0.0,0.0,0.0,0.0,0.0,2
1727,20,3022,0.0,0.0,0.0,0.0,0.0,0.0,2
1728,20,3007,0.0,0.0,0.0,0.0,0.0,0.0,2
1729,20,3008,0.0,0.0,0.0,0.0,0.0,0.0,2
1730,20,3009,0.0,0.0,0.0,0.0,0.0,0.0,2
1731,20,3010,0.0,0.0,0.0,0.0,0.0,0.0,2
1732,20,3011,0.0,0.0,0.0,0.0,0.0,0.0,2
1733,20,3012,0.0,0.0,0.0,0.0,0.0,0.0,2
1734,20,3013,0.0,0.0,0.0,0.0,0.0,0.0,2
1735,20,3014,0.0,0.0,0.0,0.0,0.0,0.0,2
1736,20,3015,0.0,0.0,0.0,0.0,0.0,0.0,2
1737,20,3016,0.0,0.0,0.0,0.0,0.0,0.0,2
1738,20,3017,0.0,0.0,0.0,0.0,0.0,0.0,2
1739,20,3018,0.0,0.0,0.0,0.0,0.0,0.0,2
1740,20,3019,0.0,0.0,0.0,0.0,0.0,0.0,2
1741,20,3020,0.0,0.0,0.0,0.0,0.0,0.0,2
1742,20,3021,0.0,0.0,0.0,0.0,0.0,0.0,2
1743,20,3006,0.0,0.0,0.0,0.0,0.0,0.0,2
1744,20,3023,0.0,0.0,0.0,0.0,0.0,0.0,2
1745,20,3024,0.0,0.0,0.0,0.0,0.0,0.0,2
1746,20,3025,0.0,0.0,0.0,0.0,0.0,0.0,2
1747,20,3026,0.0,0.0,0.0,0.0,0.0,0.0,2
1748,20,3027,0.0,0.0,0.0,0.0,0.0,0.0,2
1749,20,3028,0.0,0.0,0.0,0.0,0.0,0.0,2
1750,20,3029,0.0,0.0,0.0,0.0,0.0,0.0,2
1751,20,3030,0.0,0.0,0.0,0.0,0.0,0.0,2
1752,20,3031,0.0,0.0,0.0,0.0,0.0,0.0,2
1753,20,3032,0.0,0.0,0.0,0.0,0.0,0.0,2
1754,20,3033,0.0,0.0,0.0,0.0,0.0,0.0,2
1755,20,3034,0.0,0.0,0.0,0.0,0.0,0.0,2
1756,20,3035,0.0,0.0,0.0,0.0,0.0,0.0,2
1757,20,3036,0.0,0.0,0.0,0.0,0.0,0.0,2
1758,20,2991,0.0,0.0,0.0,0.0,0.0,0.0,2
1759,20,2977,0.0,0.0,0.0,0.0,0.0,0.0,2
1760,20,2978,0.0,0.0,0.0,0.0,0.0,0.0,2
1761,20,2979,0.0,0.0,0.0,0.0,0.0,0.0,2
1762,20,2980,0.0,0.0,0.0,0.0,0.0,0.0,2
1763,20,2981,0.0,0.0,0.0,0.0,0.0,0.0,2
1764,20,2982,0.0,0.0,0.0,0.0,0.0,0.0,2
1765,20,2983,0.0,0.0,0.0,0.0,0.0,0.0,2
1766,20,2984,0.0,0.0,0.0,0.0,0.0,0.0,2
1767,20,2985,0.0,0.0,0.0,0.0,0.0,0.0,2
1768,20,2986,0.0,0.0,0.0,0.0,0.0,0.0,2
1769,20,2987,0.0,0.0,0.0,0.0,0.0,0.0,2
1770,20,2988,0.0,0.0,0.0,0.0,0.0,0.0,2
1771,20,2989,0.0,0.0,0.0,0.0,0.0,0.0,2
1772,20,2990,0.0,0.0,0.0,0.0,0.0,0.0,2
1773,20,2913,0.0,0.0,0.0,0.0,0.0,0.0,2
1774,20,2992,0.0,0.0,0.0,0.0,0.0,0.0,2
1775,20,2993,0.0,0.0,0.0,0.0,0.0,0.0,2
1776,20,2994,0.0,0.0,0.0,0.0,0.0,0.0,2
1777,20,2995,0.0,0.0,0.0,0.0,0.0,0.0,2
1778,20,2996,0.0,0.0,0.0,0.0,0.0,0.0,2
1779,20,2997,0.0,0.0,0.0,0.0,0.0,0.0,2
1780,20,2998,0.0,0.0,0.0,0.0,0.0,0.0,2
1781,20,2999,0.0,0.0,0.0,0.0,0.0,0.0,2
1782,20,3000,0.0,0.0,0.0,0.0,0.0,0.0,2
1783,20,3001,0.0,0.0,0.0,0.0,0.0,0.0,2
1784,20,3002,0.0,0.0,0.0,0.0,0.0,0.0,2
1785,20,3003,0.0,0.0,0.0,0.0,0.0,0.0,2
1786,20,3004,0.0,0.0,0.0,0.0,0.0,0.0,2
1787,20,3005,0.0,0.0,0.0,0.0,0.0,0.0,2
1788,20,2834,0.0,0.0,0.0,0.0,0.0,0.0,2
1789,20,2819,0.0,0.0,0.0,0.0,0.0,0.0,2
1790,20,2820,0.0,0.0,0.0,0.0,0.0,0.0,2
1791,20,2821,0.0,0.0,0.0,0.0,0.0,0.0,2
1792,20,2822,0.0,0.0,0.0,0.0,0.0,0.0,2
1793,20,2823,0.0,0.0,0.0,0.0,0.0,0.0,2
1794,20,2824,0.0,0.0,0.0,0.0,0.0,0.0,2
1795,20,2825,0.0,0.0,0.0,0.0,0.0,0.0,2
1796,20,2826,0.0,0.0,0.0,0.0,0.0,0.0,2
1797,20,2827,0.0,0.0,0.0,0.0,0.0,0.0,2
1798,20,2828,0.0,0.0,0.0,0.0,0.0,0.0,2
1799,20,2829,0.0,0.0,0.0,0.0,0.0,0.0,2
1800,20,2830,0.0,0.0,0.0,0.0,0.0,0.0,2
1801,20,2831,0.0,0.0,0.0,0.0,0.0,0.0,2
1802,20,2832,0.0,0.0,0.0,0.0,0.0,0.0,2
1803,20,2833,0.0,0.0,0.0,0.0,0.0,0.0,2
1804,20,2818,0.0,0.0,0.0,0.0,0.0,0.0,2
1805,20,2835,0.0,0.0,0.0,0.0,0.0,0.0,2
1806,20,2836,0.0,0.0,0.0,0.0,0.0,0.0,2
1807,20,2837,0.0,0.0,0.0,0.0,0.0,0.0,2
1808,20,2838,0.0,0.0,0.0,0.0,0.0,0.0,2
1809,20,2839,0.0,0.0,0.0,0.0,0.0,0.0,2
1810,20,2840,0.0,0.0,0.0,0.0,0.0,0.0,2
1811,20,2841,0.0,0.0,0.0,0.0,0.0,0.0,2
1812,20,2842,0.0,0.0,0.0,0.0,0.0,0.0,2
1813,20,2843,0.0,0.0,0.0,0.0,0.0,0.0,2
1814,20,2844,0.0,0.0,0.0,0.0,0.0,0.0,2
1815,20,2845,0.0,0.0,0.0,0.0,0.0,0.0,2
1816,20,2846,0.0,0.0,0.0,0.0,0.0,0.0,2
1817,20,2847,0.0,0.0,0.0,0.0,0.0,0.0,2
1818,20,2848,0.0,0.0,0.0,0.0,0.0,0.0,2
1819,20,2803,0.0,0.0,0.0,0.0,0.0,0.0,2
1820,20,2788,0.0,0.0,0.0,0.0,0.0,0.0,2
1821,20,2789,0.0,0.0,0.0,0.0,0.0,0.0,2
1822,20,2790,0.0,0.0,0.0,0.0,0.0,0.0,2
1823,20,2791,0.0,0.0,0.0,0.0,0.0,0.0,2
1824,20,2792,0.0,0.0,0.0,0.0,0.0,0.0,2
1825,20,2793,0.0,0.0,0.0,0.0,0.0,0.0,2
1826,20,2794,0.0,0.0,0.0,0.0,0.0,0.0,2
1827,20,2795,0.0,0.0,0.0,0.0,0.0,0.0,2
1828,20,2796,0.0,0.0,0.0,0.0,0.0,0.0,2
1829,20,2797,0.0,0.0,0.0,0.0,0.0,0.0,2
1830,20,2798,0.0,0.0,0.0,0.0,0.0,0.0,2
1831,20,2799,0.0,0.0,0.0,0.0,0.0,0.0,2
1832,20,2800,0.0,0.0,0.0,0.0,0.0,0.0,2
1833,20,2801,0.0,0.0,0.0,0.0,0.0,0.0,2
1834,20,2802,0.0,0.0,0.0,0.0,0.0,0.0,2
1835,20,2849,0.0,0.0,0.0,0.0,0.0,0.0,2
1836,20,2804,0.0,0.0,0.0,0.0,0.0,0.0,2
1837,20,2805,0.0,0.0,0.0,0.0,0.0,0.0,2
1838,20,2806,0.0,0.0,0.0,0.0,0.0,0.0,2
1839,20,2807,0.0,0.0,0.0,0.0,0.0,0.0,2
1840,20,2808,0.0,0.0,0.0,0.0,0.0,0.0,2
1841,20,2809,0.0,0.0,0.0,0.0,0.0,0.0,2
1842,20,2810,0.0,0.0,0.0,0.0,0.0,0.0,2
1843,20,2811,0.0,0.0,0.0,0.0,0.0,0.0,2
1844,20,2812,0.0,0.0,0.0,0.0,0.0,0.0,2
1845,20,2813,0.0,0.0,0.0,0.0,0.0,0.0,2
1846,20,2814,0.0,0.0,0.0,0.0,0.0,0.0,2
1847,20,2815,0.0,0.0,0.0,0.0,0.0,0.0,2
1848,20,2816,0.0,0.0,0.0,0.0,0.0,0.0,2
1849,20,2817,0.0,0.0,0.0,0.0,0.0,0.0,2
1850,20,2896,0.0,0.0,0.0,0.0,0.0,0.0,2
1851,20,2881,0.0,0.0,0.0,0.0,0.0,0.0,2
1852,20,2882,0.0,0.0,0.0,0.0,0.0,0.0,2
1853,20,2883,0.0,0.0,0.0,0.0,0.0,0.0,2
1854,20,2884,0.0,0.0,0.0,0.0,0.0,0.0,2
1855,20,2885,0.0,0.0,0.0,0.0,0.0,0.0,2
1856,20,2886,0.0,0.0,0.0,0.0,0.0,0.0,2
1857,20,2887,0.0,0.0,0.0,0.0,0.0,0.0,2
1858,20,2888,0.0,0.0,0.0,0.0,0.0,0.0,2
1859,20,2889,0.0,0.0,0.0,0.0,0.0,0.0,2
1860,20,2890,0.0,0.0,0.0,0.0,0.0,0.0,2
1861,20,2891,0.0,0.0,0.0,0.0,0.0,0.0,2
1862,20,2892,0.0,0.0,0.0,0.0,0.0,0.0,2
1863,20,2893,0.0,0.0,0.0,0.0,0.0,0.0,2
1864,20,2894,0.0,0.0,0.0,0.0,0.0,0.0,2
1865,20,2895,0.0,0.0,0.0,0.0,0.0,0.0,2
1866,20,2880,0.0,0.0,0.0,0.0,0.0,0.0,2
1867,20,2897,0.0,0.0,0.0,0.0,0.0,0.0,2
1868,20,2898,0.0,0.0,0.0,0.0,0.0,0.0,2
1869,20,2899,0.0,0.0,0.0,0.0,0.0,0.0,2
1870,20,2901,0.0,0.0,0.0,0.0,0.0,0.0,2
1871,20,2902,0.0,0.0,0.0,0.0,0.0,0.0,2
1872,20,2903,0.0,0.0,0.0,0.0,0.0,0.0,2
1873,20,2904,0.0,0.0,0.0,0.0,0.0,0.0,2
1874,20,2905,0.0,0.0,0.0,0.0,0.0,0.0,2
1875,20,2906,0.0,0.0,0.0,0.0,0.0,0.0,2
1876,20,2907,0.0,0.0,0.0,0.0,0.0,0.0,2
1877,20,2909,0.0,0.0,0.0,0.0,0.0,0.0,2
1878,20,2910,0.0,0.0,0.0,0.0,0.0,0.0,2
1879,20,2911,0.0,0.0,0.0,0.0,0.0,0.0,2
1880,20,2912,0.0,0.0,0.0,0.0,0.0,0.0,2
1881,20,2864,0.0,0.0,0.0,0.0,0.0,0.0,2
1882,20,2850,0.0,0.0,0.0,0.0,0.0,0.0,2
1883,20,2851,0.0,0.0,0.0,0.0,0.0,0.0,2
1884,20,2852,0.0,0.0,0.0,0.0,0.0,0.0,2
1885,20,2853,0.0,0.0,0.0,0.0,0.0,0.0,2
1886,20,2854,0.0,0.0,0.0,0.0,0.0,0.0,2
1887,20,2855,0.0,0.0,0.0,0.0,0.0,0.0,2
1888,20,2856,0.0,0.0,0.0,0.0,0.0,0.0,2
1889,20,2857,0.0,0.0,0.0,0.0,0.0,0.0,2
1890,20,2858,0.0,0.0,0.0,0.0,0.0,0.0,2
1891,20,2859,0.0,0.0,0.0,0.0,0.0,0.0,2
1892,20,2860,0.0,0.0,0.0,0.0,0.0,0.0,2
1893,20,2861,0.0,0.0,0.0,0.0,0.0,0.0,2
1894,20,2862,0.0,0.0,0.0,0.0,0.0,0.0,2
1895,20,2863,0.0,0.0,0.0,0.0,0.0,0.0,2
1896,20,3037,0.0,0.0,0.0,0.0,0.0,0.0,2
1897,20,2865,0.0,0.0,0.0,0.0,0.0,0.0,2
1898,20,2866,0.0,0.0,0.0,0.0,0.0,0.0,2
1899,20,2867,0.0,0.0,0.0,0.0,0.0,0.0,2
1900,20,2868,0.0,0.0,0.0,0.0,0.0,0.0,2
1901,20,1844,0.0,0.0,0.0,0.0,0.0,0.0,2
1902,20,2870,0.0,0.0,0.0,0.0,0.0,0.0,2
1903,20,2871,0.0,0.0,0.0,0.0,0.0,0.0,2
1904,20,2872,0.0,0.0,0.0,0.0,0.0,0.0,2
1905,20,2874,0.0,0.0,0.0,0.0,0.0,0.0,2
1906,20,2875,0.0,0.0,0.0,0.0,0.0,0.0,2
1907,20,2876,0.0,0.0,0.0,0.0,0.0,0.0,2
1908,20,2877,0.0,0.0,0.0,0.0,0.0,0.0,2
1909,20,2878,0.0,0.0,0.0,0.0,0.0,0.0,2
1910,20,2879,0.0,0.0,0.0,0.0,0.0,0.0,2
1911,20,3210,0.0,0.0,0.0,0.0,0.0,0.0,2
1912,20,3194,0.0,0.0,0.0,0.0,0.0,0.0,2
1913,20,3195,0.0,0.0,0.0,0.0,0.0,0.0,2
1914,20,3196,0.0,0.0,0.0,0.0,0.0,0.0,2
1915,20,3197,0.0,0.0,0.0,0.0,0.0,0.0,2
1916,20,3198,0.0,0.0,0.0,0.0,0.0,0.0,2
1917,20,3199,0.0,0.0,0.0,0.0,0.0,0.0,2
1918,20,3200,0.0,0.0,0.0,0.0,0.0,0.0,2
1919,20,3201,0.0,0.0,0.0,0.0,0.0,0.0,2
1920,20,3202,0.0,0.0,0.0,0.0,0.0,0.0,2
1921,20,3203,0.0,0.0,0.0,0.0,0.0,0.0,2
1922,20,3204,0.0,0.0,0.0,0.0,0.0,0.0,2
1923,20,3205,0.0,0.0,0.0,0.0,0.0,0.0,2
1924,20,3206,0.0,0.0,0.0,0.0,0.0,0.0,2
1925,20,3208,0.0,0.0,0.0,0.0,0.0,0.0,2
1926,20,3209,0.0,0.0,0.0,0.0,0.0,0.0,2
1927,20,3193,0.0,0.0,0.0,0.0,0.0,0.0,2
1928,20,3211,0.0,0.0,0.0,0.0,0.0,0.0,2
1929,20,3212,0.0,0.0,0.0,0.0,0.0,0.0,2
1930,20,3213,0.0,0.0,0.0,0.0,0.0,0.0,2
1931,20,3214,0.0,0.0,0.0,0.0,0.0,0.0,2
1932,20,3215,0.0,0.0,0.0,0.0,0.0,0.0,2
1933,20,3216,0.0,0.0,0.0,0.0,0.0,0.0,2
1934,20,3217,0.0,0.0,0.0,0.0,0.0,0.0,2
1935,20,3218,0.0,0.0,0.0,0.0,0.0,0.0,2
1936,20,3219,0.0,0.0,0.0,0.0,0.0,0.0,2
1937,20,3220,0.0,0.0,0.0,0.0,0.0,0.0,2
1938,20,3221,0.0,0.0,0.0,0.0,0.0,0.0,2
1939,20,3222,0.0,0.0,0.0,0.0,0.0,0.0,2
1940,20,3225,0.0,0.0,0.0,0.0,0.0,0.0,2
1941,20,3226,0.0,0.0,0.0,0.0,0.0,0.0,2
1942,20,3178,0.0,0.0,0.0,0.0,0.0,0.0,2
1943,20,3163,0.0,0.0,0.0,0.0,0.0,0.0,2
1944,20,3164,0.0,0.0,0.0,0.0,0.0,0.0,2
1945,20,3165,0.0,0.0,0.0,0.0,0.0,0.0,2
1946,20,3166,0.0,0.0,0.0,0.0,0.0,0.0,2
1947,20,3167,0.0,0.0,0.0,0.0,0.0,0.0,2
1948,20,3168,0.0,0.0,0.0,0.0,0.0,0.0,2
1949,20,3169,0.0,0.0,0.0,0.0,0.0,0.0,2
1950,20,3170,0.0,0.0,0.0,0.0,0.0,0.0,2
1951,20,3171,0.0,0.0,0.0,0.0,0.0,0.0,2
1952,20,3172,0.0,0.0,0.0,0.0,0.0,0.0,2
1953,20,3173,0.0,0.0,0.0,0.0,0.0,0.0,2
1954,20,3174,0.0,0.0,0.0,0.0,0.0,0.0,2
1955,20,3175,0.0,0.0,0.0,0.0,0.0,0.0,2
1956,20,3176,0.0,0.0,0.0,0.0,0.0,0.0,2
1957,20,3177,0.0,0.0,0.0,0.0,0.0,0.0,2
1958,20,3227,0.0,0.0,0.0,0.0,0.0,0.0,2
1959,20,3179,0.0,0.0,0.0,0.0,0.0,0.0,2
1960,20,3180,0.0,0.0,0.0,0.0,0.0,0.0,2
1961,20,3181,0.0,0.0,0.0,0.0,0.0,0.0,2
1962,20,3182,0.0,0.0,0.0,0.0,0.0,0.0,2
1963,20,3183,0.0,0.0,0.0,0.0,0.0,0.0,2
1964,20,3184,0.0,0.0,0.0,0.0,0.0,0.0,2
1965,20,3185,0.0,0.0,0.0,0.0,0.0,0.0,2
1966,20,3186,0.0,0.0,0.0,0.0,0.0,0.0,2
1967,20,3187,0.0,0.0,0.0,0.0,0.0,0.0,2
1968,20,3188,0.0,0.0,0.0,0.0,0.0,0.0,2
1969,20,3189,0.0,0.0,0.0,0.0,0.0,0.0,2
1970,20,3190,0.0,0.0,0.0,0.0,0.0,0.0,2
1971,20,3191,0.0,0.0,0.0,0.0,0.0,0.0,2
1972,20,3192,0.0,0.0,0.0,0.0,0.0,0.0,2
1973,20,3274,0.0,0.0,0.0,0.0,0.0,0.0,2
1974,20,3259,0.0,0.0,0.0,0.0,0.0,0.0,2
1975,20,3260,0.0,0.0,0.0,0.0,0.0,0.0,2
1976,20,3261,0.0,0.0,0.0,0.0,0.0,0.0,2
1977,20,3262,0.0,0.0,0.0,0.0,0.0,0.0,2
1978,20,3263,0.0,0.0,0.0,0.0,0.0,0.0,2
1979,20,3264,0.0,0.0,0.0,0.0,0.0,0.0,2
1980,20,3265,0.0,0.0,0.0,0.0,0.0,0.0,2
1981,20,3266,0.0,0.0,0.0,0.0,0.0,0.0,2
1982,20,3267,0.0,0.0,0.0,0.0,0.0,0.0,2
1983,20,3268,0.0,0.0,0.0,0.0,0.0,0.0,2
1984,20,3269,0.0,0.0,0.0,0.0,0.0,0.0,2
1985,20,3270,0.0,0.0,0.0,0.0,0.0,0.0,2
1986,20,3271,0.0,0.0,0.0,0.0,0.0,0.0,2
1987,20,3272,0.0,0.0,0.0,0.0,0.0,0.0,2
1988,20,3273,0.0,0.0,0.0,0.0,0.0,0.0,2
1989,20,3258,0.0,0.0,0.0,0.0,0.0,0.0,2
1990,20,3275,0.0,0.0,0.0,0.0,0.0,0.0,2
1991,20,3276,0.0,0.0,0.0,0.0,0.0,0.0,2
1992,20,3277,0.0,0.0,0.0,0.0,0.0,0.0,2
1993,20,3278,0.0,0.0,0.0,0.0,0.0,0.0,2
1994,20,3279,0.0,0.0,0.0,0.0,0.0,0.0,2
1995,20,3280,0.0,0.0,0.0,0.0,0.0,0.0,2
1996,20,3281,0.0,0.0,0.0,0.0,0.0,0.0,2
1997,20,3282,0.0,0.0,0.0,0.0,0.0,0.0,2
1998,20,3283,0.0,0.0,0.0,0.0,0.0,0.0,2
1999,20,3284,0.0,0.0,0.0,0.0,0.0,0.0,2
2000,20,3285,0.0,0.0,0.0,0.0,0.0,0.0,2
2001,20,3286,0.0,0.0,0.0,0.0,0.0,0.0,2
2002,20,3287,0.0,0.0,0.0,0.0,0.0,0.0,2
2003,20,3288,0.0,0.0,0.0,0.0,0.0,0.0,2
2004,20,3243,0.0,0.0,0.0,0.0,0.0,0.0,2
2005,20,3228,0.0,0.0,0.0,0.0,0.0,0.0,2
2006,20,3229,0.0,0.0,0.0,0.0,0.0,0.0,2
2007,20,3230,0.0,0.0,0.0,0.0,0.0,0.0,2
2008,20,3231,0.0,0.0,0.0,0.0,0.0,0.0,2
2009,20,3232,0.0,0.0,0.0,0.0,0.0,0.0,2
2010,20,3233,0.0,0.0,0.0,0.0,0.0,0.0,2
2011,20,3234,0.0,0.0,0.0,0.0,0.0,0.0,2
2012,20,3235,0.0,0.0,0.0,0.0,0.0,0.0,2
2013,20,3236,0.0,0.0,0.0,0.0,0.0,0.0,2
2014,20,3237,0.0,0.0,0.0,0.0,0.0,0.0,2
2015,20,3238,0.0,0.0,0.0,0.0,0.0,0.0,2
2016,20,3240,0.0,0.0,0.0,0.0,0.0,0.0,2
2017,20,3241,0.0,0.0,0.0,0.0,0.0,0.0,2
2018,20,3242,0.0,0.0,0.0,0.0,0.0,0.0,2
2019,20,3162,0.0,0.0,0.0,0.0,0.0,0.0,2
2020,20,3244,0.0,0.0,0.0,0.0,0.0,0.0,2
2021,20,3245,0.0,0.0,0.0,0.0,0.0,0.0,2
2022,20,3246,0.0,0.0,0.0,0.0,0.0,0.0,2
2023,20,3247,0.0,0.0,0.0,0.0,0.0,0.0,2
2024,20,3248,0.0,0.0,0.0,0.0,0.0,0.0,2
2025,20,3249,0.0,0.0,0.0,0.0,0.0,0.0,2
2026,20,3250,0.0,0.0,0.0,0.0,0.0,0.0,2
2027,20,3251,0.0,0.0,0.0,0.0,0.0,0.0,2
2028,20,3252,0.0,0.0,0.0,0.0,0.0,0.0,2
2029,20,3253,0.0,0.0,0.0,0.0,0.0,0.0,2
2030,20,3254,0.0,0.0,0.0,0.0,0.0,0.0,2
2031,20,3255,0.0,0.0,0.0,0.0,0.0,0.0,2
2032,20,3256,0.0,0.0,0.0,0.0,0.0,0.0,2
2033,20,3257,0.0,0.0,0.0,0.0,0.0,0.0,2
2034,20,3083,0.0,0.0,0.0,0.0,0.0,0.0,2
2035,20,3068,0.0,0.0,0.0,0.0,0.0,0.0,2
2036,20,3069,0.0,0.0,0.0,0.0,0.0,0.0,2
2037,20,3070,0.0,0.0,0.0,0.0,0.0,0.0,2
2038,20,3071,0.0,0.0,0.0,0.0,0.0,0.0,2
2039,20,3072,0.0,0.0,0.0,0.0,0.0,0.0,2
2040,20,3073,0.0,0.0,0.0,0.0,0.0,0.0,2
2041,20,3074,0.0,0.0,0.0,0.0,0.0,0.0,2
2042,20,3075,0.0,0.0,0.0,0.0,0.0,0.0,2
2043,20,3076,0.0,0.0,0.0,0.0,0.0,0.0,2
2044,20,3077,0.0,0.0,0.0,0.0,0.0,0.0,2
2045,20,3078,0.0,0.0,0.0,0.0,0.0,0.0,2
2046,20,3079,0.0,0.0,0.0,0.0,0.0,0.0,2
2047,20,3080,0.0,0.0,0.0,0.0,0.0,0.0,2
2048,20,3081,0.0,0.0,0.0,0.0,0.0,0.0,2
2049,20,3082,0.0,0.0,0.0,0.0,0.0,0.0,2
2050,20,3067,0.0,0.0,0.0,0.0,0.0,0.0,2
2051,20,3084,0.0,0.0,0.0,0.0,0.0,0.0,2
2052,20,3085,0.0,0.0,0.0,0.0,0.0,0.0,2
2053,20,3086,0.0,0.0,0.0,0.0,0.0,0.0,2
2054,20,3087,0.0,0.0,0.0,0.0,0.0,0.0,2
2055,20,3088,0.0,0.0,0.0,0.0,0.0,0.0,2
2056,20,3089,0.0,0.0,0.0,0.0,0.0,0.0,2
2057,20,3090,0.0,0.0,0.0,0.0,0.0,0.0,2
2058,20,3091,0.0,0.0,0.0,0.0,0.0,0.0,2
2059,20,3092,0.0,0.0,0.0,0.0,0.0,0.0,2
2060,20,3093,0.0,0.0,0.0,0.0,0.0,0.0,2
2061,20,3094,0.0,0.0,0.0,0.0,0.0,0.0,2
2062,20,3095,0.0,0.0,0.0,0.0,0.0,0.0,2
2063,20,3096,0.0,0.0,0.0,0.0,0.0,0.0,2
2064,20,3097,0.0,0.0,0.0,0.0,0.0,0.0,2
2065,20,3052,0.0,0.0,0.0,0.0,0.0,0.0,2
2066,20,3038,0.0,0.0,0.0,0.0,0.0,0.0,2
2067,20,3039,0.0,0.0,0.0,0.0,0.0,0.0,2
2068,20,3040,0.0,0.0,0.0,0.0,0.0,0.0,2
2069,20,3041,0.0,0.0,0.0,0.0,0.0,0.0,2
2070,20,3042,0.0,0.0,0.0,0.0,0.0,0.0,2
2071,20,3043,0.0,0.0,0.0,0.0,0.0,0.0,2
2072,20,3044,0.0,0.0,0.0,0.0,0.0,0.0,2
2073,20,3045,0.0,0.0,0.0,0.0,0.0,0.0,2
2074,20,3046,0.0,0.0,0.0,0.0,0.0,0.0,2
2075,20,3047,0.0,0.0,0.0,0.0,0.0,0.0,2
2076,20,3048,0.0,0.0,0.0,0.0,0.0,0.0,2
2077,20,3049,0.0,0.0,0.0,0.0,0.0,0.0,2
2078,20,3050,0.0,0.0,0.0,0.0,0.0,0.0,2
2079,20,3051,0.0,0.0,0.0,0.0,0.0,0.0,2
2080,20,3099,0.0,0.0,0.0,0.0,0.0,0.0,2
2081,20,3053,0.0,0.0,0.0,0.0,0.0,0.0,2
2082,20,3054,0.0,0.0,0.0,0.0,0.0,0.0,2
2083,20,3055,0.0,0.0,0.0,0.0,0.0,0.0,2
2084,20,3056,0.0,0.0,0.0,0.0,0.0,0.0,2
2085,20,3057,0.0,0.0,0.0,0.0,0.0,0.0,2
2086,20,3058,0.0,0.0,0.0,0.0,0.0,0.0,2
2087,20,3059,0.0,0.0,0.0,0.0,0.0,0.0,2
2088,20,3060,0.0,0.0,0.0,0.0,0.0,0.0,2
2089,20,3061,0.0,0.0,0.0,0.0,0.0,0.0,2
2090,20,3062,0.0,0.0,0.0,0.0,0.0,0.0,2
2091,20,3063,0.0,0.0,0.0,0.0,0.0,0.0,2
2092,20,3064,0.0,0.0,0.0,0.0,0.0,0.0,2
2093,20,3065,0.0,0.0,0.0,0.0,0.0,0.0,2
2094,20,3066,0.0,0.0,0.0,0.0,0.0,0.0,2
2095,20,3147,0.0,0.0,0.0,0.0,0.0,0.0,2
2096,20,3132,0.0,0.0,0.0,0.0,0.0,0.0,2
2097,20,3133,0.0,0.0,0.0,0.0,0.0,0.0,2
2098,20,3134,0.0,0.0,0.0,0.0,0.0,0.0,2
2099,20,3135,0.0,0.0,0.0,0.0,0.0,0.0,2
2100,20,3136,0.0,0.0,0.0,0.0,0.0,0.0,2
2101,20,3137,0.0,0.0,0.0,0.0,0.0,0.0,2
2102,20,3138,0.0,0.0,0.0,0.0,0.0,0.0,2
2103,20,3139,0.0,0.0,0.0,0.0,0.0,0.0,2
2104,20,3140,0.0,0.0,0.0,0.0,0.0,0.0,2
2105,20,3141,0.0,0.0,0.0,0.0,0.0,0.0,2
2106,20,3142,0.0,0.0,0.0,0.0,0.0,0.0,2
2107,20,3143,0.0,0.0,0.0,0.0,0.0,0.0,2
2108,20,3144,0.0,0.0,0.0,0.0,0.0,0.0,2
2109,20,3145,0.0,0.0,0.0,0.0,0.0,0.0,2
2110,20,3146,0.0,0.0,0.0,0.0,0.0,0.0,2
2111,20,3131,0.0,0.0,0.0,0.0,0.0,0.0,2
2112,20,3148,0.0,0.0,0.0,0.0,0.0,0.0,2
2113,20,3149,0.0,0.0,0.0,0.0,0.0,0.0,2
2114,20,3150,0.0,0.0,0.0,0.0,0.0,0.0,2
2115,20,3151,0.0,0.0,0.0,0.0,0.0,0.0,2
2116,20,3152,0.0,0.0,0.0,0.0,0.0,0.0,2
2117,20,3153,0.0,0.0,0.0,0.0,0.0,0.0,2
2118,20,3154,0.0,0.0,0.0,0.0,0.0,0.0,2
2119,20,3155,0.0,0.0,0.0,0.0,0.0,0.0,2
2120,20,3156,0.0,0.0,0.0,0.0,0.0,0.0,2
2121,20,3157,0.0,0.0,0.0,0.0,0.0,0.0,2
2122,20,3158,0.0,0.0,0.0,0.0,0.0,0.0,2
2123,20,3159,0.0,0.0,0.0,0.0,0.0,0.0,2
2124,20,3160,0.0,0.0,0.0,0.0,0.0,0.0,2
2125,20,3161,0.0,0.0,0.0,0.0,0.0,0.0,2
2126,20,3115,0.0,0.0,0.0,0.0,0.0,0.0,2
2127,20,3100,0.0,0.0,0.0,0.0,0.0,0.0,2
2128,20,3101,0.0,0.0,0.0,0.0,0.0,0.0,2
2129,20,3102,0.0,0.0,0.0,0.0,0.0,0.0,2
2130,20,3103,0.0,0.0,0.0,0.0,0.0,0.0,2
2131,20,3104,0.0,0.0,0.0,0.0,0.0,0.0,2
2132,20,3105,0.0,0.0,0.0,0.0,0.0,0.0,2
2133,20,3106,0.0,0.0,0.0,0.0,0.0,0.0,2
2134,20,3107,0.0,0.0,0.0,0.0,0.0,0.0,2
2135,20,3108,0.0,0.0,0.0,0.0,0.0,0.0,2
2136,20,3109,0.0,0.0,0.0,0.0,0.0,0.0,2
2137,20,3110,0.0,0.0,0.0,0.0,0.0,0.0,2
2138,20,3111,0.0,0.0,0.0,0.0,0.0,0.0,2
2139,20,3113,0.0,0.0,0.0,0.0,0.0,0.0,2
2140,20,3114,0.0,0.0,0.0,0.0,0.0,0.0,2
2141,20,2787,0.0,0.0,0.0,0.0,0.0,0.0,2
2142,20,3117,0.0,0.0,0.0,0.0,0.0,0.0,2
2143,20,3118,0.0,0.0,0.0,0.0,0.0,0.0,2
2144,20,3119,0.0,0.0,0.0,0.0,0.0,0.0,2
2145,20,3120,0.0,0.0,0.0,0.0,0.0,0.0,2
2146,20,3121,0.0,0.0,0.0,0.0,0.0,0.0,2
2147,20,3122,0.0,0.0,0.0,0.0,0.0,0.0,2
2148,20,3123,0.0,0.0,0.0,0.0,0.0,0.0,2
2149,20,3124,0.0,0.0,0.0,0.0,0.0,0.0,2
2150,20,3125,0.0,0.0,0.0,0.0,0.0,0.0,2
2151,20,3126,0.0,0.0,0.0,0.0,0.0,0.0,2
2152,20,3127,0.0,0.0,0.0,0.0,0.0,0.0,2
2153,20,3128,0.0,0.0,0.0,0.0,0.0,0.0,2
2154,20,3129,0.0,0.0,0.0,0.0,0.0,0.0,2
2155,20,3130,0.0,0.0,0.0,0.0,0.0,0.0,2
2156,20,571,0.0,0.0,0.0,0.0,0.0,0.0,2
2157,20,556,0.0,0.0,0.0,0.0,0.0,0.0,2
2158,20,557,0.0,0.0,0.0,0.0,0.0,0.0,2
2159,20,558,0.0,0.0,0.0,0.0,0.0,0.0,2
2160,20,559,0.0,0.0,0.0,0.0,0.0,0.0,2
2161,20,560,0.0,0.0,0.0,0.0,0.0,0.0,2
2162,20,561,0.0,0.0,0.0,0.0,0.0,0.0,2
2163,20,562,0.0,0.0,0.0,0.0,0.0,0.0,2
2164,20,563,0.0,0.0,0.0,0.0,0.0,0.0,2
2165,20,564,0.0,0.0,0.0,0.0,0.0,0.0,2
2166,20,565,0.0,0.0,0.0,0.0,0.0,0.0,2
2167,20,566,0.0,0.0,0.0,0.0,0.0,0.0,2
2168,20,567,0.0,0.0,0.0,0.0,0.0,0.0,2
2169,20,568,0.0,0.0,0.0,0.0,0.0,0.0,2
2170,20,569,0.0,0.0,0.0,0.0,0.0,0.0,2
2171,20,570,0.0,0.0,0.0,0.0,0.0,0.0,2
2172,20,554,0.0,0.0,0.0,0.0,0.0,0.0,2
2173,20,572,0.0,0.0,0.0,0.0,0.0,0.0,2
2174,20,573,0.0,0.0,0.0,0.0,0.0,0.0,2
2175,20,574,0.0,0.0,0.0,0.0,0.0,0.0,2
2176,20,575,0.0,0.0,0.0,0.0,0.0,0.0,2
2177,20,576,0.0,0.0,0.0,0.0,0.0,0.0,2
2178,20,577,0.0,0.0,0.0,0.0,0.0,0.0,2
2179,20,578,0.0,0.0,0.0,0.0,0.0,0.0,2
2180,20,579,0.0,0.0,0.0,0.0,0.0,0.0,2
2181,20,580,0.0,0.0,0.0,0.0,0.0,0.0,2
2182,20,581,0.0,0.0,0.0,0.0,0.0,0.0,2
2183,20,582,0.0,0.0,0.0,0.0,0.0,0.0,2
2184,20,583,0.0,0.0,0.0,0.0,0.0,0.0,2
2185,20,584,0.0,0.0,0.0,0.0,0.0,0.0,2
2186,20,585,0.0,0.0,0.0,0.0,0.0,0.0,2
2187,20,586,0.0,0.0,0.0,0.0,0.0,0.0,2
2188,20,539,0.0,0.0,0.0,0.0,0.0,0.0,2
2189,20,523,0.0,0.0,0.0,0.0,0.0,0.0,2
2190,20,524,0.0,0.0,0.0,0.0,0.0,0.0,2
2191,20,525,0.0,0.0,0.0,0.0,0.0,0.0,2
2192,20,526,0.0,0.0,0.0,0.0,0.0,0.0,2
2193,20,528,0.0,0.0,0.0,0.0,0.0,0.0,2
2194,20,529,0.0,0.0,0.0,0.0,0.0,0.0,2
2195,20,530,0.0,0.0,0.0,0.0,0.0,0.0,2
2196,20,531,0.0,0.0,0.0,0.0,0.0,0.0,2
2197,20,532,0.0,0.0,0.0,0.0,0.0,0.0,2
2198,20,533,0.0,0.0,0.0,0.0,0.0,0.0,2
2199,20,534,0.0,0.0,0.0,0.0,0.0,0.0,2
2200,20,535,0.0,0.0,0.0,0.0,0.0,0.0,2
2201,20,536,0.0,0.0,0.0,0.0,0.0,0.0,2
2202,20,537,0.0,0.0,0.0,0.0,0.0,0.0,2
2203,20,538,0.0,0.0,0.0,0.0,0.0,0.0,2
2204,20,587,0.0,0.0,0.0,0.0,0.0,0.0,2
2205,20,540,0.0,0.0,0.0,0.0,0.0,0.0,2
2206,20,541,0.0,0.0,0.0,0.0,0.0,0.0,2
2207,20,542,0.0,0.0,0.0,0.0,0.0,0.0,2
2208,20,543,0.0,0.0,0.0,0.0,0.0,0.0,2
2209,20,544,0.0,0.0,0.0,0.0,0.0,0.0,2
2210,20,545,0.0,0.0,0.0,0.0,0.0,0.0,2
2211,20,546,0.0,0.0,0.0,0.0,0.0,0.0,2
2212,20,547,0.0,0.0,0.0,0.0,0.0,0.0,2
2213,20,548,0.0,0.0,0.0,0.0,0.0,0.0,2
2214,20,549,0.0,0.0,0.0,0.0,0.0,0.0,2
2215,20,550,0.0,0.0,0.0,0.0,0.0,0.0,2
2216,20,551,0.0,0.0,0.0,0.0,0.0,0.0,2
2217,20,552,0.0,0.0,0.0,0.0,0.0,0.0,2
2218,20,553,0.0,0.0,0.0,0.0,0.0,0.0,2
2219,20,635,0.0,0.0,0.0,0.0,0.0,0.0,2
2220,20,619,0.0,0.0,0.0,0.0,0.0,0.0,2
2221,20,620,0.0,0.0,0.0,0.0,0.0,0.0,2
2222,20,621,0.0,0.0,0.0,0.0,0.0,0.0,2
2223,20,622,0.0,0.0,0.0,0.0,0.0,0.0,2
2224,20,623,0.0,0.0,0.0,0.0,0.0,0.0,2
2225,20,624,0.0,0.0,0.0,0.0,0.0,0.0,2
2226,20,625,0.0,0.0,0.0,0.0,0.0,0.0,2
2227,20,626,0.0,0.0,0.0,0.0,0.0,0.0,2
2228,20,628,0.0,0.0,0.0,0.0,0.0,0.0,2
2229,20,629,0.0,0.0,0.0,0.0,0.0,0.0,2
2230,20,630,0.0,0.0,0.0,0.0,0.0,0.0,2
2231,20,631,0.0,0.0,0.0,0.0,0.0,0.0,2
2232,20,632,0.0,0.0,0.0,0.0,0.0,0.0,2
2233,20,633,0.0,0.0,0.0,0.0,0.0,0.0,2
2234,20,634,0.0,0.0,0.0,0.0,0.0,0.0,2
2235,20,618,0.0,0.0,0.0,0.0,0.0,0.0,2
2236,20,636,0.0,0.0,0.0,0.0,0.0,0.0,2
2237,20,637,0.0,0.0,0.0,0.0,0.0,0.0,2
2238,20,638,0.0,0.0,0.0,0.0,0.0,0.0,2
2239,20,639,0.0,0.0,0.0,0.0,0.0,0.0,2
2240,20,640,0.0,0.0,0.0,0.0,0.0,0.0,2
2241,20,641,0.0,0.0,0.0,0.0,0.0,0.0,2
2242,20,642,0.0,0.0,0.0,0.0,0.0,0.0,2
2243,20,643,0.0,0.0,0.0,0.0,0.0,0.0,2
2244,20,644,0.0,0.0,0.0,0.0,0.0,0.0,2
2245,20,645,0.0,0.0,0.0,0.0,0.0,0.0,2
2246,20,646,0.0,0.0,0.0,0.0,0.0,0.0,2
2247,20,647,0.0,0.0,0.0,0.0,0.0,0.0,2
2248,20,648,0.0,0.0,0.0,0.0,0.0,0.0,2
2249,20,649,0.0,0.0,0.0,0.0,0.0,0.0,2
2250,20,603,0.0,0.0,0.0,0.0,0.0,0.0,2
2251,20,588,0.0,0.0,0.0,0.0,0.0,0.0,2
2252,20,589,0.0,0.0,0.0,0.0,0.0,0.0,2
2253,20,590,0.0,0.0,0.0,0.0,0.0,0.0,2
2254,20,591,0.0,0.0,0.0,0.0,0.0,0.0,2
2255,20,592,0.0,0.0,0.0,0.0,0.0,0.0,2
2256,20,593,0.0,0.0,0.0,0.0,0.0,0.0,2
2257,20,594,0.0,0.0,0.0,0.0,0.0,0.0,2
2258,20,595,0.0,0.0,0.0,0.0,0.0,0.0,2
2259,20,596,0.0,0.0,0.0,0.0,0.0,0.0,2
2260,20,597,0.0,0.0,0.0,0.0,0.0,0.0,2
2261,20,598,0.0,0.0,0.0,0.0,0.0,0.0,2
2262,20,599,0.0,0.0,0.0,0.0,0.0,0.0,2
2263,20,600,0.0,0.0,0.0,0.0,0.0,0.0,2
2264,20,601,0.0,0.0,0.0,0.0,0.0,0.0,2
2265,20,602,0.0,0.0,0.0,0.0,0.0,0.0,2
2266,20,522,0.0,0.0,0.0,0.0,0.0,0.0,2
2267,20,604,0.0,0.0,0.0,0.0,0.0,0.0,2
2268,20,605,0.0,0.0,0.0,0.0,0.0,0.0,2
2269,20,606,0.0,0.0,0.0,0.0,0.0,0.0,2
2270,20,607,0.0,0.0,0.0,0.0,0.0,0.0,2
2271,20,608,0.0,0.0,0.0,0.0,0.0,0.0,2
2272,20,609,0.0,0.0,0.0,0.0,0.0,0.0,2
2273,20,610,0.0,0.0,0.0,0.0,0.0,0.0,2
2274,20,611,0.0,0.0,0.0,0.0,0.0,0.0,2
2275,20,612,0.0,0.0,0.0,0.0,0.0,0.0,2
2276,20,613,0.0,0.0,0.0,0.0,0.0,0.0,2
2277,20,614,0.0,0.0,0.0,0.0,0.0,0.0,2
2278,20,615,0.0,0.0,0.0,0.0,0.0,0.0,2
2279,20,616,0.0,0.0,0.0,0.0,0.0,0.0,2
2280,20,617,0.0,0.0,0.0,0.0,0.0,0.0,2
2281,20,444,0.0,0.0,0.0,0.0,0.0,0.0,2
2282,20,428,0.0,0.0,0.0,0.0,0.0,0.0,2
2283,20,429,0.0,0.0,0.0,0.0,0.0,0.0,2
2284,20,430,0.0,0.0,0.0,0.0,0.0,0.0,2
2285,20,431,0.0,0.0,0.0,0.0,0.0,0.0,2
2286,20,432,0.0,0.0,0.0,0.0,0.0,0.0,2
2287,20,433,0.0,0.0,0.0,0.0,0.0,0.0,2
2288,20,434,0.0,0.0,0.0,0.0,0.0,0.0,2
2289,20,435,0.0,0.0,0.0,0.0,0.0,0.0,2
2290,20,436,0.0,0.0,0.0,0.0,0.0,0.0,2
2291,20,438,0.0,0.0,0.0,0.0,0.0,0.0,2
2292,20,439,0.0,0.0,0.0,0.0,0.0,0.0,2
2293,20,440,0.0,0.0,0.0,0.0,0.0,0.0,2
2294,20,441,0.0,0.0,0.0,0.0,0.0,0.0,2
2295,20,442,0.0,0.0,0.0,0.0,0.0,0.0,2
2296,20,443,0.0,0.0,0.0,0.0,0.0,0.0,2
2297,20,427,0.0,0.0,0.0,0.0,0.0,0.0,2
2298,20,445,0.0,0.0,0.0,0.0,0.0,0.0,2
2299,20,446,0.0,0.0,0.0,0.0,0.0,0.0,2
2300,20,447,0.0,0.0,0.0,0.0,0.0,0.0,2
2301,20,448,0.0,0.0,0.0,0.0,0.0,0.0,2
2302,20,449,0.0,0.0,0.0,0.0,0.0,0.0,2
2303,20,450,0.0,0.0,0.0,0.0,0.0,0.0,2
2304,20,451,0.0,0.0,0.0,0.0,0.0,0.0,2
2305,20,452,0.0,0.0,0.0,0.0,0.0,0.0,2
2306,20,453,0.0,0.0,0.0,0.0,0.0,0.0,2
2307,20,454,0.0,0.0,0.0,0.0,0.0,0.0,2
2308,20,455,0.0,0.0,0.0,0.0,0.0,0.0,2
2309,20,456,0.0,0.0,0.0,0.0,0.0,0.0,2
2310,20,457,0.0,0.0,0.0,0.0,0.0,0.0,2
2311,20,458,0.0,0.0,0.0,0.0,0.0,0.0,2
2312,20,459,0.0,0.0,0.0,0.0,0.0,0.0,2
2313,20,411,0.0,0.0,0.0,0.0,0.0,0.0,2
2314,20,396,0.0,0.0,0.0,0.0,0.0,0.0,2
2315,20,397,0.0,0.0,0.0,0.0,0.0,0.0,2
2316,20,398,0.0,0.0,0.0,0.0,0.0,0.0,2
2317,20,399,0.0,0.0,0.0,0.0,0.0,0.0,2
2318,20,400,0.0,0.0,0.0,0.0,0.0,0.0,2
2319,20,401,0.0,0.0,0.0,0.0,0.0,0.0,2
2320,20,402,0.0,0.0,0.0,0.0,0.0,0.0,2
2321,20,403,0.0,0.0,0.0,0.0,0.0,0.0,2
2322,20,404,0.0,0.0,0.0,0.0,0.0,0.0,2
2323,20,405,0.0,0.0,0.0,0.0,0.0,0.0,2
2324,20,406,0.0,0.0,0.0,0.0,0.0,0.0,2
2325,20,407,0.0,0.0,0.0,0.0,0.0,0.0,2
2326,20,408,0.0,0.0,0.0,0.0,0.0,0.0,2
2327,20,409,0.0,0.0,0.0,0.0,0.0,0.0,2
2328,20,410,0.0,0.0,0.0,0.0,0.0,0.0,2
2329,20,460,0.0,0.0,0.0,0.0,0.0,0.0,2
2330,20,412,0.0,0.0,0.0,0.0,0.0,0.0,2
2331,20,413,0.0,0.0,0.0,0.0,0.0,0.0,2
2332,20,414,0.0,0.0,0.0,0.0,0.0,0.0,2
2333,20,415,0.0,0.0,0.0,0.0,0.0,0.0,2
2334,20,416,0.0,0.0,0.0,0.0,0.0,0.0,2
2335,20,417,0.0,0.0,0.0,0.0,0.0,0.0,2
2336,20,418,0.0,0.0,0.0,0.0,0.0,0.0,2
2337,20,419,0.0,0.0,0.0,0.0,0.0,0.0,2
2338,20,421,0.0,0.0,0.0,0.0,0.0,0.0,2
2339,20,422,0.0,0.0,0.0,0.0,0.0,0.0,2
2340,20,423,0.0,0.0,0.0,0.0,0.0,0.0,2
2341,20,424,0.0,0.0,0.0,0.0,0.0,0.0,2
2342,20,425,0.0,0.0,0.0,0.0,0.0,0.0,2
2343,20,426,0.0,0.0,0.0,0.0,0.0,0.0,2
2344,20,507,0.0,0.0,0.0,0.0,0.0,0.0,2
2345,20,492,0.0,0.0,0.0,0.0,0.0,0.0,2
2346,20,493,0.0,0.0,0.0,0.0,0.0,0.0,2
2347,20,494,0.0,0.0,0.0,0.0,0.0,0.0,2
2348,20,495,0.0,0.0,0.0,0.0,0.0,0.0,2
2349,20,496,0.0,0.0,0.0,0.0,0.0,0.0,2
2350,20,497,0.0,0.0,0.0,0.0,0.0,0.0,2
2351,20,498,0.0,0.0,0.0,0.0,0.0,0.0,2
2352,20,499,0.0,0.0,0.0,0.0,0.0,0.0,2
2353,20,500,0.0,0.0,0.0,0.0,0.0,0.0,2
2354,20,501,0.0,0.0,0.0,0.0,0.0,0.0,2
2355,20,502,0.0,0.0,0.0,0.0,0.0,0.0,2
2356,20,503,0.0,0.0,0.0,0.0,0.0,0.0,2
2357,20,504,0.0,0.0,0.0,0.0,0.0,0.0,2
2358,20,505,0.0,0.0,0.0,0.0,0.0,0.0,2
2359,20,506,0.0,0.0,0.0,0.0,0.0,0.0,2
2360,20,491,0.0,0.0,0.0,0.0,0.0,0.0,2
2361,20,508,0.0,0.0,0.0,0.0,0.0,0.0,2
2362,20,509,0.0,0.0,0.0,0.0,0.0,0.0,2
2363,20,510,0.0,0.0,0.0,0.0,0.0,0.0,2
2364,20,511,0.0,0.0,0.0,0.0,0.0,0.0,2
2365,20,512,0.0,0.0,0.0,0.0,0.0,0.0,2
2366,20,513,0.0,0.0,0.0,0.0,0.0,0.0,2
2367,20,514,0.0,0.0,0.0,0.0,0.0,0.0,2
2368,20,515,0.0,0.0,0.0,0.0,0.0,0.0,2
2369,20,516,0.0,0.0,0.0,0.0,0.0,0.0,2
2370,20,517,0.0,0.0,0.0,0.0,0.0,0.0,2
2371,20,518,0.0,0.0,0.0,0.0,0.0,0.0,2
2372,20,519,0.0,0.0,0.0,0.0,0.0,0.0,2
2373,20,520,0.0,0.0,0.0,0.0,0.0,0.0,2
2374,20,521,0.0,0.0,0.0,0.0,0.0,0.0,2
2375,20,476,0.0,0.0,0.0,0.0,0.0,0.0,2
2376,20,461,0.0,0.0,0.0,0.0,0.0,0.0,2
2377,20,462,0.0,0.0,0.0,0.0,0.0,0.0,2
2378,20,463,0.0,0.0,0.0,0.0,0.0,0.0,2
2379,20,464,0.0,0.0,0.0,0.0,0.0,0.0,2
2380,20,465,0.0,0.0,0.0,0.0,0.0,0.0,2
2381,20,466,0.0,0.0,0.0,0.0,0.0,0.0,2
2382,20,467,0.0,0.0,0.0,0.0,0.0,0.0,2
2383,20,468,0.0,0.0,0.0,0.0,0.0,0.0,2
2384,20,469,0.0,0.0,0.0,0.0,0.0,0.0,2
2385,20,470,0.0,0.0,0.0,0.0,0.0,0.0,2
2386,20,471,0.0,0.0,0.0,0.0,0.0,0.0,2
2387,20,472,0.0,0.0,0.0,0.0,0.0,0.0,2
2388,20,473,0.0,0.0,0.0,0.0,0.0,0.0,2
2389,20,474,0.0,0.0,0.0,0.0,0.0,0.0,2
2390,20,475,0.0,0.0,0.0,0.0,0.0,0.0,2
2391,20,650,0.0,0.0,0.0,0.0,0.0,0.0,2
2392,20,477,0.0,0.0,0.0,0.0,0.0,0.0,2
2393,20,478,0.0,0.0,0.0,0.0,0.0,0.0,2
2394,20,479,0.0,0.0,0.0,0.0,0.0,0.0,2
2395,20,480,0.0,0.0,0.0,0.0,0.0,0.0,2
2396,20,481,0.0,0.0,0.0,0.0,0.0,0.0,2
2397,20,482,0.0,0.0,0.0,0.0,0.0,0.0,2
2398,20,483,0.0,0.0,0.0,0.0,0.0,0.0,2
2399,20,484,0.0,0.0,0.0,0.0,0.0,0.0,2
2400,20,485,0.0,0.0,0.0,0.0,0.0,0.0,2
2401,20,486,0.0,0.0,0.0,0.0,0.0,0.0,2
2402,20,487,0.0,0.0,0.0,0.0,0.0,0.0,2
2403,20,488,0.0,0.0,0.0,0.0,0.0,0.0,2
2404,20,489,0.0,0.0,0.0,0.0,0.0,0.0,2
2405,20,490,0.0,0.0,0.0,0.0,0.0,0.0,2
2406,20,826,0.0,0.0,0.0,0.0,0.0,0.0,2
2407,20,811,0.0,0.0,0.0,0.0,0.0,0.0,2
2408,20,812,0.0,0.0,0.0,0.0,0.0,0.0,2
2409,20,813,0.0,0.0,0.0,0.0,0.0,0.0,2
2410,20,814,0.0,0.0,0.0,0.0,0.0,0.0,2
2411,20,815,0.0,0.0,0.0,0.0,0.0,0.0,2
2412,20,816,0.0,0.0,0.0,0.0,0.0,0.0,2
2413,20,817,0.0,0.0,0.0,0.0,0.0,0.0,2
2414,20,818,0.0,0.0,0.0,0.0,0.0,0.0,2
2415,20,819,0.0,0.0,0.0,0.0,0.0,0.0,2
2416,20,820,0.0,0.0,0.0,0.0,0.0,0.0,2
2417,20,821,0.0,0.0,0.0,0.0,0.0,0.0,2
2418,20,822,0.0,0.0,0.0,0.0,0.0,0.0,2
2419,20,823,0.0,0.0,0.0,0.0,0.0,0.0,2
2420,20,824,0.0,0.0,0.0,0.0,0.0,0.0,2
2421,20,825,0.0,0.0,0.0,0.0,0.0,0.0,2
2422,20,810,0.0,0.0,0.0,0.0,0.0,0.0,2
2423,20,827,0.0,0.0,0.0,0.0,0.0,0.0,2
2424,20,828,0.0,0.0,0.0,0.0,0.0,0.0,2
2425,20,829,0.0,0.0,0.0,0.0,0.0,0.0,2
2426,20,830,0.0,0.0,0.0,0.0,0.0,0.0,2
2427,20,831,0.0,0.0,0.0,0.0,0.0,0.0,2
2428,20,832,0.0,0.0,0.0,0.0,0.0,0.0,2
2429,20,833,0.0,0.0,0.0,0.0,0.0,0.0,2
2430,20,834,0.0,0.0,0.0,0.0,0.0,0.0,2
2431,20,835,0.0,0.0,0.0,0.0,0.0,0.0,2
2432,20,836,0.0,0.0,0.0,0.0,0.0,0.0,2
2433,20,837,0.0,0.0,0.0,0.0,0.0,0.0,2
2434,20,838,0.0,0.0,0.0,0.0,0.0,0.0,2
2435,20,839,0.0,0.0,0.0,0.0,0.0,0.0,2
2436,20,840,0.0,0.0,0.0,0.0,0.0,0.0,2
2437,20,841,0.0,0.0,0.0,0.0,0.0,0.0,2
2438,20,795,0.0,0.0,0.0,0.0,0.0,0.0,2
2439,20,780,0.0,0.0,0.0,0.0,0.0,0.0,2
2440,20,781,0.0,0.0,0.0,0.0,0.0,0.0,2
2441,20,782,0.0,0.0,0.0,0.0,0.0,0.0,2
2442,20,783,0.0,0.0,0.0,0.0,0.0,0.0,2
2443,20,784,0.0,0.0,0.0,0.0,0.0,0.0,2
2444,20,785,0.0,0.0,0.0,0.0,0.0,0.0,2
2445,20,786,0.0,0.0,0.0,0.0,0.0,0.0,2
2446,20,787,0.0,0.0,0.0,0.0,0.0,0.0,2
2447,20,788,0.0,0.0,0.0,0.0,0.0,0.0,2
2448,20,789,0.0,0.0,0.0,0.0,0.0,0.0,2
2449,20,790,0.0,0.0,0.0,0.0,0.0,0.0,2
2450,20,791,0.0,0.0,0.0,0.0,0.0,0.0,2
2451,20,792,0.0,0.0,0.0,0.0,0.0,0.0,2
2452,20,793,0.0,0.0,0.0,0.0,0.0,0.0,2
2453,20,794,0.0,0.0,0.0,0.0,0.0,0.0,2
2454,20,842,0.0,0.0,0.0,0.0,0.0,0.0,2
2455,20,796,0.0,0.0,0.0,0.0,0.0,0.0,2
2456,20,797,0.0,0.0,0.0,0.0,0.0,0.0,2
2457,20,798,0.0,0.0,0.0,0.0,0.0,0.0,2
2458,20,799,0.0,0.0,0.0,0.0,0.0,0.0,2
2459,20,800,0.0,0.0,0.0,0.0,0.0,0.0,2
2460,20,801,0.0,0.0,0.0,0.0,0.0,0.0,2
2461,20,802,0.0,0.0,0.0,0.0,0.0,0.0,2
2462,20,803,0.0,0.0,0.0,0.0,0.0,0.0,2
2463,20,804,0.0,0.0,0.0,0.0,0.0,0.0,2
2464,20,805,0.0,0.0,0.0,0.0,0.0,0.0,2
2465,20,806,0.0,0.0,0.0,0.0,0.0,0.0,2
2466,20,807,0.0,0.0,0.0,0.0,0.0,0.0,2
2467,20,808,0.0,0.0,0.0,0.0,0.0,0.0,2
2468,20,809,0.0,0.0,0.0,0.0,0.0,0.0,2
2469,20,890,0.0,0.0,0.0,0.0,0.0,0.0,2
2470,20,875,0.0,0.0,0.0,0.0,0.0,0.0,2
2471,20,876,0.0,0.0,0.0,0.0,0.0,0.0,2
2472,20,877,0.0,0.0,0.0,0.0,0.0,0.0,2
2473,20,878,0.0,0.0,0.0,0.0,0.0,0.0,2
2474,20,879,0.0,0.0,0.0,0.0,0.0,0.0,2
2475,20,880,0.0,0.0,0.0,0.0,0.0,0.0,2
2476,20,881,0.0,0.0,0.0,0.0,0.0,0.0,2
2477,20,882,0.0,0.0,0.0,0.0,0.0,0.0,2
2478,20,883,0.0,0.0,0.0,0.0,0.0,0.0,2
2479,20,884,0.0,0.0,0.0,0.0,0.0,0.0,2
2480,20,885,0.0,0.0,0.0,0.0,0.0,0.0,2
2481,20,886,0.0,0.0,0.0,0.0,0.0,0.0,2
2482,20,887,0.0,0.0,0.0,0.0,0.0,0.0,2
2483,20,888,0.0,0.0,0.0,0.0,0.0,0.0,2
2484,20,889,0.0,0.0,0.0,0.0,0.0,0.0,2
2485,20,874,0.0,0.0,0.0,0.0,0.0,0.0,2
2486,20,891,0.0,0.0,0.0,0.0,0.0,0.0,2
2487,20,893,0.0,0.0,0.0,0.0,0.0,0.0,2
2488,20,895,0.0,0.0,0.0,0.0,0.0,0.0,2
2489,20,896,0.0,0.0,0.0,0.0,0.0,0.0,2
2490,20,897,0.0,0.0,0.0,0.0,0.0,0.0,2
2491,20,898,0.0,0.0,0.0,0.0,0.0,0.0,2
2492,20,899,0.0,0.0,0.0,0.0,0.0,0.0,2
2493,20,900,0.0,0.0,0.0,0.0,0.0,0.0,2
2494,20,901,0.0,0.0,0.0,0.0,0.0,0.0,2
2495,20,902,0.0,0.0,0.0,0.0,0.0,0.0,2
2496,20,903,0.0,0.0,0.0,0.0,0.0,0.0,2
2497,20,904,0.0,0.0,0.0,0.0,0.0,0.0,2
2498,20,905,0.0,0.0,0.0,0.0,0.0,0.0,2
2499,20,906,0.0,0.0,0.0,0.0,0.0,0.0,2
2500,20,859,0.0,0.0,0.0,0.0,0.0,0.0,2
2501,20,843,0.0,0.0,0.0,0.0,0.0,0.0,2
2502,20,845,0.0,0.0,0.0,0.0,0.0,0.0,2
2503,20,846,0.0,0.0,0.0,0.0,0.0,0.0,2
2504,20,847,0.0,0.0,0.0,0.0,0.0,0.0,2
2505,20,848,0.0,0.0,0.0,0.0,0.0,0.0,2
2506,20,849,0.0,0.0,0.0,0.0,0.0,0.0,2
2507,20,850,0.0,0.0,0.0,0.0,0.0,0.0,2
2508,20,851,0.0,0.0,0.0,0.0,0.0,0.0,2
2509,20,852,0.0,0.0,0.0,0.0,0.0,0.0,2
2510,20,853,0.0,0.0,0.0,0.0,0.0,0.0,2
2511,20,854,0.0,0.0,0.0,0.0,0.0,0.0,2
2512,20,855,0.0,0.0,0.0,0.0,0.0,0.0,2
2513,20,856,0.0,0.0,0.0,0.0,0.0,0.0,2
2514,20,857,0.0,0.0,0.0,0.0,0.0,0.0,2
2515,20,858,0.0,0.0,0.0,0.0,0.0,0.0,2
2516,20,779,0.0,0.0,0.0,0.0,0.0,0.0,2
2517,20,860,0.0,0.0,0.0,0.0,0.0,0.0,2
2518,20,861,0.0,0.0,0.0,0.0,0.0,0.0,2
2519,20,862,0.0,0.0,0.0,0.0,0.0,0.0,2
2520,20,863,0.0,0.0,0.0,0.0,0.0,0.0,2
2521,20,864,0.0,0.0,0.0,0.0,0.0,0.0,2
2522,20,865,0.0,0.0,0.0,0.0,0.0,0.0,2
2523,20,866,0.0,0.0,0.0,0.0,0.0,0.0,2
2524,20,867,0.0,0.0,0.0,0.0,0.0,0.0,2
2525,20,868,0.0,0.0,0.0,0.0,0.0,0.0,2
2526,20,869,0.0,0.0,0.0,0.0,0.0,0.0,2
2527,20,870,0.0,0.0,0.0,0.0,0.0,0.0,2
2528,20,871,0.0,0.0,0.0,0.0,0.0,0.0,2
2529,20,872,0.0,0.0,0.0,0.0,0.0,0.0,2
2530,20,873,0.0,0.0,0.0,0.0,0.0,0.0,2
2531,20,699,0.0,0.0,0.0,0.0,0.0,0.0,2
2532,20,683,0.0,0.0,0.0,0.0,0.0,0.0,2
2533,20,684,0.0,0.0,0.0,0.0,0.0,0.0,2
2534,20,685,0.0,0.0,0.0,0.0,0.0,0.0,2
2535,20,686,0.0,0.0,0.0,0.0,0.0,0.0,2
2536,20,687,0.0,0.0,0.0,0.0,0.0,0.0,2
2537,20,688,0.0,0.0,0.0,0.0,0.0,0.0,2
2538,20,689,0.0,0.0,0.0,0.0,0.0,0.0,2
2539,20,690,0.0,0.0,0.0,0.0,0.0,0.0,2
2540,20,691,0.0,0.0,0.0,0.0,0.0,0.0,2
2541,20,692,0.0,0.0,0.0,0.0,0.0,0.0,2
2542,20,693,0.0,0.0,0.0,0.0,0.0,0.0,2
2543,20,694,0.0,0.0,0.0,0.0,0.0,0.0,2
2544,20,695,0.0,0.0,0.0,0.0,0.0,0.0,2
2545,20,696,0.0,0.0,0.0,0.0,0.0,0.0,2
2546,20,698,0.0,0.0,0.0,0.0,0.0,0.0,2
2547,20,682,0.0,0.0,0.0,0.0,0.0,0.0,2
2548,20,700,0.0,0.0,0.0,0.0,0.0,0.0,2
2549,20,701,0.0,0.0,0.0,0.0,0.0,0.0,2
2550,20,702,0.0,0.0,0.0,0.0,0.0,0.0,2
2551,20,703,0.0,0.0,0.0,0.0,0.0,0.0,2
2552,20,704,0.0,0.0,0.0,0.0,0.0,0.0,2
2553,20,705,0.0,0.0,0.0,0.0,0.0,0.0,2
2554,20,706,0.0,0.0,0.0,0.0,0.0,0.0,2
2555,20,707,0.0,0.0,0.0,0.0,0.0,0.0,2
2556,20,708,0.0,0.0,0.0,0.0,0.0,0.0,2
2557,20,709,0.0,0.0,0.0,0.0,0.0,0.0,2
2558,20,710,0.0,0.0,0.0,0.0,0.0,0.0,2
2559,20,711,0.0,0.0,0.0,0.0,0.0,0.0,2
2560,20,712,0.0,0.0,0.0,0.0,0.0,0.0,2
2561,20,713,0.0,0.0,0.0,0.0,0.0,0.0,2
2562,20,714,0.0,0.0,0.0,0.0,0.0,0.0,2
2563,20,666,0.0,0.0,0.0,0.0,0.0,0.0,2
2564,20,651,0.0,0.0,0.0,0.0,0.0,0.0,2
2565,20,652,0.0,0.0,0.0,0.0,0.0,0.0,2
2566,20,653,0.0,0.0,0.0,0.0,0.0,0.0,2
2567,20,654,0.0,0.0,0.0,0.0,0.0,0.0,2
2568,20,655,0.0,0.0,0.0,0.0,0.0,0.0,2
2569,20,656,0.0,0.0,0.0,0.0,0.0,0.0,2
2570,20,657,0.0,0.0,0.0,0.0,0.0,0.0,2
2571,20,658,0.0,0.0,0.0,0.0,0.0,0.0,2
2572,20,659,0.0,0.0,0.0,0.0,0.0,0.0,2
2573,20,660,0.0,0.0,0.0,0.0,0.0,0.0,2
2574,20,661,0.0,0.0,0.0,0.0,0.0,0.0,2
2575,20,662,0.0,0.0,0.0,0.0,0.0,0.0,2
2576,20,663,0.0,0.0,0.0,0.0,0.0,0.0,2
2577,20,664,0.0,0.0,0.0,0.0,0.0,0.0,2
2578,20,665,0.0,0.0,0.0,0.0,0.0,0.0,2
2579,20,715,0.0,0.0,0.0,0.0,0.0,0.0,2
2580,20,667,0.0,0.0,0.0,0.0,0.0,0.0,2
2581,20,668,0.0,0.0,0.0,0.0,0.0,0.0,2
2582,20,669,0.0,0.0,0.0,0.0,0.0,0.0,2
2583,20,670,0.0,0.0,0.0,0.0,0.0,0.0,2
2584,20,671,0.0,0.0,0.0,0.0,0.0,0.0,2
2585,20,673,0.0,0.0,0.0,0.0,0.0,0.0,2
2586,20,674,0.0,0.0,0.0,0.0,0.0,0.0,2
2587,20,675,0.0,0.0,0.0,0.0,0.0,0.0,2
2588,20,676,0.0,0.0,0.0,0.0,0.0,0.0,2
2589,20,677,0.0,0.0,0.0,0.0,0.0,0.0,2
2590,20,678,0.0,0.0,0.0,0.0,0.0,0.0,2
2591,20,679,0.0,0.0,0.0,0.0,0.0,0.0,2
2592,20,680,0.0,0.0,0.0,0.0,0.0,0.0,2
2593,20,681,0.0,0.0,0.0,0.0,0.0,0.0,2
2594,20,763,0.0,0.0,0.0,0.0,0.0,0.0,2
2595,20,748,0.0,0.0,0.0,0.0,0.0,0.0,2
2596,20,749,0.0,0.0,0.0,0.0,0.0,0.0,2
2597,20,750,0.0,0.0,0.0,0.0,0.0,0.0,2
2598,20,751,0.0,0.0,0.0,0.0,0.0,0.0,2
2599,20,752,0.0,0.0,0.0,0.0,0.0,0.0,2
2600,20,753,0.0,0.0,0.0,0.0,0.0,0.0,2
2601,20,754,0.0,0.0,0.0,0.0,0.0,0.0,2
2602,20,755,0.0,0.0,0.0,0.0,0.0,0.0,2
2603,20,756,0.0,0.0,0.0,0.0,0.0,0.0,2
2604,20,757,0.0,0.0,0.0,0.0,0.0,0.0,2
2605,20,758,0.0,0.0,0.0,0.0,0.0,0.0,2
2606,20,759,0.0,0.0,0.0,0.0,0.0,0.0,2
2607,20,760,0.0,0.0,0.0,0.0,0.0,0.0,2
2608,20,761,0.0,0.0,0.0,0.0,0.0,0.0,2
2609,20,762,0.0,0.0,0.0,0.0,0.0,0.0,2
2610,20,747,0.0,0.0,0.0,0.0,0.0,0.0,2
2611,20,764,0.0,0.0,0.0,0.0,0.0,0.0,2
2612,20,765,0.0,0.0,0.0,0.0,0.0,0.0,2
2613,20,766,0.0,0.0,0.0,0.0,0.0,0.0,2
2614,20,767,0.0,0.0,0.0,0.0,0.0,0.0,2
2615,20,768,0.0,0.0,0.0,0.0,0.0,0.0,2
2616,20,769,0.0,0.0,0.0,0.0,0.0,0.0,2
2617,20,770,0.0,0.0,0.0,0.0,0.0,0.0,2
2618,20,771,0.0,0.0,0.0,0.0,0.0,0.0,2
2619,20,772,0.0,0.0,0.0,0.0,0.0,0.0,2
2620,20,773,0.0,0.0,0.0,0.0,0.0,0.0,2
2621,20,774,0.0,0.0,0.0,0.0,0.0,0.0,2
2622,20,776,0.0,0.0,0.0,0.0,0.0,0.0,2
2623,20,777,0.0,0.0,0.0,0.0,0.0,0.0,2
2624,20,778,0.0,0.0,0.0,0.0,0.0,0.0,2
2625,20,732,0.0,0.0,0.0,0.0,0.0,0.0,2
2626,20,716,0.0,0.0,0.0,0.0,0.0,0.0,2
2627,20,717,0.0,0.0,0.0,0.0,0.0,0.0,2
2628,20,718,0.0,0.0,0.0,0.0,0.0,0.0,2
2629,20,719,0.0,0.0,0.0,0.0,0.0,0.0,2
2630,20,720,0.0,0.0,0.0,0.0,0.0,0.0,2
2631,20,722,0.0,0.0,0.0,0.0,0.0,0.0,2
2632,20,723,0.0,0.0,0.0,0.0,0.0,0.0,2
2633,20,724,0.0,0.0,0.0,0.0,0.0,0.0,2
2634,20,725,0.0,0.0,0.0,0.0,0.0,0.0,2
2635,20,726,0.0,0.0,0.0,0.0,0.0,0.0,2
2636,20,727,0.0,0.0,0.0,0.0,0.0,0.0,2
2637,20,728,0.0,0.0,0.0,0.0,0.0,0.0,2
2638,20,729,0.0,0.0,0.0,0.0,0.0,0.0,2
2639,20,730,0.0,0.0,0.0,0.0,0.0,0.0,2
2640,20,731,0.0,0.0,0.0,0.0,0.0,0.0,2
2641,20,395,0.0,0.0,0.0,0.0,0.0,0.0,2
2642,20,733,0.0,0.0,0.0,0.0,0.0,0.0,2
2643,20,734,0.0,0.0,0.0,0.0,0.0,0.0,2
2644,20,735,0.0,0.0,0.0,0.0,0.0,0.0,2
2645,20,736,0.0,0.0,0.0,0.0,0.0,0.0,2
2646,20,737,0.0,0.0,0.0,0.0,0.0,0.0,2
2647,20,738,0.0,0.0,0.0,0.0,0.0,0.0,2
2648,20,739,0.0,0.0,0.0,0.0,0.0,0.0,2
2649,20,740,0.0,0.0,0.0,0.0,0.0,0.0,2
2650,20,741,0.0,0.0,0.0,0.0,0.0,0.0,2
2651,20,742,0.0,0.0,0.0,0.0,0.0,0.0,2
2652,20,743,0.0,0.0,0.0,0.0,0.0,0.0,2
2653,20,744,0.0,0.0,0.0,0.0,0.0,0.0,2
2654,20,745,0.0,0.0,0.0,0.0,0.0,0.0,2
2655,20,746,0.0,0.0,0.0,0.0,0.0,0.0,2
2656,20,63,0.0,0.0,0.0,0.0,0.0,0.0,2
2657,20,47,0.0,0.0,0.0,0.0,0.0,0.0,2
2658,20,48,0.0,0.0,0.0,0.0,0.0,0.0,2
2659,20,49,0.0,0.0,0.0,0.0,0.0,0.0,2
2660,20,51,0.0,0.0,0.0,0.0,0.0,0.0,2
2661,20,52,0.0,0.0,0.0,0.0,0.0,0.0,2
2662,20,53,0.0,0.0,0.0,0.0,0.0,0.0,2
2663,20,54,0.0,0.0,0.0,0.0,0.0,0.0,2
2664,20,55,0.0,0.0,0.0,0.0,0.0,0.0,2
2665,20,56,0.0,0.0,0.0,0.0,0.0,0.0,2
2666,20,57,0.0,0.0,0.0,0.0,0.0,0.0,2
2667,20,58,0.0,0.0,0.0,0.0,0.0,0.0,2
2668,20,59,0.0,0.0,0.0,0.0,0.0,0.0,2
2669,20,60,0.0,0.0,0.0,0.0,0.0,0.0,2
2670,20,61,0.0,0.0,0.0,0.0,0.0,0.0,2
2671,20,62,0.0,0.0,0.0,0.0,0.0,0.0,2
2672,20,45,0.0,0.0,0.0,0.0,0.0,0.0,2
2673,20,64,0.0,0.0,0.0,0.0,0.0,0.0,2
2674,20,65,0.0,0.0,0.0,0.0,0.0,0.0,2
2675,20,66,0.0,0.0,0.0,0.0,0.0,0.0,2
2676,20,67,0.0,0.0,0.0,0.0,0.0,0.0,2
2677,20,68,0.0,0.0,0.0,0.0,0.0,0.0,2
2678,20,69,0.0,0.0,0.0,0.0,0.0,0.0,2
2679,20,70,0.0,0.0,0.0,0.0,0.0,0.0,2
2680,20,71,0.0,0.0,0.0,0.0,0.0,0.0,2
2681,20,72,0.0,0.0,0.0,0.0,0.0,0.0,2
2682,20,73,0.0,0.0,0.0,0.0,0.0,0.0,2
2683,20,74,0.0,0.0,0.0,0.0,0.0,0.0,2
2684,20,75,0.0,0.0,0.0,0.0,0.0,0.0,2
2685,20,76,0.0,0.0,0.0,0.0,0.0,0.0,2
2686,20,77,0.0,0.0,0.0,0.0,0.0,0.0,2
2687,20,78,0.0,0.0,0.0,0.0,0.0,0.0,2
2688,20,30,0.0,0.0,0.0,0.0,0.0,0.0,2
2689,20,15,0.0,0.0,0.0,0.0,0.0,0.0,2
2690,20,16,0.0,0.0,0.0,0.0,0.0,0.0,2
2691,20,17,0.0,0.0,0.0,0.0,0.0,0.0,2
2692,20,18,0.0,0.0,0.0,0.0,0.0,0.0,2
2693,20,19,0.0,0.0,0.0,0.0,0.0,0.0,2
2694,20,20,0.0,0.0,0.0,0.0,0.0,0.0,2
2695,20,21,0.0,0.0,0.0,0.0,0.0,0.0,2
2696,20,22,0.0,0.0,0.0,0.0,0.0,0.0,2
2697,20,23,0.0,0.0,0.0,0.0,0.0,0.0,2
2698,20,24,0.0,0.0,0.0,0.0,0.0,0.0,2
2699,20,25,0.0,0.0,0.0,0.0,0.0,0.0,2
2700,20,26,0.0,0.0,0.0,0.0,0.0,0.0,2
2701,20,27,0.0,0.0,0.0,0.0,0.0,0.0,2
2702,20,28,0.0,0.0,0.0,0.0,0.0,0.0,2
2703,20,29,0.0,0.0,0.0,0.0,0.0,0.0,2
2704,20,79,0.0,0.0,0.0,0.0,0.0,0.0,2
2705,20,31,0.0,0.0,0.0,0.0,0.0,0.0,2
2706,20,32,0.0,0.0,0.0,0.0,0.0,0.0,2
2707,20,33,0.0,0.0,0.0,0.0,0.0,0.0,2
2708,20,34,0.0,0.0,0.0,0.0,0.0,0.0,2
2709,20,35,0.0,0.0,0.0,0.0,0.0,0.0,2
2710,20,36,0.0,0.0,0.0,0.0,0.0,0.0,2
2711,20,37,0.0,0.0,0.0,0.0,0.0,0.0,2
2712,20,38,0.0,0.0,0.0,0.0,0.0,0.0,2
2713,20,39,0.0,0.0,0.0,0.0,0.0,0.0,2
2714,20,40,0.0,0.0,0.0,0.0,0.0,0.0,2
2715,20,41,0.0,0.0,0.0,0.0,0.0,0.0,2
2716,20,42,0.0,0.0,0.0,0.0,0.0,0.0,2
2717,20,43,0.0,0.0,0.0,0.0,0.0,0.0,2
2718,20,44,0.0,0.0,0.0,0.0,0.0,0.0,2
2719,20,127,0.0,0.0,0.0,0.0,0.0,0.0,2
2720,20,111,0.0,0.0,0.0,0.0,0.0,0.0,2
2721,20,112,0.0,0.0,0.0,0.0,0.0,0.0,2
2722,20,113,0.0,0.0,0.0,0.0,0.0,0.0,2
2723,20,115,0.0,0.0,0.0,0.0,0.0,0.0,2
2724,20,116,0.0,0.0,0.0,0.0,0.0,0.0,2
2725,20,117,0.0,0.0,0.0,0.0,0.0,0.0,2
2726,20,118,0.0,0.0,0.0,0.0,0.0,0.0,2
2727,20,119,0.0,0.0,0.0,0.0,0.0,0.0,2
2728,20,120,0.0,0.0,0.0,0.0,0.0,0.0,2
2729,20,121,0.0,0.0,0.0,0.0,0.0,0.0,2
2730,20,122,0.0,0.0,0.0,0.0,0.0,0.0,2
2731,20,123,0.0,0.0,0.0,0.0,0.0,0.0,2
2732,20,124,0.0,0.0,0.0,0.0,0.0,0.0,2
2733,20,125,0.0,0.0,0.0,0.0,0.0,0.0,2
2734,20,126,0.0,0.0,0.0,0.0,0.0,0.0,2
2735,20,110,0.0,0.0,0.0,0.0,0.0,0.0,2
2736,20,128,0.0,0.0,0.0,0.0,0.0,0.0,2
2737,20,129,0.0,0.0,0.0,0.0,0.0,0.0,2
2738,20,131,0.0,0.0,0.0,0.0,0.0,0.0,2
2739,20,132,0.0,0.0,0.0,0.0,0.0,0.0,2
2740,20,133,0.0,0.0,0.0,0.0,0.0,0.0,2
2741,20,134,0.0,0.0,0.0,0.0,0.0,0.0,2
2742,20,135,0.0,0.0,0.0,0.0,0.0,0.0,2
2743,20,136,0.0,0.0,0.0,0.0,0.0,0.0,2
2744,20,137,0.0,0.0,0.0,0.0,0.0,0.0,2
2745,20,138,0.0,0.0,0.0,0.0,0.0,0.0,2
2746,20,139,0.0,0.0,0.0,0.0,0.0,0.0,2
2747,20,140,0.0,0.0,0.0,0.0,0.0,0.0,2
2748,20,141,0.0,0.0,0.0,0.0,0.0,0.0,2
2749,20,142,0.0,0.0,0.0,0.0,0.0,0.0,2
2750,20,95,0.0,0.0,0.0,0.0,0.0,0.0,2
2751,20,80,0.0,0.0,0.0,0.0,0.0,0.0,2
2752,20,81,0.0,0.0,0.0,0.0,0.0,0.0,2
2753,20,82,0.0,0.0,0.0,0.0,0.0,0.0,2
2754,20,83,0.0,0.0,0.0,0.0,0.0,0.0,2
2755,20,84,0.0,0.0,0.0,0.0,0.0,0.0,2
2756,20,85,0.0,0.0,0.0,0.0,0.0,0.0,2
2757,20,86,0.0,0.0,0.0,0.0,0.0,0.0,2
2758,20,87,0.0,0.0,0.0,0.0,0.0,0.0,2
2759,20,88,0.0,0.0,0.0,0.0,0.0,0.0,2
2760,20,89,0.0,0.0,0.0,0.0,0.0,0.0,2
2761,20,90,0.0,0.0,0.0,0.0,0.0,0.0,2
2762,20,91,0.0,0.0,0.0,0.0,0.0,0.0,2
2763,20,92,0.0,0.0,0.0,0.0,0.0,0.0,2
2764,20,93,0.0,0.0,0.0,0.0,0.0,0.0,2
2765,20,94,0.0,0.0,0.0,0.0,0.0,0.0,2
2766,20,14,0.0,0.0,0.0,0.0,0.0,0.0,2
2767,20,96,0.0,0.0,0.0,0.0,0.0,0.0,2
2768,20,97,0.0,0.0,0.0,0.0,0.0,0.0,2
2769,20,98,0.0,0.0,0.0,0.0,0.0,0.0,2
2770,20,99,0.0,0.0,0.0,0.0,0.0,0.0,2
2771,20,100,0.0,0.0,0.0,0.0,0.0,0.0,2
2772,20,101,0.0,0.0,0.0,0.0,0.0,0.0,2
2773,20,102,0.0,0.0,0.0,0.0,0.0,0.0,2
2774,20,103,0.0,0.0,0.0,0.0,0.0,0.0,2
2775,20,104,0.0,0.0,0.0,0.0,0.0,0.0,2
2776,20,105,0.0,0.0,0.0,0.0,0.0,0.0,2
2777,20,106,0.0,0.0,0.0,0.0,0.0,0.0,2
2778,20,107,0.0,0.0,0.0,0.0,0.0,0.0,2
2779,20,108,0.0,0.0,0.0,0.0,0.0,0.0,2
2780,20,109,0.0,0.0,0.0,0.0,0.0,0.0,2
2781,20,8340,0.0,0.0,0.0,0.0,0.0,0.0,2
2782,20,8355,0.0,0.0,0.0,0.0,0.0,0.0,2
2783,20,8354,0.0,0.0,0.0,0.0,0.0,0.0,2
2784,20,8353,0.0,0.0,0.0,0.0,0.0,0.0,2
2785,20,8352,0.0,0.0,0.0,0.0,0.0,0.0,2
2786,20,8351,0.0,0.0,0.0,0.0,0.0,0.0,2
2787,20,8350,0.0,0.0,0.0,0.0,0.0,0.0,2
2788,20,8349,0.0,0.0,0.0,0.0,0.0,0.0,2
2789,20,8348,0.0,0.0,0.0,0.0,0.0,0.0,2
2790,20,8347,0.0,0.0,0.0,0.0,0.0,0.0,2
2791,20,8346,0.0,0.0,0.0,0.0,0.0,0.0,2
2792,20,8345,0.0,0.0,0.0,0.0,0.0,0.0,2
2793,20,8344,0.0,0.0,0.0,0.0,0.0,0.0,2
2794,20,8343,0.0,0.0,0.0,0.0,0.0,0.0,2
2795,20,8342,0.0,0.0,0.0,0.0,0.0,0.0,2
2796,20,8341,0.0,0.0,0.0,0.0,0.0,0.0,2
2797,20,8356,0.0,0.0,0.0,0.0,0.0,0.0,2
2798,20,8339,0.0,0.0,0.0,0.0,0.0,0.0,2
2799,20,8338,0.0,0.0,0.0,0.0,0.0,0.0,2
2800,20,8337,0.0,0.0,0.0,0.0,0.0,0.0,2
2801,20,8336,0.0,0.0,0.0,0.0,0.0,0.0,2
2802,20,8335,0.0,0.0,0.0,0.0,0.0,0.0,2
2803,20,8334,0.0,0.0,0.0,0.0,0.0,0.0,2
2804,20,8333,0.0,0.0,0.0,0.0,0.0,0.0,2
2805,20,8332,0.0,0.0,0.0,0.0,0.0,0.0,2
2806,20,8331,0.0,0.0,0.0,0.0,0.0,0.0,2
2807,20,8330,0.0,0.0,0.0,0.0,0.0,0.0,2
2808,20,8329,0.0,0.0,0.0,0.0,0.0,0.0,2
2809,20,8328,0.0,0.0,0.0,0.0,0.0,0.0,2
2810,20,8327,0.0,0.0,0.0,0.0,0.0,0.0,2
2811,20,8326,0.0,0.0,0.0,0.0,0.0,0.0,2
2812,20,8325,0.0,0.0,0.0,0.0,0.0,0.0,2
2813,20,8371,0.0,0.0,0.0,0.0,0.0,0.0,2
2814,20,8386,0.0,0.0,0.0,0.0,0.0,0.0,2
2815,20,8385,0.0,0.0,0.0,0.0,0.0,0.0,2
2816,20,8384,0.0,0.0,0.0,0.0,0.0,0.0,2
2817,20,8383,0.0,0.0,0.0,0.0,0.0,0.0,2
2818,20,8382,0.0,0.0,0.0,0.0,0.0,0.0,2
2819,20,8381,0.0,0.0,0.0,0.0,0.0,0.0,2
2820,20,8380,0.0,0.0,0.0,0.0,0.0,0.0,2
2821,20,8379,0.0,0.0,0.0,0.0,0.0,0.0,2
2822,20,8378,0.0,0.0,0.0,0.0,0.0,0.0,2
2823,20,8377,0.0,0.0,0.0,0.0,0.0,0.0,2
2824,20,8376,0.0,0.0,0.0,0.0,0.0,0.0,2
2825,20,8375,0.0,0.0,0.0,0.0,0.0,0.0,2
2826,20,8374,0.0,0.0,0.0,0.0,0.0,0.0,2
2827,20,8373,0.0,0.0,0.0,0.0,0.0,0.0,2
2828,20,8372,0.0,0.0,0.0,0.0,0.0,0.0,2
2829,20,8324,0.0,0.0,0.0,0.0,0.0,0.0,2
2830,20,8370,0.0,0.0,0.0,0.0,0.0,0.0,2
2831,20,8369,0.0,0.0,0.0,0.0,0.0,0.0,2
2832,20,8368,0.0,0.0,0.0,0.0,0.0,0.0,2
2833,20,8367,0.0,0.0,0.0,0.0,0.0,0.0,2
2834,20,8366,0.0,0.0,0.0,0.0,0.0,0.0,2
2835,20,8365,0.0,0.0,0.0,0.0,0.0,0.0,2
2836,20,8364,0.0,0.0,0.0,0.0,0.0,0.0,2
2837,20,8363,0.0,0.0,0.0,0.0,0.0,0.0,2
2838,20,8362,0.0,0.0,0.0,0.0,0.0,0.0,2
2839,20,8361,0.0,0.0,0.0,0.0,0.0,0.0,2
2840,20,8360,0.0,0.0,0.0,0.0,0.0,0.0,2
2841,20,8359,0.0,0.0,0.0,0.0,0.0,0.0,2
2842,20,8358,0.0,0.0,0.0,0.0,0.0,0.0,2
2843,20,8357,0.0,0.0,0.0,0.0,0.0,0.0,2
2844,20,8275,0.0,0.0,0.0,0.0,0.0,0.0,2
2845,20,8290,0.0,0.0,0.0,0.0,0.0,0.0,2
2846,20,8289,0.0,0.0,0.0,0.0,0.0,0.0,2
2847,20,8288,0.0,0.0,0.0,0.0,0.0,0.0,2
2848,20,8287,0.0,0.0,0.0,0.0,0.0,0.0,2
2849,20,8286,0.0,0.0,0.0,0.0,0.0,0.0,2
2850,20,8285,0.0,0.0,0.0,0.0,0.0,0.0,2
2851,20,8284,0.0,0.0,0.0,0.0,0.0,0.0,2
2852,20,8283,0.0,0.0,0.0,0.0,0.0,0.0,2
2853,20,8282,0.0,0.0,0.0,0.0,0.0,0.0,2
2854,20,8281,0.0,0.0,0.0,0.0,0.0,0.0,2
2855,20,8280,0.0,0.0,0.0,0.0,0.0,0.0,2
2856,20,8279,0.0,0.0,0.0,0.0,0.0,0.0,2
2857,20,8278,0.0,0.0,0.0,0.0,0.0,0.0,2
2858,20,8277,0.0,0.0,0.0,0.0,0.0,0.0,2
2859,20,8276,0.0,0.0,0.0,0.0,0.0,0.0,2
2860,20,8292,0.0,0.0,0.0,0.0,0.0,0.0,2
2861,20,8274,0.0,0.0,0.0,0.0,0.0,0.0,2
2862,20,4133,0.0,0.0,0.0,0.0,0.0,0.0,2
2863,20,1,0.0,0.0,0.0,0.0,0.0,0.0,2
2864,20,2,0.0,0.0,0.0,0.0,0.0,0.0,2
2865,20,4,0.0,0.0,0.0,0.0,0.0,0.0,2
2866,20,5,0.0,0.0,0.0,0.0,0.0,0.0,2
2867,20,6,0.0,0.0,0.0,0.0,0.0,0.0,2
2868,20,7,0.0,0.0,0.0,0.0,0.0,0.0,2
2869,20,8,0.0,0.0,0.0,0.0,0.0,0.0,2
2870,20,9,0.0,0.0,0.0,0.0,0.0,0.0,2
2871,20,10,0.0,0.0,0.0,0.0,0.0,0.0,2
2872,20,11,0.0,0.0,0.0,0.0,0.0,0.0,2
2873,20,12,0.0,0.0,0.0,0.0,0.0,0.0,2
2874,20,13,0.0,0.0,0.0,0.0,0.0,0.0,2
2875,20,8308,0.0,0.0,0.0,0.0,0.0,0.0,2
2876,20,8323,0.0,0.0,0.0,0.0,0.0,0.0,2
2877,20,8322,0.0,0.0,0.0,0.0,0.0,0.0,2
2878,20,8321,0.0,0.0,0.0,0.0,0.0,0.0,2
2879,20,8320,0.0,0.0,0.0,0.0,0.0,0.0,2
2880,20,8319,0.0,0.0,0.0,0.0,0.0,0.0,2
2881,20,8318,0.0,0.0,0.0,0.0,0.0,0.0,2
2882,20,8317,0.0,0.0,0.0,0.0,0.0,0.0,2
2883,20,8316,0.0,0.0,0.0,0.0,0.0,0.0,2
2884,20,8315,0.0,0.0,0.0,0.0,0.0,0.0,2
2885,20,8314,0.0,0.0,0.0,0.0,0.0,0.0,2
2886,20,8313,0.0,0.0,0.0,0.0,0.0,0.0,2
2887,20,8312,0.0,0.0,0.0,0.0,0.0,0.0,2
2888,20,8311,0.0,0.0,0.0,0.0,0.0,0.0,2
2889,20,8310,0.0,0.0,0.0,0.0,0.0,0.0,2
2890,20,8309,0.0,0.0,0.0,0.0,0.0,0.0,2
2891,20,143,0.0,0.0,0.0,0.0,0.0,0.0,2
2892,20,8307,0.0,0.0,0.0,0.0,0.0,0.0,2
2893,20,8306,0.0,0.0,0.0,0.0,0.0,0.0,2
2894,20,8305,0.0,0.0,0.0,0.0,0.0,0.0,2
2895,20,8304,0.0,0.0,0.0,0.0,0.0,0.0,2
2896,20,8303,0.0,0.0,0.0,0.0,0.0,0.0,2
2897,20,8302,0.0,0.0,0.0,0.0,0.0,0.0,2
2898,20,8301,0.0,0.0,0.0,0.0,0.0,0.0,2
2899,20,8300,0.0,0.0,0.0,0.0,0.0,0.0,2
2900,20,8299,0.0,0.0,0.0,0.0,0.0,0.0,2
2901,20,8297,0.0,0.0,0.0,0.0,0.0,0.0,2
2902,20,8296,0.0,0.0,0.0,0.0,0.0,0.0,2
2903,20,8295,0.0,0.0,0.0,0.0,0.0,0.0,2
2904,20,8294,0.0,0.0,0.0,0.0,0.0,0.0,2
2905,20,8293,0.0,0.0,0.0,0.0,0.0,0.0,2
2906,20,316,0.0,0.0,0.0,0.0,0.0,0.0,2
2907,20,301,0.0,0.0,0.0,0.0,0.0,0.0,2
2908,20,302,0.0,0.0,0.0,0.0,0.0,0.0,2
2909,20,303,0.0,0.0,0.0,0.0,0.0,0.0,2
2910,20,304,0.0,0.0,0.0,0.0,0.0,0.0,2
2911,20,305,0.0,0.0,0.0,0.0,0.0,0.0,2
2912,20,306,0.0,0.0,0.0,0.0,0.0,0.0,2
2913,20,307,0.0,0.0,0.0,0.0,0.0,0.0,2
2914,20,308,0.0,0.0,0.0,0.0,0.0,0.0,2
2915,20,309,0.0,0.0,0.0,0.0,0.0,0.0,2
2916,20,310,0.0,0.0,0.0,0.0,0.0,0.0,2
2917,20,311,0.0,0.0,0.0,0.0,0.0,0.0,2
2918,20,312,0.0,0.0,0.0,0.0,0.0,0.0,2
2919,20,313,0.0,0.0,0.0,0.0,0.0,0.0,2
2920,20,314,0.0,0.0,0.0,0.0,0.0,0.0,2
2921,20,315,0.0,0.0,0.0,0.0,0.0,0.0,2
2922,20,300,0.0,0.0,0.0,0.0,0.0,0.0,2
2923,20,317,0.0,0.0,0.0,0.0,0.0,0.0,2
2924,20,318,0.0,0.0,0.0,0.0,0.0,0.0,2
2925,20,319,0.0,0.0,0.0,0.0,0.0,0.0,2
2926,20,320,0.0,0.0,0.0,0.0,0.0,0.0,2
2927,20,322,0.0,0.0,0.0,0.0,0.0,0.0,2
2928,20,323,0.0,0.0,0.0,0.0,0.0,0.0,2
2929,20,324,0.0,0.0,0.0,0.0,0.0,0.0,2
2930,20,325,0.0,0.0,0.0,0.0,0.0,0.0,2
2931,20,326,0.0,0.0,0.0,0.0,0.0,0.0,2
2932,20,327,0.0,0.0,0.0,0.0,0.0,0.0,2
2933,20,328,0.0,0.0,0.0,0.0,0.0,0.0,2
2934,20,329,0.0,0.0,0.0,0.0,0.0,0.0,2
2935,20,330,0.0,0.0,0.0,0.0,0.0,0.0,2
2936,20,331,0.0,0.0,0.0,0.0,0.0,0.0,2
2937,20,332,0.0,0.0,0.0,0.0,0.0,0.0,2
2938,20,285,0.0,0.0,0.0,0.0,0.0,0.0,2
2939,20,270,0.0,0.0,0.0,0.0,0.0,0.0,2
2940,20,271,0.0,0.0,0.0,0.0,0.0,0.0,2
2941,20,272,0.0,0.0,0.0,0.0,0.0,0.0,2
2942,20,273,0.0,0.0,0.0,0.0,0.0,0.0,2
2943,20,274,0.0,0.0,0.0,0.0,0.0,0.0,2
2944,20,275,0.0,0.0,0.0,0.0,0.0,0.0,2
2945,20,276,0.0,0.0,0.0,0.0,0.0,0.0,2
2946,20,277,0.0,0.0,0.0,0.0,0.0,0.0,2
2947,20,278,0.0,0.0,0.0,0.0,0.0,0.0,2
2948,20,279,0.0,0.0,0.0,0.0,0.0,0.0,2
2949,20,280,0.0,0.0,0.0,0.0,0.0,0.0,2
2950,20,281,0.0,0.0,0.0,0.0,0.0,0.0,2
2951,20,282,0.0,0.0,0.0,0.0,0.0,0.0,2
2952,20,283,0.0,0.0,0.0,0.0,0.0,0.0,2
2953,20,284,0.0,0.0,0.0,0.0,0.0,0.0,2
2954,20,333,0.0,0.0,0.0,0.0,0.0,0.0,2
2955,20,286,0.0,0.0,0.0,0.0,0.0,0.0,2
2956,20,287,0.0,0.0,0.0,0.0,0.0,0.0,2
2957,20,288,0.0,0.0,0.0,0.0,0.0,0.0,2
2958,20,289,0.0,0.0,0.0,0.0,0.0,0.0,2
2959,20,290,0.0,0.0,0.0,0.0,0.0,0.0,2
2960,20,291,0.0,0.0,0.0,0.0,0.0,0.0,2
2961,20,292,0.0,0.0,0.0,0.0,0.0,0.0,2
2962,20,293,0.0,0.0,0.0,0.0,0.0,0.0,2
2963,20,294,0.0,0.0,0.0,0.0,0.0,0.0,2
2964,20,295,0.0,0.0,0.0,0.0,0.0,0.0,2
2965,20,296,0.0,0.0,0.0,0.0,0.0,0.0,2
2966,20,297,0.0,0.0,0.0,0.0,0.0,0.0,2
2967,20,298,0.0,0.0,0.0,0.0,0.0,0.0,2
2968,20,299,0.0,0.0,0.0,0.0,0.0,0.0,2
2969,20,380,0.0,0.0,0.0,0.0,0.0,0.0,2
2970,20,365,0.0,0.0,0.0,0.0,0.0,0.0,2
2971,20,366,0.0,0.0,0.0,0.0,0.0,0.0,2
2972,20,367,0.0,0.0,0.0,0.0,0.0,0.0,2
2973,20,368,0.0,0.0,0.0,0.0,0.0,0.0,2
2974,20,369,0.0,0.0,0.0,0.0,0.0,0.0,2
2975,20,370,0.0,0.0,0.0,0.0,0.0,0.0,2
2976,20,371,0.0,0.0,0.0,0.0,0.0,0.0,2
2977,20,372,0.0,0.0,0.0,0.0,0.0,0.0,2
2978,20,373,0.0,0.0,0.0,0.0,0.0,0.0,2
2979,20,374,0.0,0.0,0.0,0.0,0.0,0.0,2
2980,20,375,0.0,0.0,0.0,0.0,0.0,0.0,2
2981,20,376,0.0,0.0,0.0,0.0,0.0,0.0,2
2982,20,377,0.0,0.0,0.0,0.0,0.0,0.0,2
2983,20,378,0.0,0.0,0.0,0.0,0.0,0.0,2
2984,20,379,0.0,0.0,0.0,0.0,0.0,0.0,2
2985,20,364,0.0,0.0,0.0,0.0,0.0,0.0,2
2986,20,381,0.0,0.0,0.0,0.0,0.0,0.0,2
2987,20,382,0.0,0.0,0.0,0.0,0.0,0.0,2
2988,20,383,0.0,0.0,0.0,0.0,0.0,0.0,2
2989,20,384,0.0,0.0,0.0,0.0,0.0,0.0,2
2990,20,385,0.0,0.0,0.0,0.0,0.0,0.0,2
2991,20,386,0.0,0.0,0.0,0.0,0.0,0.0,2
2992,20,387,0.0,0.0,0.0,0.0,0.0,0.0,2
2993,20,388,0.0,0.0,0.0,0.0,0.0,0.0,2
2994,20,389,0.0,0.0,0.0,0.0,0.0,0.0,2
2995,20,390,0.0,0.0,0.0,0.0,0.0,0.0,2
2996,20,391,0.0,0.0,0.0,0.0,0.0,0.0,2
2997,20,392,0.0,0.0,0.0,0.0,0.0,0.0,2
2998,20,393,0.0,0.0,0.0,0.0,0.0,0.0,2
2999,20,394,0.0,0.0,0.0,0.0,0.0,0.0,2
3000,20,349,0.0,0.0,0.0,0.0,0.0,0.0,2
3001,20,334,0.0,0.0,0.0,0.0,0.0,0.0,2
3002,20,335,0.0,0.0,0.0,0.0,0.0,0.0,2
3003,20,336,0.0,0.0,0.0,0.0,0.0,0.0,2
3004,20,337,0.0,0.0,0.0,0.0,0.0,0.0,2
3005,20,338,0.0,0.0,0.0,0.0,0.0,0.0,2
3006,20,339,0.0,0.0,0.0,0.0,0.0,0.0,2
3007,20,340,0.0,0.0,0.0,0.0,0.0,0.0,2
3008,20,341,0.0,0.0,0.0,0.0,0.0,0.0,2
3009,20,342,0.0,0.0,0.0,0.0,0.0,0.0,2
3010,20,343,0.0,0.0,0.0,0.0,0.0,0.0,2
3011,20,344,0.0,0.0,0.0,0.0,0.0,0.0,2
3012,20,345,0.0,0.0,0.0,0.0,0.0,0.0,2
3013,20,346,0.0,0.0,0.0,0.0,0.0,0.0,2
3014,20,347,0.0,0.0,0.0,0.0,0.0,0.0,2
3015,20,348,0.0,0.0,0.0,0.0,0.0,0.0,2
3016,20,269,0.0,0.0,0.0,0.0,0.0,0.0,2
3017,20,350,0.0,0.0,0.0,0.0,0.0,0.0,2
3018,20,351,0.0,0.0,0.0,0.0,0.0,0.0,2
3019,20,352,0.0,0.0,0.0,0.0,0.0,0.0,2
3020,20,353,0.0,0.0,0.0,0.0,0.0,0.0,2
3021,20,354,0.0,0.0,0.0,0.0,0.0,0.0,2
3022,20,355,0.0,0.0,0.0,0.0,0.0,0.0,2
3023,20,356,0.0,0.0,0.0,0.0,0.0,0.0,2
3024,20,357,0.0,0.0,0.0,0.0,0.0,0.0,2
3025,20,358,0.0,0.0,0.0,0.0,0.0,0.0,2
3026,20,359,0.0,0.0,0.0,0.0,0.0,0.0,2
3027,20,360,0.0,0.0,0.0,0.0,0.0,0.0,2
3028,20,361,0.0,0.0,0.0,0.0,0.0,0.0,2
3029,20,362,0.0,0.0,0.0,0.0,0.0,0.0,2
3030,20,363,0.0,0.0,0.0,0.0,0.0,0.0,2
3031,20,191,0.0,0.0,0.0,0.0,0.0,0.0,2
3032,20,176,0.0,0.0,0.0,0.0,0.0,0.0,2
3033,20,177,0.0,0.0,0.0,0.0,0.0,0.0,2
3034,20,178,0.0,0.0,0.0,0.0,0.0,0.0,2
3035,20,179,0.0,0.0,0.0,0.0,0.0,0.0,2
3036,20,180,0.0,0.0,0.0,0.0,0.0,0.0,2
3037,20,181,0.0,0.0,0.0,0.0,0.0,0.0,2
3038,20,182,0.0,0.0,0.0,0.0,0.0,0.0,2
3039,20,183,0.0,0.0,0.0,0.0,0.0,0.0,2
3040,20,184,0.0,0.0,0.0,0.0,0.0,0.0,2
3041,20,185,0.0,0.0,0.0,0.0,0.0,0.0,2
3042,20,186,0.0,0.0,0.0,0.0,0.0,0.0,2
3043,20,187,0.0,0.0,0.0,0.0,0.0,0.0,2
3044,20,188,0.0,0.0,0.0,0.0,0.0,0.0,2
3045,20,189,0.0,0.0,0.0,0.0,0.0,0.0,2
3046,20,190,0.0,0.0,0.0,0.0,0.0,0.0,2
3047,20,175,0.0,0.0,0.0,0.0,0.0,0.0,2
3048,20,192,0.0,0.0,0.0,0.0,0.0,0.0,2
3049,20,193,0.0,0.0,0.0,0.0,0.0,0.0,2
3050,20,194,0.0,0.0,0.0,0.0,0.0,0.0,2
3051,20,195,0.0,0.0,0.0,0.0,0.0,0.0,2
3052,20,196,0.0,0.0,0.0,0.0,0.0,0.0,2
3053,20,197,0.0,0.0,0.0,0.0,0.0,0.0,2
3054,20,198,0.0,0.0,0.0,0.0,0.0,0.0,2
3055,20,199,0.0,0.0,0.0,0.0,0.0,0.0,2
3056,20,200,0.0,0.0,0.0,0.0,0.0,0.0,2
3057,20,201,0.0,0.0,0.0,0.0,0.0,0.0,2
3058,20,202,0.0,0.0,0.0,0.0,0.0,0.0,2
3059,20,203,0.0,0.0,0.0,0.0,0.0,0.0,2
3060,20,204,0.0,0.0,0.0,0.0,0.0,0.0,2
3061,20,205,0.0,0.0,0.0,0.0,0.0,0.0,2
3062,20,206,0.0,0.0,0.0,0.0,0.0,0.0,2
3063,20,159,0.0,0.0,0.0,0.0,0.0,0.0,2
3064,20,144,0.0,0.0,0.0,0.0,0.0,0.0,2
3065,20,145,0.0,0.0,0.0,0.0,0.0,0.0,2
3066,20,146,0.0,0.0,0.0,0.0,0.0,0.0,2
3067,20,147,0.0,0.0,0.0,0.0,0.0,0.0,2
3068,20,148,0.0,0.0,0.0,0.0,0.0,0.0,2
3069,20,149,0.0,0.0,0.0,0.0,0.0,0.0,2
3070,20,150,0.0,0.0,0.0,0.0,0.0,0.0,2
3071,20,151,0.0,0.0,0.0,0.0,0.0,0.0,2
3072,20,152,0.0,0.0,0.0,0.0,0.0,0.0,2
3073,20,153,0.0,0.0,0.0,0.0,0.0,0.0,2
3074,20,154,0.0,0.0,0.0,0.0,0.0,0.0,2
3075,20,155,0.0,0.0,0.0,0.0,0.0,0.0,2
3076,20,156,0.0,0.0,0.0,0.0,0.0,0.0,2
3077,20,157,0.0,0.0,0.0,0.0,0.0,0.0,2
3078,20,158,0.0,0.0,0.0,0.0,0.0,0.0,2
3079,20,207,0.0,0.0,0.0,0.0,0.0,0.0,2
3080,20,160,0.0,0.0,0.0,0.0,0.0,0.0,2
3081,20,161,0.0,0.0,0.0,0.0,0.0,0.0,2
3082,20,162,0.0,0.0,0.0,0.0,0.0,0.0,2
3083,20,163,0.0,0.0,0.0,0.0,0.0,0.0,2
3084,20,164,0.0,0.0,0.0,0.0,0.0,0.0,2
3085,20,165,0.0,0.0,0.0,0.0,0.0,0.0,2
3086,20,166,0.0,0.0,0.0,0.0,0.0,0.0,2
3087,20,167,0.0,0.0,0.0,0.0,0.0,0.0,2
3088,20,168,0.0,0.0,0.0,0.0,0.0,0.0,2
3089,20,169,0.0,0.0,0.0,0.0,0.0,0.0,2
3090,20,170,0.0,0.0,0.0,0.0,0.0,0.0,2
3091,20,171,0.0,0.0,0.0,0.0,0.0,0.0,2
3092,20,172,0.0,0.0,0.0,0.0,0.0,0.0,2
3093,20,174,0.0,0.0,0.0,0.0,0.0,0.0,2
3094,20,254,0.0,0.0,0.0,0.0,0.0,0.0,2
3095,20,239,0.0,0.0,0.0,0.0,0.0,0.0,2
3096,20,240,0.0,0.0,0.0,0.0,0.0,0.0,2
3097,20,241,0.0,0.0,0.0,0.0,0.0,0.0,2
3098,20,242,0.0,0.0,0.0,0.0,0.0,0.0,2
3099,20,243,0.0,0.0,0.0,0.0,0.0,0.0,2
3100,20,244,0.0,0.0,0.0,0.0,0.0,0.0,2
3101,20,245,0.0,0.0,0.0,0.0,0.0,0.0,2
3102,20,246,0.0,0.0,0.0,0.0,0.0,0.0,2
3103,20,247,0.0,0.0,0.0,0.0,0.0,0.0,2
3104,20,248,0.0,0.0,0.0,0.0,0.0,0.0,2
3105,20,249,0.0,0.0,0.0,0.0,0.0,0.0,2
3106,20,250,0.0,0.0,0.0,0.0,0.0,0.0,2
3107,20,251,0.0,0.0,0.0,0.0,0.0,0.0,2
3108,20,252,0.0,0.0,0.0,0.0,0.0,0.0,2
3109,20,253,0.0,0.0,0.0,0.0,0.0,0.0,2
3110,20,238,0.0,0.0,0.0,0.0,0.0,0.0,2
3111,20,255,0.0,0.0,0.0,0.0,0.0,0.0,2
3112,20,256,0.0,0.0,0.0,0.0,0.0,0.0,2
3113,20,257,0.0,0.0,0.0,0.0,0.0,0.0,2
3114,20,258,0.0,0.0,0.0,0.0,0.0,0.0,2
3115,20,259,0.0,0.0,0.0,0.0,0.0,0.0,2
3116,20,260,0.0,0.0,0.0,0.0,0.0,0.0,2
3117,20,261,0.0,0.0,0.0,0.0,0.0,0.0,2
3118,20,262,0.0,0.0,0.0,0.0,0.0,0.0,2
3119,20,263,0.0,0.0,0.0,0.0,0.0,0.0,2
3120,20,264,0.0,0.0,0.0,0.0,0.0,0.0,2
3121,20,265,0.0,0.0,0.0,0.0,0.0,0.0,2
3122,20,266,0.0,0.0,0.0,0.0,0.0,0.0,2
3123,20,267,0.0,0.0,0.0,0.0,0.0,0.0,2
3124,20,268,0.0,0.0,0.0,0.0,0.0,0.0,2
3125,20,223,0.0,0.0,0.0,0.0,0.0,0.0,2
3126,20,208,0.0,0.0,0.0,0.0,0.0,0.0,2
3127,20,209,0.0,0.0,0.0,0.0,0.0,0.0,2
3128,20,210,0.0,0.0,0.0,0.0,0.0,0.0,2
3129,20,211,0.0,0.0,0.0,0.0,0.0,0.0,2
3130,20,212,0.0,0.0,0.0,0.0,0.0,0.0,2
3131,20,213,0.0,0.0,0.0,0.0,0.0,0.0,2
3132,20,214,0.0,0.0,0.0,0.0,0.0,0.0,2
3133,20,215,0.0,0.0,0.0,0.0,0.0,0.0,2
3134,20,216,0.0,0.0,0.0,0.0,0.0,0.0,2
3135,20,217,0.0,0.0,0.0,0.0,0.0,0.0,2
3136,20,218,0.0,0.0,0.0,0.0,0.0,0.0,2
3137,20,219,0.0,0.0,0.0,0.0,0.0,0.0,2
3138,20,220,0.0,0.0,0.0,0.0,0.0,0.0,2
3139,20,221,0.0,0.0,0.0,0.0,0.0,0.0,2
3140,20,222,0.0,0.0,0.0,0.0,0.0,0.0,2
3141,20,907,0.0,0.0,0.0,0.0,0.0,0.0,2
3142,20,224,0.0,0.0,0.0,0.0,0.0,0.0,2
3143,20,225,0.0,0.0,0.0,0.0,0.0,0.0,2
3144,20,226,0.0,0.0,0.0,0.0,0.0,0.0,2
3145,20,227,0.0,0.0,0.0,0.0,0.0,0.0,2
3146,20,228,0.0,0.0,0.0,0.0,0.0,0.0,2
3147,20,229,0.0,0.0,0.0,0.0,0.0,0.0,2
3148,20,230,0.0,0.0,0.0,0.0,0.0,0.0,2
3149,20,231,0.0,0.0,0.0,0.0,0.0,0.0,2
3150,20,232,0.0,0.0,0.0,0.0,0.0,0.0,2
3151,20,233,0.0,0.0,0.0,0.0,0.0,0.0,2
3152,20,234,0.0,0.0,0.0,0.0,0.0,0.0,2
3153,20,235,0.0,0.0,0.0,0.0,0.0,0.0,2
3154,20,236,0.0,0.0,0.0,0.0,0.0,0.0,2
3155,20,237,0.0,0.0,0.0,0.0,0.0,0.0,2
3156,20,1585,0.0,0.0,0.0,0.0,0.0,0.0,2
3157,20,1570,0.0,0.0,0.0,0.0,0.0,0.0,2
3158,20,1571,0.0,0.0,0.0,0.0,0.0,0.0,2
3159,20,1572,0.0,0.0,0.0,0.0,0.0,0.0,2
3160,20,1573,0.0,0.0,0.0,0.0,0.0,0.0,2
3161,20,1574,0.0,0.0,0.0,0.0,0.0,0.0,2
3162,20,1575,0.0,0.0,0.0,0.0,0.0,0.0,2
3163,20,1576,0.0,0.0,0.0,0.0,0.0,0.0,2
3164,20,1577,0.0,0.0,0.0,0.0,0.0,0.0,2
3165,20,1578,0.0,0.0,0.0,0.0,0.0,0.0,2
3166,20,1579,0.0,0.0,0.0,0.0,0.0,0.0,2
3167,20,1580,0.0,0.0,0.0,0.0,0.0,0.0,2
3168,20,1581,0.0,0.0,0.0,0.0,0.0,0.0,2
3169,20,1582,0.0,0.0,0.0,0.0,0.0,0.0,2
3170,20,1583,0.0,0.0,0.0,0.0,0.0,0.0,2
3171,20,1584,0.0,0.0,0.0,0.0,0.0,0.0,2
3172,20,1569,0.0,0.0,0.0,0.0,0.0,0.0,2
3173,20,1586,0.0,0.0,0.0,0.0,0.0,0.0,2
3174,20,1587,0.0,0.0,0.0,0.0,0.0,0.0,2
3175,20,1588,0.0,0.0,0.0,0.0,0.0,0.0,2
3176,20,1589,0.0,0.0,0.0,0.0,0.0,0.0,2
3177,20,1590,0.0,0.0,0.0,0.0,0.0,0.0,2
3178,20,1591,0.0,0.0,0.0,0.0,0.0,0.0,2
3179,20,1592,0.0,0.0,0.0,0.0,0.0,0.0,2
3180,20,1593,0.0,0.0,0.0,0.0,0.0,0.0,2
3181,20,1594,0.0,0.0,0.0,0.0,0.0,0.0,2
3182,20,1595,0.0,0.0,0.0,0.0,0.0,0.0,2
3183,20,1596,0.0,0.0,0.0,0.0,0.0,0.0,2
3184,20,1597,0.0,0.0,0.0,0.0,0.0,0.0,2
3185,20,1598,0.0,0.0,0.0,0.0,0.0,0.0,2
3186,20,1599,0.0,0.0,0.0,0.0,0.0,0.0,2
3187,20,1600,0.0,0.0,0.0,0.0,0.0,0.0,2
3188,20,1554,0.0,0.0,0.0,0.0,0.0,0.0,2
3189,20,1539,0.0,0.0,0.0,0.0,0.0,0.0,2
3190,20,1540,0.0,0.0,0.0,0.0,0.0,0.0,2
3191,20,1541,0.0,0.0,0.0,0.0,0.0,0.0,2
3192,20,1542,0.0,0.0,0.0,0.0,0.0,0.0,2
3193,20,1543,0.0,0.0,0.0,0.0,0.0,0.0,2
3194,20,1544,0.0,0.0,0.0,0.0,0.0,0.0,2
3195,20,1545,0.0,0.0,0.0,0.0,0.0,0.0,2
3196,20,1546,0.0,0.0,0.0,0.0,0.0,0.0,2
3197,20,1547,0.0,0.0,0.0,0.0,0.0,0.0,2
3198,20,1548,0.0,0.0,0.0,0.0,0.0,0.0,2
3199,20,1549,0.0,0.0,0.0,0.0,0.0,0.0,2
3200,20,1550,0.0,0.0,0.0,0.0,0.0,0.0,2
3201,20,1551,0.0,0.0,0.0,0.0,0.0,0.0,2
3202,20,1552,0.0,0.0,0.0,0.0,0.0,0.0,2
3203,20,1553,0.0,0.0,0.0,0.0,0.0,0.0,2
3204,20,1601,0.0,0.0,0.0,0.0,0.0,0.0,2
3205,20,1555,0.0,0.0,0.0,0.0,0.0,0.0,2
3206,20,1556,0.0,0.0,0.0,0.0,0.0,0.0,2
3207,20,1557,0.0,0.0,0.0,0.0,0.0,0.0,2
3208,20,1558,0.0,0.0,0.0,0.0,0.0,0.0,2
3209,20,1559,0.0,0.0,0.0,0.0,0.0,0.0,2
3210,20,1560,0.0,0.0,0.0,0.0,0.0,0.0,2
3211,20,1561,0.0,0.0,0.0,0.0,0.0,0.0,2
3212,20,1562,0.0,0.0,0.0,0.0,0.0,0.0,2
3213,20,1563,0.0,0.0,0.0,0.0,0.0,0.0,2
3214,20,1564,0.0,0.0,0.0,0.0,0.0,0.0,2
3215,20,1565,0.0,0.0,0.0,0.0,0.0,0.0,2
3216,20,1566,0.0,0.0,0.0,0.0,0.0,0.0,2
3217,20,1567,0.0,0.0,0.0,0.0,0.0,0.0,2
3218,20,1568,0.0,0.0,0.0,0.0,0.0,0.0,2
3219,20,1648,0.0,0.0,0.0,0.0,0.0,0.0,2
3220,20,1633,0.0,0.0,0.0,0.0,0.0,0.0,2
3221,20,1634,0.0,0.0,0.0,0.0,0.0,0.0,2
3222,20,1635,0.0,0.0,0.0,0.0,0.0,0.0,2
3223,20,1636,0.0,0.0,0.0,0.0,0.0,0.0,2
3224,20,1637,0.0,0.0,0.0,0.0,0.0,0.0,2
3225,20,1638,0.0,0.0,0.0,0.0,0.0,0.0,2
3226,20,1639,0.0,0.0,0.0,0.0,0.0,0.0,2
3227,20,1640,0.0,0.0,0.0,0.0,0.0,0.0,2
3228,20,1641,0.0,0.0,0.0,0.0,0.0,0.0,2
3229,20,1642,0.0,0.0,0.0,0.0,0.0,0.0,2
3230,20,1643,0.0,0.0,0.0,0.0,0.0,0.0,2
3231,20,1644,0.0,0.0,0.0,0.0,0.0,0.0,2
3232,20,1645,0.0,0.0,0.0,0.0,0.0,0.0,2
3233,20,1646,0.0,0.0,0.0,0.0,0.0,0.0,2
3234,20,1647,0.0,0.0,0.0,0.0,0.0,0.0,2
3235,20,1632,0.0,0.0,0.0,0.0,0.0,0.0,2
3236,20,1649,0.0,0.0,0.0,0.0,0.0,0.0,2
3237,20,1650,0.0,0.0,0.0,0.0,0.0,0.0,2
3238,20,1651,0.0,0.0,0.0,0.0,0.0,0.0,2
3239,20,1652,0.0,0.0,0.0,0.0,0.0,0.0,2
3240,20,1653,0.0,0.0,0.0,0.0,0.0,0.0,2
3241,20,1654,0.0,0.0,0.0,0.0,0.0,0.0,2
3242,20,1655,0.0,0.0,0.0,0.0,0.0,0.0,2
3243,20,1656,0.0,0.0,0.0,0.0,0.0,0.0,2
3244,20,1657,0.0,0.0,0.0,0.0,0.0,0.0,2
3245,20,1658,0.0,0.0,0.0,0.0,0.0,0.0,2
3246,20,1659,0.0,0.0,0.0,0.0,0.0,0.0,2
3247,20,1660,0.0,0.0,0.0,0.0,0.0,0.0,2
3248,20,1661,0.0,0.0,0.0,0.0,0.0,0.0,2
3249,20,1662,0.0,0.0,0.0,0.0,0.0,0.0,2
3250,20,1617,0.0,0.0,0.0,0.0,0.0,0.0,2
3251,20,1602,0.0,0.0,0.0,0.0,0.0,0.0,2
3252,20,1603,0.0,0.0,0.0,0.0,0.0,0.0,2
3253,20,1604,0.0,0.0,0.0,0.0,0.0,0.0,2
3254,20,1605,0.0,0.0,0.0,0.0,0.0,0.0,2
3255,20,1606,0.0,0.0,0.0,0.0,0.0,0.0,2
3256,20,1607,0.0,0.0,0.0,0.0,0.0,0.0,2
3257,20,1608,0.0,0.0,0.0,0.0,0.0,0.0,2
3258,20,1609,0.0,0.0,0.0,0.0,0.0,0.0,2
3259,20,1610,0.0,0.0,0.0,0.0,0.0,0.0,2
3260,20,1611,0.0,0.0,0.0,0.0,0.0,0.0,2
3261,20,1612,0.0,0.0,0.0,0.0,0.0,0.0,2
3262,20,1613,0.0,0.0,0.0,0.0,0.0,0.0,2
3263,20,1614,0.0,0.0,0.0,0.0,0.0,0.0,2
3264,20,1615,0.0,0.0,0.0,0.0,0.0,0.0,2
3265,20,1616,0.0,0.0,0.0,0.0,0.0,0.0,2
3266,20,1538,0.0,0.0,0.0,0.0,0.0,0.0,2
3267,20,1618,0.0,0.0,0.0,0.0,0.0,0.0,2
3268,20,1619,0.0,0.0,0.0,0.0,0.0,0.0,2
3269,20,1620,0.0,0.0,0.0,0.0,0.0,0.0,2
3270,20,1621,0.0,0.0,0.0,0.0,0.0,0.0,2
3271,20,1622,0.0,0.0,0.0,0.0,0.0,0.0,2
3272,20,1623,0.0,0.0,0.0,0.0,0.0,0.0,2
3273,20,1624,0.0,0.0,0.0,0.0,0.0,0.0,2
3274,20,1625,0.0,0.0,0.0,0.0,0.0,0.0,2
3275,20,1626,0.0,0.0,0.0,0.0,0.0,0.0,2
3276,20,1627,0.0,0.0,0.0,0.0,0.0,0.0,2
3277,20,1628,0.0,0.0,0.0,0.0,0.0,0.0,2
3278,20,1629,0.0,0.0,0.0,0.0,0.0,0.0,2
3279,20,1630,0.0,0.0,0.0,0.0,0.0,0.0,2
3280,20,1631,0.0,0.0,0.0,0.0,0.0,0.0,2
3281,20,1460,0.0,0.0,0.0,0.0,0.0,0.0,2
3282,20,1445,0.0,0.0,0.0,0.0,0.0,0.0,2
3283,20,1446,0.0,0.0,0.0,0.0,0.0,0.0,2
3284,20,1447,0.0,0.0,0.0,0.0,0.0,0.0,2
3285,20,1448,0.0,0.0,0.0,0.0,0.0,0.0,2
3286,20,1449,0.0,0.0,0.0,0.0,0.0,0.0,2
3287,20,1450,0.0,0.0,0.0,0.0,0.0,0.0,2
3288,20,1451,0.0,0.0,0.0,0.0,0.0,0.0,2
3289,20,1452,0.0,0.0,0.0,0.0,0.0,0.0,2
3290,20,1453,0.0,0.0,0.0,0.0,0.0,0.0,2
3291,20,1454,0.0,0.0,0.0,0.0,0.0,0.0,2
3292,20,1455,0.0,0.0,0.0,0.0,0.0,0.0,2
3293,20,1456,0.0,0.0,0.0,0.0,0.0,0.0,2
3294,20,1457,0.0,0.0,0.0,0.0,0.0,0.0,2
3295,20,1458,0.0,0.0,0.0,0.0,0.0,0.0,2
3296,20,1459,0.0,0.0,0.0,0.0,0.0,0.0,2
3297,20,1444,0.0,0.0,0.0,0.0,0.0,0.0,2
3298,20,1461,0.0,0.0,0.0,0.0,0.0,0.0,2
3299,20,1462,0.0,0.0,0.0,0.0,0.0,0.0,2
3300,20,1463,0.0,0.0,0.0,0.0,0.0,0.0,2
3301,20,1464,0.0,0.0,0.0,0.0,0.0,0.0,2
3302,20,1465,0.0,0.0,0.0,0.0,0.0,0.0,2
3303,20,1466,0.0,0.0,0.0,0.0,0.0,0.0,2
3304,20,1467,0.0,0.0,0.0,0.0,0.0,0.0,2
3305,20,1468,0.0,0.0,0.0,0.0,0.0,0.0,2
3306,20,1469,0.0,0.0,0.0,0.0,0.0,0.0,2
3307,20,1470,0.0,0.0,0.0,0.0,0.0,0.0,2
3308,20,1471,0.0,0.0,0.0,0.0,0.0,0.0,2
3309,20,1472,0.0,0.0,0.0,0.0,0.0,0.0,2
3310,20,1473,0.0,0.0,0.0,0.0,0.0,0.0,2
3311,20,1474,0.0,0.0,0.0,0.0,0.0,0.0,2
3312,20,1475,0.0,0.0,0.0,0.0,0.0,0.0,2
3313,20,1429,0.0,0.0,0.0,0.0,0.0,0.0,2
3314,20,1414,0.0,0.0,0.0,0.0,0.0,0.0,2
3315,20,1415,0.0,0.0,0.0,0.0,0.0,0.0,2
3316,20,1416,0.0,0.0,0.0,0.0,0.0,0.0,2
3317,20,1417,0.0,0.0,0.0,0.0,0.0,0.0,2
3318,20,1418,0.0,0.0,0.0,0.0,0.0,0.0,2
3319,20,1419,0.0,0.0,0.0,0.0,0.0,0.0,2
3320,20,1420,0.0,0.0,0.0,0.0,0.0,0.0,2
3321,20,1421,0.0,0.0,0.0,0.0,0.0,0.0,2
3322,20,1422,0.0,0.0,0.0,0.0,0.0,0.0,2
3323,20,1423,0.0,0.0,0.0,0.0,0.0,0.0,2
3324,20,1424,0.0,0.0,0.0,0.0,0.0,0.0,2
3325,20,1425,0.0,0.0,0.0,0.0,0.0,0.0,2
3326,20,1426,0.0,0.0,0.0,0.0,0.0,0.0,2
3327,20,1427,0.0,0.0,0.0,0.0,0.0,0.0,2
3328,20,1428,0.0,0.0,0.0,0.0,0.0,0.0,2
3329,20,1476,0.0,0.0,0.0,0.0,0.0,0.0,2
3330,20,1430,0.0,0.0,0.0,0.0,0.0,0.0,2
3331,20,1431,0.0,0.0,0.0,0.0,0.0,0.0,2
3332,20,1432,0.0,0.0,0.0,0.0,0.0,0.0,2
3333,20,1433,0.0,0.0,0.0,0.0,0.0,0.0,2
3334,20,1434,0.0,0.0,0.0,0.0,0.0,0.0,2
3335,20,1435,0.0,0.0,0.0,0.0,0.0,0.0,2
3336,20,1436,0.0,0.0,0.0,0.0,0.0,0.0,2
3337,20,1437,0.0,0.0,0.0,0.0,0.0,0.0,2
3338,20,1438,0.0,0.0,0.0,0.0,0.0,0.0,2
3339,20,1439,0.0,0.0,0.0,0.0,0.0,0.0,2
3340,20,1440,0.0,0.0,0.0,0.0,0.0,0.0,2
3341,20,1441,0.0,0.0,0.0,0.0,0.0,0.0,2
3342,20,1442,0.0,0.0,0.0,0.0,0.0,0.0,2
3343,20,1443,0.0,0.0,0.0,0.0,0.0,0.0,2
3344,20,1523,0.0,0.0,0.0,0.0,0.0,0.0,2
3345,20,1508,0.0,0.0,0.0,0.0,0.0,0.0,2
3346,20,1509,0.0,0.0,0.0,0.0,0.0,0.0,2
3347,20,1510,0.0,0.0,0.0,0.0,0.0,0.0,2
3348,20,1511,0.0,0.0,0.0,0.0,0.0,0.0,2
3349,20,1512,0.0,0.0,0.0,0.0,0.0,0.0,2
3350,20,1513,0.0,0.0,0.0,0.0,0.0,0.0,2
3351,20,1514,0.0,0.0,0.0,0.0,0.0,0.0,2
3352,20,1515,0.0,0.0,0.0,0.0,0.0,0.0,2
3353,20,1516,0.0,0.0,0.0,0.0,0.0,0.0,2
3354,20,1517,0.0,0.0,0.0,0.0,0.0,0.0,2
3355,20,1518,0.0,0.0,0.0,0.0,0.0,0.0,2
3356,20,1519,0.0,0.0,0.0,0.0,0.0,0.0,2
3357,20,1520,0.0,0.0,0.0,0.0,0.0,0.0,2
3358,20,1521,0.0,0.0,0.0,0.0,0.0,0.0,2
3359,20,1522,0.0,0.0,0.0,0.0,0.0,0.0,2
3360,20,1507,0.0,0.0,0.0,0.0,0.0,0.0,2
3361,20,1524,0.0,0.0,0.0,0.0,0.0,0.0,2
3362,20,1525,0.0,0.0,0.0,0.0,0.0,0.0,2
3363,20,1526,0.0,0.0,0.0,0.0,0.0,0.0,2
3364,20,1527,0.0,0.0,0.0,0.0,0.0,0.0,2
3365,20,1528,0.0,0.0,0.0,0.0,0.0,0.0,2
3366,20,1529,0.0,0.0,0.0,0.0,0.0,0.0,2
3367,20,1530,0.0,0.0,0.0,0.0,0.0,0.0,2
3368,20,1531,0.0,0.0,0.0,0.0,0.0,0.0,2
3369,20,1532,0.0,0.0,0.0,0.0,0.0,0.0,2
3370,20,1533,0.0,0.0,0.0,0.0,0.0,0.0,2
3371,20,1534,0.0,0.0,0.0,0.0,0.0,0.0,2
3372,20,1535,0.0,0.0,0.0,0.0,0.0,0.0,2
3373,20,1536,0.0,0.0,0.0,0.0,0.0,0.0,2
3374,20,1537,0.0,0.0,0.0,0.0,0.0,0.0,2
3375,20,1492,0.0,0.0,0.0,0.0,0.0,0.0,2
3376,20,1477,0.0,0.0,0.0,0.0,0.0,0.0,2
3377,20,1478,0.0,0.0,0.0,0.0,0.0,0.0,2
3378,20,1479,0.0,0.0,0.0,0.0,0.0,0.0,2
3379,20,1480,0.0,0.0,0.0,0.0,0.0,0.0,2
3380,20,1481,0.0,0.0,0.0,0.0,0.0,0.0,2
3381,20,1482,0.0,0.0,0.0,0.0,0.0,0.0,2
3382,20,1483,0.0,0.0,0.0,0.0,0.0,0.0,2
3383,20,1484,0.0,0.0,0.0,0.0,0.0,0.0,2
3384,20,1485,0.0,0.0,0.0,0.0,0.0,0.0,2
3385,20,1486,0.0,0.0,0.0,0.0,0.0,0.0,2
3386,20,1487,0.0,0.0,0.0,0.0,0.0,0.0,2
3387,20,1488,0.0,0.0,0.0,0.0,0.0,0.0,2
3388,20,1489,0.0,0.0,0.0,0.0,0.0,0.0,2
3389,20,1490,0.0,0.0,0.0,0.0,0.0,0.0,2
3390,20,1491,0.0,0.0,0.0,0.0,0.0,0.0,2
3391,20,1663,0.0,0.0,0.0,0.0,0.0,0.0,2
3392,20,1493,0.0,0.0,0.0,0.0,0.0,0.0,2
3393,20,1494,0.0,0.0,0.0,0.0,0.0,0.0,2
3394,20,1495,0.0,0.0,0.0,0.0,0.0,0.0,2
3395,20,1496,0.0,0.0,0.0,0.0,0.0,0.0,2
3396,20,1497,0.0,0.0,0.0,0.0,0.0,0.0,2
3397,20,1498,0.0,0.0,0.0,0.0,0.0,0.0,2
3398,20,1499,0.0,0.0,0.0,0.0,0.0,0.0,2
3399,20,1500,0.0,0.0,0.0,0.0,0.0,0.0,2
3400,20,1501,0.0,0.0,0.0,0.0,0.0,0.0,2
3401,20,1502,0.0,0.0,0.0,0.0,0.0,0.0,2
3402,20,1503,0.0,0.0,0.0,0.0,0.0,0.0,2
3403,20,1504,0.0,0.0,0.0,0.0,0.0,0.0,2
3404,20,1505,0.0,0.0,0.0,0.0,0.0,0.0,2
3405,20,1506,0.0,0.0,0.0,0.0,0.0,0.0,2
3406,20,1838,0.0,0.0,0.0,0.0,0.0,0.0,2
3407,20,1822,0.0,0.0,0.0,0.0,0.0,0.0,2
3408,20,1823,0.0,0.0,0.0,0.0,0.0,0.0,2
3409,20,1824,0.0,0.0,0.0,0.0,0.0,0.0,2
3410,20,1825,0.0,0.0,0.0,0.0,0.0,0.0,2
3411,20,1826,0.0,0.0,0.0,0.0,0.0,0.0,2
3412,20,1827,0.0,0.0,0.0,0.0,0.0,0.0,2
3413,20,1828,0.0,0.0,0.0,0.0,0.0,0.0,2
3414,20,1829,0.0,0.0,0.0,0.0,0.0,0.0,2
3415,20,1830,0.0,0.0,0.0,0.0,0.0,0.0,2
3416,20,1831,0.0,0.0,0.0,0.0,0.0,0.0,2
3417,20,1832,0.0,0.0,0.0,0.0,0.0,0.0,2
3418,20,1833,0.0,0.0,0.0,0.0,0.0,0.0,2
3419,20,1834,0.0,0.0,0.0,0.0,0.0,0.0,2
3420,20,1835,0.0,0.0,0.0,0.0,0.0,0.0,2
3421,20,1837,0.0,0.0,0.0,0.0,0.0,0.0,2
3422,20,1821,0.0,0.0,0.0,0.0,0.0,0.0,2
3423,20,1839,0.0,0.0,0.0,0.0,0.0,0.0,2
3424,20,1840,0.0,0.0,0.0,0.0,0.0,0.0,2
3425,20,1841,0.0,0.0,0.0,0.0,0.0,0.0,2
3426,20,1842,0.0,0.0,0.0,0.0,0.0,0.0,2
3427,20,1843,0.0,0.0,0.0,0.0,0.0,0.0,2
3428,20,3867,0.0,0.0,0.0,0.0,0.0,0.0,2
3429,20,1845,0.0,0.0,0.0,0.0,0.0,0.0,2
3430,20,1846,0.0,0.0,0.0,0.0,0.0,0.0,2
3431,20,1847,0.0,0.0,0.0,0.0,0.0,0.0,2
3432,20,1848,0.0,0.0,0.0,0.0,0.0,0.0,2
3433,20,1849,0.0,0.0,0.0,0.0,0.0,0.0,2
3434,20,1850,0.0,0.0,0.0,0.0,0.0,0.0,2
3435,20,1851,0.0,0.0,0.0,0.0,0.0,0.0,2
3436,20,1852,0.0,0.0,0.0,0.0,0.0,0.0,2
3437,20,1853,0.0,0.0,0.0,0.0,0.0,0.0,2
3438,20,1805,0.0,0.0,0.0,0.0,0.0,0.0,2
3439,20,1790,0.0,0.0,0.0,0.0,0.0,0.0,2
3440,20,1791,0.0,0.0,0.0,0.0,0.0,0.0,2
3441,20,1792,0.0,0.0,0.0,0.0,0.0,0.0,2
3442,20,1793,0.0,0.0,0.0,0.0,0.0,0.0,2
3443,20,1794,0.0,0.0,0.0,0.0,0.0,0.0,2
3444,20,1795,0.0,0.0,0.0,0.0,0.0,0.0,2
3445,20,1796,0.0,0.0,0.0,0.0,0.0,0.0,2
3446,20,1797,0.0,0.0,0.0,0.0,0.0,0.0,2
3447,20,1798,0.0,0.0,0.0,0.0,0.0,0.0,2
3448,20,1799,0.0,0.0,0.0,0.0,0.0,0.0,2
3449,20,1800,0.0,0.0,0.0,0.0,0.0,0.0,2
3450,20,1801,0.0,0.0,0.0,0.0,0.0,0.0,2
3451,20,1802,0.0,0.0,0.0,0.0,0.0,0.0,2
3452,20,1803,0.0,0.0,0.0,0.0,0.0,0.0,2
3453,20,1804,0.0,0.0,0.0,0.0,0.0,0.0,2
3454,20,1854,0.0,0.0,0.0,0.0,0.0,0.0,2
3455,20,1806,0.0,0.0,0.0,0.0,0.0,0.0,2
3456,20,1807,0.0,0.0,0.0,0.0,0.0,0.0,2
3457,20,1808,0.0,0.0,0.0,0.0,0.0,0.0,2
3458,20,1809,0.0,0.0,0.0,0.0,0.0,0.0,2
3459,20,1810,0.0,0.0,0.0,0.0,0.0,0.0,2
3460,20,1811,0.0,0.0,0.0,0.0,0.0,0.0,2
3461,20,1812,0.0,0.0,0.0,0.0,0.0,0.0,2
3462,20,1814,0.0,0.0,0.0,0.0,0.0,0.0,2
3463,20,1815,0.0,0.0,0.0,0.0,0.0,0.0,2
3464,20,1816,0.0,0.0,0.0,0.0,0.0,0.0,2
3465,20,1817,0.0,0.0,0.0,0.0,0.0,0.0,2
3466,20,1818,0.0,0.0,0.0,0.0,0.0,0.0,2
3467,20,1819,0.0,0.0,0.0,0.0,0.0,0.0,2
3468,20,1820,0.0,0.0,0.0,0.0,0.0,0.0,2
3469,20,1901,0.0,0.0,0.0,0.0,0.0,0.0,2
3470,20,1886,0.0,0.0,0.0,0.0,0.0,0.0,2
3471,20,1887,0.0,0.0,0.0,0.0,0.0,0.0,2
3472,20,1888,0.0,0.0,0.0,0.0,0.0,0.0,2
3473,20,1889,0.0,0.0,0.0,0.0,0.0,0.0,2
3474,20,1890,0.0,0.0,0.0,0.0,0.0,0.0,2
3475,20,1891,0.0,0.0,0.0,0.0,0.0,0.0,2
3476,20,1892,0.0,0.0,0.0,0.0,0.0,0.0,2
3477,20,1893,0.0,0.0,0.0,0.0,0.0,0.0,2
3478,20,1894,0.0,0.0,0.0,0.0,0.0,0.0,2
3479,20,1895,0.0,0.0,0.0,0.0,0.0,0.0,2
3480,20,1896,0.0,0.0,0.0,0.0,0.0,0.0,2
3481,20,1897,0.0,0.0,0.0,0.0,0.0,0.0,2
3482,20,1898,0.0,0.0,0.0,0.0,0.0,0.0,2
3483,20,1899,0.0,0.0,0.0,0.0,0.0,0.0,2
3484,20,1900,0.0,0.0,0.0,0.0,0.0,0.0,2
3485,20,1885,0.0,0.0,0.0,0.0,0.0,0.0,2
3486,20,1902,0.0,0.0,0.0,0.0,0.0,0.0,2
3487,20,1903,0.0,0.0,0.0,0.0,0.0,0.0,2
3488,20,1904,0.0,0.0,0.0,0.0,0.0,0.0,2
3489,20,1905,0.0,0.0,0.0,0.0,0.0,0.0,2
3490,20,1906,0.0,0.0,0.0,0.0,0.0,0.0,2
3491,20,1907,0.0,0.0,0.0,0.0,0.0,0.0,2
3492,20,1908,0.0,0.0,0.0,0.0,0.0,0.0,2
3493,20,1909,0.0,0.0,0.0,0.0,0.0,0.0,2
3494,20,1910,0.0,0.0,0.0,0.0,0.0,0.0,2
3495,20,1911,0.0,0.0,0.0,0.0,0.0,0.0,2
3496,20,1912,0.0,0.0,0.0,0.0,0.0,0.0,2
3497,20,1913,0.0,0.0,0.0,0.0,0.0,0.0,2
3498,20,1914,0.0,0.0,0.0,0.0,0.0,0.0,2
3499,20,1916,0.0,0.0,0.0,0.0,0.0,0.0,2
3500,20,1870,0.0,0.0,0.0,0.0,0.0,0.0,2
3501,20,1855,0.0,0.0,0.0,0.0,0.0,0.0,2
3502,20,1856,0.0,0.0,0.0,0.0,0.0,0.0,2
3503,20,1857,0.0,0.0,0.0,0.0,0.0,0.0,2
3504,20,1858,0.0,0.0,0.0,0.0,0.0,0.0,2
3505,20,1859,0.0,0.0,0.0,0.0,0.0,0.0,2
3506,20,1860,0.0,0.0,0.0,0.0,0.0,0.0,2
3507,20,1861,0.0,0.0,0.0,0.0,0.0,0.0,2
3508,20,1862,0.0,0.0,0.0,0.0,0.0,0.0,2
3509,20,1863,0.0,0.0,0.0,0.0,0.0,0.0,2
3510,20,1864,0.0,0.0,0.0,0.0,0.0,0.0,2
3511,20,1865,0.0,0.0,0.0,0.0,0.0,0.0,2
3512,20,1866,0.0,0.0,0.0,0.0,0.0,0.0,2
3513,20,1867,0.0,0.0,0.0,0.0,0.0,0.0,2
3514,20,1868,0.0,0.0,0.0,0.0,0.0,0.0,2
3515,20,1869,0.0,0.0,0.0,0.0,0.0,0.0,2
3516,20,1789,0.0,0.0,0.0,0.0,0.0,0.0,2
3517,20,1871,0.0,0.0,0.0,0.0,0.0,0.0,2
3518,20,1872,0.0,0.0,0.0,0.0,0.0,0.0,2
3519,20,1873,0.0,0.0,0.0,0.0,0.0,0.0,2
3520,20,1874,0.0,0.0,0.0,0.0,0.0,0.0,2
3521,20,1875,0.0,0.0,0.0,0.0,0.0,0.0,2
3522,20,1876,0.0,0.0,0.0,0.0,0.0,0.0,2
3523,20,1877,0.0,0.0,0.0,0.0,0.0,0.0,2
3524,20,1878,0.0,0.0,0.0,0.0,0.0,0.0,2
3525,20,1879,0.0,0.0,0.0,0.0,0.0,0.0,2
3526,20,1880,0.0,0.0,0.0,0.0,0.0,0.0,2
3527,20,1881,0.0,0.0,0.0,0.0,0.0,0.0,2
3528,20,1882,0.0,0.0,0.0,0.0,0.0,0.0,2
3529,20,1883,0.0,0.0,0.0,0.0,0.0,0.0,2
3530,20,1884,0.0,0.0,0.0,0.0,0.0,0.0,2
3531,20,1710,0.0,0.0,0.0,0.0,0.0,0.0,2
3532,20,1695,0.0,0.0,0.0,0.0,0.0,0.0,2
3533,20,1696,0.0,0.0,0.0,0.0,0.0,0.0,2
3534,20,1697,0.0,0.0,0.0,0.0,0.0,0.0,2
3535,20,1698,0.0,0.0,0.0,0.0,0.0,0.0,2
3536,20,1699,0.0,0.0,0.0,0.0,0.0,0.0,2
3537,20,1700,0.0,0.0,0.0,0.0,0.0,0.0,2
3538,20,1701,0.0,0.0,0.0,0.0,0.0,0.0,2
3539,20,1702,0.0,0.0,0.0,0.0,0.0,0.0,2
3540,20,1703,0.0,0.0,0.0,0.0,0.0,0.0,2
3541,20,1704,0.0,0.0,0.0,0.0,0.0,0.0,2
3542,20,1705,0.0,0.0,0.0,0.0,0.0,0.0,2
3543,20,1706,0.0,0.0,0.0,0.0,0.0,0.0,2
3544,20,1707,0.0,0.0,0.0,0.0,0.0,0.0,2
3545,20,1708,0.0,0.0,0.0,0.0,0.0,0.0,2
3546,20,1709,0.0,0.0,0.0,0.0,0.0,0.0,2
3547,20,1694,0.0,0.0,0.0,0.0,0.0,0.0,2
3548,20,1711,0.0,0.0,0.0,0.0,0.0,0.0,2
3549,20,1712,0.0,0.0,0.0,0.0,0.0,0.0,2
3550,20,1713,0.0,0.0,0.0,0.0,0.0,0.0,2
3551,20,1714,0.0,0.0,0.0,0.0,0.0,0.0,2
3552,20,1715,0.0,0.0,0.0,0.0,0.0,0.0,2
3553,20,1716,0.0,0.0,0.0,0.0,0.0,0.0,2
3554,20,1717,0.0,0.0,0.0,0.0,0.0,0.0,2
3555,20,1718,0.0,0.0,0.0,0.0,0.0,0.0,2
3556,20,1719,0.0,0.0,0.0,0.0,0.0,0.0,2
3557,20,1720,0.0,0.0,0.0,0.0,0.0,0.0,2
3558,20,1721,0.0,0.0,0.0,0.0,0.0,0.0,2
3559,20,1722,0.0,0.0,0.0,0.0,0.0,0.0,2
3560,20,1723,0.0,0.0,0.0,0.0,0.0,0.0,2
3561,20,1724,0.0,0.0,0.0,0.0,0.0,0.0,2
3562,20,1725,0.0,0.0,0.0,0.0,0.0,0.0,2
3563,20,1679,0.0,0.0,0.0,0.0,0.0,0.0,2
3564,20,1664,0.0,0.0,0.0,0.0,0.0,0.0,2
3565,20,1665,0.0,0.0,0.0,0.0,0.0,0.0,2
3566,20,1666,0.0,0.0,0.0,0.0,0.0,0.0,2
3567,20,1667,0.0,0.0,0.0,0.0,0.0,0.0,2
3568,20,1668,0.0,0.0,0.0,0.0,0.0,0.0,2
3569,20,1669,0.0,0.0,0.0,0.0,0.0,0.0,2
3570,20,1670,0.0,0.0,0.0,0.0,0.0,0.0,2
3571,20,1671,0.0,0.0,0.0,0.0,0.0,0.0,2
3572,20,1672,0.0,0.0,0.0,0.0,0.0,0.0,2
3573,20,1673,0.0,0.0,0.0,0.0,0.0,0.0,2
3574,20,1674,0.0,0.0,0.0,0.0,0.0,0.0,2
3575,20,1675,0.0,0.0,0.0,0.0,0.0,0.0,2
3576,20,1676,0.0,0.0,0.0,0.0,0.0,0.0,2
3577,20,1677,0.0,0.0,0.0,0.0,0.0,0.0,2
3578,20,1678,0.0,0.0,0.0,0.0,0.0,0.0,2
3579,20,1726,0.0,0.0,0.0,0.0,0.0,0.0,2
3580,20,1680,0.0,0.0,0.0,0.0,0.0,0.0,2
3581,20,1681,0.0,0.0,0.0,0.0,0.0,0.0,2
3582,20,1682,0.0,0.0,0.0,0.0,0.0,0.0,2
3583,20,1683,0.0,0.0,0.0,0.0,0.0,0.0,2
3584,20,1684,0.0,0.0,0.0,0.0,0.0,0.0,2
3585,20,1685,0.0,0.0,0.0,0.0,0.0,0.0,2
3586,20,1686,0.0,0.0,0.0,0.0,0.0,0.0,2
3587,20,1687,0.0,0.0,0.0,0.0,0.0,0.0,2
3588,20,1688,0.0,0.0,0.0,0.0,0.0,0.0,2
3589,20,1689,0.0,0.0,0.0,0.0,0.0,0.0,2
3590,20,1690,0.0,0.0,0.0,0.0,0.0,0.0,2
3591,20,1691,0.0,0.0,0.0,0.0,0.0,0.0,2
3592,20,1692,0.0,0.0,0.0,0.0,0.0,0.0,2
3593,20,1693,0.0,0.0,0.0,0.0,0.0,0.0,2
3594,20,1774,0.0,0.0,0.0,0.0,0.0,0.0,2
3595,20,1758,0.0,0.0,0.0,0.0,0.0,0.0,2
3596,20,1759,0.0,0.0,0.0,0.0,0.0,0.0,2
3597,20,1760,0.0,0.0,0.0,0.0,0.0,0.0,2
3598,20,1761,0.0,0.0,0.0,0.0,0.0,0.0,2
3599,20,1762,0.0,0.0,0.0,0.0,0.0,0.0,2
3600,20,1763,0.0,0.0,0.0,0.0,0.0,0.0,2
3601,20,1764,0.0,0.0,0.0,0.0,0.0,0.0,2
3602,20,1765,0.0,0.0,0.0,0.0,0.0,0.0,2
3603,20,1766,0.0,0.0,0.0,0.0,0.0,0.0,2
3604,20,1767,0.0,0.0,0.0,0.0,0.0,0.0,2
3605,20,1768,0.0,0.0,0.0,0.0,0.0,0.0,2
3606,20,1769,0.0,0.0,0.0,0.0,0.0,0.0,2
3607,20,1770,0.0,0.0,0.0,0.0,0.0,0.0,2
3608,20,1771,0.0,0.0,0.0,0.0,0.0,0.0,2
3609,20,1773,0.0,0.0,0.0,0.0,0.0,0.0,2
3610,20,1757,0.0,0.0,0.0,0.0,0.0,0.0,2
3611,20,1775,0.0,0.0,0.0,0.0,0.0,0.0,2
3612,20,1776,0.0,0.0,0.0,0.0,0.0,0.0,2
3613,20,1777,0.0,0.0,0.0,0.0,0.0,0.0,2
3614,20,1778,0.0,0.0,0.0,0.0,0.0,0.0,2
3615,20,1779,0.0,0.0,0.0,0.0,0.0,0.0,2
3616,20,1780,0.0,0.0,0.0,0.0,0.0,0.0,2
3617,20,1781,0.0,0.0,0.0,0.0,0.0,0.0,2
3618,20,1782,0.0,0.0,0.0,0.0,0.0,0.0,2
3619,20,1783,0.0,0.0,0.0,0.0,0.0,0.0,2
3620,20,1784,0.0,0.0,0.0,0.0,0.0,0.0,2
3621,20,1785,0.0,0.0,0.0,0.0,0.0,0.0,2
3622,20,1786,0.0,0.0,0.0,0.0,0.0,0.0,2
3623,20,1787,0.0,0.0,0.0,0.0,0.0,0.0,2
3624,20,1788,0.0,0.0,0.0,0.0,0.0,0.0,2
3625,20,1742,0.0,0.0,0.0,0.0,0.0,0.0,2
3626,20,1727,0.0,0.0,0.0,0.0,0.0,0.0,2
3627,20,1728,0.0,0.0,0.0,0.0,0.0,0.0,2
3628,20,1729,0.0,0.0,0.0,0.0,0.0,0.0,2
3629,20,1730,0.0,0.0,0.0,0.0,0.0,0.0,2
3630,20,1731,0.0,0.0,0.0,0.0,0.0,0.0,2
3631,20,1732,0.0,0.0,0.0,0.0,0.0,0.0,2
3632,20,1733,0.0,0.0,0.0,0.0,0.0,0.0,2
3633,20,1734,0.0,0.0,0.0,0.0,0.0,0.0,2
3634,20,1735,0.0,0.0,0.0,0.0,0.0,0.0,2
3635,20,1736,0.0,0.0,0.0,0.0,0.0,0.0,2
3636,20,1737,0.0,0.0,0.0,0.0,0.0,0.0,2
3637,20,1738,0.0,0.0,0.0,0.0,0.0,0.0,2
3638,20,1739,0.0,0.0,0.0,0.0,0.0,0.0,2
3639,20,1740,0.0,0.0,0.0,0.0,0.0,0.0,2
3640,20,1741,0.0,0.0,0.0,0.0,0.0,0.0,2
3641,20,1413,0.0,0.0,0.0,0.0,0.0,0.0,2
3642,20,1743,0.0,0.0,0.0,0.0,0.0,0.0,2
3643,20,1744,0.0,0.0,0.0,0.0,0.0,0.0,2
3644,20,1745,0.0,0.0,0.0,0.0,0.0,0.0,2
3645,20,1746,0.0,0.0,0.0,0.0,0.0,0.0,2
3646,20,1747,0.0,0.0,0.0,0.0,0.0,0.0,2
3647,20,1748,0.0,0.0,0.0,0.0,0.0,0.0,2
3648,20,1749,0.0,0.0,0.0,0.0,0.0,0.0,2
3649,20,1750,0.0,0.0,0.0,0.0,0.0,0.0,2
3650,20,1751,0.0,0.0,0.0,0.0,0.0,0.0,2
3651,20,1752,0.0,0.0,0.0,0.0,0.0,0.0,2
3652,20,1753,0.0,0.0,0.0,0.0,0.0,0.0,2
3653,20,1754,0.0,0.0,0.0,0.0,0.0,0.0,2
3654,20,1755,0.0,0.0,0.0,0.0,0.0,0.0,2
3655,20,1756,0.0,0.0,0.0,0.0,0.0,0.0,2
3656,20,1081,0.0,0.0,0.0,0.0,0.0,0.0,2
3657,20,1065,0.0,0.0,0.0,0.0,0.0,0.0,2
3658,20,1066,0.0,0.0,0.0,0.0,0.0,0.0,2
3659,20,1067,0.0,0.0,0.0,0.0,0.0,0.0,2
3660,20,1068,0.0,0.0,0.0,0.0,0.0,0.0,2
3661,20,1069,0.0,0.0,0.0,0.0,0.0,0.0,2
3662,20,1070,0.0,0.0,0.0,0.0,0.0,0.0,2
3663,20,1071,0.0,0.0,0.0,0.0,0.0,0.0,2
3664,20,1072,0.0,0.0,0.0,0.0,0.0,0.0,2
3665,20,1074,0.0,0.0,0.0,0.0,0.0,0.0,2
3666,20,1075,0.0,0.0,0.0,0.0,0.0,0.0,2
3667,20,1076,0.0,0.0,0.0,0.0,0.0,0.0,2
3668,20,1077,0.0,0.0,0.0,0.0,0.0,0.0,2
3669,20,1078,0.0,0.0,0.0,0.0,0.0,0.0,2
3670,20,1079,0.0,0.0,0.0,0.0,0.0,0.0,2
3671,20,1080,0.0,0.0,0.0,0.0,0.0,0.0,2
3672,20,1064,0.0,0.0,0.0,0.0,0.0,0.0,2
3673,20,1082,0.0,0.0,0.0,0.0,0.0,0.0,2
3674,20,1083,0.0,0.0,0.0,0.0,0.0,0.0,2
3675,20,1084,0.0,0.0,0.0,0.0,0.0,0.0,2
3676,20,1085,0.0,0.0,0.0,0.0,0.0,0.0,2
3677,20,1086,0.0,0.0,0.0,0.0,0.0,0.0,2
3678,20,1087,0.0,0.0,0.0,0.0,0.0,0.0,2
3679,20,1088,0.0,0.0,0.0,0.0,0.0,0.0,2
3680,20,1089,0.0,0.0,0.0,0.0,0.0,0.0,2
3681,20,1090,0.0,0.0,0.0,0.0,0.0,0.0,2
3682,20,1091,0.0,0.0,0.0,0.0,0.0,0.0,2
3683,20,1092,0.0,0.0,0.0,0.0,0.0,0.0,2
3684,20,1093,0.0,0.0,0.0,0.0,0.0,0.0,2
3685,20,1094,0.0,0.0,0.0,0.0,0.0,0.0,2
3686,20,1095,0.0,0.0,0.0,0.0,0.0,0.0,2
3687,20,1096,0.0,0.0,0.0,0.0,0.0,0.0,2
3688,20,1049,0.0,0.0,0.0,0.0,0.0,0.0,2
3689,20,1033,0.0,0.0,0.0,0.0,0.0,0.0,2
3690,20,1034,0.0,0.0,0.0,0.0,0.0,0.0,2
3691,20,1036,0.0,0.0,0.0,0.0,0.0,0.0,2
3692,20,1037,0.0,0.0,0.0,0.0,0.0,0.0,2
3693,20,1038,0.0,0.0,0.0,0.0,0.0,0.0,2
3694,20,1039,0.0,0.0,0.0,0.0,0.0,0.0,2
3695,20,1040,0.0,0.0,0.0,0.0,0.0,0.0,2
3696,20,1041,0.0,0.0,0.0,0.0,0.0,0.0,2
3697,20,1042,0.0,0.0,0.0,0.0,0.0,0.0,2
3698,20,1043,0.0,0.0,0.0,0.0,0.0,0.0,2
3699,20,1044,0.0,0.0,0.0,0.0,0.0,0.0,2
3700,20,1045,0.0,0.0,0.0,0.0,0.0,0.0,2
3701,20,1046,0.0,0.0,0.0,0.0,0.0,0.0,2
3702,20,1047,0.0,0.0,0.0,0.0,0.0,0.0,2
3703,20,1048,0.0,0.0,0.0,0.0,0.0,0.0,2
3704,20,1097,0.0,0.0,0.0,0.0,0.0,0.0,2
3705,20,1050,0.0,0.0,0.0,0.0,0.0,0.0,2
3706,20,1051,0.0,0.0,0.0,0.0,0.0,0.0,2
3707,20,1052,0.0,0.0,0.0,0.0,0.0,0.0,2
3708,20,1053,0.0,0.0,0.0,0.0,0.0,0.0,2
3709,20,1054,0.0,0.0,0.0,0.0,0.0,0.0,2
3710,20,1055,0.0,0.0,0.0,0.0,0.0,0.0,2
3711,20,1056,0.0,0.0,0.0,0.0,0.0,0.0,2
3712,20,1057,0.0,0.0,0.0,0.0,0.0,0.0,2
3713,20,1058,0.0,0.0,0.0,0.0,0.0,0.0,2
3714,20,1059,0.0,0.0,0.0,0.0,0.0,0.0,2
3715,20,1060,0.0,0.0,0.0,0.0,0.0,0.0,2
3716,20,1061,0.0,0.0,0.0,0.0,0.0,0.0,2
3717,20,1062,0.0,0.0,0.0,0.0,0.0,0.0,2
3718,20,1063,0.0,0.0,0.0,0.0,0.0,0.0,2
3719,20,1147,0.0,0.0,0.0,0.0,0.0,0.0,2
3720,20,1131,0.0,0.0,0.0,0.0,0.0,0.0,2
3721,20,1132,0.0,0.0,0.0,0.0,0.0,0.0,2
3722,20,1133,0.0,0.0,0.0,0.0,0.0,0.0,2
3723,20,1134,0.0,0.0,0.0,0.0,0.0,0.0,2
3724,20,1135,0.0,0.0,0.0,0.0,0.0,0.0,2
3725,20,1136,0.0,0.0,0.0,0.0,0.0,0.0,2
3726,20,1137,0.0,0.0,0.0,0.0,0.0,0.0,2
3727,20,1138,0.0,0.0,0.0,0.0,0.0,0.0,2
3728,20,1139,0.0,0.0,0.0,0.0,0.0,0.0,2
3729,20,1140,0.0,0.0,0.0,0.0,0.0,0.0,2
3730,20,1142,0.0,0.0,0.0,0.0,0.0,0.0,2
3731,20,1143,0.0,0.0,0.0,0.0,0.0,0.0,2
3732,20,1144,0.0,0.0,0.0,0.0,0.0,0.0,2
3733,20,1145,0.0,0.0,0.0,0.0,0.0,0.0,2
3734,20,1146,0.0,0.0,0.0,0.0,0.0,0.0,2
3735,20,1130,0.0,0.0,0.0,0.0,0.0,0.0,2
3736,20,1148,0.0,0.0,0.0,0.0,0.0,0.0,2
3737,20,1149,0.0,0.0,0.0,0.0,0.0,0.0,2
3738,20,1150,0.0,0.0,0.0,0.0,0.0,0.0,2
3739,20,1151,0.0,0.0,0.0,0.0,0.0,0.0,2
3740,20,1152,0.0,0.0,0.0,0.0,0.0,0.0,2
3741,20,1153,0.0,0.0,0.0,0.0,0.0,0.0,2
3742,20,1154,0.0,0.0,0.0,0.0,0.0,0.0,2
3743,20,1155,0.0,0.0,0.0,0.0,0.0,0.0,2
3744,20,1156,0.0,0.0,0.0,0.0,0.0,0.0,2
3745,20,1157,0.0,0.0,0.0,0.0,0.0,0.0,2
3746,20,1158,0.0,0.0,0.0,0.0,0.0,0.0,2
3747,20,1159,0.0,0.0,0.0,0.0,0.0,0.0,2
3748,20,1160,0.0,0.0,0.0,0.0,0.0,0.0,2
3749,20,1161,0.0,0.0,0.0,0.0,0.0,0.0,2
3750,20,1114,0.0,0.0,0.0,0.0,0.0,0.0,2
3751,20,1098,0.0,0.0,0.0,0.0,0.0,0.0,2
3752,20,1099,0.0,0.0,0.0,0.0,0.0,0.0,2
3753,20,1101,0.0,0.0,0.0,0.0,0.0,0.0,2
3754,20,1102,0.0,0.0,0.0,0.0,0.0,0.0,2
3755,20,1103,0.0,0.0,0.0,0.0,0.0,0.0,2
3756,20,1104,0.0,0.0,0.0,0.0,0.0,0.0,2
3757,20,1105,0.0,0.0,0.0,0.0,0.0,0.0,2
3758,20,1106,0.0,0.0,0.0,0.0,0.0,0.0,2
3759,20,1107,0.0,0.0,0.0,0.0,0.0,0.0,2
3760,20,1108,0.0,0.0,0.0,0.0,0.0,0.0,2
3761,20,1109,0.0,0.0,0.0,0.0,0.0,0.0,2
3762,20,1110,0.0,0.0,0.0,0.0,0.0,0.0,2
3763,20,1111,0.0,0.0,0.0,0.0,0.0,0.0,2
3764,20,1112,0.0,0.0,0.0,0.0,0.0,0.0,2
3765,20,1113,0.0,0.0,0.0,0.0,0.0,0.0,2
3766,20,1032,0.0,0.0,0.0,0.0,0.0,0.0,2
3767,20,1116,0.0,0.0,0.0,0.0,0.0,0.0,2
3768,20,1117,0.0,0.0,0.0,0.0,0.0,0.0,2
3769,20,1118,0.0,0.0,0.0,0.0,0.0,0.0,2
3770,20,1119,0.0,0.0,0.0,0.0,0.0,0.0,2
3771,20,1120,0.0,0.0,0.0,0.0,0.0,0.0,2
3772,20,1121,0.0,0.0,0.0,0.0,0.0,0.0,2
3773,20,1122,0.0,0.0,0.0,0.0,0.0,0.0,2
3774,20,1123,0.0,0.0,0.0,0.0,0.0,0.0,2
3775,20,1124,0.0,0.0,0.0,0.0,0.0,0.0,2
3776,20,1125,0.0,0.0,0.0,0.0,0.0,0.0,2
3777,20,1126,0.0,0.0,0.0,0.0,0.0,0.0,2
3778,20,1127,0.0,0.0,0.0,0.0,0.0,0.0,2
3779,20,1128,0.0,0.0,0.0,0.0,0.0,0.0,2
3780,20,1129,0.0,0.0,0.0,0.0,0.0,0.0,2
3781,20,954,0.0,0.0,0.0,0.0,0.0,0.0,2
3782,20,939,0.0,0.0,0.0,0.0,0.0,0.0,2
3783,20,940,0.0,0.0,0.0,0.0,0.0,0.0,2
3784,20,941,0.0,0.0,0.0,0.0,0.0,0.0,2
3785,20,942,0.0,0.0,0.0,0.0,0.0,0.0,2
3786,20,943,0.0,0.0,0.0,0.0,0.0,0.0,2
3787,20,944,0.0,0.0,0.0,0.0,0.0,0.0,2
3788,20,945,0.0,0.0,0.0,0.0,0.0,0.0,2
3789,20,946,0.0,0.0,0.0,0.0,0.0,0.0,2
3790,20,947,0.0,0.0,0.0,0.0,0.0,0.0,2
3791,20,948,0.0,0.0,0.0,0.0,0.0,0.0,2
3792,20,949,0.0,0.0,0.0,0.0,0.0,0.0,2
3793,20,950,0.0,0.0,0.0,0.0,0.0,0.0,2
3794,20,951,0.0,0.0,0.0,0.0,0.0,0.0,2
3795,20,952,0.0,0.0,0.0,0.0,0.0,0.0,2
3796,20,953,0.0,0.0,0.0,0.0,0.0,0.0,2
3797,20,938,0.0,0.0,0.0,0.0,0.0,0.0,2
3798,20,955,0.0,0.0,0.0,0.0,0.0,0.0,2
3799,20,956,0.0,0.0,0.0,0.0,0.0,0.0,2
3800,20,957,0.0,0.0,0.0,0.0,0.0,0.0,2
3801,20,958,0.0,0.0,0.0,0.0,0.0,0.0,2
3802,20,959,0.0,0.0,0.0,0.0,0.0,0.0,2
3803,20,960,0.0,0.0,0.0,0.0,0.0,0.0,2
3804,20,961,0.0,0.0,0.0,0.0,0.0,0.0,2
3805,20,962,0.0,0.0,0.0,0.0,0.0,0.0,2
3806,20,963,0.0,0.0,0.0,0.0,0.0,0.0,2
3807,20,964,0.0,0.0,0.0,0.0,0.0,0.0,2
3808,20,965,0.0,0.0,0.0,0.0,0.0,0.0,2
3809,20,966,0.0,0.0,0.0,0.0,0.0,0.0,2
3810,20,967,0.0,0.0,0.0,0.0,0.0,0.0,2
3811,20,968,0.0,0.0,0.0,0.0,0.0,0.0,2
3812,20,969,0.0,0.0,0.0,0.0,0.0,0.0,2
3813,20,923,0.0,0.0,0.0,0.0,0.0,0.0,2
3814,20,908,0.0,0.0,0.0,0.0,0.0,0.0,2
3815,20,909,0.0,0.0,0.0,0.0,0.0,0.0,2
3816,20,910,0.0,0.0,0.0,0.0,0.0,0.0,2
3817,20,911,0.0,0.0,0.0,0.0,0.0,0.0,2
3818,20,912,0.0,0.0,0.0,0.0,0.0,0.0,2
3819,20,913,0.0,0.0,0.0,0.0,0.0,0.0,2
3820,20,914,0.0,0.0,0.0,0.0,0.0,0.0,2
3821,20,915,0.0,0.0,0.0,0.0,0.0,0.0,2
3822,20,916,0.0,0.0,0.0,0.0,0.0,0.0,2
3823,20,917,0.0,0.0,0.0,0.0,0.0,0.0,2
3824,20,918,0.0,0.0,0.0,0.0,0.0,0.0,2
3825,20,919,0.0,0.0,0.0,0.0,0.0,0.0,2
3826,20,920,0.0,0.0,0.0,0.0,0.0,0.0,2
3827,20,921,0.0,0.0,0.0,0.0,0.0,0.0,2
3828,20,922,0.0,0.0,0.0,0.0,0.0,0.0,2
3829,20,970,0.0,0.0,0.0,0.0,0.0,0.0,2
3830,20,924,0.0,0.0,0.0,0.0,0.0,0.0,2
3831,20,925,0.0,0.0,0.0,0.0,0.0,0.0,2
3832,20,926,0.0,0.0,0.0,0.0,0.0,0.0,2
3833,20,927,0.0,0.0,0.0,0.0,0.0,0.0,2
3834,20,928,0.0,0.0,0.0,0.0,0.0,0.0,2
3835,20,929,0.0,0.0,0.0,0.0,0.0,0.0,2
3836,20,930,0.0,0.0,0.0,0.0,0.0,0.0,2
3837,20,931,0.0,0.0,0.0,0.0,0.0,0.0,2
3838,20,932,0.0,0.0,0.0,0.0,0.0,0.0,2
3839,20,933,0.0,0.0,0.0,0.0,0.0,0.0,2
3840,20,934,0.0,0.0,0.0,0.0,0.0,0.0,2
3841,20,935,0.0,0.0,0.0,0.0,0.0,0.0,2
3842,20,936,0.0,0.0,0.0,0.0,0.0,0.0,2
3843,20,937,0.0,0.0,0.0,0.0,0.0,0.0,2
3844,20,1017,0.0,0.0,0.0,0.0,0.0,0.0,2
3845,20,1002,0.0,0.0,0.0,0.0,0.0,0.0,2
3846,20,1003,0.0,0.0,0.0,0.0,0.0,0.0,2
3847,20,1004,0.0,0.0,0.0,0.0,0.0,0.0,2
3848,20,1005,0.0,0.0,0.0,0.0,0.0,0.0,2
3849,20,1006,0.0,0.0,0.0,0.0,0.0,0.0,2
3850,20,1007,0.0,0.0,0.0,0.0,0.0,0.0,2
3851,20,1008,0.0,0.0,0.0,0.0,0.0,0.0,2
3852,20,1009,0.0,0.0,0.0,0.0,0.0,0.0,2
3853,20,1010,0.0,0.0,0.0,0.0,0.0,0.0,2
3854,20,1011,0.0,0.0,0.0,0.0,0.0,0.0,2
3855,20,1012,0.0,0.0,0.0,0.0,0.0,0.0,2
3856,20,1013,0.0,0.0,0.0,0.0,0.0,0.0,2
3857,20,1014,0.0,0.0,0.0,0.0,0.0,0.0,2
3858,20,1015,0.0,0.0,0.0,0.0,0.0,0.0,2
3859,20,1016,0.0,0.0,0.0,0.0,0.0,0.0,2
3860,20,1001,0.0,0.0,0.0,0.0,0.0,0.0,2
3861,20,1018,0.0,0.0,0.0,0.0,0.0,0.0,2
3862,20,1019,0.0,0.0,0.0,0.0,0.0,0.0,2
3863,20,1020,0.0,0.0,0.0,0.0,0.0,0.0,2
3864,20,1021,0.0,0.0,0.0,0.0,0.0,0.0,2
3865,20,1022,0.0,0.0,0.0,0.0,0.0,0.0,2
3866,20,1023,0.0,0.0,0.0,0.0,0.0,0.0,2
3867,20,1024,0.0,0.0,0.0,0.0,0.0,0.0,2
3868,20,1025,0.0,0.0,0.0,0.0,0.0,0.0,2
3869,20,1026,0.0,0.0,0.0,0.0,0.0,0.0,2
3870,20,1027,0.0,0.0,0.0,0.0,0.0,0.0,2
3871,20,1028,0.0,0.0,0.0,0.0,0.0,0.0,2
3872,20,1029,0.0,0.0,0.0,0.0,0.0,0.0,2
3873,20,1030,0.0,0.0,0.0,0.0,0.0,0.0,2
3874,20,1031,0.0,0.0,0.0,0.0,0.0,0.0,2
3875,20,986,0.0,0.0,0.0,0.0,0.0,0.0,2
3876,20,971,0.0,0.0,0.0,0.0,0.0,0.0,2
3877,20,972,0.0,0.0,0.0,0.0,0.0,0.0,2
3878,20,973,0.0,0.0,0.0,0.0,0.0,0.0,2
3879,20,974,0.0,0.0,0.0,0.0,0.0,0.0,2
3880,20,975,0.0,0.0,0.0,0.0,0.0,0.0,2
3881,20,976,0.0,0.0,0.0,0.0,0.0,0.0,2
3882,20,977,0.0,0.0,0.0,0.0,0.0,0.0,2
3883,20,978,0.0,0.0,0.0,0.0,0.0,0.0,2
3884,20,979,0.0,0.0,0.0,0.0,0.0,0.0,2
3885,20,980,0.0,0.0,0.0,0.0,0.0,0.0,2
3886,20,981,0.0,0.0,0.0,0.0,0.0,0.0,2
3887,20,982,0.0,0.0,0.0,0.0,0.0,0.0,2
3888,20,983,0.0,0.0,0.0,0.0,0.0,0.0,2
3889,20,984,0.0,0.0,0.0,0.0,0.0,0.0,2
3890,20,985,0.0,0.0,0.0,0.0,0.0,0.0,2
3891,20,1162,0.0,0.0,0.0,0.0,0.0,0.0,2
3892,20,987,0.0,0.0,0.0,0.0,0.0,0.0,2
3893,20,988,0.0,0.0,0.0,0.0,0.0,0.0,2
3894,20,989,0.0,0.0,0.0,0.0,0.0,0.0,2
3895,20,990,0.0,0.0,0.0,0.0,0.0,0.0,2
3896,20,991,0.0,0.0,0.0,0.0,0.0,0.0,2
3897,20,992,0.0,0.0,0.0,0.0,0.0,0.0,2
3898,20,993,0.0,0.0,0.0,0.0,0.0,0.0,2
3899,20,994,0.0,0.0,0.0,0.0,0.0,0.0,2
3900,20,995,0.0,0.0,0.0,0.0,0.0,0.0,2
3901,20,996,0.0,0.0,0.0,0.0,0.0,0.0,2
3902,20,997,0.0,0.0,0.0,0.0,0.0,0.0,2
3903,20,998,0.0,0.0,0.0,0.0,0.0,0.0,2
3904,20,999,0.0,0.0,0.0,0.0,0.0,0.0,2
3905,20,1000,0.0,0.0,0.0,0.0,0.0,0.0,2
3906,20,1334,0.0,0.0,0.0,0.0,0.0,0.0,2
3907,20,1319,0.0,0.0,0.0,0.0,0.0,0.0,2
3908,20,1320,0.0,0.0,0.0,0.0,0.0,0.0,2
3909,20,1321,0.0,0.0,0.0,0.0,0.0,0.0,2
3910,20,1322,0.0,0.0,0.0,0.0,0.0,0.0,2
3911,20,1323,0.0,0.0,0.0,0.0,0.0,0.0,2
3912,20,1324,0.0,0.0,0.0,0.0,0.0,0.0,2
3913,20,1325,0.0,0.0,0.0,0.0,0.0,0.0,2
3914,20,1326,0.0,0.0,0.0,0.0,0.0,0.0,2
3915,20,1327,0.0,0.0,0.0,0.0,0.0,0.0,2
3916,20,1328,0.0,0.0,0.0,0.0,0.0,0.0,2
3917,20,1329,0.0,0.0,0.0,0.0,0.0,0.0,2
3918,20,1330,0.0,0.0,0.0,0.0,0.0,0.0,2
3919,20,1331,0.0,0.0,0.0,0.0,0.0,0.0,2
3920,20,1332,0.0,0.0,0.0,0.0,0.0,0.0,2
3921,20,1333,0.0,0.0,0.0,0.0,0.0,0.0,2
3922,20,1318,0.0,0.0,0.0,0.0,0.0,0.0,2
3923,20,1335,0.0,0.0,0.0,0.0,0.0,0.0,2
3924,20,1336,0.0,0.0,0.0,0.0,0.0,0.0,2
3925,20,1337,0.0,0.0,0.0,0.0,0.0,0.0,2
3926,20,1339,0.0,0.0,0.0,0.0,0.0,0.0,2
3927,20,1340,0.0,0.0,0.0,0.0,0.0,0.0,2
3928,20,1341,0.0,0.0,0.0,0.0,0.0,0.0,2
3929,20,1342,0.0,0.0,0.0,0.0,0.0,0.0,2
3930,20,1343,0.0,0.0,0.0,0.0,0.0,0.0,2
3931,20,1344,0.0,0.0,0.0,0.0,0.0,0.0,2
3932,20,1345,0.0,0.0,0.0,0.0,0.0,0.0,2
3933,20,1346,0.0,0.0,0.0,0.0,0.0,0.0,2
3934,20,1347,0.0,0.0,0.0,0.0,0.0,0.0,2
3935,20,1348,0.0,0.0,0.0,0.0,0.0,0.0,2
3936,20,1349,0.0,0.0,0.0,0.0,0.0,0.0,2
3937,20,1350,0.0,0.0,0.0,0.0,0.0,0.0,2
3938,20,1303,0.0,0.0,0.0,0.0,0.0,0.0,2
3939,20,1287,0.0,0.0,0.0,0.0,0.0,0.0,2
3940,20,1288,0.0,0.0,0.0,0.0,0.0,0.0,2
3941,20,1289,0.0,0.0,0.0,0.0,0.0,0.0,2
3942,20,1290,0.0,0.0,0.0,0.0,0.0,0.0,2
3943,20,1291,0.0,0.0,0.0,0.0,0.0,0.0,2
3944,20,1292,0.0,0.0,0.0,0.0,0.0,0.0,2
3945,20,1294,0.0,0.0,0.0,0.0,0.0,0.0,2
3946,20,1295,0.0,0.0,0.0,0.0,0.0,0.0,2
3947,20,1296,0.0,0.0,0.0,0.0,0.0,0.0,2
3948,20,1297,0.0,0.0,0.0,0.0,0.0,0.0,2
3949,20,1298,0.0,0.0,0.0,0.0,0.0,0.0,2
3950,20,1299,0.0,0.0,0.0,0.0,0.0,0.0,2
3951,20,1300,0.0,0.0,0.0,0.0,0.0,0.0,2
3952,20,1301,0.0,0.0,0.0,0.0,0.0,0.0,2
3953,20,1302,0.0,0.0,0.0,0.0,0.0,0.0,2
3954,20,1351,0.0,0.0,0.0,0.0,0.0,0.0,2
3955,20,1304,0.0,0.0,0.0,0.0,0.0,0.0,2
3956,20,1305,0.0,0.0,0.0,0.0,0.0,0.0,2
3957,20,1306,0.0,0.0,0.0,0.0,0.0,0.0,2
3958,20,1307,0.0,0.0,0.0,0.0,0.0,0.0,2
3959,20,1308,0.0,0.0,0.0,0.0,0.0,0.0,2
3960,20,1309,0.0,0.0,0.0,0.0,0.0,0.0,2
3961,20,1310,0.0,0.0,0.0,0.0,0.0,0.0,2
3962,20,1311,0.0,0.0,0.0,0.0,0.0,0.0,2
3963,20,1312,0.0,0.0,0.0,0.0,0.0,0.0,2
3964,20,1313,0.0,0.0,0.0,0.0,0.0,0.0,2
3965,20,1314,0.0,0.0,0.0,0.0,0.0,0.0,2
3966,20,1315,0.0,0.0,0.0,0.0,0.0,0.0,2
3967,20,1316,0.0,0.0,0.0,0.0,0.0,0.0,2
3968,20,1317,0.0,0.0,0.0,0.0,0.0,0.0,2
3969,20,1398,0.0,0.0,0.0,0.0,0.0,0.0,2
3970,20,1383,0.0,0.0,0.0,0.0,0.0,0.0,2
3971,20,1384,0.0,0.0,0.0,0.0,0.0,0.0,2
3972,20,1385,0.0,0.0,0.0,0.0,0.0,0.0,2
3973,20,1386,0.0,0.0,0.0,0.0,0.0,0.0,2
3974,20,1387,0.0,0.0,0.0,0.0,0.0,0.0,2
3975,20,1388,0.0,0.0,0.0,0.0,0.0,0.0,2
3976,20,1389,0.0,0.0,0.0,0.0,0.0,0.0,2
3977,20,1390,0.0,0.0,0.0,0.0,0.0,0.0,2
3978,20,1391,0.0,0.0,0.0,0.0,0.0,0.0,2
3979,20,1392,0.0,0.0,0.0,0.0,0.0,0.0,2
3980,20,1393,0.0,0.0,0.0,0.0,0.0,0.0,2
3981,20,1394,0.0,0.0,0.0,0.0,0.0,0.0,2
3982,20,1395,0.0,0.0,0.0,0.0,0.0,0.0,2
3983,20,1396,0.0,0.0,0.0,0.0,0.0,0.0,2
3984,20,1397,0.0,0.0,0.0,0.0,0.0,0.0,2
3985,20,1382,0.0,0.0,0.0,0.0,0.0,0.0,2
3986,20,1399,0.0,0.0,0.0,0.0,0.0,0.0,2
3987,20,1400,0.0,0.0,0.0,0.0,0.0,0.0,2
3988,20,1401,0.0,0.0,0.0,0.0,0.0,0.0,2
3989,20,1402,0.0,0.0,0.0,0.0,0.0,0.0,2
3990,20,1403,0.0,0.0,0.0,0.0,0.0,0.0,2
3991,20,1404,0.0,0.0,0.0,0.0,0.0,0.0,2
3992,20,1405,0.0,0.0,0.0,0.0,0.0,0.0,2
3993,20,1406,0.0,0.0,0.0,0.0,0.0,0.0,2
3994,20,1407,0.0,0.0,0.0,0.0,0.0,0.0,2
3995,20,1408,0.0,0.0,0.0,0.0,0.0,0.0,2
3996,20,1409,0.0,0.0,0.0,0.0,0.0,0.0,2
3997,20,1410,0.0,0.0,0.0,0.0,0.0,0.0,2
3998,20,1411,0.0,0.0,0.0,0.0,0.0,0.0,2
3999,20,1412,0.0,0.0,0.0,0.0,0.0,0.0,2
4000,20,1367,0.0,0.0,0.0,0.0,0.0,0.0,2
4001,20,1352,0.0,0.0,0.0,0.0,0.0,0.0,2
4002,20,1353,0.0,0.0,0.0,0.0,0.0,0.0,2
4003,20,1354,0.0,0.0,0.0,0.0,0.0,0.0,2
4004,20,1355,0.0,0.0,0.0,0.0,0.0,0.0,2
4005,20,1356,0.0,0.0,0.0,0.0,0.0,0.0,2
4006,20,1357,0.0,0.0,0.0,0.0,0.0,0.0,2
4007,20,1358,0.0,0.0,0.0,0.0,0.0,0.0,2
4008,20,1359,0.0,0.0,0.0,0.0,0.0,0.0,2
4009,20,1360,0.0,0.0,0.0,0.0,0.0,0.0,2
4010,20,1361,0.0,0.0,0.0,0.0,0.0,0.0,2
4011,20,1362,0.0,0.0,0.0,0.0,0.0,0.0,2
4012,20,1363,0.0,0.0,0.0,0.0,0.0,0.0,2
4013,20,1364,0.0,0.0,0.0,0.0,0.0,0.0,2
4014,20,1365,0.0,0.0,0.0,0.0,0.0,0.0,2
4015,20,1366,0.0,0.0,0.0,0.0,0.0,0.0,2
4016,20,1286,0.0,0.0,0.0,0.0,0.0,0.0,2
4017,20,1368,0.0,0.0,0.0,0.0,0.0,0.0,2
4018,20,1369,0.0,0.0,0.0,0.0,0.0,0.0,2
4019,20,1370,0.0,0.0,0.0,0.0,0.0,0.0,2
4020,20,1371,0.0,0.0,0.0,0.0,0.0,0.0,2
4021,20,1372,0.0,0.0,0.0,0.0,0.0,0.0,2
4022,20,1373,0.0,0.0,0.0,0.0,0.0,0.0,2
4023,20,1374,0.0,0.0,0.0,0.0,0.0,0.0,2
4024,20,1375,0.0,0.0,0.0,0.0,0.0,0.0,2
4025,20,1376,0.0,0.0,0.0,0.0,0.0,0.0,2
4026,20,1377,0.0,0.0,0.0,0.0,0.0,0.0,2
4027,20,1378,0.0,0.0,0.0,0.0,0.0,0.0,2
4028,20,1379,0.0,0.0,0.0,0.0,0.0,0.0,2
4029,20,1380,0.0,0.0,0.0,0.0,0.0,0.0,2
4030,20,1381,0.0,0.0,0.0,0.0,0.0,0.0,2
4031,20,1209,0.0,0.0,0.0,0.0,0.0,0.0,2
4032,20,1194,0.0,0.0,0.0,0.0,0.0,0.0,2
4033,20,1195,0.0,0.0,0.0,0.0,0.0,0.0,2
4034,20,1196,0.0,0.0,0.0,0.0,0.0,0.0,2
4035,20,1197,0.0,0.0,0.0,0.0,0.0,0.0,2
4036,20,1198,0.0,0.0,0.0,0.0,0.0,0.0,2
4037,20,1199,0.0,0.0,0.0,0.0,0.0,0.0,2
4038,20,1200,0.0,0.0,0.0,0.0,0.0,0.0,2
4039,20,1201,0.0,0.0,0.0,0.0,0.0,0.0,2
4040,20,1202,0.0,0.0,0.0,0.0,0.0,0.0,2
4041,20,1203,0.0,0.0,0.0,0.0,0.0,0.0,2
4042,20,1204,0.0,0.0,0.0,0.0,0.0,0.0,2
4043,20,1205,0.0,0.0,0.0,0.0,0.0,0.0,2
4044,20,1206,0.0,0.0,0.0,0.0,0.0,0.0,2
4045,20,1207,0.0,0.0,0.0,0.0,0.0,0.0,2
4046,20,1208,0.0,0.0,0.0,0.0,0.0,0.0,2
4047,20,1193,0.0,0.0,0.0,0.0,0.0,0.0,2
4048,20,1210,0.0,0.0,0.0,0.0,0.0,0.0,2
4049,20,1211,0.0,0.0,0.0,0.0,0.0,0.0,2
4050,20,1212,0.0,0.0,0.0,0.0,0.0,0.0,2
4051,20,1213,0.0,0.0,0.0,0.0,0.0,0.0,2
4052,20,1214,0.0,0.0,0.0,0.0,0.0,0.0,2
4053,20,1215,0.0,0.0,0.0,0.0,0.0,0.0,2
4054,20,1216,0.0,0.0,0.0,0.0,0.0,0.0,2
4055,20,1217,0.0,0.0,0.0,0.0,0.0,0.0,2
4056,20,1218,0.0,0.0,0.0,0.0,0.0,0.0,2
4057,20,1219,0.0,0.0,0.0,0.0,0.0,0.0,2
4058,20,1220,0.0,0.0,0.0,0.0,0.0,0.0,2
4059,20,1221,0.0,0.0,0.0,0.0,0.0,0.0,2
4060,20,1222,0.0,0.0,0.0,0.0,0.0,0.0,2
4061,20,1223,0.0,0.0,0.0,0.0,0.0,0.0,2
4062,20,1178,0.0,0.0,0.0,0.0,0.0,0.0,2
4063,20,1163,0.0,0.0,0.0,0.0,0.0,0.0,2
4064,20,1164,0.0,0.0,0.0,0.0,0.0,0.0,2
4065,20,1165,0.0,0.0,0.0,0.0,0.0,0.0,2
4066,20,1166,0.0,0.0,0.0,0.0,0.0,0.0,2
4067,20,1167,0.0,0.0,0.0,0.0,0.0,0.0,2
4068,20,1168,0.0,0.0,0.0,0.0,0.0,0.0,2
4069,20,1169,0.0,0.0,0.0,0.0,0.0,0.0,2
4070,20,1170,0.0,0.0,0.0,0.0,0.0,0.0,2
4071,20,1171,0.0,0.0,0.0,0.0,0.0,0.0,2
4072,20,1172,0.0,0.0,0.0,0.0,0.0,0.0,2
4073,20,1173,0.0,0.0,0.0,0.0,0.0,0.0,2
4074,20,1174,0.0,0.0,0.0,0.0,0.0,0.0,2
4075,20,1175,0.0,0.0,0.0,0.0,0.0,0.0,2
4076,20,1176,0.0,0.0,0.0,0.0,0.0,0.0,2
4077,20,1177,0.0,0.0,0.0,0.0,0.0,0.0,2
4078,20,1224,0.0,0.0,0.0,0.0,0.0,0.0,2
4079,20,1179,0.0,0.0,0.0,0.0,0.0,0.0,2
4080,20,1180,0.0,0.0,0.0,0.0,0.0,0.0,2
4081,20,1181,0.0,0.0,0.0,0.0,0.0,0.0,2
4082,20,1182,0.0,0.0,0.0,0.0,0.0,0.0,2
4083,20,1183,0.0,0.0,0.0,0.0,0.0,0.0,2
4084,20,1184,0.0,0.0,0.0,0.0,0.0,0.0,2
4085,20,1185,0.0,0.0,0.0,0.0,0.0,0.0,2
4086,20,1186,0.0,0.0,0.0,0.0,0.0,0.0,2
4087,20,1187,0.0,0.0,0.0,0.0,0.0,0.0,2
4088,20,1188,0.0,0.0,0.0,0.0,0.0,0.0,2
4089,20,1189,0.0,0.0,0.0,0.0,0.0,0.0,2
4090,20,1190,0.0,0.0,0.0,0.0,0.0,0.0,2
4091,20,1191,0.0,0.0,0.0,0.0,0.0,0.0,2
4092,20,1192,0.0,0.0,0.0,0.0,0.0,0.0,2
4093,20,1271,0.0,0.0,0.0,0.0,0.0,0.0,2
4094,20,1256,0.0,0.0,0.0,0.0,0.0,0.0,2
4095,20,1257,0.0,0.0,0.0,0.0,0.0,0.0,2
4096,20,1258,0.0,0.0,0.0,0.0,0.0,0.0,2
4097,20,1259,0.0,0.0,0.0,0.0,0.0,0.0,2
4098,20,1260,0.0,0.0,0.0,0.0,0.0,0.0,2
4099,20,1261,0.0,0.0,0.0,0.0,0.0,0.0,2
4100,20,1262,0.0,0.0,0.0,0.0,0.0,0.0,2
4101,20,1263,0.0,0.0,0.0,0.0,0.0,0.0,2
4102,20,1264,0.0,0.0,0.0,0.0,0.0,0.0,2
4103,20,1265,0.0,0.0,0.0,0.0,0.0,0.0,2
4104,20,1266,0.0,0.0,0.0,0.0,0.0,0.0,2
4105,20,1267,0.0,0.0,0.0,0.0,0.0,0.0,2
4106,20,1268,0.0,0.0,0.0,0.0,0.0,0.0,2
4107,20,1269,0.0,0.0,0.0,0.0,0.0,0.0,2
4108,20,1270,0.0,0.0,0.0,0.0,0.0,0.0,2
4109,20,1255,0.0,0.0,0.0,0.0,0.0,0.0,2
4110,20,1272,0.0,0.0,0.0,0.0,0.0,0.0,2
4111,20,1273,0.0,0.0,0.0,0.0,0.0,0.0,2
4112,20,1274,0.0,0.0,0.0,0.0,0.0,0.0,2
4113,20,1275,0.0,0.0,0.0,0.0,0.0,0.0,2
4114,20,1276,0.0,0.0,0.0,0.0,0.0,0.0,2
4115,20,1277,0.0,0.0,0.0,0.0,0.0,0.0,2
4116,20,1278,0.0,0.0,0.0,0.0,0.0,0.0,2
4117,20,1279,0.0,0.0,0.0,0.0,0.0,0.0,2
4118,20,1280,0.0,0.0,0.0,0.0,0.0,0.0,2
4119,20,1281,0.0,0.0,0.0,0.0,0.0,0.0,2
4120,20,1282,0.0,0.0,0.0,0.0,0.0,0.0,2
4121,20,1283,0.0,0.0,0.0,0.0,0.0,0.0,2
4122,20,1284,0.0,0.0,0.0,0.0,0.0,0.0,2
4123,20,1285,0.0,0.0,0.0,0.0,0.0,0.0,2
4124,20,1240,0.0,0.0,0.0,0.0,0.0,0.0,2
4125,20,1225,0.0,0.0,0.0,0.0,0.0,0.0,2
4126,20,1226,0.0,0.0,0.0,0.0,0.0,0.0,2
4127,20,1227,0.0,0.0,0.0,0.0,0.0,0.0,2
4128,20,1228,0.0,0.0,0.0,0.0,0.0,0.0,2
4129,20,1229,0.0,0.0,0.0,0.0,0.0,0.0,2
4130,20,1230,0.0,0.0,0.0,0.0,0.0,0.0,2
4131,20,1231,0.0,0.0,0.0,0.0,0.0,0.0,2
4132,20,1232,0.0,0.0,0.0,0.0,0.0,0.0,2
4133,20,1233,0.0,0.0,0.0,0.0,0.0,0.0,2
4134,20,1234,0.0,0.0,0.0,0.0,0.0,0.0,2
4135,20,1235,0.0,0.0,0.0,0.0,0.0,0.0,2
4136,20,1236,0.0,0.0,0.0,0.0,0.0,0.0,2
4137,20,1237,0.0,0.0,0.0,0.0,0.0,0.0,2
4138,20,1238,0.0,0.0,0.0,0.0,0.0,0.0,2
4139,20,1239,0.0,0.0,0.0,0.0,0.0,0.0,2
4140,20,1917,0.0,0.0,0.0,0.0,0.0,0.0,2
4141,20,1241,0.0,0.0,0.0,0.0,0.0,0.0,2
4142,20,1242,0.0,0.0,0.0,0.0,0.0,0.0,2
4143,20,1243,0.0,0.0,0.0,0.0,0.0,0.0,2
4144,20,1244,0.0,0.0,0.0,0.0,0.0,0.0,2
4145,20,1245,0.0,0.0,0.0,0.0,0.0,0.0,2
4146,20,1246,0.0,0.0,0.0,0.0,0.0,0.0,2
4147,20,1247,0.0,0.0,0.0,0.0,0.0,0.0,2
4148,20,1248,0.0,0.0,0.0,0.0,0.0,0.0,2
4149,20,1249,0.0,0.0,0.0,0.0,0.0,0.0,2
4150,20,1250,0.0,0.0,0.0,0.0,0.0,0.0,2
4151,20,1251,0.0,0.0,0.0,0.0,0.0,0.0,2
4152,20,1252,0.0,0.0,0.0,0.0,0.0,0.0,2
4153,20,1253,0.0,0.0,0.0,0.0,0.0,0.0,2
4154,20,1254,0.0,0.0,0.0,0.0,0.0,0.0,2
4155,20,4455,0.0,0.0,0.0,0.0,0.0,0.0,2
4156,20,4440,0.0,0.0,0.0,0.0,0.0,0.0,2
4157,20,4441,0.0,0.0,0.0,0.0,0.0,0.0,2
4158,20,4442,0.0,0.0,0.0,0.0,0.0,0.0,2
4159,20,4443,0.0,0.0,0.0,0.0,0.0,0.0,2
4160,20,4444,0.0,0.0,0.0,0.0,0.0,0.0,2
4161,20,4445,0.0,0.0,0.0,0.0,0.0,0.0,2
4162,20,4446,0.0,0.0,0.0,0.0,0.0,0.0,2
4163,20,4447,0.0,0.0,0.0,0.0,0.0,0.0,2
4164,20,4448,0.0,0.0,0.0,0.0,0.0,0.0,2
4165,20,4449,0.0,0.0,0.0,0.0,0.0,0.0,2
4166,20,4450,0.0,0.0,0.0,0.0,0.0,0.0,2
4167,20,4451,0.0,0.0,0.0,0.0,0.0,0.0,2
4168,20,4452,0.0,0.0,0.0,0.0,0.0,0.0,2
4169,20,4453,0.0,0.0,0.0,0.0,0.0,0.0,2
4170,20,4454,0.0,0.0,0.0,0.0,0.0,0.0,2
4171,20,4439,0.0,0.0,0.0,0.0,0.0,0.0,2
4172,20,4456,0.0,0.0,0.0,0.0,0.0,0.0,2
4173,20,4457,0.0,0.0,0.0,0.0,0.0,0.0,2
4174,20,4458,0.0,0.0,0.0,0.0,0.0,0.0,2
4175,20,4460,0.0,0.0,0.0,0.0,0.0,0.0,2
4176,20,4461,0.0,0.0,0.0,0.0,0.0,0.0,2
4177,20,4462,0.0,0.0,0.0,0.0,0.0,0.0,2
4178,20,4463,0.0,0.0,0.0,0.0,0.0,0.0,2
4179,20,4464,0.0,0.0,0.0,0.0,0.0,0.0,2
4180,20,4465,0.0,0.0,0.0,0.0,0.0,0.0,2
4181,20,4466,0.0,0.0,0.0,0.0,0.0,0.0,2
4182,20,4467,0.0,0.0,0.0,0.0,0.0,0.0,2
4183,20,4468,0.0,0.0,0.0,0.0,0.0,0.0,2
4184,20,4469,0.0,0.0,0.0,0.0,0.0,0.0,2
4185,20,4470,0.0,0.0,0.0,0.0,0.0,0.0,2
4186,20,4471,0.0,0.0,0.0,0.0,0.0,0.0,2
4187,20,4424,0.0,0.0,0.0,0.0,0.0,0.0,2
4188,20,4409,0.0,0.0,0.0,0.0,0.0,0.0,2
4189,20,4410,0.0,0.0,0.0,0.0,0.0,0.0,2
4190,20,4411,0.0,0.0,0.0,0.0,0.0,0.0,2
4191,20,4412,0.0,0.0,0.0,0.0,0.0,0.0,2
4192,20,4413,0.0,0.0,0.0,0.0,0.0,0.0,2
4193,20,4414,0.0,0.0,0.0,0.0,0.0,0.0,2
4194,20,4415,0.0,0.0,0.0,0.0,0.0,0.0,2
4195,20,4416,0.0,0.0,0.0,0.0,0.0,0.0,2
4196,20,4417,0.0,0.0,0.0,0.0,0.0,0.0,2
4197,20,4418,0.0,0.0,0.0,0.0,0.0,0.0,2
4198,20,4419,0.0,0.0,0.0,0.0,0.0,0.0,2
4199,20,4420,0.0,0.0,0.0,0.0,0.0,0.0,2
4200,20,4421,0.0,0.0,0.0,0.0,0.0,0.0,2
4201,20,4422,0.0,0.0,0.0,0.0,0.0,0.0,2
4202,20,4423,0.0,0.0,0.0,0.0,0.0,0.0,2
4203,20,4472,0.0,0.0,0.0,0.0,0.0,0.0,2
4204,20,4425,0.0,0.0,0.0,0.0,0.0,0.0,2
4205,20,4426,0.0,0.0,0.0,0.0,0.0,0.0,2
4206,20,4427,0.0,0.0,0.0,0.0,0.0,0.0,2
4207,20,4428,0.0,0.0,0.0,0.0,0.0,0.0,2
4208,20,4429,0.0,0.0,0.0,0.0,0.0,0.0,2
4209,20,4430,0.0,0.0,0.0,0.0,0.0,0.0,2
4210,20,4431,0.0,0.0,0.0,0.0,0.0,0.0,2
4211,20,4432,0.0,0.0,0.0,0.0,0.0,0.0,2
4212,20,4433,0.0,0.0,0.0,0.0,0.0,0.0,2
4213,20,4434,0.0,0.0,0.0,0.0,0.0,0.0,2
4214,20,4435,0.0,0.0,0.0,0.0,0.0,0.0,2
4215,20,4436,0.0,0.0,0.0,0.0,0.0,0.0,2
4216,20,4437,0.0,0.0,0.0,0.0,0.0,0.0,2
4217,20,4438,0.0,0.0,0.0,0.0,0.0,0.0,2
4218,20,4521,0.0,0.0,0.0,0.0,0.0,0.0,2
4219,20,4506,0.0,0.0,0.0,0.0,0.0,0.0,2
4220,20,4507,0.0,0.0,0.0,0.0,0.0,0.0,2
4221,20,4508,0.0,0.0,0.0,0.0,0.0,0.0,2
4222,20,4509,0.0,0.0,0.0,0.0,0.0,0.0,2
4223,20,4510,0.0,0.0,0.0,0.0,0.0,0.0,2
4224,20,4511,0.0,0.0,0.0,0.0,0.0,0.0,2
4225,20,4512,0.0,0.0,0.0,0.0,0.0,0.0,2
4226,20,4513,0.0,0.0,0.0,0.0,0.0,0.0,2
4227,20,4514,0.0,0.0,0.0,0.0,0.0,0.0,2
4228,20,4515,0.0,0.0,0.0,0.0,0.0,0.0,2
4229,20,4516,0.0,0.0,0.0,0.0,0.0,0.0,2
4230,20,4517,0.0,0.0,0.0,0.0,0.0,0.0,2
4231,20,4518,0.0,0.0,0.0,0.0,0.0,0.0,2
4232,20,4519,0.0,0.0,0.0,0.0,0.0,0.0,2
4233,20,4520,0.0,0.0,0.0,0.0,0.0,0.0,2
4234,20,4505,0.0,0.0,0.0,0.0,0.0,0.0,2
4235,20,4522,0.0,0.0,0.0,0.0,0.0,0.0,2
4236,20,4523,0.0,0.0,0.0,0.0,0.0,0.0,2
4237,20,4524,0.0,0.0,0.0,0.0,0.0,0.0,2
4238,20,4525,0.0,0.0,0.0,0.0,0.0,0.0,2
4239,20,4526,0.0,0.0,0.0,0.0,0.0,0.0,2
4240,20,4527,0.0,0.0,0.0,0.0,0.0,0.0,2
4241,20,4528,0.0,0.0,0.0,0.0,0.0,0.0,2
4242,20,4529,0.0,0.0,0.0,0.0,0.0,0.0,2
4243,20,4530,0.0,0.0,0.0,0.0,0.0,0.0,2
4244,20,4531,0.0,0.0,0.0,0.0,0.0,0.0,2
4245,20,4532,0.0,0.0,0.0,0.0,0.0,0.0,2
4246,20,4533,0.0,0.0,0.0,0.0,0.0,0.0,2
4247,20,4534,0.0,0.0,0.0,0.0,0.0,0.0,2
4248,20,4535,0.0,0.0,0.0,0.0,0.0,0.0,2
4249,20,4536,0.0,0.0,0.0,0.0,0.0,0.0,2
4250,20,4490,0.0,0.0,0.0,0.0,0.0,0.0,2
4251,20,4473,0.0,0.0,0.0,0.0,0.0,0.0,2
4252,20,4474,0.0,0.0,0.0,0.0,0.0,0.0,2
4253,20,4475,0.0,0.0,0.0,0.0,0.0,0.0,2
4254,20,4476,0.0,0.0,0.0,0.0,0.0,0.0,2
4255,20,4478,0.0,0.0,0.0,0.0,0.0,0.0,2
4256,20,4479,0.0,0.0,0.0,0.0,0.0,0.0,2
4257,20,4480,0.0,0.0,0.0,0.0,0.0,0.0,2
4258,20,4481,0.0,0.0,0.0,0.0,0.0,0.0,2
4259,20,4482,0.0,0.0,0.0,0.0,0.0,0.0,2
4260,20,4484,0.0,0.0,0.0,0.0,0.0,0.0,2
4261,20,4485,0.0,0.0,0.0,0.0,0.0,0.0,2
4262,20,4486,0.0,0.0,0.0,0.0,0.0,0.0,2
4263,20,4487,0.0,0.0,0.0,0.0,0.0,0.0,2
4264,20,4488,0.0,0.0,0.0,0.0,0.0,0.0,2
4265,20,4489,0.0,0.0,0.0,0.0,0.0,0.0,2
4266,20,4408,0.0,0.0,0.0,0.0,0.0,0.0,2
4267,20,4491,0.0,0.0,0.0,0.0,0.0,0.0,2
4268,20,4492,0.0,0.0,0.0,0.0,0.0,0.0,2
4269,20,4493,0.0,0.0,0.0,0.0,0.0,0.0,2
4270,20,4494,0.0,0.0,0.0,0.0,0.0,0.0,2
4271,20,4495,0.0,0.0,0.0,0.0,0.0,0.0,2
4272,20,4496,0.0,0.0,0.0,0.0,0.0,0.0,2
4273,20,4497,0.0,0.0,0.0,0.0,0.0,0.0,2
4274,20,4498,0.0,0.0,0.0,0.0,0.0,0.0,2
4275,20,4499,0.0,0.0,0.0,0.0,0.0,0.0,2
4276,20,4500,0.0,0.0,0.0,0.0,0.0,0.0,2
4277,20,4501,0.0,0.0,0.0,0.0,0.0,0.0,2
4278,20,4502,0.0,0.0,0.0,0.0,0.0,0.0,2
4279,20,4503,0.0,0.0,0.0,0.0,0.0,0.0,2
4280,20,4504,0.0,0.0,0.0,0.0,0.0,0.0,2
4281,20,4325,0.0,0.0,0.0,0.0,0.0,0.0,2
4282,20,4310,0.0,0.0,0.0,0.0,0.0,0.0,2
4283,20,4311,0.0,0.0,0.0,0.0,0.0,0.0,2
4284,20,4312,0.0,0.0,0.0,0.0,0.0,0.0,2
4285,20,4313,0.0,0.0,0.0,0.0,0.0,0.0,2
4286,20,4314,0.0,0.0,0.0,0.0,0.0,0.0,2
4287,20,4315,0.0,0.0,0.0,0.0,0.0,0.0,2
4288,20,4316,0.0,0.0,0.0,0.0,0.0,0.0,2
4289,20,4317,0.0,0.0,0.0,0.0,0.0,0.0,2
4290,20,4318,0.0,0.0,0.0,0.0,0.0,0.0,2
4291,20,4319,0.0,0.0,0.0,0.0,0.0,0.0,2
4292,20,4320,0.0,0.0,0.0,0.0,0.0,0.0,2
4293,20,4321,0.0,0.0,0.0,0.0,0.0,0.0,2
4294,20,4322,0.0,0.0,0.0,0.0,0.0,0.0,2
4295,20,4323,0.0,0.0,0.0,0.0,0.0,0.0,2
4296,20,4324,0.0,0.0,0.0,0.0,0.0,0.0,2
4297,20,4309,0.0,0.0,0.0,0.0,0.0,0.0,2
4298,20,4327,0.0,0.0,0.0,0.0,0.0,0.0,2
4299,20,4328,0.0,0.0,0.0,0.0,0.0,0.0,2
4300,20,4329,0.0,0.0,0.0,0.0,0.0,0.0,2
4301,20,4330,0.0,0.0,0.0,0.0,0.0,0.0,2
4302,20,4331,0.0,0.0,0.0,0.0,0.0,0.0,2
4303,20,4332,0.0,0.0,0.0,0.0,0.0,0.0,2
4304,20,4333,0.0,0.0,0.0,0.0,0.0,0.0,2
4305,20,4334,0.0,0.0,0.0,0.0,0.0,0.0,2
4306,20,4335,0.0,0.0,0.0,0.0,0.0,0.0,2
4307,20,4336,0.0,0.0,0.0,0.0,0.0,0.0,2
4308,20,4338,0.0,0.0,0.0,0.0,0.0,0.0,2
4309,20,4340,0.0,0.0,0.0,0.0,0.0,0.0,2
4310,20,4341,0.0,0.0,0.0,0.0,0.0,0.0,2
4311,20,4342,0.0,0.0,0.0,0.0,0.0,0.0,2
4312,20,4343,0.0,0.0,0.0,0.0,0.0,0.0,2
4313,20,4294,0.0,0.0,0.0,0.0,0.0,0.0,2
4314,20,4278,0.0,0.0,0.0,0.0,0.0,0.0,2
4315,20,4279,0.0,0.0,0.0,0.0,0.0,0.0,2
4316,20,4280,0.0,0.0,0.0,0.0,0.0,0.0,2
4317,20,4281,0.0,0.0,0.0,0.0,0.0,0.0,2
4318,20,4282,0.0,0.0,0.0,0.0,0.0,0.0,2
4319,20,4283,0.0,0.0,0.0,0.0,0.0,0.0,2
4320,20,4284,0.0,0.0,0.0,0.0,0.0,0.0,2
4321,20,4285,0.0,0.0,0.0,0.0,0.0,0.0,2
4322,20,4286,0.0,0.0,0.0,0.0,0.0,0.0,2
4323,20,4287,0.0,0.0,0.0,0.0,0.0,0.0,2
4324,20,4289,0.0,0.0,0.0,0.0,0.0,0.0,2
4325,20,4290,0.0,0.0,0.0,0.0,0.0,0.0,2
4326,20,4291,0.0,0.0,0.0,0.0,0.0,0.0,2
4327,20,4292,0.0,0.0,0.0,0.0,0.0,0.0,2
4328,20,4293,0.0,0.0,0.0,0.0,0.0,0.0,2
4329,20,4344,0.0,0.0,0.0,0.0,0.0,0.0,2
4330,20,4295,0.0,0.0,0.0,0.0,0.0,0.0,2
4331,20,4296,0.0,0.0,0.0,0.0,0.0,0.0,2
4332,20,4297,0.0,0.0,0.0,0.0,0.0,0.0,2
4333,20,4298,0.0,0.0,0.0,0.0,0.0,0.0,2
4334,20,4299,0.0,0.0,0.0,0.0,0.0,0.0,2
4335,20,4300,0.0,0.0,0.0,0.0,0.0,0.0,2
4336,20,4301,0.0,0.0,0.0,0.0,0.0,0.0,2
4337,20,4302,0.0,0.0,0.0,0.0,0.0,0.0,2
4338,20,4303,0.0,0.0,0.0,0.0,0.0,0.0,2
4339,20,4304,0.0,0.0,0.0,0.0,0.0,0.0,2
4340,20,4305,0.0,0.0,0.0,0.0,0.0,0.0,2
4341,20,4306,0.0,0.0,0.0,0.0,0.0,0.0,2
4342,20,4307,0.0,0.0,0.0,0.0,0.0,0.0,2
4343,20,4308,0.0,0.0,0.0,0.0,0.0,0.0,2
4344,20,4391,0.0,0.0,0.0,0.0,0.0,0.0,2
4345,20,4376,0.0,0.0,0.0,0.0,0.0,0.0,2
4346,20,4377,0.0,0.0,0.0,0.0,0.0,0.0,2
4347,20,4378,0.0,0.0,0.0,0.0,0.0,0.0,2
4348,20,4379,0.0,0.0,0.0,0.0,0.0,0.0,2
4349,20,4380,0.0,0.0,0.0,0.0,0.0,0.0,2
4350,20,4381,0.0,0.0,0.0,0.0,0.0,0.0,2
4351,20,4382,0.0,0.0,0.0,0.0,0.0,0.0,2
4352,20,4383,0.0,0.0,0.0,0.0,0.0,0.0,2
4353,20,4384,0.0,0.0,0.0,0.0,0.0,0.0,2
4354,20,4385,0.0,0.0,0.0,0.0,0.0,0.0,2
4355,20,4386,0.0,0.0,0.0,0.0,0.0,0.0,2
4356,20,4387,0.0,0.0,0.0,0.0,0.0,0.0,2
4357,20,4388,0.0,0.0,0.0,0.0,0.0,0.0,2
4358,20,4389,0.0,0.0,0.0,0.0,0.0,0.0,2
4359,20,4390,0.0,0.0,0.0,0.0,0.0,0.0,2
4360,20,4375,0.0,0.0,0.0,0.0,0.0,0.0,2
4361,20,4393,0.0,0.0,0.0,0.0,0.0,0.0,2
4362,20,4394,0.0,0.0,0.0,0.0,0.0,0.0,2
4363,20,4395,0.0,0.0,0.0,0.0,0.0,0.0,2
4364,20,4396,0.0,0.0,0.0,0.0,0.0,0.0,2
4365,20,4397,0.0,0.0,0.0,0.0,0.0,0.0,2
4366,20,4398,0.0,0.0,0.0,0.0,0.0,0.0,2
4367,20,4399,0.0,0.0,0.0,0.0,0.0,0.0,2
4368,20,4400,0.0,0.0,0.0,0.0,0.0,0.0,2
4369,20,4401,0.0,0.0,0.0,0.0,0.0,0.0,2
4370,20,4402,0.0,0.0,0.0,0.0,0.0,0.0,2
4371,20,4403,0.0,0.0,0.0,0.0,0.0,0.0,2
4372,20,4404,0.0,0.0,0.0,0.0,0.0,0.0,2
4373,20,4406,0.0,0.0,0.0,0.0,0.0,0.0,2
4374,20,4407,0.0,0.0,0.0,0.0,0.0,0.0,2
4375,20,4360,0.0,0.0,0.0,0.0,0.0,0.0,2
4376,20,4345,0.0,0.0,0.0,0.0,0.0,0.0,2
4377,20,4346,0.0,0.0,0.0,0.0,0.0,0.0,2
4378,20,4347,0.0,0.0,0.0,0.0,0.0,0.0,2
4379,20,4348,0.0,0.0,0.0,0.0,0.0,0.0,2
4380,20,4349,0.0,0.0,0.0,0.0,0.0,0.0,2
4381,20,4350,0.0,0.0,0.0,0.0,0.0,0.0,2
4382,20,4351,0.0,0.0,0.0,0.0,0.0,0.0,2
4383,20,4352,0.0,0.0,0.0,0.0,0.0,0.0,2
4384,20,4353,0.0,0.0,0.0,0.0,0.0,0.0,2
4385,20,4354,0.0,0.0,0.0,0.0,0.0,0.0,2
4386,20,4355,0.0,0.0,0.0,0.0,0.0,0.0,2
4387,20,4356,0.0,0.0,0.0,0.0,0.0,0.0,2
4388,20,4357,0.0,0.0,0.0,0.0,0.0,0.0,2
4389,20,4358,0.0,0.0,0.0,0.0,0.0,0.0,2
4390,20,4359,0.0,0.0,0.0,0.0,0.0,0.0,2
4391,20,4537,0.0,0.0,0.0,0.0,0.0,0.0,2
4392,20,4361,0.0,0.0,0.0,0.0,0.0,0.0,2
4393,20,4362,0.0,0.0,0.0,0.0,0.0,0.0,2
4394,20,4363,0.0,0.0,0.0,0.0,0.0,0.0,2
4395,20,4364,0.0,0.0,0.0,0.0,0.0,0.0,2
4396,20,4365,0.0,0.0,0.0,0.0,0.0,0.0,2
4397,20,4366,0.0,0.0,0.0,0.0,0.0,0.0,2
4398,20,4367,0.0,0.0,0.0,0.0,0.0,0.0,2
4399,20,4368,0.0,0.0,0.0,0.0,0.0,0.0,2
4400,20,4369,0.0,0.0,0.0,0.0,0.0,0.0,2
4401,20,4370,0.0,0.0,0.0,0.0,0.0,0.0,2
4402,20,4371,0.0,0.0,0.0,0.0,0.0,0.0,2
4403,20,4372,0.0,0.0,0.0,0.0,0.0,0.0,2
4404,20,4373,0.0,0.0,0.0,0.0,0.0,0.0,2
4405,20,4374,0.0,0.0,0.0,0.0,0.0,0.0,2
4406,20,4715,0.0,0.0,0.0,0.0,0.0,0.0,2
4407,20,4700,0.0,0.0,0.0,0.0,0.0,0.0,2
4408,20,4701,0.0,0.0,0.0,0.0,0.0,0.0,2
4409,20,4702,0.0,0.0,0.0,0.0,0.0,0.0,2
4410,20,4703,0.0,0.0,0.0,0.0,0.0,0.0,2
4411,20,4704,0.0,0.0,0.0,0.0,0.0,0.0,2
4412,20,4705,0.0,0.0,0.0,0.0,0.0,0.0,2
4413,20,4706,0.0,0.0,0.0,0.0,0.0,0.0,2
4414,20,4707,0.0,0.0,0.0,0.0,0.0,0.0,2
4415,20,4708,0.0,0.0,0.0,0.0,0.0,0.0,2
4416,20,4709,0.0,0.0,0.0,0.0,0.0,0.0,2
4417,20,4710,0.0,0.0,0.0,0.0,0.0,0.0,2
4418,20,4711,0.0,0.0,0.0,0.0,0.0,0.0,2
4419,20,4712,0.0,0.0,0.0,0.0,0.0,0.0,2
4420,20,4713,0.0,0.0,0.0,0.0,0.0,0.0,2
4421,20,4714,0.0,0.0,0.0,0.0,0.0,0.0,2
4422,20,4699,0.0,0.0,0.0,0.0,0.0,0.0,2
4423,20,4716,0.0,0.0,0.0,0.0,0.0,0.0,2
4424,20,4717,0.0,0.0,0.0,0.0,0.0,0.0,2
4425,20,4718,0.0,0.0,0.0,0.0,0.0,0.0,2
4426,20,4719,0.0,0.0,0.0,0.0,0.0,0.0,2
4427,20,4720,0.0,0.0,0.0,0.0,0.0,0.0,2
4428,20,4721,0.0,0.0,0.0,0.0,0.0,0.0,2
4429,20,4722,0.0,0.0,0.0,0.0,0.0,0.0,2
4430,20,4723,0.0,0.0,0.0,0.0,0.0,0.0,2
4431,20,4724,0.0,0.0,0.0,0.0,0.0,0.0,2
4432,20,4725,0.0,0.0,0.0,0.0,0.0,0.0,2
4433,20,4726,0.0,0.0,0.0,0.0,0.0,0.0,2
4434,20,4727,0.0,0.0,0.0,0.0,0.0,0.0,2
4435,20,4728,0.0,0.0,0.0,0.0,0.0,0.0,2
4436,20,4729,0.0,0.0,0.0,0.0,0.0,0.0,2
4437,20,4730,0.0,0.0,0.0,0.0,0.0,0.0,2
4438,20,4683,0.0,0.0,0.0,0.0,0.0,0.0,2
4439,20,4668,0.0,0.0,0.0,0.0,0.0,0.0,2
4440,20,4669,0.0,0.0,0.0,0.0,0.0,0.0,2
4441,20,4670,0.0,0.0,0.0,0.0,0.0,0.0,2
4442,20,4671,0.0,0.0,0.0,0.0,0.0,0.0,2
4443,20,4672,0.0,0.0,0.0,0.0,0.0,0.0,2
4444,20,4673,0.0,0.0,0.0,0.0,0.0,0.0,2
4445,20,4674,0.0,0.0,0.0,0.0,0.0,0.0,2
4446,20,4675,0.0,0.0,0.0,0.0,0.0,0.0,2
4447,20,4676,0.0,0.0,0.0,0.0,0.0,0.0,2
4448,20,4677,0.0,0.0,0.0,0.0,0.0,0.0,2
4449,20,4678,0.0,0.0,0.0,0.0,0.0,0.0,2
4450,20,4679,0.0,0.0,0.0,0.0,0.0,0.0,2
4451,20,4680,0.0,0.0,0.0,0.0,0.0,0.0,2
4452,20,4681,0.0,0.0,0.0,0.0,0.0,0.0,2
4453,20,4682,0.0,0.0,0.0,0.0,0.0,0.0,2
4454,20,4731,0.0,0.0,0.0,0.0,0.0,0.0,2
4455,20,4684,0.0,0.0,0.0,0.0,0.0,0.0,2
4456,20,4686,0.0,0.0,0.0,0.0,0.0,0.0,2
4457,20,4687,0.0,0.0,0.0,0.0,0.0,0.0,2
4458,20,4688,0.0,0.0,0.0,0.0,0.0,0.0,2
4459,20,4689,0.0,0.0,0.0,0.0,0.0,0.0,2
4460,20,4690,0.0,0.0,0.0,0.0,0.0,0.0,2
4461,20,4691,0.0,0.0,0.0,0.0,0.0,0.0,2
4462,20,4692,0.0,0.0,0.0,0.0,0.0,0.0,2
4463,20,4693,0.0,0.0,0.0,0.0,0.0,0.0,2
4464,20,4694,0.0,0.0,0.0,0.0,0.0,0.0,2
4465,20,4695,0.0,0.0,0.0,0.0,0.0,0.0,2
4466,20,4696,0.0,0.0,0.0,0.0,0.0,0.0,2
4467,20,4697,0.0,0.0,0.0,0.0,0.0,0.0,2
4468,20,4698,0.0,0.0,0.0,0.0,0.0,0.0,2
4469,20,4781,0.0,0.0,0.0,0.0,0.0,0.0,2
4470,20,4765,0.0,0.0,0.0,0.0,0.0,0.0,2
4471,20,4766,0.0,0.0,0.0,0.0,0.0,0.0,2
4472,20,4767,0.0,0.0,0.0,0.0,0.0,0.0,2
4473,20,4768,0.0,0.0,0.0,0.0,0.0,0.0,2
4474,20,4770,0.0,0.0,0.0,0.0,0.0,0.0,2
4475,20,4771,0.0,0.0,0.0,0.0,0.0,0.0,2
4476,20,4772,0.0,0.0,0.0,0.0,0.0,0.0,2
4477,20,4773,0.0,0.0,0.0,0.0,0.0,0.0,2
4478,20,4774,0.0,0.0,0.0,0.0,0.0,0.0,2
4479,20,4775,0.0,0.0,0.0,0.0,0.0,0.0,2
4480,20,4776,0.0,0.0,0.0,0.0,0.0,0.0,2
4481,20,4777,0.0,0.0,0.0,0.0,0.0,0.0,2
4482,20,4778,0.0,0.0,0.0,0.0,0.0,0.0,2
4483,20,4779,0.0,0.0,0.0,0.0,0.0,0.0,2
4484,20,4780,0.0,0.0,0.0,0.0,0.0,0.0,2
4485,20,4764,0.0,0.0,0.0,0.0,0.0,0.0,2
4486,20,4782,0.0,0.0,0.0,0.0,0.0,0.0,2
4487,20,4783,0.0,0.0,0.0,0.0,0.0,0.0,2
4488,20,4784,0.0,0.0,0.0,0.0,0.0,0.0,2
4489,20,4785,0.0,0.0,0.0,0.0,0.0,0.0,2
4490,20,4786,0.0,0.0,0.0,0.0,0.0,0.0,2
4491,20,4787,0.0,0.0,0.0,0.0,0.0,0.0,2
4492,20,4788,0.0,0.0,0.0,0.0,0.0,0.0,2
4493,20,4789,0.0,0.0,0.0,0.0,0.0,0.0,2
4494,20,4790,0.0,0.0,0.0,0.0,0.0,0.0,2
4495,20,4791,0.0,0.0,0.0,0.0,0.0,0.0,2
4496,20,4792,0.0,0.0,0.0,0.0,0.0,0.0,2
4497,20,4793,0.0,0.0,0.0,0.0,0.0,0.0,2
4498,20,4794,0.0,0.0,0.0,0.0,0.0,0.0,2
4499,20,4795,0.0,0.0,0.0,0.0,0.0,0.0,2
4500,20,4748,0.0,0.0,0.0,0.0,0.0,0.0,2
4501,20,4732,0.0,0.0,0.0,0.0,0.0,0.0,2
4502,20,4734,0.0,0.0,0.0,0.0,0.0,0.0,2
4503,20,4735,0.0,0.0,0.0,0.0,0.0,0.0,2
4504,20,4736,0.0,0.0,0.0,0.0,0.0,0.0,2
4505,20,4737,0.0,0.0,0.0,0.0,0.0,0.0,2
4506,20,4738,0.0,0.0,0.0,0.0,0.0,0.0,2
4507,20,4739,0.0,0.0,0.0,0.0,0.0,0.0,2
4508,20,4740,0.0,0.0,0.0,0.0,0.0,0.0,2
4509,20,4741,0.0,0.0,0.0,0.0,0.0,0.0,2
4510,20,4742,0.0,0.0,0.0,0.0,0.0,0.0,2
4511,20,4743,0.0,0.0,0.0,0.0,0.0,0.0,2
4512,20,4744,0.0,0.0,0.0,0.0,0.0,0.0,2
4513,20,4745,0.0,0.0,0.0,0.0,0.0,0.0,2
4514,20,4746,0.0,0.0,0.0,0.0,0.0,0.0,2
4515,20,4747,0.0,0.0,0.0,0.0,0.0,0.0,2
4516,20,4667,0.0,0.0,0.0,0.0,0.0,0.0,2
4517,20,4749,0.0,0.0,0.0,0.0,0.0,0.0,2
4518,20,4750,0.0,0.0,0.0,0.0,0.0,0.0,2
4519,20,4751,0.0,0.0,0.0,0.0,0.0,0.0,2
4520,20,4752,0.0,0.0,0.0,0.0,0.0,0.0,2
4521,20,4753,0.0,0.0,0.0,0.0,0.0,0.0,2
4522,20,4754,0.0,0.0,0.0,0.0,0.0,0.0,2
4523,20,4755,0.0,0.0,0.0,0.0,0.0,0.0,2
4524,20,4756,0.0,0.0,0.0,0.0,0.0,0.0,2
4525,20,4757,0.0,0.0,0.0,0.0,0.0,0.0,2
4526,20,4759,0.0,0.0,0.0,0.0,0.0,0.0,2
4527,20,4760,0.0,0.0,0.0,0.0,0.0,0.0,2
4528,20,4761,0.0,0.0,0.0,0.0,0.0,0.0,2
4529,20,4762,0.0,0.0,0.0,0.0,0.0,0.0,2
4530,20,4763,0.0,0.0,0.0,0.0,0.0,0.0,2
4531,20,4587,0.0,0.0,0.0,0.0,0.0,0.0,2
4532,20,4572,0.0,0.0,0.0,0.0,0.0,0.0,2
4533,20,4573,0.0,0.0,0.0,0.0,0.0,0.0,2
4534,20,4574,0.0,0.0,0.0,0.0,0.0,0.0,2
4535,20,4575,0.0,0.0,0.0,0.0,0.0,0.0,2
4536,20,4576,0.0,0.0,0.0,0.0,0.0,0.0,2
4537,20,4577,0.0,0.0,0.0,0.0,0.0,0.0,2
4538,20,4578,0.0,0.0,0.0,0.0,0.0,0.0,2
4539,20,4579,0.0,0.0,0.0,0.0,0.0,0.0,2
4540,20,4580,0.0,0.0,0.0,0.0,0.0,0.0,2
4541,20,4581,0.0,0.0,0.0,0.0,0.0,0.0,2
4542,20,4582,0.0,0.0,0.0,0.0,0.0,0.0,2
4543,20,4583,0.0,0.0,0.0,0.0,0.0,0.0,2
4544,20,4584,0.0,0.0,0.0,0.0,0.0,0.0,2
4545,20,4585,0.0,0.0,0.0,0.0,0.0,0.0,2
4546,20,4586,0.0,0.0,0.0,0.0,0.0,0.0,2
4547,20,4571,0.0,0.0,0.0,0.0,0.0,0.0,2
4548,20,4588,0.0,0.0,0.0,0.0,0.0,0.0,2
4549,20,4589,0.0,0.0,0.0,0.0,0.0,0.0,2
4550,20,4590,0.0,0.0,0.0,0.0,0.0,0.0,2
4551,20,4591,0.0,0.0,0.0,0.0,0.0,0.0,2
4552,20,4592,0.0,0.0,0.0,0.0,0.0,0.0,2
4553,20,4593,0.0,0.0,0.0,0.0,0.0,0.0,2
4554,20,4594,0.0,0.0,0.0,0.0,0.0,0.0,2
4555,20,4595,0.0,0.0,0.0,0.0,0.0,0.0,2
4556,20,4596,0.0,0.0,0.0,0.0,0.0,0.0,2
4557,20,4597,0.0,0.0,0.0,0.0,0.0,0.0,2
4558,20,4598,0.0,0.0,0.0,0.0,0.0,0.0,2
4559,20,4599,0.0,0.0,0.0,0.0,0.0,0.0,2
4560,20,4601,0.0,0.0,0.0,0.0,0.0,0.0,2
4561,20,4602,0.0,0.0,0.0,0.0,0.0,0.0,2
4562,20,4603,0.0,0.0,0.0,0.0,0.0,0.0,2
4563,20,4556,0.0,0.0,0.0,0.0,0.0,0.0,2
4564,20,4538,0.0,0.0,0.0,0.0,0.0,0.0,2
4565,20,4540,0.0,0.0,0.0,0.0,0.0,0.0,2
4566,20,4541,0.0,0.0,0.0,0.0,0.0,0.0,2
4567,20,4542,0.0,0.0,0.0,0.0,0.0,0.0,2
4568,20,4543,0.0,0.0,0.0,0.0,0.0,0.0,2
4569,20,4544,0.0,0.0,0.0,0.0,0.0,0.0,2
4570,20,4545,0.0,0.0,0.0,0.0,0.0,0.0,2
4571,20,4547,0.0,0.0,0.0,0.0,0.0,0.0,2
4572,20,4548,0.0,0.0,0.0,0.0,0.0,0.0,2
4573,20,4549,0.0,0.0,0.0,0.0,0.0,0.0,2
4574,20,4550,0.0,0.0,0.0,0.0,0.0,0.0,2
4575,20,4551,0.0,0.0,0.0,0.0,0.0,0.0,2
4576,20,4552,0.0,0.0,0.0,0.0,0.0,0.0,2
4577,20,4553,0.0,0.0,0.0,0.0,0.0,0.0,2
4578,20,4555,0.0,0.0,0.0,0.0,0.0,0.0,2
4579,20,4604,0.0,0.0,0.0,0.0,0.0,0.0,2
4580,20,4557,0.0,0.0,0.0,0.0,0.0,0.0,2
4581,20,4558,0.0,0.0,0.0,0.0,0.0,0.0,2
4582,20,4559,0.0,0.0,0.0,0.0,0.0,0.0,2
4583,20,4560,0.0,0.0,0.0,0.0,0.0,0.0,2
4584,20,4561,0.0,0.0,0.0,0.0,0.0,0.0,2
4585,20,4562,0.0,0.0,0.0,0.0,0.0,0.0,2
4586,20,4563,0.0,0.0,0.0,0.0,0.0,0.0,2
4587,20,4564,0.0,0.0,0.0,0.0,0.0,0.0,2
4588,20,4565,0.0,0.0,0.0,0.0,0.0,0.0,2
4589,20,4566,0.0,0.0,0.0,0.0,0.0,0.0,2
4590,20,4567,0.0,0.0,0.0,0.0,0.0,0.0,2
4591,20,4568,0.0,0.0,0.0,0.0,0.0,0.0,2
4592,20,4569,0.0,0.0,0.0,0.0,0.0,0.0,2
4593,20,4570,0.0,0.0,0.0,0.0,0.0,0.0,2
4594,20,4651,0.0,0.0,0.0,0.0,0.0,0.0,2
4595,20,4636,0.0,0.0,0.0,0.0,0.0,0.0,2
4596,20,4637,0.0,0.0,0.0,0.0,0.0,0.0,2
4597,20,4638,0.0,0.0,0.0,0.0,0.0,0.0,2
4598,20,4639,0.0,0.0,0.0,0.0,0.0,0.0,2
4599,20,4640,0.0,0.0,0.0,0.0,0.0,0.0,2
4600,20,4641,0.0,0.0,0.0,0.0,0.0,0.0,2
4601,20,4642,0.0,0.0,0.0,0.0,0.0,0.0,2
4602,20,4643,0.0,0.0,0.0,0.0,0.0,0.0,2
4603,20,4644,0.0,0.0,0.0,0.0,0.0,0.0,2
4604,20,4645,0.0,0.0,0.0,0.0,0.0,0.0,2
4605,20,4646,0.0,0.0,0.0,0.0,0.0,0.0,2
4606,20,4647,0.0,0.0,0.0,0.0,0.0,0.0,2
4607,20,4648,0.0,0.0,0.0,0.0,0.0,0.0,2
4608,20,4649,0.0,0.0,0.0,0.0,0.0,0.0,2
4609,20,4650,0.0,0.0,0.0,0.0,0.0,0.0,2
4610,20,4635,0.0,0.0,0.0,0.0,0.0,0.0,2
4611,20,4652,0.0,0.0,0.0,0.0,0.0,0.0,2
4612,20,4653,0.0,0.0,0.0,0.0,0.0,0.0,2
4613,20,4654,0.0,0.0,0.0,0.0,0.0,0.0,2
4614,20,4655,0.0,0.0,0.0,0.0,0.0,0.0,2
4615,20,4656,0.0,0.0,0.0,0.0,0.0,0.0,2
4616,20,4657,0.0,0.0,0.0,0.0,0.0,0.0,2
4617,20,4658,0.0,0.0,0.0,0.0,0.0,0.0,2
4618,20,4659,0.0,0.0,0.0,0.0,0.0,0.0,2
4619,20,4660,0.0,0.0,0.0,0.0,0.0,0.0,2
4620,20,4661,0.0,0.0,0.0,0.0,0.0,0.0,2
4621,20,4662,0.0,0.0,0.0,0.0,0.0,0.0,2
4622,20,4663,0.0,0.0,0.0,0.0,0.0,0.0,2
4623,20,4664,0.0,0.0,0.0,0.0,0.0,0.0,2
4624,20,4666,0.0,0.0,0.0,0.0,0.0,0.0,2
4625,20,4620,0.0,0.0,0.0,0.0,0.0,0.0,2
4626,20,4605,0.0,0.0,0.0,0.0,0.0,0.0,2
4627,20,4606,0.0,0.0,0.0,0.0,0.0,0.0,2
4628,20,4607,0.0,0.0,0.0,0.0,0.0,0.0,2
4629,20,4608,0.0,0.0,0.0,0.0,0.0,0.0,2
4630,20,4609,0.0,0.0,0.0,0.0,0.0,0.0,2
4631,20,4610,0.0,0.0,0.0,0.0,0.0,0.0,2
4632,20,4611,0.0,0.0,0.0,0.0,0.0,0.0,2
4633,20,4612,0.0,0.0,0.0,0.0,0.0,0.0,2
4634,20,4613,0.0,0.0,0.0,0.0,0.0,0.0,2
4635,20,4614,0.0,0.0,0.0,0.0,0.0,0.0,2
4636,20,4615,0.0,0.0,0.0,0.0,0.0,0.0,2
4637,20,4616,0.0,0.0,0.0,0.0,0.0,0.0,2
4638,20,4617,0.0,0.0,0.0,0.0,0.0,0.0,2
4639,20,4618,0.0,0.0,0.0,0.0,0.0,0.0,2
4640,20,4619,0.0,0.0,0.0,0.0,0.0,0.0,2
4641,20,4277,0.0,0.0,0.0,0.0,0.0,0.0,2
4642,20,4621,0.0,0.0,0.0,0.0,0.0,0.0,2
4643,20,4622,0.0,0.0,0.0,0.0,0.0,0.0,2
4644,20,4623,0.0,0.0,0.0,0.0,0.0,0.0,2
4645,20,4624,0.0,0.0,0.0,0.0,0.0,0.0,2
4646,20,4625,0.0,0.0,0.0,0.0,0.0,0.0,2
4647,20,4626,0.0,0.0,0.0,0.0,0.0,0.0,2
4648,20,4627,0.0,0.0,0.0,0.0,0.0,0.0,2
4649,20,4628,0.0,0.0,0.0,0.0,0.0,0.0,2
4650,20,4629,0.0,0.0,0.0,0.0,0.0,0.0,2
4651,20,4630,0.0,0.0,0.0,0.0,0.0,0.0,2
4652,20,4631,0.0,0.0,0.0,0.0,0.0,0.0,2
4653,20,4632,0.0,0.0,0.0,0.0,0.0,0.0,2
4654,20,4633,0.0,0.0,0.0,0.0,0.0,0.0,2
4655,20,4634,0.0,0.0,0.0,0.0,0.0,0.0,2
4656,20,6398,0.0,0.0,0.0,0.0,0.0,0.0,2
4657,20,6414,0.0,0.0,0.0,0.0,0.0,0.0,2
4658,20,6413,0.0,0.0,0.0,0.0,0.0,0.0,2
4659,20,6412,0.0,0.0,0.0,0.0,0.0,0.0,2
4660,20,6411,0.0,0.0,0.0,0.0,0.0,0.0,2
4661,20,6410,0.0,0.0,0.0,0.0,0.0,0.0,2
4662,20,6408,0.0,0.0,0.0,0.0,0.0,0.0,2
4663,20,6407,0.0,0.0,0.0,0.0,0.0,0.0,2
4664,20,6406,0.0,0.0,0.0,0.0,0.0,0.0,2
4665,20,6405,0.0,0.0,0.0,0.0,0.0,0.0,2
4666,20,6404,0.0,0.0,0.0,0.0,0.0,0.0,2
4667,20,6403,0.0,0.0,0.0,0.0,0.0,0.0,2
4668,20,6402,0.0,0.0,0.0,0.0,0.0,0.0,2
4669,20,6401,0.0,0.0,0.0,0.0,0.0,0.0,2
4670,20,6400,0.0,0.0,0.0,0.0,0.0,0.0,2
4671,20,6399,0.0,0.0,0.0,0.0,0.0,0.0,2
4672,20,6415,0.0,0.0,0.0,0.0,0.0,0.0,2
4673,20,6397,0.0,0.0,0.0,0.0,0.0,0.0,2
4674,20,6396,0.0,0.0,0.0,0.0,0.0,0.0,2
4675,20,6395,0.0,0.0,0.0,0.0,0.0,0.0,2
4676,20,6394,0.0,0.0,0.0,0.0,0.0,0.0,2
4677,20,6393,0.0,0.0,0.0,0.0,0.0,0.0,2
4678,20,6391,0.0,0.0,0.0,0.0,0.0,0.0,2
4679,20,6390,0.0,0.0,0.0,0.0,0.0,0.0,2
4680,20,6389,0.0,0.0,0.0,0.0,0.0,0.0,2
4681,20,6388,0.0,0.0,0.0,0.0,0.0,0.0,2
4682,20,6387,0.0,0.0,0.0,0.0,0.0,0.0,2
4683,20,6386,0.0,0.0,0.0,0.0,0.0,0.0,2
4684,20,6385,0.0,0.0,0.0,0.0,0.0,0.0,2
4685,20,6384,0.0,0.0,0.0,0.0,0.0,0.0,2
4686,20,6383,0.0,0.0,0.0,0.0,0.0,0.0,2
4687,20,6382,0.0,0.0,0.0,0.0,0.0,0.0,2
4688,20,6430,0.0,0.0,0.0,0.0,0.0,0.0,2
4689,20,6445,0.0,0.0,0.0,0.0,0.0,0.0,2
4690,20,6444,0.0,0.0,0.0,0.0,0.0,0.0,2
4691,20,6443,0.0,0.0,0.0,0.0,0.0,0.0,2
4692,20,6442,0.0,0.0,0.0,0.0,0.0,0.0,2
4693,20,6441,0.0,0.0,0.0,0.0,0.0,0.0,2
4694,20,6440,0.0,0.0,0.0,0.0,0.0,0.0,2
4695,20,6439,0.0,0.0,0.0,0.0,0.0,0.0,2
4696,20,6438,0.0,0.0,0.0,0.0,0.0,0.0,2
4697,20,6437,0.0,0.0,0.0,0.0,0.0,0.0,2
4698,20,6436,0.0,0.0,0.0,0.0,0.0,0.0,2
4699,20,6435,0.0,0.0,0.0,0.0,0.0,0.0,2
4700,20,6434,0.0,0.0,0.0,0.0,0.0,0.0,2
4701,20,6433,0.0,0.0,0.0,0.0,0.0,0.0,2
4702,20,6432,0.0,0.0,0.0,0.0,0.0,0.0,2
4703,20,6431,0.0,0.0,0.0,0.0,0.0,0.0,2
4704,20,6381,0.0,0.0,0.0,0.0,0.0,0.0,2
4705,20,6429,0.0,0.0,0.0,0.0,0.0,0.0,2
4706,20,6428,0.0,0.0,0.0,0.0,0.0,0.0,2
4707,20,6427,0.0,0.0,0.0,0.0,0.0,0.0,2
4708,20,6426,0.0,0.0,0.0,0.0,0.0,0.0,2
4709,20,6425,0.0,0.0,0.0,0.0,0.0,0.0,2
4710,20,6424,0.0,0.0,0.0,0.0,0.0,0.0,2
4711,20,6423,0.0,0.0,0.0,0.0,0.0,0.0,2
4712,20,6422,0.0,0.0,0.0,0.0,0.0,0.0,2
4713,20,6421,0.0,0.0,0.0,0.0,0.0,0.0,2
4714,20,6420,0.0,0.0,0.0,0.0,0.0,0.0,2
4715,20,6419,0.0,0.0,0.0,0.0,0.0,0.0,2
4716,20,6418,0.0,0.0,0.0,0.0,0.0,0.0,2
4717,20,6417,0.0,0.0,0.0,0.0,0.0,0.0,2
4718,20,6416,0.0,0.0,0.0,0.0,0.0,0.0,2
4719,20,6332,0.0,0.0,0.0,0.0,0.0,0.0,2
4720,20,6348,0.0,0.0,0.0,0.0,0.0,0.0,2
4721,20,6347,0.0,0.0,0.0,0.0,0.0,0.0,2
4722,20,6346,0.0,0.0,0.0,0.0,0.0,0.0,2
4723,20,6345,0.0,0.0,0.0,0.0,0.0,0.0,2
4724,20,6344,0.0,0.0,0.0,0.0,0.0,0.0,2
4725,20,6343,0.0,0.0,0.0,0.0,0.0,0.0,2
4726,20,6342,0.0,0.0,0.0,0.0,0.0,0.0,2
4727,20,6340,0.0,0.0,0.0,0.0,0.0,0.0,2
4728,20,6339,0.0,0.0,0.0,0.0,0.0,0.0,2
4729,20,6338,0.0,0.0,0.0,0.0,0.0,0.0,2
4730,20,6337,0.0,0.0,0.0,0.0,0.0,0.0,2
4731,20,6336,0.0,0.0,0.0,0.0,0.0,0.0,2
4732,20,6335,0.0,0.0,0.0,0.0,0.0,0.0,2
4733,20,6334,0.0,0.0,0.0,0.0,0.0,0.0,2
4734,20,6333,0.0,0.0,0.0,0.0,0.0,0.0,2
4735,20,6349,0.0,0.0,0.0,0.0,0.0,0.0,2
4736,20,6331,0.0,0.0,0.0,0.0,0.0,0.0,2
4737,20,6330,0.0,0.0,0.0,0.0,0.0,0.0,2
4738,20,6329,0.0,0.0,0.0,0.0,0.0,0.0,2
4739,20,6328,0.0,0.0,0.0,0.0,0.0,0.0,2
4740,20,6327,0.0,0.0,0.0,0.0,0.0,0.0,2
4741,20,6326,0.0,0.0,0.0,0.0,0.0,0.0,2
4742,20,6325,0.0,0.0,0.0,0.0,0.0,0.0,2
4743,20,6324,0.0,0.0,0.0,0.0,0.0,0.0,2
4744,20,6323,0.0,0.0,0.0,0.0,0.0,0.0,2
4745,20,6322,0.0,0.0,0.0,0.0,0.0,0.0,2
4746,20,6321,0.0,0.0,0.0,0.0,0.0,0.0,2
4747,20,6320,0.0,0.0,0.0,0.0,0.0,0.0,2
4748,20,6319,0.0,0.0,0.0,0.0,0.0,0.0,2
4749,20,6318,0.0,0.0,0.0,0.0,0.0,0.0,2
4750,20,6364,0.0,0.0,0.0,0.0,0.0,0.0,2
4751,20,6380,0.0,0.0,0.0,0.0,0.0,0.0,2
4752,20,6379,0.0,0.0,0.0,0.0,0.0,0.0,2
4753,20,6378,0.0,0.0,0.0,0.0,0.0,0.0,2
4754,20,6377,0.0,0.0,0.0,0.0,0.0,0.0,2
4755,20,6376,0.0,0.0,0.0,0.0,0.0,0.0,2
4756,20,6375,0.0,0.0,0.0,0.0,0.0,0.0,2
4757,20,6374,0.0,0.0,0.0,0.0,0.0,0.0,2
4758,20,6373,0.0,0.0,0.0,0.0,0.0,0.0,2
4759,20,6372,0.0,0.0,0.0,0.0,0.0,0.0,2
4760,20,6371,0.0,0.0,0.0,0.0,0.0,0.0,2
4761,20,6369,0.0,0.0,0.0,0.0,0.0,0.0,2
4762,20,6368,0.0,0.0,0.0,0.0,0.0,0.0,2
4763,20,6367,0.0,0.0,0.0,0.0,0.0,0.0,2
4764,20,6366,0.0,0.0,0.0,0.0,0.0,0.0,2
4765,20,6365,0.0,0.0,0.0,0.0,0.0,0.0,2
4766,20,6446,0.0,0.0,0.0,0.0,0.0,0.0,2
4767,20,6363,0.0,0.0,0.0,0.0,0.0,0.0,2
4768,20,6362,0.0,0.0,0.0,0.0,0.0,0.0,2
4769,20,6361,0.0,0.0,0.0,0.0,0.0,0.0,2
4770,20,6360,0.0,0.0,0.0,0.0,0.0,0.0,2
4771,20,6359,0.0,0.0,0.0,0.0,0.0,0.0,2
4772,20,6358,0.0,0.0,0.0,0.0,0.0,0.0,2
4773,20,6357,0.0,0.0,0.0,0.0,0.0,0.0,2
4774,20,6356,0.0,0.0,0.0,0.0,0.0,0.0,2
4775,20,6355,0.0,0.0,0.0,0.0,0.0,0.0,2
4776,20,6354,0.0,0.0,0.0,0.0,0.0,0.0,2
4777,20,6353,0.0,0.0,0.0,0.0,0.0,0.0,2
4778,20,6352,0.0,0.0,0.0,0.0,0.0,0.0,2
4779,20,6351,0.0,0.0,0.0,0.0,0.0,0.0,2
4780,20,6350,0.0,0.0,0.0,0.0,0.0,0.0,2
4781,20,6526,0.0,0.0,0.0,0.0,0.0,0.0,2
4782,20,6541,0.0,0.0,0.0,0.0,0.0,0.0,2
4783,20,6540,0.0,0.0,0.0,0.0,0.0,0.0,2
4784,20,6539,0.0,0.0,0.0,0.0,0.0,0.0,2
4785,20,6538,0.0,0.0,0.0,0.0,0.0,0.0,2
4786,20,6537,0.0,0.0,0.0,0.0,0.0,0.0,2
4787,20,6536,0.0,0.0,0.0,0.0,0.0,0.0,2
4788,20,6535,0.0,0.0,0.0,0.0,0.0,0.0,2
4789,20,6534,0.0,0.0,0.0,0.0,0.0,0.0,2
4790,20,6533,0.0,0.0,0.0,0.0,0.0,0.0,2
4791,20,6532,0.0,0.0,0.0,0.0,0.0,0.0,2
4792,20,6531,0.0,0.0,0.0,0.0,0.0,0.0,2
4793,20,6530,0.0,0.0,0.0,0.0,0.0,0.0,2
4794,20,6529,0.0,0.0,0.0,0.0,0.0,0.0,2
4795,20,6528,0.0,0.0,0.0,0.0,0.0,0.0,2
4796,20,6527,0.0,0.0,0.0,0.0,0.0,0.0,2
4797,20,6542,0.0,0.0,0.0,0.0,0.0,0.0,2
4798,20,6525,0.0,0.0,0.0,0.0,0.0,0.0,2
4799,20,6524,0.0,0.0,0.0,0.0,0.0,0.0,2
4800,20,6523,0.0,0.0,0.0,0.0,0.0,0.0,2
4801,20,6522,0.0,0.0,0.0,0.0,0.0,0.0,2
4802,20,6521,0.0,0.0,0.0,0.0,0.0,0.0,2
4803,20,6520,0.0,0.0,0.0,0.0,0.0,0.0,2
4804,20,6518,0.0,0.0,0.0,0.0,0.0,0.0,2
4805,20,6517,0.0,0.0,0.0,0.0,0.0,0.0,2
4806,20,6516,0.0,0.0,0.0,0.0,0.0,0.0,2
4807,20,6515,0.0,0.0,0.0,0.0,0.0,0.0,2
4808,20,6514,0.0,0.0,0.0,0.0,0.0,0.0,2
4809,20,6513,0.0,0.0,0.0,0.0,0.0,0.0,2
4810,20,6512,0.0,0.0,0.0,0.0,0.0,0.0,2
4811,20,6511,0.0,0.0,0.0,0.0,0.0,0.0,2
4812,20,6510,0.0,0.0,0.0,0.0,0.0,0.0,2
4813,20,6557,0.0,0.0,0.0,0.0,0.0,0.0,2
4814,20,6572,0.0,0.0,0.0,0.0,0.0,0.0,2
4815,20,6571,0.0,0.0,0.0,0.0,0.0,0.0,2
4816,20,6570,0.0,0.0,0.0,0.0,0.0,0.0,2
4817,20,6569,0.0,0.0,0.0,0.0,0.0,0.0,2
4818,20,6568,0.0,0.0,0.0,0.0,0.0,0.0,2
4819,20,6567,0.0,0.0,0.0,0.0,0.0,0.0,2
4820,20,6566,0.0,0.0,0.0,0.0,0.0,0.0,2
4821,20,6565,0.0,0.0,0.0,0.0,0.0,0.0,2
4822,20,6564,0.0,0.0,0.0,0.0,0.0,0.0,2
4823,20,6563,0.0,0.0,0.0,0.0,0.0,0.0,2
4824,20,6562,0.0,0.0,0.0,0.0,0.0,0.0,2
4825,20,6561,0.0,0.0,0.0,0.0,0.0,0.0,2
4826,20,6560,0.0,0.0,0.0,0.0,0.0,0.0,2
4827,20,6559,0.0,0.0,0.0,0.0,0.0,0.0,2
4828,20,6558,0.0,0.0,0.0,0.0,0.0,0.0,2
4829,20,6509,0.0,0.0,0.0,0.0,0.0,0.0,2
4830,20,6556,0.0,0.0,0.0,0.0,0.0,0.0,2
4831,20,6555,0.0,0.0,0.0,0.0,0.0,0.0,2
4832,20,6554,0.0,0.0,0.0,0.0,0.0,0.0,2
4833,20,6553,0.0,0.0,0.0,0.0,0.0,0.0,2
4834,20,6552,0.0,0.0,0.0,0.0,0.0,0.0,2
4835,20,6551,0.0,0.0,0.0,0.0,0.0,0.0,2
4836,20,6550,0.0,0.0,0.0,0.0,0.0,0.0,2
4837,20,6549,0.0,0.0,0.0,0.0,0.0,0.0,2
4838,20,6548,0.0,0.0,0.0,0.0,0.0,0.0,2
4839,20,6547,0.0,0.0,0.0,0.0,0.0,0.0,2
4840,20,6546,0.0,0.0,0.0,0.0,0.0,0.0,2
4841,20,6545,0.0,0.0,0.0,0.0,0.0,0.0,2
4842,20,6544,0.0,0.0,0.0,0.0,0.0,0.0,2
4843,20,6543,0.0,0.0,0.0,0.0,0.0,0.0,2
4844,20,6461,0.0,0.0,0.0,0.0,0.0,0.0,2
4845,20,6477,0.0,0.0,0.0,0.0,0.0,0.0,2
4846,20,6476,0.0,0.0,0.0,0.0,0.0,0.0,2
4847,20,6475,0.0,0.0,0.0,0.0,0.0,0.0,2
4848,20,6474,0.0,0.0,0.0,0.0,0.0,0.0,2
4849,20,6473,0.0,0.0,0.0,0.0,0.0,0.0,2
4850,20,6472,0.0,0.0,0.0,0.0,0.0,0.0,2
4851,20,6471,0.0,0.0,0.0,0.0,0.0,0.0,2
4852,20,6470,0.0,0.0,0.0,0.0,0.0,0.0,2
4853,20,6469,0.0,0.0,0.0,0.0,0.0,0.0,2
4854,20,6468,0.0,0.0,0.0,0.0,0.0,0.0,2
4855,20,6467,0.0,0.0,0.0,0.0,0.0,0.0,2
4856,20,6466,0.0,0.0,0.0,0.0,0.0,0.0,2
4857,20,6465,0.0,0.0,0.0,0.0,0.0,0.0,2
4858,20,6464,0.0,0.0,0.0,0.0,0.0,0.0,2
4859,20,6462,0.0,0.0,0.0,0.0,0.0,0.0,2
4860,20,6478,0.0,0.0,0.0,0.0,0.0,0.0,2
4861,20,6460,0.0,0.0,0.0,0.0,0.0,0.0,2
4862,20,6459,0.0,0.0,0.0,0.0,0.0,0.0,2
4863,20,6458,0.0,0.0,0.0,0.0,0.0,0.0,2
4864,20,6457,0.0,0.0,0.0,0.0,0.0,0.0,2
4865,20,6456,0.0,0.0,0.0,0.0,0.0,0.0,2
4866,20,6455,0.0,0.0,0.0,0.0,0.0,0.0,2
4867,20,6454,0.0,0.0,0.0,0.0,0.0,0.0,2
4868,20,6453,0.0,0.0,0.0,0.0,0.0,0.0,2
4869,20,6452,0.0,0.0,0.0,0.0,0.0,0.0,2
4870,20,6451,0.0,0.0,0.0,0.0,0.0,0.0,2
4871,20,6450,0.0,0.0,0.0,0.0,0.0,0.0,2
4872,20,6449,0.0,0.0,0.0,0.0,0.0,0.0,2
4873,20,6448,0.0,0.0,0.0,0.0,0.0,0.0,2
4874,20,6447,0.0,0.0,0.0,0.0,0.0,0.0,2
4875,20,6493,0.0,0.0,0.0,0.0,0.0,0.0,2
4876,20,6508,0.0,0.0,0.0,0.0,0.0,0.0,2
4877,20,6507,0.0,0.0,0.0,0.0,0.0,0.0,2
4878,20,6506,0.0,0.0,0.0,0.0,0.0,0.0,2
4879,20,6505,0.0,0.0,0.0,0.0,0.0,0.0,2
4880,20,6504,0.0,0.0,0.0,0.0,0.0,0.0,2
4881,20,6503,0.0,0.0,0.0,0.0,0.0,0.0,2
4882,20,6502,0.0,0.0,0.0,0.0,0.0,0.0,2
4883,20,6501,0.0,0.0,0.0,0.0,0.0,0.0,2
4884,20,6500,0.0,0.0,0.0,0.0,0.0,0.0,2
4885,20,6499,0.0,0.0,0.0,0.0,0.0,0.0,2
4886,20,6498,0.0,0.0,0.0,0.0,0.0,0.0,2
4887,20,6497,0.0,0.0,0.0,0.0,0.0,0.0,2
4888,20,6496,0.0,0.0,0.0,0.0,0.0,0.0,2
4889,20,6495,0.0,0.0,0.0,0.0,0.0,0.0,2
4890,20,6494,0.0,0.0,0.0,0.0,0.0,0.0,2
4891,20,6317,0.0,0.0,0.0,0.0,0.0,0.0,2
4892,20,6492,0.0,0.0,0.0,0.0,0.0,0.0,2
4893,20,6491,0.0,0.0,0.0,0.0,0.0,0.0,2
4894,20,6490,0.0,0.0,0.0,0.0,0.0,0.0,2
4895,20,6489,0.0,0.0,0.0,0.0,0.0,0.0,2
4896,20,6488,0.0,0.0,0.0,0.0,0.0,0.0,2
4897,20,6487,0.0,0.0,0.0,0.0,0.0,0.0,2
4898,20,6486,0.0,0.0,0.0,0.0,0.0,0.0,2
4899,20,6485,0.0,0.0,0.0,0.0,0.0,0.0,2
4900,20,6484,0.0,0.0,0.0,0.0,0.0,0.0,2
4901,20,6483,0.0,0.0,0.0,0.0,0.0,0.0,2
4902,20,6482,0.0,0.0,0.0,0.0,0.0,0.0,2
4903,20,6481,0.0,0.0,0.0,0.0,0.0,0.0,2
4904,20,6480,0.0,0.0,0.0,0.0,0.0,0.0,2
4905,20,6479,0.0,0.0,0.0,0.0,0.0,0.0,2
4906,20,4197,0.0,0.0,0.0,0.0,0.0,0.0,2
4907,20,4182,0.0,0.0,0.0,0.0,0.0,0.0,2
4908,20,4183,0.0,0.0,0.0,0.0,0.0,0.0,2
4909,20,4184,0.0,0.0,0.0,0.0,0.0,0.0,2
4910,20,4185,0.0,0.0,0.0,0.0,0.0,0.0,2
4911,20,4186,0.0,0.0,0.0,0.0,0.0,0.0,2
4912,20,4187,0.0,0.0,0.0,0.0,0.0,0.0,2
4913,20,4188,0.0,0.0,0.0,0.0,0.0,0.0,2
4914,20,4189,0.0,0.0,0.0,0.0,0.0,0.0,2
4915,20,4190,0.0,0.0,0.0,0.0,0.0,0.0,2
4916,20,4191,0.0,0.0,0.0,0.0,0.0,0.0,2
4917,20,4192,0.0,0.0,0.0,0.0,0.0,0.0,2
4918,20,4193,0.0,0.0,0.0,0.0,0.0,0.0,2
4919,20,4194,0.0,0.0,0.0,0.0,0.0,0.0,2
4920,20,4195,0.0,0.0,0.0,0.0,0.0,0.0,2
4921,20,4196,0.0,0.0,0.0,0.0,0.0,0.0,2
4922,20,4181,0.0,0.0,0.0,0.0,0.0,0.0,2
4923,20,4198,0.0,0.0,0.0,0.0,0.0,0.0,2
4924,20,4199,0.0,0.0,0.0,0.0,0.0,0.0,2
4925,20,4200,0.0,0.0,0.0,0.0,0.0,0.0,2
4926,20,4201,0.0,0.0,0.0,0.0,0.0,0.0,2
4927,20,4202,0.0,0.0,0.0,0.0,0.0,0.0,2
4928,20,4203,0.0,0.0,0.0,0.0,0.0,0.0,2
4929,20,4204,0.0,0.0,0.0,0.0,0.0,0.0,2
4930,20,4205,0.0,0.0,0.0,0.0,0.0,0.0,2
4931,20,4206,0.0,0.0,0.0,0.0,0.0,0.0,2
4932,20,4207,0.0,0.0,0.0,0.0,0.0,0.0,2
4933,20,4208,0.0,0.0,0.0,0.0,0.0,0.0,2
4934,20,4209,0.0,0.0,0.0,0.0,0.0,0.0,2
4935,20,4210,0.0,0.0,0.0,0.0,0.0,0.0,2
4936,20,4211,0.0,0.0,0.0,0.0,0.0,0.0,2
4937,20,4212,0.0,0.0,0.0,0.0,0.0,0.0,2
4938,20,4166,0.0,0.0,0.0,0.0,0.0,0.0,2
4939,20,4150,0.0,0.0,0.0,0.0,0.0,0.0,2
4940,20,4151,0.0,0.0,0.0,0.0,0.0,0.0,2
4941,20,4152,0.0,0.0,0.0,0.0,0.0,0.0,2
4942,20,4153,0.0,0.0,0.0,0.0,0.0,0.0,2
4943,20,4154,0.0,0.0,0.0,0.0,0.0,0.0,2
4944,20,4155,0.0,0.0,0.0,0.0,0.0,0.0,2
4945,20,4156,0.0,0.0,0.0,0.0,0.0,0.0,2
4946,20,4157,0.0,0.0,0.0,0.0,0.0,0.0,2
4947,20,4158,0.0,0.0,0.0,0.0,0.0,0.0,2
4948,20,4159,0.0,0.0,0.0,0.0,0.0,0.0,2
4949,20,4160,0.0,0.0,0.0,0.0,0.0,0.0,2
4950,20,4161,0.0,0.0,0.0,0.0,0.0,0.0,2
4951,20,4163,0.0,0.0,0.0,0.0,0.0,0.0,2
4952,20,4164,0.0,0.0,0.0,0.0,0.0,0.0,2
4953,20,4165,0.0,0.0,0.0,0.0,0.0,0.0,2
4954,20,4213,0.0,0.0,0.0,0.0,0.0,0.0,2
4955,20,4167,0.0,0.0,0.0,0.0,0.0,0.0,2
4956,20,4168,0.0,0.0,0.0,0.0,0.0,0.0,2
4957,20,4169,0.0,0.0,0.0,0.0,0.0,0.0,2
4958,20,4170,0.0,0.0,0.0,0.0,0.0,0.0,2
4959,20,4171,0.0,0.0,0.0,0.0,0.0,0.0,2
4960,20,4172,0.0,0.0,0.0,0.0,0.0,0.0,2
4961,20,4173,0.0,0.0,0.0,0.0,0.0,0.0,2
4962,20,4174,0.0,0.0,0.0,0.0,0.0,0.0,2
4963,20,4175,0.0,0.0,0.0,0.0,0.0,0.0,2
4964,20,4176,0.0,0.0,0.0,0.0,0.0,0.0,2
4965,20,4177,0.0,0.0,0.0,0.0,0.0,0.0,2
4966,20,4178,0.0,0.0,0.0,0.0,0.0,0.0,2
4967,20,4179,0.0,0.0,0.0,0.0,0.0,0.0,2
4968,20,4180,0.0,0.0,0.0,0.0,0.0,0.0,2
4969,20,4261,0.0,0.0,0.0,0.0,0.0,0.0,2
4970,20,4246,0.0,0.0,0.0,0.0,0.0,0.0,2
4971,20,4247,0.0,0.0,0.0,0.0,0.0,0.0,2
4972,20,4248,0.0,0.0,0.0,0.0,0.0,0.0,2
4973,20,4249,0.0,0.0,0.0,0.0,0.0,0.0,2
4974,20,4250,0.0,0.0,0.0,0.0,0.0,0.0,2
4975,20,4251,0.0,0.0,0.0,0.0,0.0,0.0,2
4976,20,4252,0.0,0.0,0.0,0.0,0.0,0.0,2
4977,20,4253,0.0,0.0,0.0,0.0,0.0,0.0,2
4978,20,4254,0.0,0.0,0.0,0.0,0.0,0.0,2
4979,20,4255,0.0,0.0,0.0,0.0,0.0,0.0,2
4980,20,4256,0.0,0.0,0.0,0.0,0.0,0.0,2
4981,20,4257,0.0,0.0,0.0,0.0,0.0,0.0,2
4982,20,4258,0.0,0.0,0.0,0.0,0.0,0.0,2
4983,20,4259,0.0,0.0,0.0,0.0,0.0,0.0,2
4984,20,4260,0.0,0.0,0.0,0.0,0.0,0.0,2
4985,20,4245,0.0,0.0,0.0,0.0,0.0,0.0,2
4986,20,4263,0.0,0.0,0.0,0.0,0.0,0.0,2
4987,20,4264,0.0,0.0,0.0,0.0,0.0,0.0,2
4988,20,4265,0.0,0.0,0.0,0.0,0.0,0.0,2
4989,20,4266,0.0,0.0,0.0,0.0,0.0,0.0,2
4990,20,4267,0.0,0.0,0.0,0.0,0.0,0.0,2
4991,20,4268,0.0,0.0,0.0,0.0,0.0,0.0,2
4992,20,4269,0.0,0.0,0.0,0.0,0.0,0.0,2
4993,20,4270,0.0,0.0,0.0,0.0,0.0,0.0,2
4994,20,4271,0.0,0.0,0.0,0.0,0.0,0.0,2
4995,20,4272,0.0,0.0,0.0,0.0,0.0,0.0,2
4996,20,4273,0.0,0.0,0.0,0.0,0.0,0.0,2
4997,20,4274,0.0,0.0,0.0,0.0,0.0,0.0,2
4998,20,4275,0.0,0.0,0.0,0.0,0.0,0.0,2
4999,20,4276,0.0,0.0,0.0,0.0,0.0,0.0,2
5000,20,4230,0.0,0.0,0.0,0.0,0.0,0.0,2
5001,20,4214,0.0,0.0,0.0,0.0,0.0,0.0,2
5002,20,4215,0.0,0.0,0.0,0.0,0.0,0.0,2
5003,20,4216,0.0,0.0,0.0,0.0,0.0,0.0,2
5004,20,4217,0.0,0.0,0.0,0.0,0.0,0.0,2
5005,20,4218,0.0,0.0,0.0,0.0,0.0,0.0,2
5006,20,4219,0.0,0.0,0.0,0.0,0.0,0.0,2
5007,20,4221,0.0,0.0,0.0,0.0,0.0,0.0,2
5008,20,4222,0.0,0.0,0.0,0.0,0.0,0.0,2
5009,20,4223,0.0,0.0,0.0,0.0,0.0,0.0,2
5010,20,4224,0.0,0.0,0.0,0.0,0.0,0.0,2
5011,20,4225,0.0,0.0,0.0,0.0,0.0,0.0,2
5012,20,4226,0.0,0.0,0.0,0.0,0.0,0.0,2
5013,20,4227,0.0,0.0,0.0,0.0,0.0,0.0,2
5014,20,4228,0.0,0.0,0.0,0.0,0.0,0.0,2
5015,20,4229,0.0,0.0,0.0,0.0,0.0,0.0,2
5016,20,4149,0.0,0.0,0.0,0.0,0.0,0.0,2
5017,20,4231,0.0,0.0,0.0,0.0,0.0,0.0,2
5018,20,4232,0.0,0.0,0.0,0.0,0.0,0.0,2
5019,20,4233,0.0,0.0,0.0,0.0,0.0,0.0,2
5020,20,4234,0.0,0.0,0.0,0.0,0.0,0.0,2
5021,20,4235,0.0,0.0,0.0,0.0,0.0,0.0,2
5022,20,4236,0.0,0.0,0.0,0.0,0.0,0.0,2
5023,20,4237,0.0,0.0,0.0,0.0,0.0,0.0,2
5024,20,4238,0.0,0.0,0.0,0.0,0.0,0.0,2
5025,20,4239,0.0,0.0,0.0,0.0,0.0,0.0,2
5026,20,4240,0.0,0.0,0.0,0.0,0.0,0.0,2
5027,20,4241,0.0,0.0,0.0,0.0,0.0,0.0,2
5028,20,4242,0.0,0.0,0.0,0.0,0.0,0.0,2
5029,20,4243,0.0,0.0,0.0,0.0,0.0,0.0,2
5030,20,4244,0.0,0.0,0.0,0.0,0.0,0.0,2
5031,20,6268,0.0,0.0,0.0,0.0,0.0,0.0,2
5032,20,6283,0.0,0.0,0.0,0.0,0.0,0.0,2
5033,20,6282,0.0,0.0,0.0,0.0,0.0,0.0,2
5034,20,6281,0.0,0.0,0.0,0.0,0.0,0.0,2
5035,20,6280,0.0,0.0,0.0,0.0,0.0,0.0,2
5036,20,6279,0.0,0.0,0.0,0.0,0.0,0.0,2
5037,20,6278,0.0,0.0,0.0,0.0,0.0,0.0,2
5038,20,6277,0.0,0.0,0.0,0.0,0.0,0.0,2
5039,20,6276,0.0,0.0,0.0,0.0,0.0,0.0,2
5040,20,6275,0.0,0.0,0.0,0.0,0.0,0.0,2
5041,20,6274,0.0,0.0,0.0,0.0,0.0,0.0,2
5042,20,6273,0.0,0.0,0.0,0.0,0.0,0.0,2
5043,20,6272,0.0,0.0,0.0,0.0,0.0,0.0,2
5044,20,6271,0.0,0.0,0.0,0.0,0.0,0.0,2
5045,20,6270,0.0,0.0,0.0,0.0,0.0,0.0,2
5046,20,6269,0.0,0.0,0.0,0.0,0.0,0.0,2
5047,20,6284,0.0,0.0,0.0,0.0,0.0,0.0,2
5048,20,6267,0.0,0.0,0.0,0.0,0.0,0.0,2
5049,20,6266,0.0,0.0,0.0,0.0,0.0,0.0,2
5050,20,6265,0.0,0.0,0.0,0.0,0.0,0.0,2
5051,20,6264,0.0,0.0,0.0,0.0,0.0,0.0,2
5052,20,6263,0.0,0.0,0.0,0.0,0.0,0.0,2
5053,20,6262,0.0,0.0,0.0,0.0,0.0,0.0,2
5054,20,6261,0.0,0.0,0.0,0.0,0.0,0.0,2
5055,20,6260,0.0,0.0,0.0,0.0,0.0,0.0,2
5056,20,6259,0.0,0.0,0.0,0.0,0.0,0.0,2
5057,20,6258,0.0,0.0,0.0,0.0,0.0,0.0,2
5058,20,6257,0.0,0.0,0.0,0.0,0.0,0.0,2
5059,20,6256,0.0,0.0,0.0,0.0,0.0,0.0,2
5060,20,6255,0.0,0.0,0.0,0.0,0.0,0.0,2
5061,20,6254,0.0,0.0,0.0,0.0,0.0,0.0,2
5062,20,6253,0.0,0.0,0.0,0.0,0.0,0.0,2
5063,20,6300,0.0,0.0,0.0,0.0,0.0,0.0,2
5064,20,6316,0.0,0.0,0.0,0.0,0.0,0.0,2
5065,20,6315,0.0,0.0,0.0,0.0,0.0,0.0,2
5066,20,6314,0.0,0.0,0.0,0.0,0.0,0.0,2
5067,20,6313,0.0,0.0,0.0,0.0,0.0,0.0,2
5068,20,6312,0.0,0.0,0.0,0.0,0.0,0.0,2
5069,20,6311,0.0,0.0,0.0,0.0,0.0,0.0,2
5070,20,6309,0.0,0.0,0.0,0.0,0.0,0.0,2
5071,20,6308,0.0,0.0,0.0,0.0,0.0,0.0,2
5072,20,6307,0.0,0.0,0.0,0.0,0.0,0.0,2
5073,20,6306,0.0,0.0,0.0,0.0,0.0,0.0,2
5074,20,6305,0.0,0.0,0.0,0.0,0.0,0.0,2
5075,20,6304,0.0,0.0,0.0,0.0,0.0,0.0,2
5076,20,6303,0.0,0.0,0.0,0.0,0.0,0.0,2
5077,20,6302,0.0,0.0,0.0,0.0,0.0,0.0,2
5078,20,6301,0.0,0.0,0.0,0.0,0.0,0.0,2
5079,20,6252,0.0,0.0,0.0,0.0,0.0,0.0,2
5080,20,6299,0.0,0.0,0.0,0.0,0.0,0.0,2
5081,20,6298,0.0,0.0,0.0,0.0,0.0,0.0,2
5082,20,6297,0.0,0.0,0.0,0.0,0.0,0.0,2
5083,20,6296,0.0,0.0,0.0,0.0,0.0,0.0,2
5084,20,6295,0.0,0.0,0.0,0.0,0.0,0.0,2
5085,20,6294,0.0,0.0,0.0,0.0,0.0,0.0,2
5086,20,6293,0.0,0.0,0.0,0.0,0.0,0.0,2
5087,20,6292,0.0,0.0,0.0,0.0,0.0,0.0,2
5088,20,6291,0.0,0.0,0.0,0.0,0.0,0.0,2
5089,20,6290,0.0,0.0,0.0,0.0,0.0,0.0,2
5090,20,6288,0.0,0.0,0.0,0.0,0.0,0.0,2
5091,20,6287,0.0,0.0,0.0,0.0,0.0,0.0,2
5092,20,6286,0.0,0.0,0.0,0.0,0.0,0.0,2
5093,20,6285,0.0,0.0,0.0,0.0,0.0,0.0,2
5094,20,4134,0.0,0.0,0.0,0.0,0.0,0.0,2
5095,20,6220,0.0,0.0,0.0,0.0,0.0,0.0,2
5096,20,6219,0.0,0.0,0.0,0.0,0.0,0.0,2
5097,20,6218,0.0,0.0,0.0,0.0,0.0,0.0,2
5098,20,6217,0.0,0.0,0.0,0.0,0.0,0.0,2
5099,20,6216,0.0,0.0,0.0,0.0,0.0,0.0,2
5100,20,6215,0.0,0.0,0.0,0.0,0.0,0.0,2
5101,20,6214,0.0,0.0,0.0,0.0,0.0,0.0,2
5102,20,6213,0.0,0.0,0.0,0.0,0.0,0.0,2
5103,20,6212,0.0,0.0,0.0,0.0,0.0,0.0,2
5104,20,6211,0.0,0.0,0.0,0.0,0.0,0.0,2
5105,20,6210,0.0,0.0,0.0,0.0,0.0,0.0,2
5106,20,6209,0.0,0.0,0.0,0.0,0.0,0.0,2
5107,20,6208,0.0,0.0,0.0,0.0,0.0,0.0,2
5108,20,6207,0.0,0.0,0.0,0.0,0.0,0.0,2
5109,20,5174,0.0,0.0,0.0,0.0,0.0,0.0,2
5110,20,6221,0.0,0.0,0.0,0.0,0.0,0.0,2
5111,20,4135,0.0,0.0,0.0,0.0,0.0,0.0,2
5112,20,4136,0.0,0.0,0.0,0.0,0.0,0.0,2
5113,20,4137,0.0,0.0,0.0,0.0,0.0,0.0,2
5114,20,4138,0.0,0.0,0.0,0.0,0.0,0.0,2
5115,20,4139,0.0,0.0,0.0,0.0,0.0,0.0,2
5116,20,4140,0.0,0.0,0.0,0.0,0.0,0.0,2
5117,20,4141,0.0,0.0,0.0,0.0,0.0,0.0,2
5118,20,4142,0.0,0.0,0.0,0.0,0.0,0.0,2
5119,20,4143,0.0,0.0,0.0,0.0,0.0,0.0,2
5120,20,4144,0.0,0.0,0.0,0.0,0.0,0.0,2
5121,20,4145,0.0,0.0,0.0,0.0,0.0,0.0,2
5122,20,4146,0.0,0.0,0.0,0.0,0.0,0.0,2
5123,20,4147,0.0,0.0,0.0,0.0,0.0,0.0,2
5124,20,4148,0.0,0.0,0.0,0.0,0.0,0.0,2
5125,20,6236,0.0,0.0,0.0,0.0,0.0,0.0,2
5126,20,6251,0.0,0.0,0.0,0.0,0.0,0.0,2
5127,20,6250,0.0,0.0,0.0,0.0,0.0,0.0,2
5128,20,6249,0.0,0.0,0.0,0.0,0.0,0.0,2
5129,20,6248,0.0,0.0,0.0,0.0,0.0,0.0,2
5130,20,6247,0.0,0.0,0.0,0.0,0.0,0.0,2
5131,20,6246,0.0,0.0,0.0,0.0,0.0,0.0,2
5132,20,6245,0.0,0.0,0.0,0.0,0.0,0.0,2
5133,20,6244,0.0,0.0,0.0,0.0,0.0,0.0,2
5134,20,6243,0.0,0.0,0.0,0.0,0.0,0.0,2
5135,20,6242,0.0,0.0,0.0,0.0,0.0,0.0,2
5136,20,6241,0.0,0.0,0.0,0.0,0.0,0.0,2
5137,20,6240,0.0,0.0,0.0,0.0,0.0,0.0,2
5138,20,6239,0.0,0.0,0.0,0.0,0.0,0.0,2
5139,20,6238,0.0,0.0,0.0,0.0,0.0,0.0,2
5140,20,6237,0.0,0.0,0.0,0.0,0.0,0.0,2
5141,20,4796,0.0,0.0,0.0,0.0,0.0,0.0,2
5142,20,6235,0.0,0.0,0.0,0.0,0.0,0.0,2
5143,20,6234,0.0,0.0,0.0,0.0,0.0,0.0,2
5144,20,6233,0.0,0.0,0.0,0.0,0.0,0.0,2
5145,20,6232,0.0,0.0,0.0,0.0,0.0,0.0,2
5146,20,6231,0.0,0.0,0.0,0.0,0.0,0.0,2
5147,20,6230,0.0,0.0,0.0,0.0,0.0,0.0,2
5148,20,6229,0.0,0.0,0.0,0.0,0.0,0.0,2
5149,20,6228,0.0,0.0,0.0,0.0,0.0,0.0,2
5150,20,6227,0.0,0.0,0.0,0.0,0.0,0.0,2
5151,20,6226,0.0,0.0,0.0,0.0,0.0,0.0,2
5152,20,6225,0.0,0.0,0.0,0.0,0.0,0.0,2
5153,20,6224,0.0,0.0,0.0,0.0,0.0,0.0,2
5154,20,6223,0.0,0.0,0.0,0.0,0.0,0.0,2
5155,20,6222,0.0,0.0,0.0,0.0,0.0,0.0,2
5156,20,5898,0.0,0.0,0.0,0.0,0.0,0.0,2
5157,20,5913,0.0,0.0,0.0,0.0,0.0,0.0,2
5158,20,5912,0.0,0.0,0.0,0.0,0.0,0.0,2
5159,20,5911,0.0,0.0,0.0,0.0,0.0,0.0,2
5160,20,5910,0.0,0.0,0.0,0.0,0.0,0.0,2
5161,20,5909,0.0,0.0,0.0,0.0,0.0,0.0,2
5162,20,5908,0.0,0.0,0.0,0.0,0.0,0.0,2
5163,20,5907,0.0,0.0,0.0,0.0,0.0,0.0,2
5164,20,5906,0.0,0.0,0.0,0.0,0.0,0.0,2
5165,20,5905,0.0,0.0,0.0,0.0,0.0,0.0,2
5166,20,5904,0.0,0.0,0.0,0.0,0.0,0.0,2
5167,20,5903,0.0,0.0,0.0,0.0,0.0,0.0,2
5168,20,5902,0.0,0.0,0.0,0.0,0.0,0.0,2
5169,20,5901,0.0,0.0,0.0,0.0,0.0,0.0,2
5170,20,5900,0.0,0.0,0.0,0.0,0.0,0.0,2
5171,20,5899,0.0,0.0,0.0,0.0,0.0,0.0,2
5172,20,5914,0.0,0.0,0.0,0.0,0.0,0.0,2
5173,20,5897,0.0,0.0,0.0,0.0,0.0,0.0,2
5174,20,5896,0.0,0.0,0.0,0.0,0.0,0.0,2
5175,20,5895,0.0,0.0,0.0,0.0,0.0,0.0,2
5176,20,5894,0.0,0.0,0.0,0.0,0.0,0.0,2
5177,20,5893,0.0,0.0,0.0,0.0,0.0,0.0,2
5178,20,5892,0.0,0.0,0.0,0.0,0.0,0.0,2
5179,20,5891,0.0,0.0,0.0,0.0,0.0,0.0,2
5180,20,5890,0.0,0.0,0.0,0.0,0.0,0.0,2
5181,20,5889,0.0,0.0,0.0,0.0,0.0,0.0,2
5182,20,5888,0.0,0.0,0.0,0.0,0.0,0.0,2
5183,20,5887,0.0,0.0,0.0,0.0,0.0,0.0,2
5184,20,5886,0.0,0.0,0.0,0.0,0.0,0.0,2
5185,20,5885,0.0,0.0,0.0,0.0,0.0,0.0,2
5186,20,5884,0.0,0.0,0.0,0.0,0.0,0.0,2
5187,20,5883,0.0,0.0,0.0,0.0,0.0,0.0,2
5188,20,5930,0.0,0.0,0.0,0.0,0.0,0.0,2
5189,20,5945,0.0,0.0,0.0,0.0,0.0,0.0,2
5190,20,5944,0.0,0.0,0.0,0.0,0.0,0.0,2
5191,20,5943,0.0,0.0,0.0,0.0,0.0,0.0,2
5192,20,5942,0.0,0.0,0.0,0.0,0.0,0.0,2
5193,20,5941,0.0,0.0,0.0,0.0,0.0,0.0,2
5194,20,5940,0.0,0.0,0.0,0.0,0.0,0.0,2
5195,20,5939,0.0,0.0,0.0,0.0,0.0,0.0,2
5196,20,5938,0.0,0.0,0.0,0.0,0.0,0.0,2
5197,20,5937,0.0,0.0,0.0,0.0,0.0,0.0,2
5198,20,5936,0.0,0.0,0.0,0.0,0.0,0.0,2
5199,20,5935,0.0,0.0,0.0,0.0,0.0,0.0,2
5200,20,5934,0.0,0.0,0.0,0.0,0.0,0.0,2
5201,20,5933,0.0,0.0,0.0,0.0,0.0,0.0,2
5202,20,5932,0.0,0.0,0.0,0.0,0.0,0.0,2
5203,20,5931,0.0,0.0,0.0,0.0,0.0,0.0,2
5204,20,5882,0.0,0.0,0.0,0.0,0.0,0.0,2
5205,20,5929,0.0,0.0,0.0,0.0,0.0,0.0,2
5206,20,5928,0.0,0.0,0.0,0.0,0.0,0.0,2
5207,20,5927,0.0,0.0,0.0,0.0,0.0,0.0,2
5208,20,5926,0.0,0.0,0.0,0.0,0.0,0.0,2
5209,20,5924,0.0,0.0,0.0,0.0,0.0,0.0,2
5210,20,5923,0.0,0.0,0.0,0.0,0.0,0.0,2
5211,20,5922,0.0,0.0,0.0,0.0,0.0,0.0,2
5212,20,5921,0.0,0.0,0.0,0.0,0.0,0.0,2
5213,20,5920,0.0,0.0,0.0,0.0,0.0,0.0,2
5214,20,5919,0.0,0.0,0.0,0.0,0.0,0.0,2
5215,20,5918,0.0,0.0,0.0,0.0,0.0,0.0,2
5216,20,5917,0.0,0.0,0.0,0.0,0.0,0.0,2
5217,20,5916,0.0,0.0,0.0,0.0,0.0,0.0,2
5218,20,5915,0.0,0.0,0.0,0.0,0.0,0.0,2
5219,20,5835,0.0,0.0,0.0,0.0,0.0,0.0,2
5220,20,5850,0.0,0.0,0.0,0.0,0.0,0.0,2
5221,20,5849,0.0,0.0,0.0,0.0,0.0,0.0,2
5222,20,5848,0.0,0.0,0.0,0.0,0.0,0.0,2
5223,20,5847,0.0,0.0,0.0,0.0,0.0,0.0,2
5224,20,5846,0.0,0.0,0.0,0.0,0.0,0.0,2
5225,20,5845,0.0,0.0,0.0,0.0,0.0,0.0,2
5226,20,5844,0.0,0.0,0.0,0.0,0.0,0.0,2
5227,20,5843,0.0,0.0,0.0,0.0,0.0,0.0,2
5228,20,5842,0.0,0.0,0.0,0.0,0.0,0.0,2
5229,20,5841,0.0,0.0,0.0,0.0,0.0,0.0,2
5230,20,5840,0.0,0.0,0.0,0.0,0.0,0.0,2
5231,20,5839,0.0,0.0,0.0,0.0,0.0,0.0,2
5232,20,5838,0.0,0.0,0.0,0.0,0.0,0.0,2
5233,20,5837,0.0,0.0,0.0,0.0,0.0,0.0,2
5234,20,5836,0.0,0.0,0.0,0.0,0.0,0.0,2
5235,20,5851,0.0,0.0,0.0,0.0,0.0,0.0,2
5236,20,5834,0.0,0.0,0.0,0.0,0.0,0.0,2
5237,20,5833,0.0,0.0,0.0,0.0,0.0,0.0,2
5238,20,5832,0.0,0.0,0.0,0.0,0.0,0.0,2
5239,20,5831,0.0,0.0,0.0,0.0,0.0,0.0,2
5240,20,5830,0.0,0.0,0.0,0.0,0.0,0.0,2
5241,20,5829,0.0,0.0,0.0,0.0,0.0,0.0,2
5242,20,5828,0.0,0.0,0.0,0.0,0.0,0.0,2
5243,20,5827,0.0,0.0,0.0,0.0,0.0,0.0,2
5244,20,5826,0.0,0.0,0.0,0.0,0.0,0.0,2
5245,20,5825,0.0,0.0,0.0,0.0,0.0,0.0,2
5246,20,5824,0.0,0.0,0.0,0.0,0.0,0.0,2
5247,20,5823,0.0,0.0,0.0,0.0,0.0,0.0,2
5248,20,5822,0.0,0.0,0.0,0.0,0.0,0.0,2
5249,20,5821,0.0,0.0,0.0,0.0,0.0,0.0,2
5250,20,5866,0.0,0.0,0.0,0.0,0.0,0.0,2
5251,20,5881,0.0,0.0,0.0,0.0,0.0,0.0,2
5252,20,5880,0.0,0.0,0.0,0.0,0.0,0.0,2
5253,20,5879,0.0,0.0,0.0,0.0,0.0,0.0,2
5254,20,5878,0.0,0.0,0.0,0.0,0.0,0.0,2
5255,20,5877,0.0,0.0,0.0,0.0,0.0,0.0,2
5256,20,5876,0.0,0.0,0.0,0.0,0.0,0.0,2
5257,20,5875,0.0,0.0,0.0,0.0,0.0,0.0,2
5258,20,5874,0.0,0.0,0.0,0.0,0.0,0.0,2
5259,20,5873,0.0,0.0,0.0,0.0,0.0,0.0,2
5260,20,5872,0.0,0.0,0.0,0.0,0.0,0.0,2
5261,20,5871,0.0,0.0,0.0,0.0,0.0,0.0,2
5262,20,5870,0.0,0.0,0.0,0.0,0.0,0.0,2
5263,20,5869,0.0,0.0,0.0,0.0,0.0,0.0,2
5264,20,5868,0.0,0.0,0.0,0.0,0.0,0.0,2
5265,20,5867,0.0,0.0,0.0,0.0,0.0,0.0,2
5266,20,5946,0.0,0.0,0.0,0.0,0.0,0.0,2
5267,20,5865,0.0,0.0,0.0,0.0,0.0,0.0,2
5268,20,5864,0.0,0.0,0.0,0.0,0.0,0.0,2
5269,20,5863,0.0,0.0,0.0,0.0,0.0,0.0,2
5270,20,5862,0.0,0.0,0.0,0.0,0.0,0.0,2
5271,20,5861,0.0,0.0,0.0,0.0,0.0,0.0,2
5272,20,5860,0.0,0.0,0.0,0.0,0.0,0.0,2
5273,20,5859,0.0,0.0,0.0,0.0,0.0,0.0,2
5274,20,5858,0.0,0.0,0.0,0.0,0.0,0.0,2
5275,20,5857,0.0,0.0,0.0,0.0,0.0,0.0,2
5276,20,5856,0.0,0.0,0.0,0.0,0.0,0.0,2
5277,20,5855,0.0,0.0,0.0,0.0,0.0,0.0,2
5278,20,5854,0.0,0.0,0.0,0.0,0.0,0.0,2
5279,20,5853,0.0,0.0,0.0,0.0,0.0,0.0,2
5280,20,5852,0.0,0.0,0.0,0.0,0.0,0.0,2
5281,20,6028,0.0,0.0,0.0,0.0,0.0,0.0,2
5282,20,6044,0.0,0.0,0.0,0.0,0.0,0.0,2
5283,20,6043,0.0,0.0,0.0,0.0,0.0,0.0,2
5284,20,6042,0.0,0.0,0.0,0.0,0.0,0.0,2
5285,20,6041,0.0,0.0,0.0,0.0,0.0,0.0,2
5286,20,6040,0.0,0.0,0.0,0.0,0.0,0.0,2
5287,20,6039,0.0,0.0,0.0,0.0,0.0,0.0,2
5288,20,6038,0.0,0.0,0.0,0.0,0.0,0.0,2
5289,20,6037,0.0,0.0,0.0,0.0,0.0,0.0,2
5290,20,6036,0.0,0.0,0.0,0.0,0.0,0.0,2
5291,20,6035,0.0,0.0,0.0,0.0,0.0,0.0,2
5292,20,6034,0.0,0.0,0.0,0.0,0.0,0.0,2
5293,20,6033,0.0,0.0,0.0,0.0,0.0,0.0,2
5294,20,6031,0.0,0.0,0.0,0.0,0.0,0.0,2
5295,20,6030,0.0,0.0,0.0,0.0,0.0,0.0,2
5296,20,6029,0.0,0.0,0.0,0.0,0.0,0.0,2
5297,20,6045,0.0,0.0,0.0,0.0,0.0,0.0,2
5298,20,6026,0.0,0.0,0.0,0.0,0.0,0.0,2
5299,20,6025,0.0,0.0,0.0,0.0,0.0,0.0,2
5300,20,6024,0.0,0.0,0.0,0.0,0.0,0.0,2
5301,20,6023,0.0,0.0,0.0,0.0,0.0,0.0,2
5302,20,6022,0.0,0.0,0.0,0.0,0.0,0.0,2
5303,20,6021,0.0,0.0,0.0,0.0,0.0,0.0,2
5304,20,6020,0.0,0.0,0.0,0.0,0.0,0.0,2
5305,20,6019,0.0,0.0,0.0,0.0,0.0,0.0,2
5306,20,6018,0.0,0.0,0.0,0.0,0.0,0.0,2
5307,20,6017,0.0,0.0,0.0,0.0,0.0,0.0,2
5308,20,6016,0.0,0.0,0.0,0.0,0.0,0.0,2
5309,20,6015,0.0,0.0,0.0,0.0,0.0,0.0,2
5310,20,6014,0.0,0.0,0.0,0.0,0.0,0.0,2
5311,20,6013,0.0,0.0,0.0,0.0,0.0,0.0,2
5312,20,6012,0.0,0.0,0.0,0.0,0.0,0.0,2
5313,20,6060,0.0,0.0,0.0,0.0,0.0,0.0,2
5314,20,6075,0.0,0.0,0.0,0.0,0.0,0.0,2
5315,20,6074,0.0,0.0,0.0,0.0,0.0,0.0,2
5316,20,6073,0.0,0.0,0.0,0.0,0.0,0.0,2
5317,20,6072,0.0,0.0,0.0,0.0,0.0,0.0,2
5318,20,6071,0.0,0.0,0.0,0.0,0.0,0.0,2
5319,20,6070,0.0,0.0,0.0,0.0,0.0,0.0,2
5320,20,6069,0.0,0.0,0.0,0.0,0.0,0.0,2
5321,20,6068,0.0,0.0,0.0,0.0,0.0,0.0,2
5322,20,6067,0.0,0.0,0.0,0.0,0.0,0.0,2
5323,20,6066,0.0,0.0,0.0,0.0,0.0,0.0,2
5324,20,6065,0.0,0.0,0.0,0.0,0.0,0.0,2
5325,20,6064,0.0,0.0,0.0,0.0,0.0,0.0,2
5326,20,6063,0.0,0.0,0.0,0.0,0.0,0.0,2
5327,20,6062,0.0,0.0,0.0,0.0,0.0,0.0,2
5328,20,6061,0.0,0.0,0.0,0.0,0.0,0.0,2
5329,20,6011,0.0,0.0,0.0,0.0,0.0,0.0,2
5330,20,6059,0.0,0.0,0.0,0.0,0.0,0.0,2
5331,20,6058,0.0,0.0,0.0,0.0,0.0,0.0,2
5332,20,6057,0.0,0.0,0.0,0.0,0.0,0.0,2
5333,20,6056,0.0,0.0,0.0,0.0,0.0,0.0,2
5334,20,6055,0.0,0.0,0.0,0.0,0.0,0.0,2
5335,20,6054,0.0,0.0,0.0,0.0,0.0,0.0,2
5336,20,6053,0.0,0.0,0.0,0.0,0.0,0.0,2
5337,20,6052,0.0,0.0,0.0,0.0,0.0,0.0,2
5338,20,6051,0.0,0.0,0.0,0.0,0.0,0.0,2
5339,20,6050,0.0,0.0,0.0,0.0,0.0,0.0,2
5340,20,6049,0.0,0.0,0.0,0.0,0.0,0.0,2
5341,20,6048,0.0,0.0,0.0,0.0,0.0,0.0,2
5342,20,6047,0.0,0.0,0.0,0.0,0.0,0.0,2
5343,20,6046,0.0,0.0,0.0,0.0,0.0,0.0,2
5344,20,5961,0.0,0.0,0.0,0.0,0.0,0.0,2
5345,20,5976,0.0,0.0,0.0,0.0,0.0,0.0,2
5346,20,5975,0.0,0.0,0.0,0.0,0.0,0.0,2
5347,20,5974,0.0,0.0,0.0,0.0,0.0,0.0,2
5348,20,5973,0.0,0.0,0.0,0.0,0.0,0.0,2
5349,20,5972,0.0,0.0,0.0,0.0,0.0,0.0,2
5350,20,5971,0.0,0.0,0.0,0.0,0.0,0.0,2
5351,20,5970,0.0,0.0,0.0,0.0,0.0,0.0,2
5352,20,5969,0.0,0.0,0.0,0.0,0.0,0.0,2
5353,20,5968,0.0,0.0,0.0,0.0,0.0,0.0,2
5354,20,5967,0.0,0.0,0.0,0.0,0.0,0.0,2
5355,20,5966,0.0,0.0,0.0,0.0,0.0,0.0,2
5356,20,5965,0.0,0.0,0.0,0.0,0.0,0.0,2
5357,20,5964,0.0,0.0,0.0,0.0,0.0,0.0,2
5358,20,5963,0.0,0.0,0.0,0.0,0.0,0.0,2
5359,20,5962,0.0,0.0,0.0,0.0,0.0,0.0,2
5360,20,5977,0.0,0.0,0.0,0.0,0.0,0.0,2
5361,20,5960,0.0,0.0,0.0,0.0,0.0,0.0,2
5362,20,5959,0.0,0.0,0.0,0.0,0.0,0.0,2
5363,20,5958,0.0,0.0,0.0,0.0,0.0,0.0,2
5364,20,5957,0.0,0.0,0.0,0.0,0.0,0.0,2
5365,20,5956,0.0,0.0,0.0,0.0,0.0,0.0,2
5366,20,5955,0.0,0.0,0.0,0.0,0.0,0.0,2
5367,20,5954,0.0,0.0,0.0,0.0,0.0,0.0,2
5368,20,5953,0.0,0.0,0.0,0.0,0.0,0.0,2
5369,20,5952,0.0,0.0,0.0,0.0,0.0,0.0,2
5370,20,5951,0.0,0.0,0.0,0.0,0.0,0.0,2
5371,20,5950,0.0,0.0,0.0,0.0,0.0,0.0,2
5372,20,5949,0.0,0.0,0.0,0.0,0.0,0.0,2
5373,20,5948,0.0,0.0,0.0,0.0,0.0,0.0,2
5374,20,5947,0.0,0.0,0.0,0.0,0.0,0.0,2
5375,20,5994,0.0,0.0,0.0,0.0,0.0,0.0,2
5376,20,6010,0.0,0.0,0.0,0.0,0.0,0.0,2
5377,20,6009,0.0,0.0,0.0,0.0,0.0,0.0,2
5378,20,6008,0.0,0.0,0.0,0.0,0.0,0.0,2
5379,20,6007,0.0,0.0,0.0,0.0,0.0,0.0,2
5380,20,6006,0.0,0.0,0.0,0.0,0.0,0.0,2
5381,20,6005,0.0,0.0,0.0,0.0,0.0,0.0,2
5382,20,6004,0.0,0.0,0.0,0.0,0.0,0.0,2
5383,20,6003,0.0,0.0,0.0,0.0,0.0,0.0,2
5384,20,6002,0.0,0.0,0.0,0.0,0.0,0.0,2
5385,20,6001,0.0,0.0,0.0,0.0,0.0,0.0,2
5386,20,6000,0.0,0.0,0.0,0.0,0.0,0.0,2
5387,20,5998,0.0,0.0,0.0,0.0,0.0,0.0,2
5388,20,5997,0.0,0.0,0.0,0.0,0.0,0.0,2
5389,20,5996,0.0,0.0,0.0,0.0,0.0,0.0,2
5390,20,5995,0.0,0.0,0.0,0.0,0.0,0.0,2
5391,20,5820,0.0,0.0,0.0,0.0,0.0,0.0,2
5392,20,5993,0.0,0.0,0.0,0.0,0.0,0.0,2
5393,20,5992,0.0,0.0,0.0,0.0,0.0,0.0,2
5394,20,5991,0.0,0.0,0.0,0.0,0.0,0.0,2
5395,20,5989,0.0,0.0,0.0,0.0,0.0,0.0,2
5396,20,5988,0.0,0.0,0.0,0.0,0.0,0.0,2
5397,20,5986,0.0,0.0,0.0,0.0,0.0,0.0,2
5398,20,5985,0.0,0.0,0.0,0.0,0.0,0.0,2
5399,20,5984,0.0,0.0,0.0,0.0,0.0,0.0,2
5400,20,5983,0.0,0.0,0.0,0.0,0.0,0.0,2
5401,20,5982,0.0,0.0,0.0,0.0,0.0,0.0,2
5402,20,5981,0.0,0.0,0.0,0.0,0.0,0.0,2
5403,20,5980,0.0,0.0,0.0,0.0,0.0,0.0,2
5404,20,5979,0.0,0.0,0.0,0.0,0.0,0.0,2
5405,20,5978,0.0,0.0,0.0,0.0,0.0,0.0,2
5406,20,5346,0.0,0.0,0.0,0.0,0.0,0.0,2
5407,20,5331,0.0,0.0,0.0,0.0,0.0,0.0,2
5408,20,5332,0.0,0.0,0.0,0.0,0.0,0.0,2
5409,20,5333,0.0,0.0,0.0,0.0,0.0,0.0,2
5410,20,5334,0.0,0.0,0.0,0.0,0.0,0.0,2
5411,20,5335,0.0,0.0,0.0,0.0,0.0,0.0,2
5412,20,5336,0.0,0.0,0.0,0.0,0.0,0.0,2
5413,20,5337,0.0,0.0,0.0,0.0,0.0,0.0,2
5414,20,5338,0.0,0.0,0.0,0.0,0.0,0.0,2
5415,20,5339,0.0,0.0,0.0,0.0,0.0,0.0,2
5416,20,5340,0.0,0.0,0.0,0.0,0.0,0.0,2
5417,20,5341,0.0,0.0,0.0,0.0,0.0,0.0,2
5418,20,5342,0.0,0.0,0.0,0.0,0.0,0.0,2
5419,20,5343,0.0,0.0,0.0,0.0,0.0,0.0,2
5420,20,5344,0.0,0.0,0.0,0.0,0.0,0.0,2
5421,20,5345,0.0,0.0,0.0,0.0,0.0,0.0,2
5422,20,5330,0.0,0.0,0.0,0.0,0.0,0.0,2
5423,20,5347,0.0,0.0,0.0,0.0,0.0,0.0,2
5424,20,5348,0.0,0.0,0.0,0.0,0.0,0.0,2
5425,20,5349,0.0,0.0,0.0,0.0,0.0,0.0,2
5426,20,5350,0.0,0.0,0.0,0.0,0.0,0.0,2
5427,20,5351,0.0,0.0,0.0,0.0,0.0,0.0,2
5428,20,5352,0.0,0.0,0.0,0.0,0.0,0.0,2
5429,20,5353,0.0,0.0,0.0,0.0,0.0,0.0,2
5430,20,5354,0.0,0.0,0.0,0.0,0.0,0.0,2
5431,20,5356,0.0,0.0,0.0,0.0,0.0,0.0,2
5432,20,5357,0.0,0.0,0.0,0.0,0.0,0.0,2
5433,20,5358,0.0,0.0,0.0,0.0,0.0,0.0,2
5434,20,5359,0.0,0.0,0.0,0.0,0.0,0.0,2
5435,20,5360,0.0,0.0,0.0,0.0,0.0,0.0,2
5436,20,5361,0.0,0.0,0.0,0.0,0.0,0.0,2
5437,20,5362,0.0,0.0,0.0,0.0,0.0,0.0,2
5438,20,5315,0.0,0.0,0.0,0.0,0.0,0.0,2
5439,20,5693,0.0,0.0,0.0,0.0,0.0,0.0,2
5440,20,5692,0.0,0.0,0.0,0.0,0.0,0.0,2
5441,20,5691,0.0,0.0,0.0,0.0,0.0,0.0,2
5442,20,5368,0.0,0.0,0.0,0.0,0.0,0.0,2
5443,20,5304,0.0,0.0,0.0,0.0,0.0,0.0,2
5444,20,5305,0.0,0.0,0.0,0.0,0.0,0.0,2
5445,20,5306,0.0,0.0,0.0,0.0,0.0,0.0,2
5446,20,5307,0.0,0.0,0.0,0.0,0.0,0.0,2
5447,20,5308,0.0,0.0,0.0,0.0,0.0,0.0,2
5448,20,5309,0.0,0.0,0.0,0.0,0.0,0.0,2
5449,20,5310,0.0,0.0,0.0,0.0,0.0,0.0,2
5450,20,5311,0.0,0.0,0.0,0.0,0.0,0.0,2
5451,20,5312,0.0,0.0,0.0,0.0,0.0,0.0,2
5452,20,5313,0.0,0.0,0.0,0.0,0.0,0.0,2
5453,20,5314,0.0,0.0,0.0,0.0,0.0,0.0,2
5454,20,5363,0.0,0.0,0.0,0.0,0.0,0.0,2
5455,20,5316,0.0,0.0,0.0,0.0,0.0,0.0,2
5456,20,5317,0.0,0.0,0.0,0.0,0.0,0.0,2
5457,20,5318,0.0,0.0,0.0,0.0,0.0,0.0,2
5458,20,5319,0.0,0.0,0.0,0.0,0.0,0.0,2
5459,20,5320,0.0,0.0,0.0,0.0,0.0,0.0,2
5460,20,5321,0.0,0.0,0.0,0.0,0.0,0.0,2
5461,20,5322,0.0,0.0,0.0,0.0,0.0,0.0,2
5462,20,5323,0.0,0.0,0.0,0.0,0.0,0.0,2
5463,20,5324,0.0,0.0,0.0,0.0,0.0,0.0,2
5464,20,5325,0.0,0.0,0.0,0.0,0.0,0.0,2
5465,20,5326,0.0,0.0,0.0,0.0,0.0,0.0,2
5466,20,5327,0.0,0.0,0.0,0.0,0.0,0.0,2
5467,20,5328,0.0,0.0,0.0,0.0,0.0,0.0,2
5468,20,5329,0.0,0.0,0.0,0.0,0.0,0.0,2
5469,20,5378,0.0,0.0,0.0,0.0,0.0,0.0,2
5470,20,5406,0.0,0.0,0.0,0.0,0.0,0.0,2
5471,20,5404,0.0,0.0,0.0,0.0,0.0,0.0,2
5472,20,5403,0.0,0.0,0.0,0.0,0.0,0.0,2
5473,20,5402,0.0,0.0,0.0,0.0,0.0,0.0,2
5474,20,5401,0.0,0.0,0.0,0.0,0.0,0.0,2
5475,20,5384,0.0,0.0,0.0,0.0,0.0,0.0,2
5476,20,5369,0.0,0.0,0.0,0.0,0.0,0.0,2
5477,20,5370,0.0,0.0,0.0,0.0,0.0,0.0,2
5478,20,5371,0.0,0.0,0.0,0.0,0.0,0.0,2
5479,20,5372,0.0,0.0,0.0,0.0,0.0,0.0,2
5480,20,5373,0.0,0.0,0.0,0.0,0.0,0.0,2
5481,20,5374,0.0,0.0,0.0,0.0,0.0,0.0,2
5482,20,5375,0.0,0.0,0.0,0.0,0.0,0.0,2
5483,20,5376,0.0,0.0,0.0,0.0,0.0,0.0,2
5484,20,5377,0.0,0.0,0.0,0.0,0.0,0.0,2
5485,20,5407,0.0,0.0,0.0,0.0,0.0,0.0,2
5486,20,5379,0.0,0.0,0.0,0.0,0.0,0.0,2
5487,20,5380,0.0,0.0,0.0,0.0,0.0,0.0,2
5488,20,5381,0.0,0.0,0.0,0.0,0.0,0.0,2
5489,20,5382,0.0,0.0,0.0,0.0,0.0,0.0,2
5490,20,5383,0.0,0.0,0.0,0.0,0.0,0.0,2
5491,20,5392,0.0,0.0,0.0,0.0,0.0,0.0,2
5492,20,5399,0.0,0.0,0.0,0.0,0.0,0.0,2
5493,20,5398,0.0,0.0,0.0,0.0,0.0,0.0,2
5494,20,5397,0.0,0.0,0.0,0.0,0.0,0.0,2
5495,20,5396,0.0,0.0,0.0,0.0,0.0,0.0,2
5496,20,5395,0.0,0.0,0.0,0.0,0.0,0.0,2
5497,20,5394,0.0,0.0,0.0,0.0,0.0,0.0,2
5498,20,5393,0.0,0.0,0.0,0.0,0.0,0.0,2
5499,20,5386,0.0,0.0,0.0,0.0,0.0,0.0,2
5500,20,5422,0.0,0.0,0.0,0.0,0.0,0.0,2
5501,20,5364,0.0,0.0,0.0,0.0,0.0,0.0,2
5502,20,5365,0.0,0.0,0.0,0.0,0.0,0.0,2
5503,20,5366,0.0,0.0,0.0,0.0,0.0,0.0,2
5504,20,5367,0.0,0.0,0.0,0.0,0.0,0.0,2
5505,20,5400,0.0,0.0,0.0,0.0,0.0,0.0,2
5506,20,5434,0.0,0.0,0.0,0.0,0.0,0.0,2
5507,20,5432,0.0,0.0,0.0,0.0,0.0,0.0,2
5508,20,5430,0.0,0.0,0.0,0.0,0.0,0.0,2
5509,20,5429,0.0,0.0,0.0,0.0,0.0,0.0,2
5510,20,5428,0.0,0.0,0.0,0.0,0.0,0.0,2
5511,20,5427,0.0,0.0,0.0,0.0,0.0,0.0,2
5512,20,5426,0.0,0.0,0.0,0.0,0.0,0.0,2
5513,20,5425,0.0,0.0,0.0,0.0,0.0,0.0,2
5514,20,5424,0.0,0.0,0.0,0.0,0.0,0.0,2
5515,20,5423,0.0,0.0,0.0,0.0,0.0,0.0,2
5516,20,5694,0.0,0.0,0.0,0.0,0.0,0.0,2
5517,20,5421,0.0,0.0,0.0,0.0,0.0,0.0,2
5518,20,5420,0.0,0.0,0.0,0.0,0.0,0.0,2
5519,20,5419,0.0,0.0,0.0,0.0,0.0,0.0,2
5520,20,5418,0.0,0.0,0.0,0.0,0.0,0.0,2
5521,20,5417,0.0,0.0,0.0,0.0,0.0,0.0,2
5522,20,5416,0.0,0.0,0.0,0.0,0.0,0.0,2
5523,20,5415,0.0,0.0,0.0,0.0,0.0,0.0,2
5524,20,5414,0.0,0.0,0.0,0.0,0.0,0.0,2
5525,20,5413,0.0,0.0,0.0,0.0,0.0,0.0,2
5526,20,5412,0.0,0.0,0.0,0.0,0.0,0.0,2
5527,20,5411,0.0,0.0,0.0,0.0,0.0,0.0,2
5528,20,5410,0.0,0.0,0.0,0.0,0.0,0.0,2
5529,20,5409,0.0,0.0,0.0,0.0,0.0,0.0,2
5530,20,5408,0.0,0.0,0.0,0.0,0.0,0.0,2
5531,20,5773,0.0,0.0,0.0,0.0,0.0,0.0,2
5532,20,5788,0.0,0.0,0.0,0.0,0.0,0.0,2
5533,20,5787,0.0,0.0,0.0,0.0,0.0,0.0,2
5534,20,5786,0.0,0.0,0.0,0.0,0.0,0.0,2
5535,20,5785,0.0,0.0,0.0,0.0,0.0,0.0,2
5536,20,5784,0.0,0.0,0.0,0.0,0.0,0.0,2
5537,20,5783,0.0,0.0,0.0,0.0,0.0,0.0,2
5538,20,5782,0.0,0.0,0.0,0.0,0.0,0.0,2
5539,20,5781,0.0,0.0,0.0,0.0,0.0,0.0,2
5540,20,5780,0.0,0.0,0.0,0.0,0.0,0.0,2
5541,20,5779,0.0,0.0,0.0,0.0,0.0,0.0,2
5542,20,5778,0.0,0.0,0.0,0.0,0.0,0.0,2
5543,20,5777,0.0,0.0,0.0,0.0,0.0,0.0,2
5544,20,5776,0.0,0.0,0.0,0.0,0.0,0.0,2
5545,20,5775,0.0,0.0,0.0,0.0,0.0,0.0,2
5546,20,5774,0.0,0.0,0.0,0.0,0.0,0.0,2
5547,20,5789,0.0,0.0,0.0,0.0,0.0,0.0,2
5548,20,5772,0.0,0.0,0.0,0.0,0.0,0.0,2
5549,20,5771,0.0,0.0,0.0,0.0,0.0,0.0,2
5550,20,5770,0.0,0.0,0.0,0.0,0.0,0.0,2
5551,20,5769,0.0,0.0,0.0,0.0,0.0,0.0,2
5552,20,5768,0.0,0.0,0.0,0.0,0.0,0.0,2
5553,20,5767,0.0,0.0,0.0,0.0,0.0,0.0,2
5554,20,5766,0.0,0.0,0.0,0.0,0.0,0.0,2
5555,20,5765,0.0,0.0,0.0,0.0,0.0,0.0,2
5556,20,5764,0.0,0.0,0.0,0.0,0.0,0.0,2
5557,20,5763,0.0,0.0,0.0,0.0,0.0,0.0,2
5558,20,5762,0.0,0.0,0.0,0.0,0.0,0.0,2
5559,20,5761,0.0,0.0,0.0,0.0,0.0,0.0,2
5560,20,5760,0.0,0.0,0.0,0.0,0.0,0.0,2
5561,20,5759,0.0,0.0,0.0,0.0,0.0,0.0,2
5562,20,5758,0.0,0.0,0.0,0.0,0.0,0.0,2
5563,20,5804,0.0,0.0,0.0,0.0,0.0,0.0,2
5564,20,5819,0.0,0.0,0.0,0.0,0.0,0.0,2
5565,20,5818,0.0,0.0,0.0,0.0,0.0,0.0,2
5566,20,5817,0.0,0.0,0.0,0.0,0.0,0.0,2
5567,20,5816,0.0,0.0,0.0,0.0,0.0,0.0,2
5568,20,5815,0.0,0.0,0.0,0.0,0.0,0.0,2
5569,20,5814,0.0,0.0,0.0,0.0,0.0,0.0,2
5570,20,5813,0.0,0.0,0.0,0.0,0.0,0.0,2
5571,20,5812,0.0,0.0,0.0,0.0,0.0,0.0,2
5572,20,5811,0.0,0.0,0.0,0.0,0.0,0.0,2
5573,20,5810,0.0,0.0,0.0,0.0,0.0,0.0,2
5574,20,5809,0.0,0.0,0.0,0.0,0.0,0.0,2
5575,20,5808,0.0,0.0,0.0,0.0,0.0,0.0,2
5576,20,5807,0.0,0.0,0.0,0.0,0.0,0.0,2
5577,20,5806,0.0,0.0,0.0,0.0,0.0,0.0,2
5578,20,5805,0.0,0.0,0.0,0.0,0.0,0.0,2
5579,20,5757,0.0,0.0,0.0,0.0,0.0,0.0,2
5580,20,5803,0.0,0.0,0.0,0.0,0.0,0.0,2
5581,20,5802,0.0,0.0,0.0,0.0,0.0,0.0,2
5582,20,5801,0.0,0.0,0.0,0.0,0.0,0.0,2
5583,20,5800,0.0,0.0,0.0,0.0,0.0,0.0,2
5584,20,5799,0.0,0.0,0.0,0.0,0.0,0.0,2
5585,20,5798,0.0,0.0,0.0,0.0,0.0,0.0,2
5586,20,5797,0.0,0.0,0.0,0.0,0.0,0.0,2
5587,20,5796,0.0,0.0,0.0,0.0,0.0,0.0,2
5588,20,5795,0.0,0.0,0.0,0.0,0.0,0.0,2
5589,20,5794,0.0,0.0,0.0,0.0,0.0,0.0,2
5590,20,5793,0.0,0.0,0.0,0.0,0.0,0.0,2
5591,20,5792,0.0,0.0,0.0,0.0,0.0,0.0,2
5592,20,5791,0.0,0.0,0.0,0.0,0.0,0.0,2
5593,20,5790,0.0,0.0,0.0,0.0,0.0,0.0,2
5594,20,5709,0.0,0.0,0.0,0.0,0.0,0.0,2
5595,20,5724,0.0,0.0,0.0,0.0,0.0,0.0,2
5596,20,5723,0.0,0.0,0.0,0.0,0.0,0.0,2
5597,20,5722,0.0,0.0,0.0,0.0,0.0,0.0,2
5598,20,5721,0.0,0.0,0.0,0.0,0.0,0.0,2
5599,20,5720,0.0,0.0,0.0,0.0,0.0,0.0,2
5600,20,5719,0.0,0.0,0.0,0.0,0.0,0.0,2
5601,20,5718,0.0,0.0,0.0,0.0,0.0,0.0,2
5602,20,5717,0.0,0.0,0.0,0.0,0.0,0.0,2
5603,20,5716,0.0,0.0,0.0,0.0,0.0,0.0,2
5604,20,5715,0.0,0.0,0.0,0.0,0.0,0.0,2
5605,20,5714,0.0,0.0,0.0,0.0,0.0,0.0,2
5606,20,5713,0.0,0.0,0.0,0.0,0.0,0.0,2
5607,20,5712,0.0,0.0,0.0,0.0,0.0,0.0,2
5608,20,5711,0.0,0.0,0.0,0.0,0.0,0.0,2
5609,20,5710,0.0,0.0,0.0,0.0,0.0,0.0,2
5610,20,5725,0.0,0.0,0.0,0.0,0.0,0.0,2
5611,20,5708,0.0,0.0,0.0,0.0,0.0,0.0,2
5612,20,5707,0.0,0.0,0.0,0.0,0.0,0.0,2
5613,20,5706,0.0,0.0,0.0,0.0,0.0,0.0,2
5614,20,5705,0.0,0.0,0.0,0.0,0.0,0.0,2
5615,20,5704,0.0,0.0,0.0,0.0,0.0,0.0,2
5616,20,5703,0.0,0.0,0.0,0.0,0.0,0.0,2
5617,20,5702,0.0,0.0,0.0,0.0,0.0,0.0,2
5618,20,5701,0.0,0.0,0.0,0.0,0.0,0.0,2
5619,20,5700,0.0,0.0,0.0,0.0,0.0,0.0,2
5620,20,5699,0.0,0.0,0.0,0.0,0.0,0.0,2
5621,20,5698,0.0,0.0,0.0,0.0,0.0,0.0,2
5622,20,5697,0.0,0.0,0.0,0.0,0.0,0.0,2
5623,20,5696,0.0,0.0,0.0,0.0,0.0,0.0,2
5624,20,5695,0.0,0.0,0.0,0.0,0.0,0.0,2
5625,20,5740,0.0,0.0,0.0,0.0,0.0,0.0,2
5626,20,5756,0.0,0.0,0.0,0.0,0.0,0.0,2
5627,20,5755,0.0,0.0,0.0,0.0,0.0,0.0,2
5628,20,5754,0.0,0.0,0.0,0.0,0.0,0.0,2
5629,20,5753,0.0,0.0,0.0,0.0,0.0,0.0,2
5630,20,5752,0.0,0.0,0.0,0.0,0.0,0.0,2
5631,20,5750,0.0,0.0,0.0,0.0,0.0,0.0,2
5632,20,5749,0.0,0.0,0.0,0.0,0.0,0.0,2
5633,20,5748,0.0,0.0,0.0,0.0,0.0,0.0,2
5634,20,5747,0.0,0.0,0.0,0.0,0.0,0.0,2
5635,20,5746,0.0,0.0,0.0,0.0,0.0,0.0,2
5636,20,5745,0.0,0.0,0.0,0.0,0.0,0.0,2
5637,20,5744,0.0,0.0,0.0,0.0,0.0,0.0,2
5638,20,5743,0.0,0.0,0.0,0.0,0.0,0.0,2
5639,20,5742,0.0,0.0,0.0,0.0,0.0,0.0,2
5640,20,5741,0.0,0.0,0.0,0.0,0.0,0.0,2
5641,20,6076,0.0,0.0,0.0,0.0,0.0,0.0,2
5642,20,5739,0.0,0.0,0.0,0.0,0.0,0.0,2
5643,20,5738,0.0,0.0,0.0,0.0,0.0,0.0,2
5644,20,5737,0.0,0.0,0.0,0.0,0.0,0.0,2
5645,20,5736,0.0,0.0,0.0,0.0,0.0,0.0,2
5646,20,5735,0.0,0.0,0.0,0.0,0.0,0.0,2
5647,20,5734,0.0,0.0,0.0,0.0,0.0,0.0,2
5648,20,5733,0.0,0.0,0.0,0.0,0.0,0.0,2
5649,20,5732,0.0,0.0,0.0,0.0,0.0,0.0,2
5650,20,5731,0.0,0.0,0.0,0.0,0.0,0.0,2
5651,20,5730,0.0,0.0,0.0,0.0,0.0,0.0,2
5652,20,5729,0.0,0.0,0.0,0.0,0.0,0.0,2
5653,20,5728,0.0,0.0,0.0,0.0,0.0,0.0,2
5654,20,5727,0.0,0.0,0.0,0.0,0.0,0.0,2
5655,20,5726,0.0,0.0,0.0,0.0,0.0,0.0,2
5656,20,4971,0.0,0.0,0.0,0.0,0.0,0.0,2
5657,20,4955,0.0,0.0,0.0,0.0,0.0,0.0,2
5658,20,4956,0.0,0.0,0.0,0.0,0.0,0.0,2
5659,20,4957,0.0,0.0,0.0,0.0,0.0,0.0,2
5660,20,4958,0.0,0.0,0.0,0.0,0.0,0.0,2
5661,20,4959,0.0,0.0,0.0,0.0,0.0,0.0,2
5662,20,4960,0.0,0.0,0.0,0.0,0.0,0.0,2
5663,20,4961,0.0,0.0,0.0,0.0,0.0,0.0,2
5664,20,4962,0.0,0.0,0.0,0.0,0.0,0.0,2
5665,20,4963,0.0,0.0,0.0,0.0,0.0,0.0,2
5666,20,4964,0.0,0.0,0.0,0.0,0.0,0.0,2
5667,20,4965,0.0,0.0,0.0,0.0,0.0,0.0,2
5668,20,4966,0.0,0.0,0.0,0.0,0.0,0.0,2
5669,20,4967,0.0,0.0,0.0,0.0,0.0,0.0,2
5670,20,4968,0.0,0.0,0.0,0.0,0.0,0.0,2
5671,20,4969,0.0,0.0,0.0,0.0,0.0,0.0,2
5672,20,4954,0.0,0.0,0.0,0.0,0.0,0.0,2
5673,20,4972,0.0,0.0,0.0,0.0,0.0,0.0,2
5674,20,4973,0.0,0.0,0.0,0.0,0.0,0.0,2
5675,20,4975,0.0,0.0,0.0,0.0,0.0,0.0,2
5676,20,4976,0.0,0.0,0.0,0.0,0.0,0.0,2
5677,20,4977,0.0,0.0,0.0,0.0,0.0,0.0,2
5678,20,4978,0.0,0.0,0.0,0.0,0.0,0.0,2
5679,20,4979,0.0,0.0,0.0,0.0,0.0,0.0,2
5680,20,4980,0.0,0.0,0.0,0.0,0.0,0.0,2
5681,20,4981,0.0,0.0,0.0,0.0,0.0,0.0,2
5682,20,4982,0.0,0.0,0.0,0.0,0.0,0.0,2
5683,20,4983,0.0,0.0,0.0,0.0,0.0,0.0,2
5684,20,4984,0.0,0.0,0.0,0.0,0.0,0.0,2
5685,20,4985,0.0,0.0,0.0,0.0,0.0,0.0,2
5686,20,4986,0.0,0.0,0.0,0.0,0.0,0.0,2
5687,20,4987,0.0,0.0,0.0,0.0,0.0,0.0,2
5688,20,4939,0.0,0.0,0.0,0.0,0.0,0.0,2
5689,20,4924,0.0,0.0,0.0,0.0,0.0,0.0,2
5690,20,4925,0.0,0.0,0.0,0.0,0.0,0.0,2
5691,20,4926,0.0,0.0,0.0,0.0,0.0,0.0,2
5692,20,4927,0.0,0.0,0.0,0.0,0.0,0.0,2
5693,20,4928,0.0,0.0,0.0,0.0,0.0,0.0,2
5694,20,4929,0.0,0.0,0.0,0.0,0.0,0.0,2
5695,20,4930,0.0,0.0,0.0,0.0,0.0,0.0,2
5696,20,4931,0.0,0.0,0.0,0.0,0.0,0.0,2
5697,20,4932,0.0,0.0,0.0,0.0,0.0,0.0,2
5698,20,4933,0.0,0.0,0.0,0.0,0.0,0.0,2
5699,20,4934,0.0,0.0,0.0,0.0,0.0,0.0,2
5700,20,4935,0.0,0.0,0.0,0.0,0.0,0.0,2
5701,20,4936,0.0,0.0,0.0,0.0,0.0,0.0,2
5702,20,4937,0.0,0.0,0.0,0.0,0.0,0.0,2
5703,20,4938,0.0,0.0,0.0,0.0,0.0,0.0,2
5704,20,4988,0.0,0.0,0.0,0.0,0.0,0.0,2
5705,20,4940,0.0,0.0,0.0,0.0,0.0,0.0,2
5706,20,4941,0.0,0.0,0.0,0.0,0.0,0.0,2
5707,20,4942,0.0,0.0,0.0,0.0,0.0,0.0,2
5708,20,4943,0.0,0.0,0.0,0.0,0.0,0.0,2
5709,20,4944,0.0,0.0,0.0,0.0,0.0,0.0,2
5710,20,4945,0.0,0.0,0.0,0.0,0.0,0.0,2
5711,20,4946,0.0,0.0,0.0,0.0,0.0,0.0,2
5712,20,4947,0.0,0.0,0.0,0.0,0.0,0.0,2
5713,20,4948,0.0,0.0,0.0,0.0,0.0,0.0,2
5714,20,4949,0.0,0.0,0.0,0.0,0.0,0.0,2
5715,20,4950,0.0,0.0,0.0,0.0,0.0,0.0,2
5716,20,4951,0.0,0.0,0.0,0.0,0.0,0.0,2
5717,20,4952,0.0,0.0,0.0,0.0,0.0,0.0,2
5718,20,4953,0.0,0.0,0.0,0.0,0.0,0.0,2
5719,20,5036,0.0,0.0,0.0,0.0,0.0,0.0,2
5720,20,5021,0.0,0.0,0.0,0.0,0.0,0.0,2
5721,20,5022,0.0,0.0,0.0,0.0,0.0,0.0,2
5722,20,5023,0.0,0.0,0.0,0.0,0.0,0.0,2
5723,20,5024,0.0,0.0,0.0,0.0,0.0,0.0,2
5724,20,5025,0.0,0.0,0.0,0.0,0.0,0.0,2
5725,20,5026,0.0,0.0,0.0,0.0,0.0,0.0,2
5726,20,5027,0.0,0.0,0.0,0.0,0.0,0.0,2
5727,20,5028,0.0,0.0,0.0,0.0,0.0,0.0,2
5728,20,5029,0.0,0.0,0.0,0.0,0.0,0.0,2
5729,20,5030,0.0,0.0,0.0,0.0,0.0,0.0,2
5730,20,5031,0.0,0.0,0.0,0.0,0.0,0.0,2
5731,20,5032,0.0,0.0,0.0,0.0,0.0,0.0,2
5732,20,5033,0.0,0.0,0.0,0.0,0.0,0.0,2
5733,20,5034,0.0,0.0,0.0,0.0,0.0,0.0,2
5734,20,5035,0.0,0.0,0.0,0.0,0.0,0.0,2
5735,20,5020,0.0,0.0,0.0,0.0,0.0,0.0,2
5736,20,5037,0.0,0.0,0.0,0.0,0.0,0.0,2
5737,20,5038,0.0,0.0,0.0,0.0,0.0,0.0,2
5738,20,5039,0.0,0.0,0.0,0.0,0.0,0.0,2
5739,20,5040,0.0,0.0,0.0,0.0,0.0,0.0,2
5740,20,5041,0.0,0.0,0.0,0.0,0.0,0.0,2
5741,20,5042,0.0,0.0,0.0,0.0,0.0,0.0,2
5742,20,5043,0.0,0.0,0.0,0.0,0.0,0.0,2
5743,20,5044,0.0,0.0,0.0,0.0,0.0,0.0,2
5744,20,5045,0.0,0.0,0.0,0.0,0.0,0.0,2
5745,20,5046,0.0,0.0,0.0,0.0,0.0,0.0,2
5746,20,5047,0.0,0.0,0.0,0.0,0.0,0.0,2
5747,20,5048,0.0,0.0,0.0,0.0,0.0,0.0,2
5748,20,5049,0.0,0.0,0.0,0.0,0.0,0.0,2
5749,20,5050,0.0,0.0,0.0,0.0,0.0,0.0,2
5750,20,5005,0.0,0.0,0.0,0.0,0.0,0.0,2
5751,20,4990,0.0,0.0,0.0,0.0,0.0,0.0,2
5752,20,4991,0.0,0.0,0.0,0.0,0.0,0.0,2
5753,20,4992,0.0,0.0,0.0,0.0,0.0,0.0,2
5754,20,4993,0.0,0.0,0.0,0.0,0.0,0.0,2
5755,20,4994,0.0,0.0,0.0,0.0,0.0,0.0,2
5756,20,4995,0.0,0.0,0.0,0.0,0.0,0.0,2
5757,20,4996,0.0,0.0,0.0,0.0,0.0,0.0,2
5758,20,4997,0.0,0.0,0.0,0.0,0.0,0.0,2
5759,20,4998,0.0,0.0,0.0,0.0,0.0,0.0,2
5760,20,4999,0.0,0.0,0.0,0.0,0.0,0.0,2
5761,20,5000,0.0,0.0,0.0,0.0,0.0,0.0,2
5762,20,5001,0.0,0.0,0.0,0.0,0.0,0.0,2
5763,20,5002,0.0,0.0,0.0,0.0,0.0,0.0,2
5764,20,5003,0.0,0.0,0.0,0.0,0.0,0.0,2
5765,20,5004,0.0,0.0,0.0,0.0,0.0,0.0,2
5766,20,4923,0.0,0.0,0.0,0.0,0.0,0.0,2
5767,20,5006,0.0,0.0,0.0,0.0,0.0,0.0,2
5768,20,5007,0.0,0.0,0.0,0.0,0.0,0.0,2
5769,20,5008,0.0,0.0,0.0,0.0,0.0,0.0,2
5770,20,5009,0.0,0.0,0.0,0.0,0.0,0.0,2
5771,20,5010,0.0,0.0,0.0,0.0,0.0,0.0,2
5772,20,5011,0.0,0.0,0.0,0.0,0.0,0.0,2
5773,20,5012,0.0,0.0,0.0,0.0,0.0,0.0,2
5774,20,5013,0.0,0.0,0.0,0.0,0.0,0.0,2
5775,20,5014,0.0,0.0,0.0,0.0,0.0,0.0,2
5776,20,5015,0.0,0.0,0.0,0.0,0.0,0.0,2
5777,20,5016,0.0,0.0,0.0,0.0,0.0,0.0,2
5778,20,5017,0.0,0.0,0.0,0.0,0.0,0.0,2
5779,20,5018,0.0,0.0,0.0,0.0,0.0,0.0,2
5780,20,5019,0.0,0.0,0.0,0.0,0.0,0.0,2
5781,20,4843,0.0,0.0,0.0,0.0,0.0,0.0,2
5782,20,4828,0.0,0.0,0.0,0.0,0.0,0.0,2
5783,20,4829,0.0,0.0,0.0,0.0,0.0,0.0,2
5784,20,4830,0.0,0.0,0.0,0.0,0.0,0.0,2
5785,20,4831,0.0,0.0,0.0,0.0,0.0,0.0,2
5786,20,4832,0.0,0.0,0.0,0.0,0.0,0.0,2
5787,20,4833,0.0,0.0,0.0,0.0,0.0,0.0,2
5788,20,4834,0.0,0.0,0.0,0.0,0.0,0.0,2
5789,20,4835,0.0,0.0,0.0,0.0,0.0,0.0,2
5790,20,4836,0.0,0.0,0.0,0.0,0.0,0.0,2
5791,20,4837,0.0,0.0,0.0,0.0,0.0,0.0,2
5792,20,4838,0.0,0.0,0.0,0.0,0.0,0.0,2
5793,20,4839,0.0,0.0,0.0,0.0,0.0,0.0,2
5794,20,4840,0.0,0.0,0.0,0.0,0.0,0.0,2
5795,20,4841,0.0,0.0,0.0,0.0,0.0,0.0,2
5796,20,4842,0.0,0.0,0.0,0.0,0.0,0.0,2
5797,20,4827,0.0,0.0,0.0,0.0,0.0,0.0,2
5798,20,4845,0.0,0.0,0.0,0.0,0.0,0.0,2
5799,20,4846,0.0,0.0,0.0,0.0,0.0,0.0,2
5800,20,4847,0.0,0.0,0.0,0.0,0.0,0.0,2
5801,20,4848,0.0,0.0,0.0,0.0,0.0,0.0,2
5802,20,4849,0.0,0.0,0.0,0.0,0.0,0.0,2
5803,20,4850,0.0,0.0,0.0,0.0,0.0,0.0,2
5804,20,4851,0.0,0.0,0.0,0.0,0.0,0.0,2
5805,20,4852,0.0,0.0,0.0,0.0,0.0,0.0,2
5806,20,4853,0.0,0.0,0.0,0.0,0.0,0.0,2
5807,20,4854,0.0,0.0,0.0,0.0,0.0,0.0,2
5808,20,4855,0.0,0.0,0.0,0.0,0.0,0.0,2
5809,20,4856,0.0,0.0,0.0,0.0,0.0,0.0,2
5810,20,4857,0.0,0.0,0.0,0.0,0.0,0.0,2
5811,20,4858,0.0,0.0,0.0,0.0,0.0,0.0,2
5812,20,4859,0.0,0.0,0.0,0.0,0.0,0.0,2
5813,20,4812,0.0,0.0,0.0,0.0,0.0,0.0,2
5814,20,4797,0.0,0.0,0.0,0.0,0.0,0.0,2
5815,20,4798,0.0,0.0,0.0,0.0,0.0,0.0,2
5816,20,4799,0.0,0.0,0.0,0.0,0.0,0.0,2
5817,20,4800,0.0,0.0,0.0,0.0,0.0,0.0,2
5818,20,4801,0.0,0.0,0.0,0.0,0.0,0.0,2
5819,20,4802,0.0,0.0,0.0,0.0,0.0,0.0,2
5820,20,4803,0.0,0.0,0.0,0.0,0.0,0.0,2
5821,20,4804,0.0,0.0,0.0,0.0,0.0,0.0,2
5822,20,4805,0.0,0.0,0.0,0.0,0.0,0.0,2
5823,20,4806,0.0,0.0,0.0,0.0,0.0,0.0,2
5824,20,4807,0.0,0.0,0.0,0.0,0.0,0.0,2
5825,20,4808,0.0,0.0,0.0,0.0,0.0,0.0,2
5826,20,4809,0.0,0.0,0.0,0.0,0.0,0.0,2
5827,20,4810,0.0,0.0,0.0,0.0,0.0,0.0,2
5828,20,4811,0.0,0.0,0.0,0.0,0.0,0.0,2
5829,20,4860,0.0,0.0,0.0,0.0,0.0,0.0,2
5830,20,4813,0.0,0.0,0.0,0.0,0.0,0.0,2
5831,20,4814,0.0,0.0,0.0,0.0,0.0,0.0,2
5832,20,4815,0.0,0.0,0.0,0.0,0.0,0.0,2
5833,20,4816,0.0,0.0,0.0,0.0,0.0,0.0,2
5834,20,4817,0.0,0.0,0.0,0.0,0.0,0.0,2
5835,20,4818,0.0,0.0,0.0,0.0,0.0,0.0,2
5836,20,4819,0.0,0.0,0.0,0.0,0.0,0.0,2
5837,20,4820,0.0,0.0,0.0,0.0,0.0,0.0,2
5838,20,4821,0.0,0.0,0.0,0.0,0.0,0.0,2
5839,20,4822,0.0,0.0,0.0,0.0,0.0,0.0,2
5840,20,4823,0.0,0.0,0.0,0.0,0.0,0.0,2
5841,20,4824,0.0,0.0,0.0,0.0,0.0,0.0,2
5842,20,4825,0.0,0.0,0.0,0.0,0.0,0.0,2
5843,20,4826,0.0,0.0,0.0,0.0,0.0,0.0,2
5844,20,4908,0.0,0.0,0.0,0.0,0.0,0.0,2
5845,20,4892,0.0,0.0,0.0,0.0,0.0,0.0,2
5846,20,4893,0.0,0.0,0.0,0.0,0.0,0.0,2
5847,20,4894,0.0,0.0,0.0,0.0,0.0,0.0,2
5848,20,4895,0.0,0.0,0.0,0.0,0.0,0.0,2
5849,20,4896,0.0,0.0,0.0,0.0,0.0,0.0,2
5850,20,4898,0.0,0.0,0.0,0.0,0.0,0.0,2
5851,20,4899,0.0,0.0,0.0,0.0,0.0,0.0,2
5852,20,4900,0.0,0.0,0.0,0.0,0.0,0.0,2
5853,20,4901,0.0,0.0,0.0,0.0,0.0,0.0,2
5854,20,4902,0.0,0.0,0.0,0.0,0.0,0.0,2
5855,20,4903,0.0,0.0,0.0,0.0,0.0,0.0,2
5856,20,4904,0.0,0.0,0.0,0.0,0.0,0.0,2
5857,20,4905,0.0,0.0,0.0,0.0,0.0,0.0,2
5858,20,4906,0.0,0.0,0.0,0.0,0.0,0.0,2
5859,20,4907,0.0,0.0,0.0,0.0,0.0,0.0,2
5860,20,4891,0.0,0.0,0.0,0.0,0.0,0.0,2
5861,20,4909,0.0,0.0,0.0,0.0,0.0,0.0,2
5862,20,4910,0.0,0.0,0.0,0.0,0.0,0.0,2
5863,20,4911,0.0,0.0,0.0,0.0,0.0,0.0,2
5864,20,4912,0.0,0.0,0.0,0.0,0.0,0.0,2
5865,20,4913,0.0,0.0,0.0,0.0,0.0,0.0,2
5866,20,4914,0.0,0.0,0.0,0.0,0.0,0.0,2
5867,20,4915,0.0,0.0,0.0,0.0,0.0,0.0,2
5868,20,4916,0.0,0.0,0.0,0.0,0.0,0.0,2
5869,20,4917,0.0,0.0,0.0,0.0,0.0,0.0,2
5870,20,4918,0.0,0.0,0.0,0.0,0.0,0.0,2
5871,20,4919,0.0,0.0,0.0,0.0,0.0,0.0,2
5872,20,4920,0.0,0.0,0.0,0.0,0.0,0.0,2
5873,20,4921,0.0,0.0,0.0,0.0,0.0,0.0,2
5874,20,4922,0.0,0.0,0.0,0.0,0.0,0.0,2
5875,20,4876,0.0,0.0,0.0,0.0,0.0,0.0,2
5876,20,4861,0.0,0.0,0.0,0.0,0.0,0.0,2
5877,20,4862,0.0,0.0,0.0,0.0,0.0,0.0,2
5878,20,4863,0.0,0.0,0.0,0.0,0.0,0.0,2
5879,20,4864,0.0,0.0,0.0,0.0,0.0,0.0,2
5880,20,4865,0.0,0.0,0.0,0.0,0.0,0.0,2
5881,20,4866,0.0,0.0,0.0,0.0,0.0,0.0,2
5882,20,4867,0.0,0.0,0.0,0.0,0.0,0.0,2
5883,20,4868,0.0,0.0,0.0,0.0,0.0,0.0,2
5884,20,4869,0.0,0.0,0.0,0.0,0.0,0.0,2
5885,20,4870,0.0,0.0,0.0,0.0,0.0,0.0,2
5886,20,4871,0.0,0.0,0.0,0.0,0.0,0.0,2
5887,20,4872,0.0,0.0,0.0,0.0,0.0,0.0,2
5888,20,4873,0.0,0.0,0.0,0.0,0.0,0.0,2
5889,20,4874,0.0,0.0,0.0,0.0,0.0,0.0,2
5890,20,4875,0.0,0.0,0.0,0.0,0.0,0.0,2
5891,20,5051,0.0,0.0,0.0,0.0,0.0,0.0,2
5892,20,4877,0.0,0.0,0.0,0.0,0.0,0.0,2
5893,20,4878,0.0,0.0,0.0,0.0,0.0,0.0,2
5894,20,4879,0.0,0.0,0.0,0.0,0.0,0.0,2
5895,20,4880,0.0,0.0,0.0,0.0,0.0,0.0,2
5896,20,4881,0.0,0.0,0.0,0.0,0.0,0.0,2
5897,20,4882,0.0,0.0,0.0,0.0,0.0,0.0,2
5898,20,4883,0.0,0.0,0.0,0.0,0.0,0.0,2
5899,20,4884,0.0,0.0,0.0,0.0,0.0,0.0,2
5900,20,4885,0.0,0.0,0.0,0.0,0.0,0.0,2
5901,20,4886,0.0,0.0,0.0,0.0,0.0,0.0,2
5902,20,4887,0.0,0.0,0.0,0.0,0.0,0.0,2
5903,20,4888,0.0,0.0,0.0,0.0,0.0,0.0,2
5904,20,4889,0.0,0.0,0.0,0.0,0.0,0.0,2
5905,20,4890,0.0,0.0,0.0,0.0,0.0,0.0,2
5906,20,6155,0.0,0.0,0.0,0.0,0.0,0.0,2
5907,20,6171,0.0,0.0,0.0,0.0,0.0,0.0,2
5908,20,6170,0.0,0.0,0.0,0.0,0.0,0.0,2
5909,20,6168,0.0,0.0,0.0,0.0,0.0,0.0,2
5910,20,6167,0.0,0.0,0.0,0.0,0.0,0.0,2
5911,20,6166,0.0,0.0,0.0,0.0,0.0,0.0,2
5912,20,6165,0.0,0.0,0.0,0.0,0.0,0.0,2
5913,20,6164,0.0,0.0,0.0,0.0,0.0,0.0,2
5914,20,6163,0.0,0.0,0.0,0.0,0.0,0.0,2
5915,20,6162,0.0,0.0,0.0,0.0,0.0,0.0,2
5916,20,6161,0.0,0.0,0.0,0.0,0.0,0.0,2
5917,20,6160,0.0,0.0,0.0,0.0,0.0,0.0,2
5918,20,6159,0.0,0.0,0.0,0.0,0.0,0.0,2
5919,20,6158,0.0,0.0,0.0,0.0,0.0,0.0,2
5920,20,6157,0.0,0.0,0.0,0.0,0.0,0.0,2
5921,20,6156,0.0,0.0,0.0,0.0,0.0,0.0,2
5922,20,6172,0.0,0.0,0.0,0.0,0.0,0.0,2
5923,20,6154,0.0,0.0,0.0,0.0,0.0,0.0,2
5924,20,6153,0.0,0.0,0.0,0.0,0.0,0.0,2
5925,20,6152,0.0,0.0,0.0,0.0,0.0,0.0,2
5926,20,6151,0.0,0.0,0.0,0.0,0.0,0.0,2
5927,20,6150,0.0,0.0,0.0,0.0,0.0,0.0,2
5928,20,6149,0.0,0.0,0.0,0.0,0.0,0.0,2
5929,20,6148,0.0,0.0,0.0,0.0,0.0,0.0,2
5930,20,6147,0.0,0.0,0.0,0.0,0.0,0.0,2
5931,20,6146,0.0,0.0,0.0,0.0,0.0,0.0,2
5932,20,6145,0.0,0.0,0.0,0.0,0.0,0.0,2
5933,20,6144,0.0,0.0,0.0,0.0,0.0,0.0,2
5934,20,6143,0.0,0.0,0.0,0.0,0.0,0.0,2
5935,20,6142,0.0,0.0,0.0,0.0,0.0,0.0,2
5936,20,6141,0.0,0.0,0.0,0.0,0.0,0.0,2
5937,20,6140,0.0,0.0,0.0,0.0,0.0,0.0,2
5938,20,6187,0.0,0.0,0.0,0.0,0.0,0.0,2
5939,20,6202,0.0,0.0,0.0,0.0,0.0,0.0,2
5940,20,6201,0.0,0.0,0.0,0.0,0.0,0.0,2
5941,20,6200,0.0,0.0,0.0,0.0,0.0,0.0,2
5942,20,6199,0.0,0.0,0.0,0.0,0.0,0.0,2
5943,20,6198,0.0,0.0,0.0,0.0,0.0,0.0,2
5944,20,6197,0.0,0.0,0.0,0.0,0.0,0.0,2
5945,20,6196,0.0,0.0,0.0,0.0,0.0,0.0,2
5946,20,6195,0.0,0.0,0.0,0.0,0.0,0.0,2
5947,20,6194,0.0,0.0,0.0,0.0,0.0,0.0,2
5948,20,6193,0.0,0.0,0.0,0.0,0.0,0.0,2
5949,20,6192,0.0,0.0,0.0,0.0,0.0,0.0,2
5950,20,6191,0.0,0.0,0.0,0.0,0.0,0.0,2
5951,20,6190,0.0,0.0,0.0,0.0,0.0,0.0,2
5952,20,6189,0.0,0.0,0.0,0.0,0.0,0.0,2
5953,20,6188,0.0,0.0,0.0,0.0,0.0,0.0,2
5954,20,6139,0.0,0.0,0.0,0.0,0.0,0.0,2
5955,20,6186,0.0,0.0,0.0,0.0,0.0,0.0,2
5956,20,6185,0.0,0.0,0.0,0.0,0.0,0.0,2
5957,20,6184,0.0,0.0,0.0,0.0,0.0,0.0,2
5958,20,6183,0.0,0.0,0.0,0.0,0.0,0.0,2
5959,20,6182,0.0,0.0,0.0,0.0,0.0,0.0,2
5960,20,6181,0.0,0.0,0.0,0.0,0.0,0.0,2
5961,20,6180,0.0,0.0,0.0,0.0,0.0,0.0,2
5962,20,6179,0.0,0.0,0.0,0.0,0.0,0.0,2
5963,20,6178,0.0,0.0,0.0,0.0,0.0,0.0,2
5964,20,6177,0.0,0.0,0.0,0.0,0.0,0.0,2
5965,20,6176,0.0,0.0,0.0,0.0,0.0,0.0,2
5966,20,6175,0.0,0.0,0.0,0.0,0.0,0.0,2
5967,20,6174,0.0,0.0,0.0,0.0,0.0,0.0,2
5968,20,6173,0.0,0.0,0.0,0.0,0.0,0.0,2
5969,20,6091,0.0,0.0,0.0,0.0,0.0,0.0,2
5970,20,6106,0.0,0.0,0.0,0.0,0.0,0.0,2
5971,20,6105,0.0,0.0,0.0,0.0,0.0,0.0,2
5972,20,6104,0.0,0.0,0.0,0.0,0.0,0.0,2
5973,20,6103,0.0,0.0,0.0,0.0,0.0,0.0,2
5974,20,6102,0.0,0.0,0.0,0.0,0.0,0.0,2
5975,20,6101,0.0,0.0,0.0,0.0,0.0,0.0,2
5976,20,6100,0.0,0.0,0.0,0.0,0.0,0.0,2
5977,20,6099,0.0,0.0,0.0,0.0,0.0,0.0,2
5978,20,6098,0.0,0.0,0.0,0.0,0.0,0.0,2
5979,20,6097,0.0,0.0,0.0,0.0,0.0,0.0,2
5980,20,6096,0.0,0.0,0.0,0.0,0.0,0.0,2
5981,20,6095,0.0,0.0,0.0,0.0,0.0,0.0,2
5982,20,6094,0.0,0.0,0.0,0.0,0.0,0.0,2
5983,20,6093,0.0,0.0,0.0,0.0,0.0,0.0,2
5984,20,6092,0.0,0.0,0.0,0.0,0.0,0.0,2
5985,20,6107,0.0,0.0,0.0,0.0,0.0,0.0,2
5986,20,6090,0.0,0.0,0.0,0.0,0.0,0.0,2
5987,20,6089,0.0,0.0,0.0,0.0,0.0,0.0,2
5988,20,6088,0.0,0.0,0.0,0.0,0.0,0.0,2
5989,20,6087,0.0,0.0,0.0,0.0,0.0,0.0,2
5990,20,6086,0.0,0.0,0.0,0.0,0.0,0.0,2
5991,20,6085,0.0,0.0,0.0,0.0,0.0,0.0,2
5992,20,6084,0.0,0.0,0.0,0.0,0.0,0.0,2
5993,20,6083,0.0,0.0,0.0,0.0,0.0,0.0,2
5994,20,6082,0.0,0.0,0.0,0.0,0.0,0.0,2
5995,20,6081,0.0,0.0,0.0,0.0,0.0,0.0,2
5996,20,6080,0.0,0.0,0.0,0.0,0.0,0.0,2
5997,20,6079,0.0,0.0,0.0,0.0,0.0,0.0,2
5998,20,6078,0.0,0.0,0.0,0.0,0.0,0.0,2
5999,20,6077,0.0,0.0,0.0,0.0,0.0,0.0,2
6000,20,6122,0.0,0.0,0.0,0.0,0.0,0.0,2
6001,20,6138,0.0,0.0,0.0,0.0,0.0,0.0,2
6002,20,6137,0.0,0.0,0.0,0.0,0.0,0.0,2
6003,20,6136,0.0,0.0,0.0,0.0,0.0,0.0,2
6004,20,6135,0.0,0.0,0.0,0.0,0.0,0.0,2
6005,20,6134,0.0,0.0,0.0,0.0,0.0,0.0,2
6006,20,6133,0.0,0.0,0.0,0.0,0.0,0.0,2
6007,20,6132,0.0,0.0,0.0,0.0,0.0,0.0,2
6008,20,6131,0.0,0.0,0.0,0.0,0.0,0.0,2
6009,20,6130,0.0,0.0,0.0,0.0,0.0,0.0,2
6010,20,6129,0.0,0.0,0.0,0.0,0.0,0.0,2
6011,20,6128,0.0,0.0,0.0,0.0,0.0,0.0,2
6012,20,6127,0.0,0.0,0.0,0.0,0.0,0.0,2
6013,20,6126,0.0,0.0,0.0,0.0,0.0,0.0,2
6014,20,6125,0.0,0.0,0.0,0.0,0.0,0.0,2
6015,20,6123,0.0,0.0,0.0,0.0,0.0,0.0,2
6016,20,6203,0.0,0.0,0.0,0.0,0.0,0.0,2
6017,20,6121,0.0,0.0,0.0,0.0,0.0,0.0,2
6018,20,6120,0.0,0.0,0.0,0.0,0.0,0.0,2
6019,20,6119,0.0,0.0,0.0,0.0,0.0,0.0,2
6020,20,6118,0.0,0.0,0.0,0.0,0.0,0.0,2
6021,20,6117,0.0,0.0,0.0,0.0,0.0,0.0,2
6022,20,6116,0.0,0.0,0.0,0.0,0.0,0.0,2
6023,20,6115,0.0,0.0,0.0,0.0,0.0,0.0,2
6024,20,6114,0.0,0.0,0.0,0.0,0.0,0.0,2
6025,20,6113,0.0,0.0,0.0,0.0,0.0,0.0,2
6026,20,6112,0.0,0.0,0.0,0.0,0.0,0.0,2
6027,20,6111,0.0,0.0,0.0,0.0,0.0,0.0,2
6028,20,6110,0.0,0.0,0.0,0.0,0.0,0.0,2
6029,20,6109,0.0,0.0,0.0,0.0,0.0,0.0,2
6030,20,6108,0.0,0.0,0.0,0.0,0.0,0.0,2
6031,20,5098,0.0,0.0,0.0,0.0,0.0,0.0,2
6032,20,5083,0.0,0.0,0.0,0.0,0.0,0.0,2
6033,20,5084,0.0,0.0,0.0,0.0,0.0,0.0,2
6034,20,5085,0.0,0.0,0.0,0.0,0.0,0.0,2
6035,20,5086,0.0,0.0,0.0,0.0,0.0,0.0,2
6036,20,5087,0.0,0.0,0.0,0.0,0.0,0.0,2
6037,20,5088,0.0,0.0,0.0,0.0,0.0,0.0,2
6038,20,5089,0.0,0.0,0.0,0.0,0.0,0.0,2
6039,20,5090,0.0,0.0,0.0,0.0,0.0,0.0,2
6040,20,5091,0.0,0.0,0.0,0.0,0.0,0.0,2
6041,20,5092,0.0,0.0,0.0,0.0,0.0,0.0,2
6042,20,5093,0.0,0.0,0.0,0.0,0.0,0.0,2
6043,20,5094,0.0,0.0,0.0,0.0,0.0,0.0,2
6044,20,5095,0.0,0.0,0.0,0.0,0.0,0.0,2
6045,20,5096,0.0,0.0,0.0,0.0,0.0,0.0,2
6046,20,5097,0.0,0.0,0.0,0.0,0.0,0.0,2
6047,20,5082,0.0,0.0,0.0,0.0,0.0,0.0,2
6048,20,5099,0.0,0.0,0.0,0.0,0.0,0.0,2
6049,20,5100,0.0,0.0,0.0,0.0,0.0,0.0,2
6050,20,5101,0.0,0.0,0.0,0.0,0.0,0.0,2
6051,20,5102,0.0,0.0,0.0,0.0,0.0,0.0,2
6052,20,5103,0.0,0.0,0.0,0.0,0.0,0.0,2
6053,20,5104,0.0,0.0,0.0,0.0,0.0,0.0,2
6054,20,5105,0.0,0.0,0.0,0.0,0.0,0.0,2
6055,20,5106,0.0,0.0,0.0,0.0,0.0,0.0,2
6056,20,5107,0.0,0.0,0.0,0.0,0.0,0.0,2
6057,20,5108,0.0,0.0,0.0,0.0,0.0,0.0,2
6058,20,5109,0.0,0.0,0.0,0.0,0.0,0.0,2
6059,20,5110,0.0,0.0,0.0,0.0,0.0,0.0,2
6060,20,5111,0.0,0.0,0.0,0.0,0.0,0.0,2
6061,20,5112,0.0,0.0,0.0,0.0,0.0,0.0,2
6062,20,5113,0.0,0.0,0.0,0.0,0.0,0.0,2
6063,20,5067,0.0,0.0,0.0,0.0,0.0,0.0,2
6064,20,5052,0.0,0.0,0.0,0.0,0.0,0.0,2
6065,20,5053,0.0,0.0,0.0,0.0,0.0,0.0,2
6066,20,5054,0.0,0.0,0.0,0.0,0.0,0.0,2
6067,20,5055,0.0,0.0,0.0,0.0,0.0,0.0,2
6068,20,5056,0.0,0.0,0.0,0.0,0.0,0.0,2
6069,20,5057,0.0,0.0,0.0,0.0,0.0,0.0,2
6070,20,5058,0.0,0.0,0.0,0.0,0.0,0.0,2
6071,20,5059,0.0,0.0,0.0,0.0,0.0,0.0,2
6072,20,5060,0.0,0.0,0.0,0.0,0.0,0.0,2
6073,20,5061,0.0,0.0,0.0,0.0,0.0,0.0,2
6074,20,5062,0.0,0.0,0.0,0.0,0.0,0.0,2
6075,20,5063,0.0,0.0,0.0,0.0,0.0,0.0,2
6076,20,5064,0.0,0.0,0.0,0.0,0.0,0.0,2
6077,20,5065,0.0,0.0,0.0,0.0,0.0,0.0,2
6078,20,5066,0.0,0.0,0.0,0.0,0.0,0.0,2
6079,20,5114,0.0,0.0,0.0,0.0,0.0,0.0,2
6080,20,5068,0.0,0.0,0.0,0.0,0.0,0.0,2
6081,20,5069,0.0,0.0,0.0,0.0,0.0,0.0,2
6082,20,5070,0.0,0.0,0.0,0.0,0.0,0.0,2
6083,20,5071,0.0,0.0,0.0,0.0,0.0,0.0,2
6084,20,5072,0.0,0.0,0.0,0.0,0.0,0.0,2
6085,20,5073,0.0,0.0,0.0,0.0,0.0,0.0,2
6086,20,5074,0.0,0.0,0.0,0.0,0.0,0.0,2
6087,20,5075,0.0,0.0,0.0,0.0,0.0,0.0,2
6088,20,5076,0.0,0.0,0.0,0.0,0.0,0.0,2
6089,20,5077,0.0,0.0,0.0,0.0,0.0,0.0,2
6090,20,5078,0.0,0.0,0.0,0.0,0.0,0.0,2
6091,20,5079,0.0,0.0,0.0,0.0,0.0,0.0,2
6092,20,5080,0.0,0.0,0.0,0.0,0.0,0.0,2
6093,20,5081,0.0,0.0,0.0,0.0,0.0,0.0,2
6094,20,5162,0.0,0.0,0.0,0.0,0.0,0.0,2
6095,20,5146,0.0,0.0,0.0,0.0,0.0,0.0,2
6096,20,5148,0.0,0.0,0.0,0.0,0.0,0.0,2
6097,20,5149,0.0,0.0,0.0,0.0,0.0,0.0,2
6098,20,5150,0.0,0.0,0.0,0.0,0.0,0.0,2
6099,20,5151,0.0,0.0,0.0,0.0,0.0,0.0,2
6100,20,5152,0.0,0.0,0.0,0.0,0.0,0.0,2
6101,20,5153,0.0,0.0,0.0,0.0,0.0,0.0,2
6102,20,5154,0.0,0.0,0.0,0.0,0.0,0.0,2
6103,20,5155,0.0,0.0,0.0,0.0,0.0,0.0,2
6104,20,5156,0.0,0.0,0.0,0.0,0.0,0.0,2
6105,20,5157,0.0,0.0,0.0,0.0,0.0,0.0,2
6106,20,5158,0.0,0.0,0.0,0.0,0.0,0.0,2
6107,20,5159,0.0,0.0,0.0,0.0,0.0,0.0,2
6108,20,5160,0.0,0.0,0.0,0.0,0.0,0.0,2
6109,20,5161,0.0,0.0,0.0,0.0,0.0,0.0,2
6110,20,5145,0.0,0.0,0.0,0.0,0.0,0.0,2
6111,20,5163,0.0,0.0,0.0,0.0,0.0,0.0,2
6112,20,5164,0.0,0.0,0.0,0.0,0.0,0.0,2
6113,20,5165,0.0,0.0,0.0,0.0,0.0,0.0,2
6114,20,5166,0.0,0.0,0.0,0.0,0.0,0.0,2
6115,20,5167,0.0,0.0,0.0,0.0,0.0,0.0,2
6116,20,5168,0.0,0.0,0.0,0.0,0.0,0.0,2
6117,20,5169,0.0,0.0,0.0,0.0,0.0,0.0,2
6118,20,5170,0.0,0.0,0.0,0.0,0.0,0.0,2
6119,20,5171,0.0,0.0,0.0,0.0,0.0,0.0,2
6120,20,5172,0.0,0.0,0.0,0.0,0.0,0.0,2
6121,20,5173,0.0,0.0,0.0,0.0,0.0,0.0,2
6122,20,5690,0.0,0.0,0.0,0.0,0.0,0.0,2
6123,20,6205,0.0,0.0,0.0,0.0,0.0,0.0,2
6124,20,6204,0.0,0.0,0.0,0.0,0.0,0.0,2
6125,20,5130,0.0,0.0,0.0,0.0,0.0,0.0,2
6126,20,5115,0.0,0.0,0.0,0.0,0.0,0.0,2
6127,20,5116,0.0,0.0,0.0,0.0,0.0,0.0,2
6128,20,5117,0.0,0.0,0.0,0.0,0.0,0.0,2
6129,20,5118,0.0,0.0,0.0,0.0,0.0,0.0,2
6130,20,5119,0.0,0.0,0.0,0.0,0.0,0.0,2
6131,20,5120,0.0,0.0,0.0,0.0,0.0,0.0,2
6132,20,5121,0.0,0.0,0.0,0.0,0.0,0.0,2
6133,20,5122,0.0,0.0,0.0,0.0,0.0,0.0,2
6134,20,5123,0.0,0.0,0.0,0.0,0.0,0.0,2
6135,20,5124,0.0,0.0,0.0,0.0,0.0,0.0,2
6136,20,5125,0.0,0.0,0.0,0.0,0.0,0.0,2
6137,20,5126,0.0,0.0,0.0,0.0,0.0,0.0,2
6138,20,5127,0.0,0.0,0.0,0.0,0.0,0.0,2
6139,20,5128,0.0,0.0,0.0,0.0,0.0,0.0,2
6140,20,5129,0.0,0.0,0.0,0.0,0.0,0.0,2
6141,20,6573,0.0,0.0,0.0,0.0,0.0,0.0,2
6142,20,5131,0.0,0.0,0.0,0.0,0.0,0.0,2
6143,20,5132,0.0,0.0,0.0,0.0,0.0,0.0,2
6144,20,5133,0.0,0.0,0.0,0.0,0.0,0.0,2
6145,20,5134,0.0,0.0,0.0,0.0,0.0,0.0,2
6146,20,5135,0.0,0.0,0.0,0.0,0.0,0.0,2
6147,20,5136,0.0,0.0,0.0,0.0,0.0,0.0,2
6148,20,5137,0.0,0.0,0.0,0.0,0.0,0.0,2
6149,20,5138,0.0,0.0,0.0,0.0,0.0,0.0,2
6150,20,5139,0.0,0.0,0.0,0.0,0.0,0.0,2
6151,20,5140,0.0,0.0,0.0,0.0,0.0,0.0,2
6152,20,5141,0.0,0.0,0.0,0.0,0.0,0.0,2
6153,20,5142,0.0,0.0,0.0,0.0,0.0,0.0,2
6154,20,5143,0.0,0.0,0.0,0.0,0.0,0.0,2
6155,20,5144,0.0,0.0,0.0,0.0,0.0,0.0,2
6156,20,7923,0.0,0.0,0.0,0.0,0.0,0.0,2
6157,20,7938,0.0,0.0,0.0,0.0,0.0,0.0,2
6158,20,7937,0.0,0.0,0.0,0.0,0.0,0.0,2
6159,20,7936,0.0,0.0,0.0,0.0,0.0,0.0,2
6160,20,7935,0.0,0.0,0.0,0.0,0.0,0.0,2
6161,20,7934,0.0,0.0,0.0,0.0,0.0,0.0,2
6162,20,7933,0.0,0.0,0.0,0.0,0.0,0.0,2
6163,20,7932,0.0,0.0,0.0,0.0,0.0,0.0,2
6164,20,7931,0.0,0.0,0.0,0.0,0.0,0.0,2
6165,20,7930,0.0,0.0,0.0,0.0,0.0,0.0,2
6166,20,7929,0.0,0.0,0.0,0.0,0.0,0.0,2
6167,20,7928,0.0,0.0,0.0,0.0,0.0,0.0,2
6168,20,7927,0.0,0.0,0.0,0.0,0.0,0.0,2
6169,20,7926,0.0,0.0,0.0,0.0,0.0,0.0,2
6170,20,7925,0.0,0.0,0.0,0.0,0.0,0.0,2
6171,20,7924,0.0,0.0,0.0,0.0,0.0,0.0,2
6172,20,7940,0.0,0.0,0.0,0.0,0.0,0.0,2
6173,20,7922,0.0,0.0,0.0,0.0,0.0,0.0,2
6174,20,7921,0.0,0.0,0.0,0.0,0.0,0.0,2
6175,20,7920,0.0,0.0,0.0,0.0,0.0,0.0,2
6176,20,7919,0.0,0.0,0.0,0.0,0.0,0.0,2
6177,20,7918,0.0,0.0,0.0,0.0,0.0,0.0,2
6178,20,7917,0.0,0.0,0.0,0.0,0.0,0.0,2
6179,20,7916,0.0,0.0,0.0,0.0,0.0,0.0,2
6180,20,7915,0.0,0.0,0.0,0.0,0.0,0.0,2
6181,20,7914,0.0,0.0,0.0,0.0,0.0,0.0,2
6182,20,7913,0.0,0.0,0.0,0.0,0.0,0.0,2
6183,20,7912,0.0,0.0,0.0,0.0,0.0,0.0,2
6184,20,7911,0.0,0.0,0.0,0.0,0.0,0.0,2
6185,20,7910,0.0,0.0,0.0,0.0,0.0,0.0,2
6186,20,7909,0.0,0.0,0.0,0.0,0.0,0.0,2
6187,20,7908,0.0,0.0,0.0,0.0,0.0,0.0,2
6188,20,7956,0.0,0.0,0.0,0.0,0.0,0.0,2
6189,20,7972,0.0,0.0,0.0,0.0,0.0,0.0,2
6190,20,7971,0.0,0.0,0.0,0.0,0.0,0.0,2
6191,20,7970,0.0,0.0,0.0,0.0,0.0,0.0,2
6192,20,7969,0.0,0.0,0.0,0.0,0.0,0.0,2
6193,20,7968,0.0,0.0,0.0,0.0,0.0,0.0,2
6194,20,7967,0.0,0.0,0.0,0.0,0.0,0.0,2
6195,20,7966,0.0,0.0,0.0,0.0,0.0,0.0,2
6196,20,7964,0.0,0.0,0.0,0.0,0.0,0.0,2
6197,20,7963,0.0,0.0,0.0,0.0,0.0,0.0,2
6198,20,7962,0.0,0.0,0.0,0.0,0.0,0.0,2
6199,20,7961,0.0,0.0,0.0,0.0,0.0,0.0,2
6200,20,7960,0.0,0.0,0.0,0.0,0.0,0.0,2
6201,20,7959,0.0,0.0,0.0,0.0,0.0,0.0,2
6202,20,7958,0.0,0.0,0.0,0.0,0.0,0.0,2
6203,20,7957,0.0,0.0,0.0,0.0,0.0,0.0,2
6204,20,7907,0.0,0.0,0.0,0.0,0.0,0.0,2
6205,20,7955,0.0,0.0,0.0,0.0,0.0,0.0,2
6206,20,7954,0.0,0.0,0.0,0.0,0.0,0.0,2
6207,20,7953,0.0,0.0,0.0,0.0,0.0,0.0,2
6208,20,7952,0.0,0.0,0.0,0.0,0.0,0.0,2
6209,20,7951,0.0,0.0,0.0,0.0,0.0,0.0,2
6210,20,7950,0.0,0.0,0.0,0.0,0.0,0.0,2
6211,20,7948,0.0,0.0,0.0,0.0,0.0,0.0,2
6212,20,7947,0.0,0.0,0.0,0.0,0.0,0.0,2
6213,20,7946,0.0,0.0,0.0,0.0,0.0,0.0,2
6214,20,7945,0.0,0.0,0.0,0.0,0.0,0.0,2
6215,20,7944,0.0,0.0,0.0,0.0,0.0,0.0,2
6216,20,7943,0.0,0.0,0.0,0.0,0.0,0.0,2
6217,20,7942,0.0,0.0,0.0,0.0,0.0,0.0,2
6218,20,7941,0.0,0.0,0.0,0.0,0.0,0.0,2
6219,20,7860,0.0,0.0,0.0,0.0,0.0,0.0,2
6220,20,7875,0.0,0.0,0.0,0.0,0.0,0.0,2
6221,20,7874,0.0,0.0,0.0,0.0,0.0,0.0,2
6222,20,7873,0.0,0.0,0.0,0.0,0.0,0.0,2
6223,20,7872,0.0,0.0,0.0,0.0,0.0,0.0,2
6224,20,7871,0.0,0.0,0.0,0.0,0.0,0.0,2
6225,20,7870,0.0,0.0,0.0,0.0,0.0,0.0,2
6226,20,7869,0.0,0.0,0.0,0.0,0.0,0.0,2
6227,20,7868,0.0,0.0,0.0,0.0,0.0,0.0,2
6228,20,7867,0.0,0.0,0.0,0.0,0.0,0.0,2
6229,20,7866,0.0,0.0,0.0,0.0,0.0,0.0,2
6230,20,7865,0.0,0.0,0.0,0.0,0.0,0.0,2
6231,20,7864,0.0,0.0,0.0,0.0,0.0,0.0,2
6232,20,7863,0.0,0.0,0.0,0.0,0.0,0.0,2
6233,20,7862,0.0,0.0,0.0,0.0,0.0,0.0,2
6234,20,7861,0.0,0.0,0.0,0.0,0.0,0.0,2
6235,20,7876,0.0,0.0,0.0,0.0,0.0,0.0,2
6236,20,7859,0.0,0.0,0.0,0.0,0.0,0.0,2
6237,20,7858,0.0,0.0,0.0,0.0,0.0,0.0,2
6238,20,7857,0.0,0.0,0.0,0.0,0.0,0.0,2
6239,20,7856,0.0,0.0,0.0,0.0,0.0,0.0,2
6240,20,7855,0.0,0.0,0.0,0.0,0.0,0.0,2
6241,20,7854,0.0,0.0,0.0,0.0,0.0,0.0,2
6242,20,7853,0.0,0.0,0.0,0.0,0.0,0.0,2
6243,20,7852,0.0,0.0,0.0,0.0,0.0,0.0,2
6244,20,7851,0.0,0.0,0.0,0.0,0.0,0.0,2
6245,20,7850,0.0,0.0,0.0,0.0,0.0,0.0,2
6246,20,7849,0.0,0.0,0.0,0.0,0.0,0.0,2
6247,20,7848,0.0,0.0,0.0,0.0,0.0,0.0,2
6248,20,7847,0.0,0.0,0.0,0.0,0.0,0.0,2
6249,20,7846,0.0,0.0,0.0,0.0,0.0,0.0,2
6250,20,7891,0.0,0.0,0.0,0.0,0.0,0.0,2
6251,20,7906,0.0,0.0,0.0,0.0,0.0,0.0,2
6252,20,7905,0.0,0.0,0.0,0.0,0.0,0.0,2
6253,20,7904,0.0,0.0,0.0,0.0,0.0,0.0,2
6254,20,7903,0.0,0.0,0.0,0.0,0.0,0.0,2
6255,20,7902,0.0,0.0,0.0,0.0,0.0,0.0,2
6256,20,7901,0.0,0.0,0.0,0.0,0.0,0.0,2
6257,20,7900,0.0,0.0,0.0,0.0,0.0,0.0,2
6258,20,7899,0.0,0.0,0.0,0.0,0.0,0.0,2
6259,20,7898,0.0,0.0,0.0,0.0,0.0,0.0,2
6260,20,7897,0.0,0.0,0.0,0.0,0.0,0.0,2
6261,20,7896,0.0,0.0,0.0,0.0,0.0,0.0,2
6262,20,7895,0.0,0.0,0.0,0.0,0.0,0.0,2
6263,20,7894,0.0,0.0,0.0,0.0,0.0,0.0,2
6264,20,7893,0.0,0.0,0.0,0.0,0.0,0.0,2
6265,20,7892,0.0,0.0,0.0,0.0,0.0,0.0,2
6266,20,7973,0.0,0.0,0.0,0.0,0.0,0.0,2
6267,20,7890,0.0,0.0,0.0,0.0,0.0,0.0,2
6268,20,7889,0.0,0.0,0.0,0.0,0.0,0.0,2
6269,20,7888,0.0,0.0,0.0,0.0,0.0,0.0,2
6270,20,7887,0.0,0.0,0.0,0.0,0.0,0.0,2
6271,20,7886,0.0,0.0,0.0,0.0,0.0,0.0,2
6272,20,7885,0.0,0.0,0.0,0.0,0.0,0.0,2
6273,20,7884,0.0,0.0,0.0,0.0,0.0,0.0,2
6274,20,7883,0.0,0.0,0.0,0.0,0.0,0.0,2
6275,20,7882,0.0,0.0,0.0,0.0,0.0,0.0,2
6276,20,7881,0.0,0.0,0.0,0.0,0.0,0.0,2
6277,20,7880,0.0,0.0,0.0,0.0,0.0,0.0,2
6278,20,7879,0.0,0.0,0.0,0.0,0.0,0.0,2
6279,20,7878,0.0,0.0,0.0,0.0,0.0,0.0,2
6280,20,7877,0.0,0.0,0.0,0.0,0.0,0.0,2
6281,20,8051,0.0,0.0,0.0,0.0,0.0,0.0,2
6282,20,8066,0.0,0.0,0.0,0.0,0.0,0.0,2
6283,20,8065,0.0,0.0,0.0,0.0,0.0,0.0,2
6284,20,8064,0.0,0.0,0.0,0.0,0.0,0.0,2
6285,20,8063,0.0,0.0,0.0,0.0,0.0,0.0,2
6286,20,8062,0.0,0.0,0.0,0.0,0.0,0.0,2
6287,20,8061,0.0,0.0,0.0,0.0,0.0,0.0,2
6288,20,8060,0.0,0.0,0.0,0.0,0.0,0.0,2
6289,20,8059,0.0,0.0,0.0,0.0,0.0,0.0,2
6290,20,8058,0.0,0.0,0.0,0.0,0.0,0.0,2
6291,20,8057,0.0,0.0,0.0,0.0,0.0,0.0,2
6292,20,8056,0.0,0.0,0.0,0.0,0.0,0.0,2
6293,20,8055,0.0,0.0,0.0,0.0,0.0,0.0,2
6294,20,8054,0.0,0.0,0.0,0.0,0.0,0.0,2
6295,20,8053,0.0,0.0,0.0,0.0,0.0,0.0,2
6296,20,8052,0.0,0.0,0.0,0.0,0.0,0.0,2
6297,20,8067,0.0,0.0,0.0,0.0,0.0,0.0,2
6298,20,8050,0.0,0.0,0.0,0.0,0.0,0.0,2
6299,20,8049,0.0,0.0,0.0,0.0,0.0,0.0,2
6300,20,8048,0.0,0.0,0.0,0.0,0.0,0.0,2
6301,20,8047,0.0,0.0,0.0,0.0,0.0,0.0,2
6302,20,8046,0.0,0.0,0.0,0.0,0.0,0.0,2
6303,20,8045,0.0,0.0,0.0,0.0,0.0,0.0,2
6304,20,8044,0.0,0.0,0.0,0.0,0.0,0.0,2
6305,20,8043,0.0,0.0,0.0,0.0,0.0,0.0,2
6306,20,8042,0.0,0.0,0.0,0.0,0.0,0.0,2
6307,20,8041,0.0,0.0,0.0,0.0,0.0,0.0,2
6308,20,8040,0.0,0.0,0.0,0.0,0.0,0.0,2
6309,20,8039,0.0,0.0,0.0,0.0,0.0,0.0,2
6310,20,8038,0.0,0.0,0.0,0.0,0.0,0.0,2
6311,20,8037,0.0,0.0,0.0,0.0,0.0,0.0,2
6312,20,8036,0.0,0.0,0.0,0.0,0.0,0.0,2
6313,20,8082,0.0,0.0,0.0,0.0,0.0,0.0,2
6314,20,8097,0.0,0.0,0.0,0.0,0.0,0.0,2
6315,20,8096,0.0,0.0,0.0,0.0,0.0,0.0,2
6316,20,8095,0.0,0.0,0.0,0.0,0.0,0.0,2
6317,20,8094,0.0,0.0,0.0,0.0,0.0,0.0,2
6318,20,8093,0.0,0.0,0.0,0.0,0.0,0.0,2
6319,20,8092,0.0,0.0,0.0,0.0,0.0,0.0,2
6320,20,8091,0.0,0.0,0.0,0.0,0.0,0.0,2
6321,20,8090,0.0,0.0,0.0,0.0,0.0,0.0,2
6322,20,8089,0.0,0.0,0.0,0.0,0.0,0.0,2
6323,20,8088,0.0,0.0,0.0,0.0,0.0,0.0,2
6324,20,8087,0.0,0.0,0.0,0.0,0.0,0.0,2
6325,20,8086,0.0,0.0,0.0,0.0,0.0,0.0,2
6326,20,8085,0.0,0.0,0.0,0.0,0.0,0.0,2
6327,20,8084,0.0,0.0,0.0,0.0,0.0,0.0,2
6328,20,8083,0.0,0.0,0.0,0.0,0.0,0.0,2
6329,20,8035,0.0,0.0,0.0,0.0,0.0,0.0,2
6330,20,8081,0.0,0.0,0.0,0.0,0.0,0.0,2
6331,20,8080,0.0,0.0,0.0,0.0,0.0,0.0,2
6332,20,8079,0.0,0.0,0.0,0.0,0.0,0.0,2
6333,20,8078,0.0,0.0,0.0,0.0,0.0,0.0,2
6334,20,8077,0.0,0.0,0.0,0.0,0.0,0.0,2
6335,20,8076,0.0,0.0,0.0,0.0,0.0,0.0,2
6336,20,8075,0.0,0.0,0.0,0.0,0.0,0.0,2
6337,20,8074,0.0,0.0,0.0,0.0,0.0,0.0,2
6338,20,8073,0.0,0.0,0.0,0.0,0.0,0.0,2
6339,20,8072,0.0,0.0,0.0,0.0,0.0,0.0,2
6340,20,8071,0.0,0.0,0.0,0.0,0.0,0.0,2
6341,20,8070,0.0,0.0,0.0,0.0,0.0,0.0,2
6342,20,8069,0.0,0.0,0.0,0.0,0.0,0.0,2
6343,20,8068,0.0,0.0,0.0,0.0,0.0,0.0,2
6344,20,7988,0.0,0.0,0.0,0.0,0.0,0.0,2
6345,20,8003,0.0,0.0,0.0,0.0,0.0,0.0,2
6346,20,8002,0.0,0.0,0.0,0.0,0.0,0.0,2
6347,20,8001,0.0,0.0,0.0,0.0,0.0,0.0,2
6348,20,8000,0.0,0.0,0.0,0.0,0.0,0.0,2
6349,20,7999,0.0,0.0,0.0,0.0,0.0,0.0,2
6350,20,7998,0.0,0.0,0.0,0.0,0.0,0.0,2
6351,20,7997,0.0,0.0,0.0,0.0,0.0,0.0,2
6352,20,7996,0.0,0.0,0.0,0.0,0.0,0.0,2
6353,20,7995,0.0,0.0,0.0,0.0,0.0,0.0,2
6354,20,7994,0.0,0.0,0.0,0.0,0.0,0.0,2
6355,20,7993,0.0,0.0,0.0,0.0,0.0,0.0,2
6356,20,7992,0.0,0.0,0.0,0.0,0.0,0.0,2
6357,20,7991,0.0,0.0,0.0,0.0,0.0,0.0,2
6358,20,7990,0.0,0.0,0.0,0.0,0.0,0.0,2
6359,20,7989,0.0,0.0,0.0,0.0,0.0,0.0,2
6360,20,8004,0.0,0.0,0.0,0.0,0.0,0.0,2
6361,20,7987,0.0,0.0,0.0,0.0,0.0,0.0,2
6362,20,7986,0.0,0.0,0.0,0.0,0.0,0.0,2
6363,20,7985,0.0,0.0,0.0,0.0,0.0,0.0,2
6364,20,7984,0.0,0.0,0.0,0.0,0.0,0.0,2
6365,20,7983,0.0,0.0,0.0,0.0,0.0,0.0,2
6366,20,7982,0.0,0.0,0.0,0.0,0.0,0.0,2
6367,20,7981,0.0,0.0,0.0,0.0,0.0,0.0,2
6368,20,7980,0.0,0.0,0.0,0.0,0.0,0.0,2
6369,20,7979,0.0,0.0,0.0,0.0,0.0,0.0,2
6370,20,7978,0.0,0.0,0.0,0.0,0.0,0.0,2
6371,20,7977,0.0,0.0,0.0,0.0,0.0,0.0,2
6372,20,7976,0.0,0.0,0.0,0.0,0.0,0.0,2
6373,20,7975,0.0,0.0,0.0,0.0,0.0,0.0,2
6374,20,7974,0.0,0.0,0.0,0.0,0.0,0.0,2
6375,20,8019,0.0,0.0,0.0,0.0,0.0,0.0,2
6376,20,8034,0.0,0.0,0.0,0.0,0.0,0.0,2
6377,20,8033,0.0,0.0,0.0,0.0,0.0,0.0,2
6378,20,8032,0.0,0.0,0.0,0.0,0.0,0.0,2
6379,20,8031,0.0,0.0,0.0,0.0,0.0,0.0,2
6380,20,8030,0.0,0.0,0.0,0.0,0.0,0.0,2
6381,20,8029,0.0,0.0,0.0,0.0,0.0,0.0,2
6382,20,8028,0.0,0.0,0.0,0.0,0.0,0.0,2
6383,20,8027,0.0,0.0,0.0,0.0,0.0,0.0,2
6384,20,8026,0.0,0.0,0.0,0.0,0.0,0.0,2
6385,20,8025,0.0,0.0,0.0,0.0,0.0,0.0,2
6386,20,8024,0.0,0.0,0.0,0.0,0.0,0.0,2
6387,20,8023,0.0,0.0,0.0,0.0,0.0,0.0,2
6388,20,8022,0.0,0.0,0.0,0.0,0.0,0.0,2
6389,20,8021,0.0,0.0,0.0,0.0,0.0,0.0,2
6390,20,8020,0.0,0.0,0.0,0.0,0.0,0.0,2
6391,20,7845,0.0,0.0,0.0,0.0,0.0,0.0,2
6392,20,8018,0.0,0.0,0.0,0.0,0.0,0.0,2
6393,20,8017,0.0,0.0,0.0,0.0,0.0,0.0,2
6394,20,8016,0.0,0.0,0.0,0.0,0.0,0.0,2
6395,20,8015,0.0,0.0,0.0,0.0,0.0,0.0,2
6396,20,8014,0.0,0.0,0.0,0.0,0.0,0.0,2
6397,20,8013,0.0,0.0,0.0,0.0,0.0,0.0,2
6398,20,8012,0.0,0.0,0.0,0.0,0.0,0.0,2
6399,20,8011,0.0,0.0,0.0,0.0,0.0,0.0,2
6400,20,8010,0.0,0.0,0.0,0.0,0.0,0.0,2
6401,20,8009,0.0,0.0,0.0,0.0,0.0,0.0,2
6402,20,8008,0.0,0.0,0.0,0.0,0.0,0.0,2
6403,20,8007,0.0,0.0,0.0,0.0,0.0,0.0,2
6404,20,8006,0.0,0.0,0.0,0.0,0.0,0.0,2
6405,20,8005,0.0,0.0,0.0,0.0,0.0,0.0,2
6406,20,7671,0.0,0.0,0.0,0.0,0.0,0.0,2
6407,20,7686,0.0,0.0,0.0,0.0,0.0,0.0,2
6408,20,7685,0.0,0.0,0.0,0.0,0.0,0.0,2
6409,20,7684,0.0,0.0,0.0,0.0,0.0,0.0,2
6410,20,7683,0.0,0.0,0.0,0.0,0.0,0.0,2
6411,20,7682,0.0,0.0,0.0,0.0,0.0,0.0,2
6412,20,7681,0.0,0.0,0.0,0.0,0.0,0.0,2
6413,20,7680,0.0,0.0,0.0,0.0,0.0,0.0,2
6414,20,7679,0.0,0.0,0.0,0.0,0.0,0.0,2
6415,20,7678,0.0,0.0,0.0,0.0,0.0,0.0,2
6416,20,7677,0.0,0.0,0.0,0.0,0.0,0.0,2
6417,20,7676,0.0,0.0,0.0,0.0,0.0,0.0,2
6418,20,7675,0.0,0.0,0.0,0.0,0.0,0.0,2
6419,20,7674,0.0,0.0,0.0,0.0,0.0,0.0,2
6420,20,7673,0.0,0.0,0.0,0.0,0.0,0.0,2
6421,20,7672,0.0,0.0,0.0,0.0,0.0,0.0,2
6422,20,7687,0.0,0.0,0.0,0.0,0.0,0.0,2
6423,20,7670,0.0,0.0,0.0,0.0,0.0,0.0,2
6424,20,7669,0.0,0.0,0.0,0.0,0.0,0.0,2
6425,20,7668,0.0,0.0,0.0,0.0,0.0,0.0,2
6426,20,7667,0.0,0.0,0.0,0.0,0.0,0.0,2
6427,20,7666,0.0,0.0,0.0,0.0,0.0,0.0,2
6428,20,7665,0.0,0.0,0.0,0.0,0.0,0.0,2
6429,20,7664,0.0,0.0,0.0,0.0,0.0,0.0,2
6430,20,7663,0.0,0.0,0.0,0.0,0.0,0.0,2
6431,20,7662,0.0,0.0,0.0,0.0,0.0,0.0,2
6432,20,7661,0.0,0.0,0.0,0.0,0.0,0.0,2
6433,20,7660,0.0,0.0,0.0,0.0,0.0,0.0,2
6434,20,7659,0.0,0.0,0.0,0.0,0.0,0.0,2
6435,20,7658,0.0,0.0,0.0,0.0,0.0,0.0,2
6436,20,7657,0.0,0.0,0.0,0.0,0.0,0.0,2
6437,20,7656,0.0,0.0,0.0,0.0,0.0,0.0,2
6438,20,7702,0.0,0.0,0.0,0.0,0.0,0.0,2
6439,20,7718,0.0,0.0,0.0,0.0,0.0,0.0,2
6440,20,7717,0.0,0.0,0.0,0.0,0.0,0.0,2
6441,20,7716,0.0,0.0,0.0,0.0,0.0,0.0,2
6442,20,7715,0.0,0.0,0.0,0.0,0.0,0.0,2
6443,20,7714,0.0,0.0,0.0,0.0,0.0,0.0,2
6444,20,7713,0.0,0.0,0.0,0.0,0.0,0.0,2
6445,20,7712,0.0,0.0,0.0,0.0,0.0,0.0,2
6446,20,7711,0.0,0.0,0.0,0.0,0.0,0.0,2
6447,20,7710,0.0,0.0,0.0,0.0,0.0,0.0,2
6448,20,7709,0.0,0.0,0.0,0.0,0.0,0.0,2
6449,20,7708,0.0,0.0,0.0,0.0,0.0,0.0,2
6450,20,7707,0.0,0.0,0.0,0.0,0.0,0.0,2
6451,20,7706,0.0,0.0,0.0,0.0,0.0,0.0,2
6452,20,7704,0.0,0.0,0.0,0.0,0.0,0.0,2
6453,20,7703,0.0,0.0,0.0,0.0,0.0,0.0,2
6454,20,7655,0.0,0.0,0.0,0.0,0.0,0.0,2
6455,20,7701,0.0,0.0,0.0,0.0,0.0,0.0,2
6456,20,7700,0.0,0.0,0.0,0.0,0.0,0.0,2
6457,20,7699,0.0,0.0,0.0,0.0,0.0,0.0,2
6458,20,7698,0.0,0.0,0.0,0.0,0.0,0.0,2
6459,20,7697,0.0,0.0,0.0,0.0,0.0,0.0,2
6460,20,7696,0.0,0.0,0.0,0.0,0.0,0.0,2
6461,20,7695,0.0,0.0,0.0,0.0,0.0,0.0,2
6462,20,7694,0.0,0.0,0.0,0.0,0.0,0.0,2
6463,20,7693,0.0,0.0,0.0,0.0,0.0,0.0,2
6464,20,7692,0.0,0.0,0.0,0.0,0.0,0.0,2
6465,20,7691,0.0,0.0,0.0,0.0,0.0,0.0,2
6466,20,7690,0.0,0.0,0.0,0.0,0.0,0.0,2
6467,20,7689,0.0,0.0,0.0,0.0,0.0,0.0,2
6468,20,7688,0.0,0.0,0.0,0.0,0.0,0.0,2
6469,20,7608,0.0,0.0,0.0,0.0,0.0,0.0,2
6470,20,7623,0.0,0.0,0.0,0.0,0.0,0.0,2
6471,20,7622,0.0,0.0,0.0,0.0,0.0,0.0,2
6472,20,7621,0.0,0.0,0.0,0.0,0.0,0.0,2
6473,20,7620,0.0,0.0,0.0,0.0,0.0,0.0,2
6474,20,7619,0.0,0.0,0.0,0.0,0.0,0.0,2
6475,20,7618,0.0,0.0,0.0,0.0,0.0,0.0,2
6476,20,7617,0.0,0.0,0.0,0.0,0.0,0.0,2
6477,20,7616,0.0,0.0,0.0,0.0,0.0,0.0,2
6478,20,7615,0.0,0.0,0.0,0.0,0.0,0.0,2
6479,20,7614,0.0,0.0,0.0,0.0,0.0,0.0,2
6480,20,7613,0.0,0.0,0.0,0.0,0.0,0.0,2
6481,20,7612,0.0,0.0,0.0,0.0,0.0,0.0,2
6482,20,7611,0.0,0.0,0.0,0.0,0.0,0.0,2
6483,20,7610,0.0,0.0,0.0,0.0,0.0,0.0,2
6484,20,7609,0.0,0.0,0.0,0.0,0.0,0.0,2
6485,20,7624,0.0,0.0,0.0,0.0,0.0,0.0,2
6486,20,7607,0.0,0.0,0.0,0.0,0.0,0.0,2
6487,20,7606,0.0,0.0,0.0,0.0,0.0,0.0,2
6488,20,7605,0.0,0.0,0.0,0.0,0.0,0.0,2
6489,20,7604,0.0,0.0,0.0,0.0,0.0,0.0,2
6490,20,7603,0.0,0.0,0.0,0.0,0.0,0.0,2
6491,20,7602,0.0,0.0,0.0,0.0,0.0,0.0,2
6492,20,7601,0.0,0.0,0.0,0.0,0.0,0.0,2
6493,20,7600,0.0,0.0,0.0,0.0,0.0,0.0,2
6494,20,7599,0.0,0.0,0.0,0.0,0.0,0.0,2
6495,20,7598,0.0,0.0,0.0,0.0,0.0,0.0,2
6496,20,7597,0.0,0.0,0.0,0.0,0.0,0.0,2
6497,20,7596,0.0,0.0,0.0,0.0,0.0,0.0,2
6498,20,7595,0.0,0.0,0.0,0.0,0.0,0.0,2
6499,20,7594,0.0,0.0,0.0,0.0,0.0,0.0,2
6500,20,7639,0.0,0.0,0.0,0.0,0.0,0.0,2
6501,20,7654,0.0,0.0,0.0,0.0,0.0,0.0,2
6502,20,7653,0.0,0.0,0.0,0.0,0.0,0.0,2
6503,20,7652,0.0,0.0,0.0,0.0,0.0,0.0,2
6504,20,7651,0.0,0.0,0.0,0.0,0.0,0.0,2
6505,20,7650,0.0,0.0,0.0,0.0,0.0,0.0,2
6506,20,7649,0.0,0.0,0.0,0.0,0.0,0.0,2
6507,20,7648,0.0,0.0,0.0,0.0,0.0,0.0,2
6508,20,7647,0.0,0.0,0.0,0.0,0.0,0.0,2
6509,20,7646,0.0,0.0,0.0,0.0,0.0,0.0,2
6510,20,7645,0.0,0.0,0.0,0.0,0.0,0.0,2
6511,20,7644,0.0,0.0,0.0,0.0,0.0,0.0,2
6512,20,7643,0.0,0.0,0.0,0.0,0.0,0.0,2
6513,20,7642,0.0,0.0,0.0,0.0,0.0,0.0,2
6514,20,7641,0.0,0.0,0.0,0.0,0.0,0.0,2
6515,20,7640,0.0,0.0,0.0,0.0,0.0,0.0,2
6516,20,7719,0.0,0.0,0.0,0.0,0.0,0.0,2
6517,20,7638,0.0,0.0,0.0,0.0,0.0,0.0,2
6518,20,7637,0.0,0.0,0.0,0.0,0.0,0.0,2
6519,20,7636,0.0,0.0,0.0,0.0,0.0,0.0,2
6520,20,7635,0.0,0.0,0.0,0.0,0.0,0.0,2
6521,20,7634,0.0,0.0,0.0,0.0,0.0,0.0,2
6522,20,7633,0.0,0.0,0.0,0.0,0.0,0.0,2
6523,20,7632,0.0,0.0,0.0,0.0,0.0,0.0,2
6524,20,7631,0.0,0.0,0.0,0.0,0.0,0.0,2
6525,20,7630,0.0,0.0,0.0,0.0,0.0,0.0,2
6526,20,7629,0.0,0.0,0.0,0.0,0.0,0.0,2
6527,20,7628,0.0,0.0,0.0,0.0,0.0,0.0,2
6528,20,7627,0.0,0.0,0.0,0.0,0.0,0.0,2
6529,20,7626,0.0,0.0,0.0,0.0,0.0,0.0,2
6530,20,7625,0.0,0.0,0.0,0.0,0.0,0.0,2
6531,20,7797,0.0,0.0,0.0,0.0,0.0,0.0,2
6532,20,7812,0.0,0.0,0.0,0.0,0.0,0.0,2
6533,20,7811,0.0,0.0,0.0,0.0,0.0,0.0,2
6534,20,7810,0.0,0.0,0.0,0.0,0.0,0.0,2
6535,20,7809,0.0,0.0,0.0,0.0,0.0,0.0,2
6536,20,7808,0.0,0.0,0.0,0.0,0.0,0.0,2
6537,20,7807,0.0,0.0,0.0,0.0,0.0,0.0,2
6538,20,7806,0.0,0.0,0.0,0.0,0.0,0.0,2
6539,20,7805,0.0,0.0,0.0,0.0,0.0,0.0,2
6540,20,7804,0.0,0.0,0.0,0.0,0.0,0.0,2
6541,20,7803,0.0,0.0,0.0,0.0,0.0,0.0,2
6542,20,7802,0.0,0.0,0.0,0.0,0.0,0.0,2
6543,20,7801,0.0,0.0,0.0,0.0,0.0,0.0,2
6544,20,7800,0.0,0.0,0.0,0.0,0.0,0.0,2
6545,20,7799,0.0,0.0,0.0,0.0,0.0,0.0,2
6546,20,7798,0.0,0.0,0.0,0.0,0.0,0.0,2
6547,20,7813,0.0,0.0,0.0,0.0,0.0,0.0,2
6548,20,7796,0.0,0.0,0.0,0.0,0.0,0.0,2
6549,20,7795,0.0,0.0,0.0,0.0,0.0,0.0,2
6550,20,7794,0.0,0.0,0.0,0.0,0.0,0.0,2
6551,20,7793,0.0,0.0,0.0,0.0,0.0,0.0,2
6552,20,7792,0.0,0.0,0.0,0.0,0.0,0.0,2
6553,20,7791,0.0,0.0,0.0,0.0,0.0,0.0,2
6554,20,7790,0.0,0.0,0.0,0.0,0.0,0.0,2
6555,20,7789,0.0,0.0,0.0,0.0,0.0,0.0,2
6556,20,7788,0.0,0.0,0.0,0.0,0.0,0.0,2
6557,20,7787,0.0,0.0,0.0,0.0,0.0,0.0,2
6558,20,7786,0.0,0.0,0.0,0.0,0.0,0.0,2
6559,20,7785,0.0,0.0,0.0,0.0,0.0,0.0,2
6560,20,7784,0.0,0.0,0.0,0.0,0.0,0.0,2
6561,20,7783,0.0,0.0,0.0,0.0,0.0,0.0,2
6562,20,7782,0.0,0.0,0.0,0.0,0.0,0.0,2
6563,20,7829,0.0,0.0,0.0,0.0,0.0,0.0,2
6564,20,7844,0.0,0.0,0.0,0.0,0.0,0.0,2
6565,20,7843,0.0,0.0,0.0,0.0,0.0,0.0,2
6566,20,7842,0.0,0.0,0.0,0.0,0.0,0.0,2
6567,20,7841,0.0,0.0,0.0,0.0,0.0,0.0,2
6568,20,7840,0.0,0.0,0.0,0.0,0.0,0.0,2
6569,20,7839,0.0,0.0,0.0,0.0,0.0,0.0,2
6570,20,7838,0.0,0.0,0.0,0.0,0.0,0.0,2
6571,20,7837,0.0,0.0,0.0,0.0,0.0,0.0,2
6572,20,7836,0.0,0.0,0.0,0.0,0.0,0.0,2
6573,20,7835,0.0,0.0,0.0,0.0,0.0,0.0,2
6574,20,7834,0.0,0.0,0.0,0.0,0.0,0.0,2
6575,20,7833,0.0,0.0,0.0,0.0,0.0,0.0,2
6576,20,7832,0.0,0.0,0.0,0.0,0.0,0.0,2
6577,20,7831,0.0,0.0,0.0,0.0,0.0,0.0,2
6578,20,7830,0.0,0.0,0.0,0.0,0.0,0.0,2
6579,20,7781,0.0,0.0,0.0,0.0,0.0,0.0,2
6580,20,7828,0.0,0.0,0.0,0.0,0.0,0.0,2
6581,20,7827,0.0,0.0,0.0,0.0,0.0,0.0,2
6582,20,7826,0.0,0.0,0.0,0.0,0.0,0.0,2
6583,20,7825,0.0,0.0,0.0,0.0,0.0,0.0,2
6584,20,7824,0.0,0.0,0.0,0.0,0.0,0.0,2
6585,20,7823,0.0,0.0,0.0,0.0,0.0,0.0,2
6586,20,7822,0.0,0.0,0.0,0.0,0.0,0.0,2
6587,20,7821,0.0,0.0,0.0,0.0,0.0,0.0,2
6588,20,7820,0.0,0.0,0.0,0.0,0.0,0.0,2
6589,20,7819,0.0,0.0,0.0,0.0,0.0,0.0,2
6590,20,7818,0.0,0.0,0.0,0.0,0.0,0.0,2
6591,20,7817,0.0,0.0,0.0,0.0,0.0,0.0,2
6592,20,7816,0.0,0.0,0.0,0.0,0.0,0.0,2
6593,20,7814,0.0,0.0,0.0,0.0,0.0,0.0,2
6594,20,7734,0.0,0.0,0.0,0.0,0.0,0.0,2
6595,20,7749,0.0,0.0,0.0,0.0,0.0,0.0,2
6596,20,7748,0.0,0.0,0.0,0.0,0.0,0.0,2
6597,20,7747,0.0,0.0,0.0,0.0,0.0,0.0,2
6598,20,7746,0.0,0.0,0.0,0.0,0.0,0.0,2
6599,20,7745,0.0,0.0,0.0,0.0,0.0,0.0,2
6600,20,7744,0.0,0.0,0.0,0.0,0.0,0.0,2
6601,20,7743,0.0,0.0,0.0,0.0,0.0,0.0,2
6602,20,7742,0.0,0.0,0.0,0.0,0.0,0.0,2
6603,20,7741,0.0,0.0,0.0,0.0,0.0,0.0,2
6604,20,7740,0.0,0.0,0.0,0.0,0.0,0.0,2
6605,20,7739,0.0,0.0,0.0,0.0,0.0,0.0,2
6606,20,7738,0.0,0.0,0.0,0.0,0.0,0.0,2
6607,20,7737,0.0,0.0,0.0,0.0,0.0,0.0,2
6608,20,7736,0.0,0.0,0.0,0.0,0.0,0.0,2
6609,20,7735,0.0,0.0,0.0,0.0,0.0,0.0,2
6610,20,7750,0.0,0.0,0.0,0.0,0.0,0.0,2
6611,20,7733,0.0,0.0,0.0,0.0,0.0,0.0,2
6612,20,7732,0.0,0.0,0.0,0.0,0.0,0.0,2
6613,20,7731,0.0,0.0,0.0,0.0,0.0,0.0,2
6614,20,7730,0.0,0.0,0.0,0.0,0.0,0.0,2
6615,20,7729,0.0,0.0,0.0,0.0,0.0,0.0,2
6616,20,7728,0.0,0.0,0.0,0.0,0.0,0.0,2
6617,20,7727,0.0,0.0,0.0,0.0,0.0,0.0,2
6618,20,7726,0.0,0.0,0.0,0.0,0.0,0.0,2
6619,20,7725,0.0,0.0,0.0,0.0,0.0,0.0,2
6620,20,7724,0.0,0.0,0.0,0.0,0.0,0.0,2
6621,20,7723,0.0,0.0,0.0,0.0,0.0,0.0,2
6622,20,7722,0.0,0.0,0.0,0.0,0.0,0.0,2
6623,20,7721,0.0,0.0,0.0,0.0,0.0,0.0,2
6624,20,7720,0.0,0.0,0.0,0.0,0.0,0.0,2
6625,20,7765,0.0,0.0,0.0,0.0,0.0,0.0,2
6626,20,7780,0.0,0.0,0.0,0.0,0.0,0.0,2
6627,20,7779,0.0,0.0,0.0,0.0,0.0,0.0,2
6628,20,7778,0.0,0.0,0.0,0.0,0.0,0.0,2
6629,20,7777,0.0,0.0,0.0,0.0,0.0,0.0,2
6630,20,7776,0.0,0.0,0.0,0.0,0.0,0.0,2
6631,20,7775,0.0,0.0,0.0,0.0,0.0,0.0,2
6632,20,7774,0.0,0.0,0.0,0.0,0.0,0.0,2
6633,20,7773,0.0,0.0,0.0,0.0,0.0,0.0,2
6634,20,7772,0.0,0.0,0.0,0.0,0.0,0.0,2
6635,20,7771,0.0,0.0,0.0,0.0,0.0,0.0,2
6636,20,7770,0.0,0.0,0.0,0.0,0.0,0.0,2
6637,20,7769,0.0,0.0,0.0,0.0,0.0,0.0,2
6638,20,7768,0.0,0.0,0.0,0.0,0.0,0.0,2
6639,20,7767,0.0,0.0,0.0,0.0,0.0,0.0,2
6640,20,7766,0.0,0.0,0.0,0.0,0.0,0.0,2
6641,20,8098,0.0,0.0,0.0,0.0,0.0,0.0,2
6642,20,7764,0.0,0.0,0.0,0.0,0.0,0.0,2
6643,20,7763,0.0,0.0,0.0,0.0,0.0,0.0,2
6644,20,7762,0.0,0.0,0.0,0.0,0.0,0.0,2
6645,20,7761,0.0,0.0,0.0,0.0,0.0,0.0,2
6646,20,7760,0.0,0.0,0.0,0.0,0.0,0.0,2
6647,20,7759,0.0,0.0,0.0,0.0,0.0,0.0,2
6648,20,7758,0.0,0.0,0.0,0.0,0.0,0.0,2
6649,20,7757,0.0,0.0,0.0,0.0,0.0,0.0,2
6650,20,7756,0.0,0.0,0.0,0.0,0.0,0.0,2
6651,20,7755,0.0,0.0,0.0,0.0,0.0,0.0,2
6652,20,7754,0.0,0.0,0.0,0.0,0.0,0.0,2
6653,20,7753,0.0,0.0,0.0,0.0,0.0,0.0,2
6654,20,7752,0.0,0.0,0.0,0.0,0.0,0.0,2
6655,20,7751,0.0,0.0,0.0,0.0,0.0,0.0,2
6656,20,3970,0.0,0.0,0.0,0.0,0.0,0.0,2
6657,20,3954,0.0,0.0,0.0,0.0,0.0,0.0,2
6658,20,3955,0.0,0.0,0.0,0.0,0.0,0.0,2
6659,20,3956,0.0,0.0,0.0,0.0,0.0,0.0,2
6660,20,3957,0.0,0.0,0.0,0.0,0.0,0.0,2
6661,20,3958,0.0,0.0,0.0,0.0,0.0,0.0,2
6662,20,3959,0.0,0.0,0.0,0.0,0.0,0.0,2
6663,20,3960,0.0,0.0,0.0,0.0,0.0,0.0,2
6664,20,3961,0.0,0.0,0.0,0.0,0.0,0.0,2
6665,20,3962,0.0,0.0,0.0,0.0,0.0,0.0,2
6666,20,3963,0.0,0.0,0.0,0.0,0.0,0.0,2
6667,20,3964,0.0,0.0,0.0,0.0,0.0,0.0,2
6668,20,3965,0.0,0.0,0.0,0.0,0.0,0.0,2
6669,20,3967,0.0,0.0,0.0,0.0,0.0,0.0,2
6670,20,3968,0.0,0.0,0.0,0.0,0.0,0.0,2
6671,20,3969,0.0,0.0,0.0,0.0,0.0,0.0,2
6672,20,3953,0.0,0.0,0.0,0.0,0.0,0.0,2
6673,20,3971,0.0,0.0,0.0,0.0,0.0,0.0,2
6674,20,3972,0.0,0.0,0.0,0.0,0.0,0.0,2
6675,20,3973,0.0,0.0,0.0,0.0,0.0,0.0,2
6676,20,3974,0.0,0.0,0.0,0.0,0.0,0.0,2
6677,20,3975,0.0,0.0,0.0,0.0,0.0,0.0,2
6678,20,3976,0.0,0.0,0.0,0.0,0.0,0.0,2
6679,20,3977,0.0,0.0,0.0,0.0,0.0,0.0,2
6680,20,3978,0.0,0.0,0.0,0.0,0.0,0.0,2
6681,20,3979,0.0,0.0,0.0,0.0,0.0,0.0,2
6682,20,3980,0.0,0.0,0.0,0.0,0.0,0.0,2
6683,20,3981,0.0,0.0,0.0,0.0,0.0,0.0,2
6684,20,3982,0.0,0.0,0.0,0.0,0.0,0.0,2
6685,20,3983,0.0,0.0,0.0,0.0,0.0,0.0,2
6686,20,3984,0.0,0.0,0.0,0.0,0.0,0.0,2
6687,20,3985,0.0,0.0,0.0,0.0,0.0,0.0,2
6688,20,3938,0.0,0.0,0.0,0.0,0.0,0.0,2
6689,20,3923,0.0,0.0,0.0,0.0,0.0,0.0,2
6690,20,3924,0.0,0.0,0.0,0.0,0.0,0.0,2
6691,20,3925,0.0,0.0,0.0,0.0,0.0,0.0,2
6692,20,3926,0.0,0.0,0.0,0.0,0.0,0.0,2
6693,20,3927,0.0,0.0,0.0,0.0,0.0,0.0,2
6694,20,3928,0.0,0.0,0.0,0.0,0.0,0.0,2
6695,20,3929,0.0,0.0,0.0,0.0,0.0,0.0,2
6696,20,3930,0.0,0.0,0.0,0.0,0.0,0.0,2
6697,20,3931,0.0,0.0,0.0,0.0,0.0,0.0,2
6698,20,3932,0.0,0.0,0.0,0.0,0.0,0.0,2
6699,20,3933,0.0,0.0,0.0,0.0,0.0,0.0,2
6700,20,3934,0.0,0.0,0.0,0.0,0.0,0.0,2
6701,20,3935,0.0,0.0,0.0,0.0,0.0,0.0,2
6702,20,3936,0.0,0.0,0.0,0.0,0.0,0.0,2
6703,20,3937,0.0,0.0,0.0,0.0,0.0,0.0,2
6704,20,3986,0.0,0.0,0.0,0.0,0.0,0.0,2
6705,20,3939,0.0,0.0,0.0,0.0,0.0,0.0,2
6706,20,3940,0.0,0.0,0.0,0.0,0.0,0.0,2
6707,20,3941,0.0,0.0,0.0,0.0,0.0,0.0,2
6708,20,3942,0.0,0.0,0.0,0.0,0.0,0.0,2
6709,20,3943,0.0,0.0,0.0,0.0,0.0,0.0,2
6710,20,3944,0.0,0.0,0.0,0.0,0.0,0.0,2
6711,20,3945,0.0,0.0,0.0,0.0,0.0,0.0,2
6712,20,3946,0.0,0.0,0.0,0.0,0.0,0.0,2
6713,20,3947,0.0,0.0,0.0,0.0,0.0,0.0,2
6714,20,3948,0.0,0.0,0.0,0.0,0.0,0.0,2
6715,20,3949,0.0,0.0,0.0,0.0,0.0,0.0,2
6716,20,3950,0.0,0.0,0.0,0.0,0.0,0.0,2
6717,20,3951,0.0,0.0,0.0,0.0,0.0,0.0,2
6718,20,3952,0.0,0.0,0.0,0.0,0.0,0.0,2
6719,20,4034,0.0,0.0,0.0,0.0,0.0,0.0,2
6720,20,4019,0.0,0.0,0.0,0.0,0.0,0.0,2
6721,20,4020,0.0,0.0,0.0,0.0,0.0,0.0,2
6722,20,4021,0.0,0.0,0.0,0.0,0.0,0.0,2
6723,20,4022,0.0,0.0,0.0,0.0,0.0,0.0,2
6724,20,4023,0.0,0.0,0.0,0.0,0.0,0.0,2
6725,20,4024,0.0,0.0,0.0,0.0,0.0,0.0,2
6726,20,4025,0.0,0.0,0.0,0.0,0.0,0.0,2
6727,20,4026,0.0,0.0,0.0,0.0,0.0,0.0,2
6728,20,4027,0.0,0.0,0.0,0.0,0.0,0.0,2
6729,20,4028,0.0,0.0,0.0,0.0,0.0,0.0,2
6730,20,4029,0.0,0.0,0.0,0.0,0.0,0.0,2
6731,20,4030,0.0,0.0,0.0,0.0,0.0,0.0,2
6732,20,4031,0.0,0.0,0.0,0.0,0.0,0.0,2
6733,20,4032,0.0,0.0,0.0,0.0,0.0,0.0,2
6734,20,4033,0.0,0.0,0.0,0.0,0.0,0.0,2
6735,20,4018,0.0,0.0,0.0,0.0,0.0,0.0,2
6736,20,4035,0.0,0.0,0.0,0.0,0.0,0.0,2
6737,20,4036,0.0,0.0,0.0,0.0,0.0,0.0,2
6738,20,4037,0.0,0.0,0.0,0.0,0.0,0.0,2
6739,20,4038,0.0,0.0,0.0,0.0,0.0,0.0,2
6740,20,4039,0.0,0.0,0.0,0.0,0.0,0.0,2
6741,20,4040,0.0,0.0,0.0,0.0,0.0,0.0,2
6742,20,4041,0.0,0.0,0.0,0.0,0.0,0.0,2
6743,20,4042,0.0,0.0,0.0,0.0,0.0,0.0,2
6744,20,4043,0.0,0.0,0.0,0.0,0.0,0.0,2
6745,20,4044,0.0,0.0,0.0,0.0,0.0,0.0,2
6746,20,4045,0.0,0.0,0.0,0.0,0.0,0.0,2
6747,20,4046,0.0,0.0,0.0,0.0,0.0,0.0,2
6748,20,4047,0.0,0.0,0.0,0.0,0.0,0.0,2
6749,20,4048,0.0,0.0,0.0,0.0,0.0,0.0,2
6750,20,4003,0.0,0.0,0.0,0.0,0.0,0.0,2
6751,20,3987,0.0,0.0,0.0,0.0,0.0,0.0,2
6752,20,3988,0.0,0.0,0.0,0.0,0.0,0.0,2
6753,20,3989,0.0,0.0,0.0,0.0,0.0,0.0,2
6754,20,3990,0.0,0.0,0.0,0.0,0.0,0.0,2
6755,20,3991,0.0,0.0,0.0,0.0,0.0,0.0,2
6756,20,3992,0.0,0.0,0.0,0.0,0.0,0.0,2
6757,20,3993,0.0,0.0,0.0,0.0,0.0,0.0,2
6758,20,3994,0.0,0.0,0.0,0.0,0.0,0.0,2
6759,20,3995,0.0,0.0,0.0,0.0,0.0,0.0,2
6760,20,3996,0.0,0.0,0.0,0.0,0.0,0.0,2
6761,20,3997,0.0,0.0,0.0,0.0,0.0,0.0,2
6762,20,3998,0.0,0.0,0.0,0.0,0.0,0.0,2
6763,20,3999,0.0,0.0,0.0,0.0,0.0,0.0,2
6764,20,4000,0.0,0.0,0.0,0.0,0.0,0.0,2
6765,20,4001,0.0,0.0,0.0,0.0,0.0,0.0,2
6766,20,3922,0.0,0.0,0.0,0.0,0.0,0.0,2
6767,20,4004,0.0,0.0,0.0,0.0,0.0,0.0,2
6768,20,4005,0.0,0.0,0.0,0.0,0.0,0.0,2
6769,20,4006,0.0,0.0,0.0,0.0,0.0,0.0,2
6770,20,4007,0.0,0.0,0.0,0.0,0.0,0.0,2
6771,20,4008,0.0,0.0,0.0,0.0,0.0,0.0,2
6772,20,4009,0.0,0.0,0.0,0.0,0.0,0.0,2
6773,20,4010,0.0,0.0,0.0,0.0,0.0,0.0,2
6774,20,4011,0.0,0.0,0.0,0.0,0.0,0.0,2
6775,20,4012,0.0,0.0,0.0,0.0,0.0,0.0,2
6776,20,4013,0.0,0.0,0.0,0.0,0.0,0.0,2
6777,20,4014,0.0,0.0,0.0,0.0,0.0,0.0,2
6778,20,4015,0.0,0.0,0.0,0.0,0.0,0.0,2
6779,20,4016,0.0,0.0,0.0,0.0,0.0,0.0,2
6780,20,4017,0.0,0.0,0.0,0.0,0.0,0.0,2
6781,20,3841,0.0,0.0,0.0,0.0,0.0,0.0,2
6782,20,3826,0.0,0.0,0.0,0.0,0.0,0.0,2
6783,20,3827,0.0,0.0,0.0,0.0,0.0,0.0,2
6784,20,3828,0.0,0.0,0.0,0.0,0.0,0.0,2
6785,20,3829,0.0,0.0,0.0,0.0,0.0,0.0,2
6786,20,3830,0.0,0.0,0.0,0.0,0.0,0.0,2
6787,20,3831,0.0,0.0,0.0,0.0,0.0,0.0,2
6788,20,3832,0.0,0.0,0.0,0.0,0.0,0.0,2
6789,20,3833,0.0,0.0,0.0,0.0,0.0,0.0,2
6790,20,3834,0.0,0.0,0.0,0.0,0.0,0.0,2
6791,20,3835,0.0,0.0,0.0,0.0,0.0,0.0,2
6792,20,3836,0.0,0.0,0.0,0.0,0.0,0.0,2
6793,20,3837,0.0,0.0,0.0,0.0,0.0,0.0,2
6794,20,3838,0.0,0.0,0.0,0.0,0.0,0.0,2
6795,20,3839,0.0,0.0,0.0,0.0,0.0,0.0,2
6796,20,3840,0.0,0.0,0.0,0.0,0.0,0.0,2
6797,20,3825,0.0,0.0,0.0,0.0,0.0,0.0,2
6798,20,3842,0.0,0.0,0.0,0.0,0.0,0.0,2
6799,20,3843,0.0,0.0,0.0,0.0,0.0,0.0,2
6800,20,3844,0.0,0.0,0.0,0.0,0.0,0.0,2
6801,20,3845,0.0,0.0,0.0,0.0,0.0,0.0,2
6802,20,3846,0.0,0.0,0.0,0.0,0.0,0.0,2
6803,20,3847,0.0,0.0,0.0,0.0,0.0,0.0,2
6804,20,3848,0.0,0.0,0.0,0.0,0.0,0.0,2
6805,20,3849,0.0,0.0,0.0,0.0,0.0,0.0,2
6806,20,3851,0.0,0.0,0.0,0.0,0.0,0.0,2
6807,20,3852,0.0,0.0,0.0,0.0,0.0,0.0,2
6808,20,3853,0.0,0.0,0.0,0.0,0.0,0.0,2
6809,20,3854,0.0,0.0,0.0,0.0,0.0,0.0,2
6810,20,3855,0.0,0.0,0.0,0.0,0.0,0.0,2
6811,20,3856,0.0,0.0,0.0,0.0,0.0,0.0,2
6812,20,3857,0.0,0.0,0.0,0.0,0.0,0.0,2
6813,20,3810,0.0,0.0,0.0,0.0,0.0,0.0,2
6814,20,3795,0.0,0.0,0.0,0.0,0.0,0.0,2
6815,20,3796,0.0,0.0,0.0,0.0,0.0,0.0,2
6816,20,3797,0.0,0.0,0.0,0.0,0.0,0.0,2
6817,20,3798,0.0,0.0,0.0,0.0,0.0,0.0,2
6818,20,3799,0.0,0.0,0.0,0.0,0.0,0.0,2
6819,20,3800,0.0,0.0,0.0,0.0,0.0,0.0,2
6820,20,3801,0.0,0.0,0.0,0.0,0.0,0.0,2
6821,20,3802,0.0,0.0,0.0,0.0,0.0,0.0,2
6822,20,3803,0.0,0.0,0.0,0.0,0.0,0.0,2
6823,20,3804,0.0,0.0,0.0,0.0,0.0,0.0,2
6824,20,3805,0.0,0.0,0.0,0.0,0.0,0.0,2
6825,20,3806,0.0,0.0,0.0,0.0,0.0,0.0,2
6826,20,3807,0.0,0.0,0.0,0.0,0.0,0.0,2
6827,20,3808,0.0,0.0,0.0,0.0,0.0,0.0,2
6828,20,3809,0.0,0.0,0.0,0.0,0.0,0.0,2
6829,20,3858,0.0,0.0,0.0,0.0,0.0,0.0,2
6830,20,3811,0.0,0.0,0.0,0.0,0.0,0.0,2
6831,20,3812,0.0,0.0,0.0,0.0,0.0,0.0,2
6832,20,3813,0.0,0.0,0.0,0.0,0.0,0.0,2
6833,20,3814,0.0,0.0,0.0,0.0,0.0,0.0,2
6834,20,3815,0.0,0.0,0.0,0.0,0.0,0.0,2
6835,20,3816,0.0,0.0,0.0,0.0,0.0,0.0,2
6836,20,3817,0.0,0.0,0.0,0.0,0.0,0.0,2
6837,20,3818,0.0,0.0,0.0,0.0,0.0,0.0,2
6838,20,3819,0.0,0.0,0.0,0.0,0.0,0.0,2
6839,20,3820,0.0,0.0,0.0,0.0,0.0,0.0,2
6840,20,3821,0.0,0.0,0.0,0.0,0.0,0.0,2
6841,20,3822,0.0,0.0,0.0,0.0,0.0,0.0,2
6842,20,3823,0.0,0.0,0.0,0.0,0.0,0.0,2
6843,20,3824,0.0,0.0,0.0,0.0,0.0,0.0,2
6844,20,3907,0.0,0.0,0.0,0.0,0.0,0.0,2
6845,20,3892,0.0,0.0,0.0,0.0,0.0,0.0,2
6846,20,3893,0.0,0.0,0.0,0.0,0.0,0.0,2
6847,20,3894,0.0,0.0,0.0,0.0,0.0,0.0,2
6848,20,3895,0.0,0.0,0.0,0.0,0.0,0.0,2
6849,20,3896,0.0,0.0,0.0,0.0,0.0,0.0,2
6850,20,3897,0.0,0.0,0.0,0.0,0.0,0.0,2
6851,20,3898,0.0,0.0,0.0,0.0,0.0,0.0,2
6852,20,3899,0.0,0.0,0.0,0.0,0.0,0.0,2
6853,20,3900,0.0,0.0,0.0,0.0,0.0,0.0,2
6854,20,3901,0.0,0.0,0.0,0.0,0.0,0.0,2
6855,20,3902,0.0,0.0,0.0,0.0,0.0,0.0,2
6856,20,3903,0.0,0.0,0.0,0.0,0.0,0.0,2
6857,20,3904,0.0,0.0,0.0,0.0,0.0,0.0,2
6858,20,3905,0.0,0.0,0.0,0.0,0.0,0.0,2
6859,20,3906,0.0,0.0,0.0,0.0,0.0,0.0,2
6860,20,3891,0.0,0.0,0.0,0.0,0.0,0.0,2
6861,20,3908,0.0,0.0,0.0,0.0,0.0,0.0,2
6862,20,3909,0.0,0.0,0.0,0.0,0.0,0.0,2
6863,20,3910,0.0,0.0,0.0,0.0,0.0,0.0,2
6864,20,3911,0.0,0.0,0.0,0.0,0.0,0.0,2
6865,20,3912,0.0,0.0,0.0,0.0,0.0,0.0,2
6866,20,3913,0.0,0.0,0.0,0.0,0.0,0.0,2
6867,20,3914,0.0,0.0,0.0,0.0,0.0,0.0,2
6868,20,3915,0.0,0.0,0.0,0.0,0.0,0.0,2
6869,20,3916,0.0,0.0,0.0,0.0,0.0,0.0,2
6870,20,3917,0.0,0.0,0.0,0.0,0.0,0.0,2
6871,20,3918,0.0,0.0,0.0,0.0,0.0,0.0,2
6872,20,3919,0.0,0.0,0.0,0.0,0.0,0.0,2
6873,20,3920,0.0,0.0,0.0,0.0,0.0,0.0,2
6874,20,3921,0.0,0.0,0.0,0.0,0.0,0.0,2
6875,20,3875,0.0,0.0,0.0,0.0,0.0,0.0,2
6876,20,3859,0.0,0.0,0.0,0.0,0.0,0.0,2
6877,20,3860,0.0,0.0,0.0,0.0,0.0,0.0,2
6878,20,3861,0.0,0.0,0.0,0.0,0.0,0.0,2
6879,20,3862,0.0,0.0,0.0,0.0,0.0,0.0,2
6880,20,3864,0.0,0.0,0.0,0.0,0.0,0.0,2
6881,20,3865,0.0,0.0,0.0,0.0,0.0,0.0,2
6882,20,3866,0.0,0.0,0.0,0.0,0.0,0.0,2
6883,20,8542,0.0,0.0,0.0,0.0,0.0,0.0,2
6884,20,3868,0.0,0.0,0.0,0.0,0.0,0.0,2
6885,20,3869,0.0,0.0,0.0,0.0,0.0,0.0,2
6886,20,3870,0.0,0.0,0.0,0.0,0.0,0.0,2
6887,20,3871,0.0,0.0,0.0,0.0,0.0,0.0,2
6888,20,3872,0.0,0.0,0.0,0.0,0.0,0.0,2
6889,20,3873,0.0,0.0,0.0,0.0,0.0,0.0,2
6890,20,3874,0.0,0.0,0.0,0.0,0.0,0.0,2
6891,20,4049,0.0,0.0,0.0,0.0,0.0,0.0,2
6892,20,3877,0.0,0.0,0.0,0.0,0.0,0.0,2
6893,20,3878,0.0,0.0,0.0,0.0,0.0,0.0,2
6894,20,3879,0.0,0.0,0.0,0.0,0.0,0.0,2
6895,20,3880,0.0,0.0,0.0,0.0,0.0,0.0,2
6896,20,3881,0.0,0.0,0.0,0.0,0.0,0.0,2
6897,20,3882,0.0,0.0,0.0,0.0,0.0,0.0,2
6898,20,3883,0.0,0.0,0.0,0.0,0.0,0.0,2
6899,20,3884,0.0,0.0,0.0,0.0,0.0,0.0,2
6900,20,3885,0.0,0.0,0.0,0.0,0.0,0.0,2
6901,20,3886,0.0,0.0,0.0,0.0,0.0,0.0,2
6902,20,3887,0.0,0.0,0.0,0.0,0.0,0.0,2
6903,20,3888,0.0,0.0,0.0,0.0,0.0,0.0,2
6904,20,3889,0.0,0.0,0.0,0.0,0.0,0.0,2
6905,20,3890,0.0,0.0,0.0,0.0,0.0,0.0,2
6906,20,8177,0.0,0.0,0.0,0.0,0.0,0.0,2
6907,20,8195,0.0,0.0,0.0,0.0,0.0,0.0,2
6908,20,8193,0.0,0.0,0.0,0.0,0.0,0.0,2
6909,20,0,0.0,0.0,0.0,0.0,0.0,0.0,2
6910,20,8191,0.0,0.0,0.0,0.0,0.0,0.0,2
6911,20,8190,0.0,0.0,0.0,0.0,0.0,0.0,2
6912,20,8189,0.0,0.0,0.0,0.0,0.0,0.0,2
6913,20,8188,0.0,0.0,0.0,0.0,0.0,0.0,2
6914,20,8187,0.0,0.0,0.0,0.0,0.0,0.0,2
6915,20,8186,0.0,0.0,0.0,0.0,0.0,0.0,2
6916,20,8185,0.0,0.0,0.0,0.0,0.0,0.0,2
6917,20,8184,0.0,0.0,0.0,0.0,0.0,0.0,2
6918,20,8183,0.0,0.0,0.0,0.0,0.0,0.0,2
6919,20,8181,0.0,0.0,0.0,0.0,0.0,0.0,2
6920,20,8179,0.0,0.0,0.0,0.0,0.0,0.0,2
6921,20,8178,0.0,0.0,0.0,0.0,0.0,0.0,2
6922,20,8196,0.0,0.0,0.0,0.0,0.0,0.0,2
6923,20,8176,0.0,0.0,0.0,0.0,0.0,0.0,2
6924,20,8175,0.0,0.0,0.0,0.0,0.0,0.0,2
6925,20,8174,0.0,0.0,0.0,0.0,0.0,0.0,2
6926,20,8173,0.0,0.0,0.0,0.0,0.0,0.0,2
6927,20,8172,0.0,0.0,0.0,0.0,0.0,0.0,2
6928,20,8171,0.0,0.0,0.0,0.0,0.0,0.0,2
6929,20,8170,0.0,0.0,0.0,0.0,0.0,0.0,2
6930,20,8169,0.0,0.0,0.0,0.0,0.0,0.0,2
6931,20,8168,0.0,0.0,0.0,0.0,0.0,0.0,2
6932,20,8167,0.0,0.0,0.0,0.0,0.0,0.0,2
6933,20,8166,0.0,0.0,0.0,0.0,0.0,0.0,2
6934,20,8165,0.0,0.0,0.0,0.0,0.0,0.0,2
6935,20,8164,0.0,0.0,0.0,0.0,0.0,0.0,2
6936,20,8163,0.0,0.0,0.0,0.0,0.0,0.0,2
6937,20,8162,0.0,0.0,0.0,0.0,0.0,0.0,2
6938,20,8212,0.0,0.0,0.0,0.0,0.0,0.0,2
6939,20,8227,0.0,0.0,0.0,0.0,0.0,0.0,2
6940,20,8226,0.0,0.0,0.0,0.0,0.0,0.0,2
6941,20,8225,0.0,0.0,0.0,0.0,0.0,0.0,2
6942,20,8224,0.0,0.0,0.0,0.0,0.0,0.0,2
6943,20,8223,0.0,0.0,0.0,0.0,0.0,0.0,2
6944,20,8222,0.0,0.0,0.0,0.0,0.0,0.0,2
6945,20,8221,0.0,0.0,0.0,0.0,0.0,0.0,2
6946,20,8220,0.0,0.0,0.0,0.0,0.0,0.0,2
6947,20,8219,0.0,0.0,0.0,0.0,0.0,0.0,2
6948,20,8218,0.0,0.0,0.0,0.0,0.0,0.0,2
6949,20,8217,0.0,0.0,0.0,0.0,0.0,0.0,2
6950,20,8216,0.0,0.0,0.0,0.0,0.0,0.0,2
6951,20,8215,0.0,0.0,0.0,0.0,0.0,0.0,2
6952,20,8214,0.0,0.0,0.0,0.0,0.0,0.0,2
6953,20,8213,0.0,0.0,0.0,0.0,0.0,0.0,2
6954,20,8161,0.0,0.0,0.0,0.0,0.0,0.0,2
6955,20,8211,0.0,0.0,0.0,0.0,0.0,0.0,2
6956,20,8210,0.0,0.0,0.0,0.0,0.0,0.0,2
6957,20,8209,0.0,0.0,0.0,0.0,0.0,0.0,2
6958,20,8208,0.0,0.0,0.0,0.0,0.0,0.0,2
6959,20,8206,0.0,0.0,0.0,0.0,0.0,0.0,2
6960,20,8205,0.0,0.0,0.0,0.0,0.0,0.0,2
6961,20,8204,0.0,0.0,0.0,0.0,0.0,0.0,2
6962,20,8203,0.0,0.0,0.0,0.0,0.0,0.0,2
6963,20,8202,0.0,0.0,0.0,0.0,0.0,0.0,2
6964,20,8201,0.0,0.0,0.0,0.0,0.0,0.0,2
6965,20,8200,0.0,0.0,0.0,0.0,0.0,0.0,2
6966,20,8199,0.0,0.0,0.0,0.0,0.0,0.0,2
6967,20,8198,0.0,0.0,0.0,0.0,0.0,0.0,2
6968,20,8197,0.0,0.0,0.0,0.0,0.0,0.0,2
6969,20,8113,0.0,0.0,0.0,0.0,0.0,0.0,2
6970,20,8128,0.0,0.0,0.0,0.0,0.0,0.0,2
6971,20,8127,0.0,0.0,0.0,0.0,0.0,0.0,2
6972,20,8126,0.0,0.0,0.0,0.0,0.0,0.0,2
6973,20,8125,0.0,0.0,0.0,0.0,0.0,0.0,2
6974,20,8124,0.0,0.0,0.0,0.0,0.0,0.0,2
6975,20,8123,0.0,0.0,0.0,0.0,0.0,0.0,2
6976,20,8122,0.0,0.0,0.0,0.0,0.0,0.0,2
6977,20,8121,0.0,0.0,0.0,0.0,0.0,0.0,2
6978,20,8120,0.0,0.0,0.0,0.0,0.0,0.0,2
6979,20,8119,0.0,0.0,0.0,0.0,0.0,0.0,2
6980,20,8118,0.0,0.0,0.0,0.0,0.0,0.0,2
6981,20,8117,0.0,0.0,0.0,0.0,0.0,0.0,2
6982,20,8116,0.0,0.0,0.0,0.0,0.0,0.0,2
6983,20,8115,0.0,0.0,0.0,0.0,0.0,0.0,2
6984,20,8114,0.0,0.0,0.0,0.0,0.0,0.0,2
6985,20,8129,0.0,0.0,0.0,0.0,0.0,0.0,2
6986,20,8112,0.0,0.0,0.0,0.0,0.0,0.0,2
6987,20,8111,0.0,0.0,0.0,0.0,0.0,0.0,2
6988,20,8110,0.0,0.0,0.0,0.0,0.0,0.0,2
6989,20,8109,0.0,0.0,0.0,0.0,0.0,0.0,2
6990,20,8108,0.0,0.0,0.0,0.0,0.0,0.0,2
6991,20,8107,0.0,0.0,0.0,0.0,0.0,0.0,2
6992,20,8106,0.0,0.0,0.0,0.0,0.0,0.0,2
6993,20,8105,0.0,0.0,0.0,0.0,0.0,0.0,2
6994,20,8104,0.0,0.0,0.0,0.0,0.0,0.0,2
6995,20,8103,0.0,0.0,0.0,0.0,0.0,0.0,2
6996,20,8102,0.0,0.0,0.0,0.0,0.0,0.0,2
6997,20,8101,0.0,0.0,0.0,0.0,0.0,0.0,2
6998,20,8100,0.0,0.0,0.0,0.0,0.0,0.0,2
6999,20,8099,0.0,0.0,0.0,0.0,0.0,0.0,2
7000,20,8144,0.0,0.0,0.0,0.0,0.0,0.0,2
7001,20,8160,0.0,0.0,0.0,0.0,0.0,0.0,2
7002,20,8159,0.0,0.0,0.0,0.0,0.0,0.0,2
7003,20,8158,0.0,0.0,0.0,0.0,0.0,0.0,2
7004,20,8157,0.0,0.0,0.0,0.0,0.0,0.0,2
7005,20,8156,0.0,0.0,0.0,0.0,0.0,0.0,2
7006,20,8155,0.0,0.0,0.0,0.0,0.0,0.0,2
7007,20,8154,0.0,0.0,0.0,0.0,0.0,0.0,2
7008,20,8153,0.0,0.0,0.0,0.0,0.0,0.0,2
7009,20,8151,0.0,0.0,0.0,0.0,0.0,0.0,2
7010,20,8150,0.0,0.0,0.0,0.0,0.0,0.0,2
7011,20,8149,0.0,0.0,0.0,0.0,0.0,0.0,2
7012,20,8148,0.0,0.0,0.0,0.0,0.0,0.0,2
7013,20,8147,0.0,0.0,0.0,0.0,0.0,0.0,2
7014,20,8146,0.0,0.0,0.0,0.0,0.0,0.0,2
7015,20,8145,0.0,0.0,0.0,0.0,0.0,0.0,2
7016,20,8228,0.0,0.0,0.0,0.0,0.0,0.0,2
7017,20,8143,0.0,0.0,0.0,0.0,0.0,0.0,2
7018,20,8142,0.0,0.0,0.0,0.0,0.0,0.0,2
7019,20,8141,0.0,0.0,0.0,0.0,0.0,0.0,2
7020,20,8140,0.0,0.0,0.0,0.0,0.0,0.0,2
7021,20,8139,0.0,0.0,0.0,0.0,0.0,0.0,2
7022,20,8138,0.0,0.0,0.0,0.0,0.0,0.0,2
7023,20,8137,0.0,0.0,0.0,0.0,0.0,0.0,2
7024,20,8136,0.0,0.0,0.0,0.0,0.0,0.0,2
7025,20,8135,0.0,0.0,0.0,0.0,0.0,0.0,2
7026,20,8134,0.0,0.0,0.0,0.0,0.0,0.0,2
7027,20,8133,0.0,0.0,0.0,0.0,0.0,0.0,2
7028,20,8132,0.0,0.0,0.0,0.0,0.0,0.0,2
7029,20,8131,0.0,0.0,0.0,0.0,0.0,0.0,2
7030,20,8130,0.0,0.0,0.0,0.0,0.0,0.0,2
7031,20,4097,0.0,0.0,0.0,0.0,0.0,0.0,2
7032,20,4081,0.0,0.0,0.0,0.0,0.0,0.0,2
7033,20,4082,0.0,0.0,0.0,0.0,0.0,0.0,2
7034,20,4083,0.0,0.0,0.0,0.0,0.0,0.0,2
7035,20,4084,0.0,0.0,0.0,0.0,0.0,0.0,2
7036,20,4085,0.0,0.0,0.0,0.0,0.0,0.0,2
7037,20,4086,0.0,0.0,0.0,0.0,0.0,0.0,2
7038,20,4087,0.0,0.0,0.0,0.0,0.0,0.0,2
7039,20,4088,0.0,0.0,0.0,0.0,0.0,0.0,2
7040,20,4089,0.0,0.0,0.0,0.0,0.0,0.0,2
7041,20,4090,0.0,0.0,0.0,0.0,0.0,0.0,2
7042,20,4091,0.0,0.0,0.0,0.0,0.0,0.0,2
7043,20,4092,0.0,0.0,0.0,0.0,0.0,0.0,2
7044,20,4093,0.0,0.0,0.0,0.0,0.0,0.0,2
7045,20,4094,0.0,0.0,0.0,0.0,0.0,0.0,2
7046,20,4096,0.0,0.0,0.0,0.0,0.0,0.0,2
7047,20,4080,0.0,0.0,0.0,0.0,0.0,0.0,2
7048,20,4098,0.0,0.0,0.0,0.0,0.0,0.0,2
7049,20,4099,0.0,0.0,0.0,0.0,0.0,0.0,2
7050,20,4100,0.0,0.0,0.0,0.0,0.0,0.0,2
7051,20,4101,0.0,0.0,0.0,0.0,0.0,0.0,2
7052,20,4102,0.0,0.0,0.0,0.0,0.0,0.0,2
7053,20,4103,0.0,0.0,0.0,0.0,0.0,0.0,2
7054,20,4104,0.0,0.0,0.0,0.0,0.0,0.0,2
7055,20,4105,0.0,0.0,0.0,0.0,0.0,0.0,2
7056,20,4106,0.0,0.0,0.0,0.0,0.0,0.0,2
7057,20,4107,0.0,0.0,0.0,0.0,0.0,0.0,2
7058,20,4108,0.0,0.0,0.0,0.0,0.0,0.0,2
7059,20,4109,0.0,0.0,0.0,0.0,0.0,0.0,2
7060,20,4110,0.0,0.0,0.0,0.0,0.0,0.0,2
7061,20,4111,0.0,0.0,0.0,0.0,0.0,0.0,2
7062,20,4112,0.0,0.0,0.0,0.0,0.0,0.0,2
7063,20,4065,0.0,0.0,0.0,0.0,0.0,0.0,2
7064,20,4050,0.0,0.0,0.0,0.0,0.0,0.0,2
7065,20,4051,0.0,0.0,0.0,0.0,0.0,0.0,2
7066,20,4052,0.0,0.0,0.0,0.0,0.0,0.0,2
7067,20,4053,0.0,0.0,0.0,0.0,0.0,0.0,2
7068,20,4054,0.0,0.0,0.0,0.0,0.0,0.0,2
7069,20,4055,0.0,0.0,0.0,0.0,0.0,0.0,2
7070,20,4056,0.0,0.0,0.0,0.0,0.0,0.0,2
7071,20,4057,0.0,0.0,0.0,0.0,0.0,0.0,2
7072,20,4058,0.0,0.0,0.0,0.0,0.0,0.0,2
7073,20,4059,0.0,0.0,0.0,0.0,0.0,0.0,2
7074,20,4060,0.0,0.0,0.0,0.0,0.0,0.0,2
7075,20,4061,0.0,0.0,0.0,0.0,0.0,0.0,2
7076,20,4062,0.0,0.0,0.0,0.0,0.0,0.0,2
7077,20,4063,0.0,0.0,0.0,0.0,0.0,0.0,2
7078,20,4064,0.0,0.0,0.0,0.0,0.0,0.0,2
7079,20,4113,0.0,0.0,0.0,0.0,0.0,0.0,2
7080,20,4066,0.0,0.0,0.0,0.0,0.0,0.0,2
7081,20,4067,0.0,0.0,0.0,0.0,0.0,0.0,2
7082,20,4068,0.0,0.0,0.0,0.0,0.0,0.0,2
7083,20,4069,0.0,0.0,0.0,0.0,0.0,0.0,2
7084,20,4070,0.0,0.0,0.0,0.0,0.0,0.0,2
7085,20,4071,0.0,0.0,0.0,0.0,0.0,0.0,2
7086,20,4072,0.0,0.0,0.0,0.0,0.0,0.0,2
7087,20,4073,0.0,0.0,0.0,0.0,0.0,0.0,2
7088,20,4074,0.0,0.0,0.0,0.0,0.0,0.0,2
7089,20,4075,0.0,0.0,0.0,0.0,0.0,0.0,2
7090,20,4076,0.0,0.0,0.0,0.0,0.0,0.0,2
7091,20,4077,0.0,0.0,0.0,0.0,0.0,0.0,2
7092,20,4078,0.0,0.0,0.0,0.0,0.0,0.0,2
7093,20,4079,0.0,0.0,0.0,0.0,0.0,0.0,2
7094,20,8244,0.0,0.0,0.0,0.0,0.0,0.0,2
7095,20,8259,0.0,0.0,0.0,0.0,0.0,0.0,2
7096,20,8258,0.0,0.0,0.0,0.0,0.0,0.0,2
7097,20,8257,0.0,0.0,0.0,0.0,0.0,0.0,2
7098,20,8256,0.0,0.0,0.0,0.0,0.0,0.0,2
7099,20,8255,0.0,0.0,0.0,0.0,0.0,0.0,2
7100,20,8254,0.0,0.0,0.0,0.0,0.0,0.0,2
7101,20,8253,0.0,0.0,0.0,0.0,0.0,0.0,2
7102,20,8252,0.0,0.0,0.0,0.0,0.0,0.0,2
7103,20,8251,0.0,0.0,0.0,0.0,0.0,0.0,2
7104,20,8250,0.0,0.0,0.0,0.0,0.0,0.0,2
7105,20,8249,0.0,0.0,0.0,0.0,0.0,0.0,2
7106,20,8248,0.0,0.0,0.0,0.0,0.0,0.0,2
7107,20,8247,0.0,0.0,0.0,0.0,0.0,0.0,2
7108,20,8246,0.0,0.0,0.0,0.0,0.0,0.0,2
7109,20,8245,0.0,0.0,0.0,0.0,0.0,0.0,2
7110,20,8260,0.0,0.0,0.0,0.0,0.0,0.0,2
7111,20,8242,0.0,0.0,0.0,0.0,0.0,0.0,2
7112,20,8241,0.0,0.0,0.0,0.0,0.0,0.0,2
7113,20,8240,0.0,0.0,0.0,0.0,0.0,0.0,2
7114,20,8239,0.0,0.0,0.0,0.0,0.0,0.0,2
7115,20,8238,0.0,0.0,0.0,0.0,0.0,0.0,2
7116,20,8237,0.0,0.0,0.0,0.0,0.0,0.0,2
7117,20,8236,0.0,0.0,0.0,0.0,0.0,0.0,2
7118,20,8235,0.0,0.0,0.0,0.0,0.0,0.0,2
7119,20,8234,0.0,0.0,0.0,0.0,0.0,0.0,2
7120,20,8233,0.0,0.0,0.0,0.0,0.0,0.0,2
7121,20,8232,0.0,0.0,0.0,0.0,0.0,0.0,2
7122,20,8231,0.0,0.0,0.0,0.0,0.0,0.0,2
7123,20,8230,0.0,0.0,0.0,0.0,0.0,0.0,2
7124,20,8229,0.0,0.0,0.0,0.0,0.0,0.0,2
7125,20,4131,0.0,0.0,0.0,0.0,0.0,0.0,2
7126,20,4114,0.0,0.0,0.0,0.0,0.0,0.0,2
7127,20,4115,0.0,0.0,0.0,0.0,0.0,0.0,2
7128,20,4116,0.0,0.0,0.0,0.0,0.0,0.0,2
7129,20,4117,0.0,0.0,0.0,0.0,0.0,0.0,2
7130,20,4118,0.0,0.0,0.0,0.0,0.0,0.0,2
7131,20,4119,0.0,0.0,0.0,0.0,0.0,0.0,2
7132,20,4120,0.0,0.0,0.0,0.0,0.0,0.0,2
7133,20,4121,0.0,0.0,0.0,0.0,0.0,0.0,2
7134,20,4122,0.0,0.0,0.0,0.0,0.0,0.0,2
7135,20,4124,0.0,0.0,0.0,0.0,0.0,0.0,2
7136,20,4125,0.0,0.0,0.0,0.0,0.0,0.0,2
7137,20,4127,0.0,0.0,0.0,0.0,0.0,0.0,2
7138,20,4128,0.0,0.0,0.0,0.0,0.0,0.0,2
7139,20,4129,0.0,0.0,0.0,0.0,0.0,0.0,2
7140,20,4130,0.0,0.0,0.0,0.0,0.0,0.0,2
7141,20,7593,0.0,0.0,0.0,0.0,0.0,0.0,2
7142,20,4132,0.0,0.0,0.0,0.0,0.0,0.0,2
7143,20,6206,0.0,0.0,0.0,0.0,0.0,0.0,2
7144,20,8272,0.0,0.0,0.0,0.0,0.0,0.0,2
7145,20,8271,0.0,0.0,0.0,0.0,0.0,0.0,2
7146,20,8270,0.0,0.0,0.0,0.0,0.0,0.0,2
7147,20,8269,0.0,0.0,0.0,0.0,0.0,0.0,2
7148,20,8268,0.0,0.0,0.0,0.0,0.0,0.0,2
7149,20,8267,0.0,0.0,0.0,0.0,0.0,0.0,2
7150,20,8266,0.0,0.0,0.0,0.0,0.0,0.0,2
7151,20,8265,0.0,0.0,0.0,0.0,0.0,0.0,2
7152,20,8264,0.0,0.0,0.0,0.0,0.0,0.0,2
7153,20,8263,0.0,0.0,0.0,0.0,0.0,0.0,2
7154,20,8262,0.0,0.0,0.0,0.0,0.0,0.0,2
7155,20,8261,0.0,0.0,0.0,0.0,0.0,0.0,2
7156,20,6906,0.0,0.0,0.0,0.0,0.0,0.0,2
7157,20,6921,0.0,0.0,0.0,0.0,0.0,0.0,2
7158,20,6920,0.0,0.0,0.0,0.0,0.0,0.0,2
7159,20,6919,0.0,0.0,0.0,0.0,0.0,0.0,2
7160,20,6918,0.0,0.0,0.0,0.0,0.0,0.0,2
7161,20,6917,0.0,0.0,0.0,0.0,0.0,0.0,2
7162,20,6916,0.0,0.0,0.0,0.0,0.0,0.0,2
7163,20,6915,0.0,0.0,0.0,0.0,0.0,0.0,2
7164,20,6914,0.0,0.0,0.0,0.0,0.0,0.0,2
7165,20,6913,0.0,0.0,0.0,0.0,0.0,0.0,2
7166,20,6912,0.0,0.0,0.0,0.0,0.0,0.0,2
7167,20,6911,0.0,0.0,0.0,0.0,0.0,0.0,2
7168,20,6910,0.0,0.0,0.0,0.0,0.0,0.0,2
7169,20,6909,0.0,0.0,0.0,0.0,0.0,0.0,2
7170,20,6908,0.0,0.0,0.0,0.0,0.0,0.0,2
7171,20,6907,0.0,0.0,0.0,0.0,0.0,0.0,2
7172,20,6922,0.0,0.0,0.0,0.0,0.0,0.0,2
7173,20,6905,0.0,0.0,0.0,0.0,0.0,0.0,2
7174,20,6904,0.0,0.0,0.0,0.0,0.0,0.0,2
7175,20,6903,0.0,0.0,0.0,0.0,0.0,0.0,2
7176,20,6902,0.0,0.0,0.0,0.0,0.0,0.0,2
7177,20,6901,0.0,0.0,0.0,0.0,0.0,0.0,2
7178,20,6900,0.0,0.0,0.0,0.0,0.0,0.0,2
7179,20,6899,0.0,0.0,0.0,0.0,0.0,0.0,2
7180,20,6898,0.0,0.0,0.0,0.0,0.0,0.0,2
7181,20,6897,0.0,0.0,0.0,0.0,0.0,0.0,2
7182,20,6896,0.0,0.0,0.0,0.0,0.0,0.0,2
7183,20,6895,0.0,0.0,0.0,0.0,0.0,0.0,2
7184,20,6894,0.0,0.0,0.0,0.0,0.0,0.0,2
7185,20,6893,0.0,0.0,0.0,0.0,0.0,0.0,2
7186,20,6892,0.0,0.0,0.0,0.0,0.0,0.0,2
7187,20,6891,0.0,0.0,0.0,0.0,0.0,0.0,2
7188,20,6937,0.0,0.0,0.0,0.0,0.0,0.0,2
7189,20,6952,0.0,0.0,0.0,0.0,0.0,0.0,2
7190,20,6951,0.0,0.0,0.0,0.0,0.0,0.0,2
7191,20,6950,0.0,0.0,0.0,0.0,0.0,0.0,2
7192,20,6949,0.0,0.0,0.0,0.0,0.0,0.0,2
7193,20,6948,0.0,0.0,0.0,0.0,0.0,0.0,2
7194,20,6947,0.0,0.0,0.0,0.0,0.0,0.0,2
7195,20,6946,0.0,0.0,0.0,0.0,0.0,0.0,2
7196,20,6945,0.0,0.0,0.0,0.0,0.0,0.0,2
7197,20,6944,0.0,0.0,0.0,0.0,0.0,0.0,2
7198,20,6943,0.0,0.0,0.0,0.0,0.0,0.0,2
7199,20,6942,0.0,0.0,0.0,0.0,0.0,0.0,2
7200,20,6941,0.0,0.0,0.0,0.0,0.0,0.0,2
7201,20,6940,0.0,0.0,0.0,0.0,0.0,0.0,2
7202,20,6939,0.0,0.0,0.0,0.0,0.0,0.0,2
7203,20,6938,0.0,0.0,0.0,0.0,0.0,0.0,2
7204,20,6890,0.0,0.0,0.0,0.0,0.0,0.0,2
7205,20,6936,0.0,0.0,0.0,0.0,0.0,0.0,2
7206,20,6935,0.0,0.0,0.0,0.0,0.0,0.0,2
7207,20,6934,0.0,0.0,0.0,0.0,0.0,0.0,2
7208,20,6933,0.0,0.0,0.0,0.0,0.0,0.0,2
7209,20,6932,0.0,0.0,0.0,0.0,0.0,0.0,2
7210,20,6931,0.0,0.0,0.0,0.0,0.0,0.0,2
7211,20,6930,0.0,0.0,0.0,0.0,0.0,0.0,2
7212,20,6929,0.0,0.0,0.0,0.0,0.0,0.0,2
7213,20,6928,0.0,0.0,0.0,0.0,0.0,0.0,2
7214,20,6927,0.0,0.0,0.0,0.0,0.0,0.0,2
7215,20,6926,0.0,0.0,0.0,0.0,0.0,0.0,2
7216,20,6925,0.0,0.0,0.0,0.0,0.0,0.0,2
7217,20,6924,0.0,0.0,0.0,0.0,0.0,0.0,2
7218,20,6923,0.0,0.0,0.0,0.0,0.0,0.0,2
7219,20,6843,0.0,0.0,0.0,0.0,0.0,0.0,2
7220,20,6858,0.0,0.0,0.0,0.0,0.0,0.0,2
7221,20,6857,0.0,0.0,0.0,0.0,0.0,0.0,2
7222,20,6856,0.0,0.0,0.0,0.0,0.0,0.0,2
7223,20,6855,0.0,0.0,0.0,0.0,0.0,0.0,2
7224,20,6854,0.0,0.0,0.0,0.0,0.0,0.0,2
7225,20,6853,0.0,0.0,0.0,0.0,0.0,0.0,2
7226,20,6852,0.0,0.0,0.0,0.0,0.0,0.0,2
7227,20,6851,0.0,0.0,0.0,0.0,0.0,0.0,2
7228,20,6850,0.0,0.0,0.0,0.0,0.0,0.0,2
7229,20,6849,0.0,0.0,0.0,0.0,0.0,0.0,2
7230,20,6848,0.0,0.0,0.0,0.0,0.0,0.0,2
7231,20,6847,0.0,0.0,0.0,0.0,0.0,0.0,2
7232,20,6846,0.0,0.0,0.0,0.0,0.0,0.0,2
7233,20,6845,0.0,0.0,0.0,0.0,0.0,0.0,2
7234,20,6844,0.0,0.0,0.0,0.0,0.0,0.0,2
7235,20,6859,0.0,0.0,0.0,0.0,0.0,0.0,2
7236,20,6842,0.0,0.0,0.0,0.0,0.0,0.0,2
7237,20,6841,0.0,0.0,0.0,0.0,0.0,0.0,2
7238,20,6840,0.0,0.0,0.0,0.0,0.0,0.0,2
7239,20,6839,0.0,0.0,0.0,0.0,0.0,0.0,2
7240,20,6838,0.0,0.0,0.0,0.0,0.0,0.0,2
7241,20,6837,0.0,0.0,0.0,0.0,0.0,0.0,2
7242,20,6836,0.0,0.0,0.0,0.0,0.0,0.0,2
7243,20,6835,0.0,0.0,0.0,0.0,0.0,0.0,2
7244,20,6834,0.0,0.0,0.0,0.0,0.0,0.0,2
7245,20,6833,0.0,0.0,0.0,0.0,0.0,0.0,2
7246,20,6832,0.0,0.0,0.0,0.0,0.0,0.0,2
7247,20,6831,0.0,0.0,0.0,0.0,0.0,0.0,2
7248,20,6830,0.0,0.0,0.0,0.0,0.0,0.0,2
7249,20,6829,0.0,0.0,0.0,0.0,0.0,0.0,2
7250,20,6874,0.0,0.0,0.0,0.0,0.0,0.0,2
7251,20,6889,0.0,0.0,0.0,0.0,0.0,0.0,2
7252,20,6888,0.0,0.0,0.0,0.0,0.0,0.0,2
7253,20,6887,0.0,0.0,0.0,0.0,0.0,0.0,2
7254,20,6886,0.0,0.0,0.0,0.0,0.0,0.0,2
7255,20,6885,0.0,0.0,0.0,0.0,0.0,0.0,2
7256,20,6884,0.0,0.0,0.0,0.0,0.0,0.0,2
7257,20,6883,0.0,0.0,0.0,0.0,0.0,0.0,2
7258,20,6882,0.0,0.0,0.0,0.0,0.0,0.0,2
7259,20,6881,0.0,0.0,0.0,0.0,0.0,0.0,2
7260,20,6880,0.0,0.0,0.0,0.0,0.0,0.0,2
7261,20,6879,0.0,0.0,0.0,0.0,0.0,0.0,2
7262,20,6878,0.0,0.0,0.0,0.0,0.0,0.0,2
7263,20,6877,0.0,0.0,0.0,0.0,0.0,0.0,2
7264,20,6876,0.0,0.0,0.0,0.0,0.0,0.0,2
7265,20,6875,0.0,0.0,0.0,0.0,0.0,0.0,2
7266,20,6953,0.0,0.0,0.0,0.0,0.0,0.0,2
7267,20,6873,0.0,0.0,0.0,0.0,0.0,0.0,2
7268,20,6872,0.0,0.0,0.0,0.0,0.0,0.0,2
7269,20,6871,0.0,0.0,0.0,0.0,0.0,0.0,2
7270,20,6870,0.0,0.0,0.0,0.0,0.0,0.0,2
7271,20,6869,0.0,0.0,0.0,0.0,0.0,0.0,2
7272,20,6868,0.0,0.0,0.0,0.0,0.0,0.0,2
7273,20,6867,0.0,0.0,0.0,0.0,0.0,0.0,2
7274,20,6866,0.0,0.0,0.0,0.0,0.0,0.0,2
7275,20,6865,0.0,0.0,0.0,0.0,0.0,0.0,2
7276,20,6864,0.0,0.0,0.0,0.0,0.0,0.0,2
7277,20,6863,0.0,0.0,0.0,0.0,0.0,0.0,2
7278,20,6862,0.0,0.0,0.0,0.0,0.0,0.0,2
7279,20,6861,0.0,0.0,0.0,0.0,0.0,0.0,2
7280,20,6860,0.0,0.0,0.0,0.0,0.0,0.0,2
7281,20,7033,0.0,0.0,0.0,0.0,0.0,0.0,2
7282,20,7048,0.0,0.0,0.0,0.0,0.0,0.0,2
7283,20,7047,0.0,0.0,0.0,0.0,0.0,0.0,2
7284,20,7046,0.0,0.0,0.0,0.0,0.0,0.0,2
7285,20,7045,0.0,0.0,0.0,0.0,0.0,0.0,2
7286,20,7044,0.0,0.0,0.0,0.0,0.0,0.0,2
7287,20,7043,0.0,0.0,0.0,0.0,0.0,0.0,2
7288,20,7042,0.0,0.0,0.0,0.0,0.0,0.0,2
7289,20,7041,0.0,0.0,0.0,0.0,0.0,0.0,2
7290,20,7040,0.0,0.0,0.0,0.0,0.0,0.0,2
7291,20,7039,0.0,0.0,0.0,0.0,0.0,0.0,2
7292,20,7038,0.0,0.0,0.0,0.0,0.0,0.0,2
7293,20,7037,0.0,0.0,0.0,0.0,0.0,0.0,2
7294,20,7036,0.0,0.0,0.0,0.0,0.0,0.0,2
7295,20,7035,0.0,0.0,0.0,0.0,0.0,0.0,2
7296,20,7034,0.0,0.0,0.0,0.0,0.0,0.0,2
7297,20,7049,0.0,0.0,0.0,0.0,0.0,0.0,2
7298,20,7032,0.0,0.0,0.0,0.0,0.0,0.0,2
7299,20,7031,0.0,0.0,0.0,0.0,0.0,0.0,2
7300,20,7030,0.0,0.0,0.0,0.0,0.0,0.0,2
7301,20,7029,0.0,0.0,0.0,0.0,0.0,0.0,2
7302,20,7028,0.0,0.0,0.0,0.0,0.0,0.0,2
7303,20,7027,0.0,0.0,0.0,0.0,0.0,0.0,2
7304,20,7026,0.0,0.0,0.0,0.0,0.0,0.0,2
7305,20,7025,0.0,0.0,0.0,0.0,0.0,0.0,2
7306,20,7024,0.0,0.0,0.0,0.0,0.0,0.0,2
7307,20,7023,0.0,0.0,0.0,0.0,0.0,0.0,2
7308,20,7022,0.0,0.0,0.0,0.0,0.0,0.0,2
7309,20,7021,0.0,0.0,0.0,0.0,0.0,0.0,2
7310,20,7020,0.0,0.0,0.0,0.0,0.0,0.0,2
7311,20,7019,0.0,0.0,0.0,0.0,0.0,0.0,2
7312,20,7018,0.0,0.0,0.0,0.0,0.0,0.0,2
7313,20,7064,0.0,0.0,0.0,0.0,0.0,0.0,2
7314,20,7079,0.0,0.0,0.0,0.0,0.0,0.0,2
7315,20,7078,0.0,0.0,0.0,0.0,0.0,0.0,2
7316,20,7077,0.0,0.0,0.0,0.0,0.0,0.0,2
7317,20,7076,0.0,0.0,0.0,0.0,0.0,0.0,2
7318,20,7075,0.0,0.0,0.0,0.0,0.0,0.0,2
7319,20,7074,0.0,0.0,0.0,0.0,0.0,0.0,2
7320,20,7073,0.0,0.0,0.0,0.0,0.0,0.0,2
7321,20,7072,0.0,0.0,0.0,0.0,0.0,0.0,2
7322,20,7071,0.0,0.0,0.0,0.0,0.0,0.0,2
7323,20,7070,0.0,0.0,0.0,0.0,0.0,0.0,2
7324,20,7069,0.0,0.0,0.0,0.0,0.0,0.0,2
7325,20,7068,0.0,0.0,0.0,0.0,0.0,0.0,2
7326,20,7067,0.0,0.0,0.0,0.0,0.0,0.0,2
7327,20,7066,0.0,0.0,0.0,0.0,0.0,0.0,2
7328,20,7065,0.0,0.0,0.0,0.0,0.0,0.0,2
7329,20,7017,0.0,0.0,0.0,0.0,0.0,0.0,2
7330,20,7063,0.0,0.0,0.0,0.0,0.0,0.0,2
7331,20,7062,0.0,0.0,0.0,0.0,0.0,0.0,2
7332,20,7061,0.0,0.0,0.0,0.0,0.0,0.0,2
7333,20,7060,0.0,0.0,0.0,0.0,0.0,0.0,2
7334,20,7059,0.0,0.0,0.0,0.0,0.0,0.0,2
7335,20,7058,0.0,0.0,0.0,0.0,0.0,0.0,2
7336,20,7057,0.0,0.0,0.0,0.0,0.0,0.0,2
7337,20,7056,0.0,0.0,0.0,0.0,0.0,0.0,2
7338,20,7055,0.0,0.0,0.0,0.0,0.0,0.0,2
7339,20,7054,0.0,0.0,0.0,0.0,0.0,0.0,2
7340,20,7053,0.0,0.0,0.0,0.0,0.0,0.0,2
7341,20,7052,0.0,0.0,0.0,0.0,0.0,0.0,2
7342,20,7051,0.0,0.0,0.0,0.0,0.0,0.0,2
7343,20,7050,0.0,0.0,0.0,0.0,0.0,0.0,2
7344,20,6969,0.0,0.0,0.0,0.0,0.0,0.0,2
7345,20,6984,0.0,0.0,0.0,0.0,0.0,0.0,2
7346,20,6983,0.0,0.0,0.0,0.0,0.0,0.0,2
7347,20,6982,0.0,0.0,0.0,0.0,0.0,0.0,2
7348,20,6981,0.0,0.0,0.0,0.0,0.0,0.0,2
7349,20,6980,0.0,0.0,0.0,0.0,0.0,0.0,2
7350,20,6979,0.0,0.0,0.0,0.0,0.0,0.0,2
7351,20,6978,0.0,0.0,0.0,0.0,0.0,0.0,2
7352,20,6977,0.0,0.0,0.0,0.0,0.0,0.0,2
7353,20,6976,0.0,0.0,0.0,0.0,0.0,0.0,2
7354,20,6975,0.0,0.0,0.0,0.0,0.0,0.0,2
7355,20,6974,0.0,0.0,0.0,0.0,0.0,0.0,2
7356,20,6973,0.0,0.0,0.0,0.0,0.0,0.0,2
7357,20,6972,0.0,0.0,0.0,0.0,0.0,0.0,2
7358,20,6971,0.0,0.0,0.0,0.0,0.0,0.0,2
7359,20,6970,0.0,0.0,0.0,0.0,0.0,0.0,2
7360,20,6985,0.0,0.0,0.0,0.0,0.0,0.0,2
7361,20,6968,0.0,0.0,0.0,0.0,0.0,0.0,2
7362,20,6967,0.0,0.0,0.0,0.0,0.0,0.0,2
7363,20,6966,0.0,0.0,0.0,0.0,0.0,0.0,2
7364,20,6965,0.0,0.0,0.0,0.0,0.0,0.0,2
7365,20,6964,0.0,0.0,0.0,0.0,0.0,0.0,2
7366,20,6963,0.0,0.0,0.0,0.0,0.0,0.0,2
7367,20,6962,0.0,0.0,0.0,0.0,0.0,0.0,2
7368,20,6961,0.0,0.0,0.0,0.0,0.0,0.0,2
7369,20,6960,0.0,0.0,0.0,0.0,0.0,0.0,2
7370,20,6959,0.0,0.0,0.0,0.0,0.0,0.0,2
7371,20,6958,0.0,0.0,0.0,0.0,0.0,0.0,2
7372,20,6957,0.0,0.0,0.0,0.0,0.0,0.0,2
7373,20,6956,0.0,0.0,0.0,0.0,0.0,0.0,2
7374,20,6955,0.0,0.0,0.0,0.0,0.0,0.0,2
7375,20,7001,0.0,0.0,0.0,0.0,0.0,0.0,2
7376,20,7016,0.0,0.0,0.0,0.0,0.0,0.0,2
7377,20,7015,0.0,0.0,0.0,0.0,0.0,0.0,2
7378,20,7014,0.0,0.0,0.0,0.0,0.0,0.0,2
7379,20,7013,0.0,0.0,0.0,0.0,0.0,0.0,2
7380,20,7012,0.0,0.0,0.0,0.0,0.0,0.0,2
7381,20,7011,0.0,0.0,0.0,0.0,0.0,0.0,2
7382,20,7010,0.0,0.0,0.0,0.0,0.0,0.0,2
7383,20,7009,0.0,0.0,0.0,0.0,0.0,0.0,2
7384,20,7008,0.0,0.0,0.0,0.0,0.0,0.0,2
7385,20,7007,0.0,0.0,0.0,0.0,0.0,0.0,2
7386,20,7006,0.0,0.0,0.0,0.0,0.0,0.0,2
7387,20,7005,0.0,0.0,0.0,0.0,0.0,0.0,2
7388,20,7004,0.0,0.0,0.0,0.0,0.0,0.0,2
7389,20,7003,0.0,0.0,0.0,0.0,0.0,0.0,2
7390,20,7002,0.0,0.0,0.0,0.0,0.0,0.0,2
7391,20,6828,0.0,0.0,0.0,0.0,0.0,0.0,2
7392,20,7000,0.0,0.0,0.0,0.0,0.0,0.0,2
7393,20,6999,0.0,0.0,0.0,0.0,0.0,0.0,2
7394,20,6998,0.0,0.0,0.0,0.0,0.0,0.0,2
7395,20,6997,0.0,0.0,0.0,0.0,0.0,0.0,2
7396,20,6996,0.0,0.0,0.0,0.0,0.0,0.0,2
7397,20,6995,0.0,0.0,0.0,0.0,0.0,0.0,2
7398,20,6994,0.0,0.0,0.0,0.0,0.0,0.0,2
7399,20,6993,0.0,0.0,0.0,0.0,0.0,0.0,2
7400,20,6992,0.0,0.0,0.0,0.0,0.0,0.0,2
7401,20,6991,0.0,0.0,0.0,0.0,0.0,0.0,2
7402,20,6990,0.0,0.0,0.0,0.0,0.0,0.0,2
7403,20,6989,0.0,0.0,0.0,0.0,0.0,0.0,2
7404,20,6987,0.0,0.0,0.0,0.0,0.0,0.0,2
7405,20,6986,0.0,0.0,0.0,0.0,0.0,0.0,2
7406,20,6655,0.0,0.0,0.0,0.0,0.0,0.0,2
7407,20,6670,0.0,0.0,0.0,0.0,0.0,0.0,2
7408,20,6669,0.0,0.0,0.0,0.0,0.0,0.0,2
7409,20,6668,0.0,0.0,0.0,0.0,0.0,0.0,2
7410,20,6667,0.0,0.0,0.0,0.0,0.0,0.0,2
7411,20,6666,0.0,0.0,0.0,0.0,0.0,0.0,2
7412,20,6665,0.0,0.0,0.0,0.0,0.0,0.0,2
7413,20,6664,0.0,0.0,0.0,0.0,0.0,0.0,2
7414,20,6663,0.0,0.0,0.0,0.0,0.0,0.0,2
7415,20,6662,0.0,0.0,0.0,0.0,0.0,0.0,2
7416,20,6661,0.0,0.0,0.0,0.0,0.0,0.0,2
7417,20,6660,0.0,0.0,0.0,0.0,0.0,0.0,2
7418,20,6659,0.0,0.0,0.0,0.0,0.0,0.0,2
7419,20,6658,0.0,0.0,0.0,0.0,0.0,0.0,2
7420,20,6657,0.0,0.0,0.0,0.0,0.0,0.0,2
7421,20,6656,0.0,0.0,0.0,0.0,0.0,0.0,2
7422,20,6671,0.0,0.0,0.0,0.0,0.0,0.0,2
7423,20,6654,0.0,0.0,0.0,0.0,0.0,0.0,2
7424,20,6653,0.0,0.0,0.0,0.0,0.0,0.0,2
7425,20,6652,0.0,0.0,0.0,0.0,0.0,0.0,2
7426,20,6651,0.0,0.0,0.0,0.0,0.0,0.0,2
7427,20,6650,0.0,0.0,0.0,0.0,0.0,0.0,2
7428,20,6649,0.0,0.0,0.0,0.0,0.0,0.0,2
7429,20,6648,0.0,0.0,0.0,0.0,0.0,0.0,2
7430,20,6647,0.0,0.0,0.0,0.0,0.0,0.0,2
7431,20,6646,0.0,0.0,0.0,0.0,0.0,0.0,2
7432,20,6645,0.0,0.0,0.0,0.0,0.0,0.0,2
7433,20,6644,0.0,0.0,0.0,0.0,0.0,0.0,2
7434,20,6643,0.0,0.0,0.0,0.0,0.0,0.0,2
7435,20,6642,0.0,0.0,0.0,0.0,0.0,0.0,2
7436,20,6640,0.0,0.0,0.0,0.0,0.0,0.0,2
7437,20,6639,0.0,0.0,0.0,0.0,0.0,0.0,2
7438,20,6686,0.0,0.0,0.0,0.0,0.0,0.0,2
7439,20,6701,0.0,0.0,0.0,0.0,0.0,0.0,2
7440,20,6700,0.0,0.0,0.0,0.0,0.0,0.0,2
7441,20,6699,0.0,0.0,0.0,0.0,0.0,0.0,2
7442,20,6698,0.0,0.0,0.0,0.0,0.0,0.0,2
7443,20,6697,0.0,0.0,0.0,0.0,0.0,0.0,2
7444,20,6696,0.0,0.0,0.0,0.0,0.0,0.0,2
7445,20,6695,0.0,0.0,0.0,0.0,0.0,0.0,2
7446,20,6694,0.0,0.0,0.0,0.0,0.0,0.0,2
7447,20,6693,0.0,0.0,0.0,0.0,0.0,0.0,2
7448,20,6692,0.0,0.0,0.0,0.0,0.0,0.0,2
7449,20,6691,0.0,0.0,0.0,0.0,0.0,0.0,2
7450,20,6690,0.0,0.0,0.0,0.0,0.0,0.0,2
7451,20,6689,0.0,0.0,0.0,0.0,0.0,0.0,2
7452,20,6688,0.0,0.0,0.0,0.0,0.0,0.0,2
7453,20,6687,0.0,0.0,0.0,0.0,0.0,0.0,2
7454,20,6638,0.0,0.0,0.0,0.0,0.0,0.0,2
7455,20,6685,0.0,0.0,0.0,0.0,0.0,0.0,2
7456,20,6684,0.0,0.0,0.0,0.0,0.0,0.0,2
7457,20,6683,0.0,0.0,0.0,0.0,0.0,0.0,2
7458,20,6682,0.0,0.0,0.0,0.0,0.0,0.0,2
7459,20,6681,0.0,0.0,0.0,0.0,0.0,0.0,2
7460,20,6680,0.0,0.0,0.0,0.0,0.0,0.0,2
7461,20,6679,0.0,0.0,0.0,0.0,0.0,0.0,2
7462,20,6678,0.0,0.0,0.0,0.0,0.0,0.0,2
7463,20,6677,0.0,0.0,0.0,0.0,0.0,0.0,2
7464,20,6676,0.0,0.0,0.0,0.0,0.0,0.0,2
7465,20,6675,0.0,0.0,0.0,0.0,0.0,0.0,2
7466,20,6674,0.0,0.0,0.0,0.0,0.0,0.0,2
7467,20,6673,0.0,0.0,0.0,0.0,0.0,0.0,2
7468,20,6672,0.0,0.0,0.0,0.0,0.0,0.0,2
7469,20,6590,0.0,0.0,0.0,0.0,0.0,0.0,2
7470,20,6605,0.0,0.0,0.0,0.0,0.0,0.0,2
7471,20,6604,0.0,0.0,0.0,0.0,0.0,0.0,2
7472,20,6603,0.0,0.0,0.0,0.0,0.0,0.0,2
7473,20,6602,0.0,0.0,0.0,0.0,0.0,0.0,2
7474,20,6601,0.0,0.0,0.0,0.0,0.0,0.0,2
7475,20,6600,0.0,0.0,0.0,0.0,0.0,0.0,2
7476,20,6599,0.0,0.0,0.0,0.0,0.0,0.0,2
7477,20,6598,0.0,0.0,0.0,0.0,0.0,0.0,2
7478,20,6597,0.0,0.0,0.0,0.0,0.0,0.0,2
7479,20,6596,0.0,0.0,0.0,0.0,0.0,0.0,2
7480,20,6595,0.0,0.0,0.0,0.0,0.0,0.0,2
7481,20,6594,0.0,0.0,0.0,0.0,0.0,0.0,2
7482,20,6593,0.0,0.0,0.0,0.0,0.0,0.0,2
7483,20,6592,0.0,0.0,0.0,0.0,0.0,0.0,2
7484,20,6591,0.0,0.0,0.0,0.0,0.0,0.0,2
7485,20,6606,0.0,0.0,0.0,0.0,0.0,0.0,2
7486,20,6588,0.0,0.0,0.0,0.0,0.0,0.0,2
7487,20,6587,0.0,0.0,0.0,0.0,0.0,0.0,2
7488,20,6586,0.0,0.0,0.0,0.0,0.0,0.0,2
7489,20,6585,0.0,0.0,0.0,0.0,0.0,0.0,2
7490,20,6584,0.0,0.0,0.0,0.0,0.0,0.0,2
7491,20,6583,0.0,0.0,0.0,0.0,0.0,0.0,2
7492,20,6582,0.0,0.0,0.0,0.0,0.0,0.0,2
7493,20,6581,0.0,0.0,0.0,0.0,0.0,0.0,2
7494,20,6580,0.0,0.0,0.0,0.0,0.0,0.0,2
7495,20,6579,0.0,0.0,0.0,0.0,0.0,0.0,2
7496,20,6578,0.0,0.0,0.0,0.0,0.0,0.0,2
7497,20,6577,0.0,0.0,0.0,0.0,0.0,0.0,2
7498,20,6576,0.0,0.0,0.0,0.0,0.0,0.0,2
7499,20,6575,0.0,0.0,0.0,0.0,0.0,0.0,2
7500,20,6622,0.0,0.0,0.0,0.0,0.0,0.0,2
7501,20,6637,0.0,0.0,0.0,0.0,0.0,0.0,2
7502,20,6636,0.0,0.0,0.0,0.0,0.0,0.0,2
7503,20,6635,0.0,0.0,0.0,0.0,0.0,0.0,2
7504,20,6634,0.0,0.0,0.0,0.0,0.0,0.0,2
7505,20,6633,0.0,0.0,0.0,0.0,0.0,0.0,2
7506,20,6632,0.0,0.0,0.0,0.0,0.0,0.0,2
7507,20,6631,0.0,0.0,0.0,0.0,0.0,0.0,2
7508,20,6630,0.0,0.0,0.0,0.0,0.0,0.0,2
7509,20,6629,0.0,0.0,0.0,0.0,0.0,0.0,2
7510,20,6628,0.0,0.0,0.0,0.0,0.0,0.0,2
7511,20,6627,0.0,0.0,0.0,0.0,0.0,0.0,2
7512,20,6626,0.0,0.0,0.0,0.0,0.0,0.0,2
7513,20,6625,0.0,0.0,0.0,0.0,0.0,0.0,2
7514,20,6624,0.0,0.0,0.0,0.0,0.0,0.0,2
7515,20,6623,0.0,0.0,0.0,0.0,0.0,0.0,2
7516,20,6702,0.0,0.0,0.0,0.0,0.0,0.0,2
7517,20,6621,0.0,0.0,0.0,0.0,0.0,0.0,2
7518,20,6620,0.0,0.0,0.0,0.0,0.0,0.0,2
7519,20,6619,0.0,0.0,0.0,0.0,0.0,0.0,2
7520,20,6618,0.0,0.0,0.0,0.0,0.0,0.0,2
7521,20,6617,0.0,0.0,0.0,0.0,0.0,0.0,2
7522,20,6616,0.0,0.0,0.0,0.0,0.0,0.0,2
7523,20,6615,0.0,0.0,0.0,0.0,0.0,0.0,2
7524,20,6614,0.0,0.0,0.0,0.0,0.0,0.0,2
7525,20,6613,0.0,0.0,0.0,0.0,0.0,0.0,2
7526,20,6612,0.0,0.0,0.0,0.0,0.0,0.0,2
7527,20,6610,0.0,0.0,0.0,0.0,0.0,0.0,2
7528,20,6609,0.0,0.0,0.0,0.0,0.0,0.0,2
7529,20,6608,0.0,0.0,0.0,0.0,0.0,0.0,2
7530,20,6607,0.0,0.0,0.0,0.0,0.0,0.0,2
7531,20,6781,0.0,0.0,0.0,0.0,0.0,0.0,2
7532,20,6796,0.0,0.0,0.0,0.0,0.0,0.0,2
7533,20,6795,0.0,0.0,0.0,0.0,0.0,0.0,2
7534,20,6794,0.0,0.0,0.0,0.0,0.0,0.0,2
7535,20,6793,0.0,0.0,0.0,0.0,0.0,0.0,2
7536,20,6792,0.0,0.0,0.0,0.0,0.0,0.0,2
7537,20,6791,0.0,0.0,0.0,0.0,0.0,0.0,2
7538,20,6790,0.0,0.0,0.0,0.0,0.0,0.0,2
7539,20,6789,0.0,0.0,0.0,0.0,0.0,0.0,2
7540,20,6788,0.0,0.0,0.0,0.0,0.0,0.0,2
7541,20,6787,0.0,0.0,0.0,0.0,0.0,0.0,2
7542,20,6786,0.0,0.0,0.0,0.0,0.0,0.0,2
7543,20,6785,0.0,0.0,0.0,0.0,0.0,0.0,2
7544,20,6784,0.0,0.0,0.0,0.0,0.0,0.0,2
7545,20,6783,0.0,0.0,0.0,0.0,0.0,0.0,2
7546,20,6782,0.0,0.0,0.0,0.0,0.0,0.0,2
7547,20,6797,0.0,0.0,0.0,0.0,0.0,0.0,2
7548,20,6780,0.0,0.0,0.0,0.0,0.0,0.0,2
7549,20,6779,0.0,0.0,0.0,0.0,0.0,0.0,2
7550,20,6778,0.0,0.0,0.0,0.0,0.0,0.0,2
7551,20,6777,0.0,0.0,0.0,0.0,0.0,0.0,2
7552,20,6776,0.0,0.0,0.0,0.0,0.0,0.0,2
7553,20,6775,0.0,0.0,0.0,0.0,0.0,0.0,2
7554,20,6774,0.0,0.0,0.0,0.0,0.0,0.0,2
7555,20,6773,0.0,0.0,0.0,0.0,0.0,0.0,2
7556,20,6772,0.0,0.0,0.0,0.0,0.0,0.0,2
7557,20,6771,0.0,0.0,0.0,0.0,0.0,0.0,2
7558,20,6770,0.0,0.0,0.0,0.0,0.0,0.0,2
7559,20,6769,0.0,0.0,0.0,0.0,0.0,0.0,2
7560,20,6768,0.0,0.0,0.0,0.0,0.0,0.0,2
7561,20,6767,0.0,0.0,0.0,0.0,0.0,0.0,2
7562,20,6766,0.0,0.0,0.0,0.0,0.0,0.0,2
7563,20,6812,0.0,0.0,0.0,0.0,0.0,0.0,2
7564,20,6827,0.0,0.0,0.0,0.0,0.0,0.0,2
7565,20,6826,0.0,0.0,0.0,0.0,0.0,0.0,2
7566,20,6825,0.0,0.0,0.0,0.0,0.0,0.0,2
7567,20,6824,0.0,0.0,0.0,0.0,0.0,0.0,2
7568,20,6823,0.0,0.0,0.0,0.0,0.0,0.0,2
7569,20,6822,0.0,0.0,0.0,0.0,0.0,0.0,2
7570,20,6821,0.0,0.0,0.0,0.0,0.0,0.0,2
7571,20,6820,0.0,0.0,0.0,0.0,0.0,0.0,2
7572,20,6819,0.0,0.0,0.0,0.0,0.0,0.0,2
7573,20,6818,0.0,0.0,0.0,0.0,0.0,0.0,2
7574,20,6817,0.0,0.0,0.0,0.0,0.0,0.0,2
7575,20,6816,0.0,0.0,0.0,0.0,0.0,0.0,2
7576,20,6815,0.0,0.0,0.0,0.0,0.0,0.0,2
7577,20,6814,0.0,0.0,0.0,0.0,0.0,0.0,2
7578,20,6813,0.0,0.0,0.0,0.0,0.0,0.0,2
7579,20,6765,0.0,0.0,0.0,0.0,0.0,0.0,2
7580,20,6811,0.0,0.0,0.0,0.0,0.0,0.0,2
7581,20,6810,0.0,0.0,0.0,0.0,0.0,0.0,2
7582,20,6809,0.0,0.0,0.0,0.0,0.0,0.0,2
7583,20,6808,0.0,0.0,0.0,0.0,0.0,0.0,2
7584,20,6807,0.0,0.0,0.0,0.0,0.0,0.0,2
7585,20,6806,0.0,0.0,0.0,0.0,0.0,0.0,2
7586,20,6805,0.0,0.0,0.0,0.0,0.0,0.0,2
7587,20,6804,0.0,0.0,0.0,0.0,0.0,0.0,2
7588,20,6803,0.0,0.0,0.0,0.0,0.0,0.0,2
7589,20,6802,0.0,0.0,0.0,0.0,0.0,0.0,2
7590,20,6801,0.0,0.0,0.0,0.0,0.0,0.0,2
7591,20,6800,0.0,0.0,0.0,0.0,0.0,0.0,2
7592,20,6799,0.0,0.0,0.0,0.0,0.0,0.0,2
7593,20,6798,0.0,0.0,0.0,0.0,0.0,0.0,2
7594,20,6717,0.0,0.0,0.0,0.0,0.0,0.0,2
7595,20,6732,0.0,0.0,0.0,0.0,0.0,0.0,2
7596,20,6731,0.0,0.0,0.0,0.0,0.0,0.0,2
7597,20,6730,0.0,0.0,0.0,0.0,0.0,0.0,2
7598,20,6729,0.0,0.0,0.0,0.0,0.0,0.0,2
7599,20,6728,0.0,0.0,0.0,0.0,0.0,0.0,2
7600,20,6727,0.0,0.0,0.0,0.0,0.0,0.0,2
7601,20,6726,0.0,0.0,0.0,0.0,0.0,0.0,2
7602,20,6725,0.0,0.0,0.0,0.0,0.0,0.0,2
7603,20,6724,0.0,0.0,0.0,0.0,0.0,0.0,2
7604,20,6723,0.0,0.0,0.0,0.0,0.0,0.0,2
7605,20,6722,0.0,0.0,0.0,0.0,0.0,0.0,2
7606,20,6721,0.0,0.0,0.0,0.0,0.0,0.0,2
7607,20,6720,0.0,0.0,0.0,0.0,0.0,0.0,2
7608,20,6719,0.0,0.0,0.0,0.0,0.0,0.0,2
7609,20,6718,0.0,0.0,0.0,0.0,0.0,0.0,2
7610,20,6733,0.0,0.0,0.0,0.0,0.0,0.0,2
7611,20,6716,0.0,0.0,0.0,0.0,0.0,0.0,2
7612,20,6715,0.0,0.0,0.0,0.0,0.0,0.0,2
7613,20,6714,0.0,0.0,0.0,0.0,0.0,0.0,2
7614,20,6713,0.0,0.0,0.0,0.0,0.0,0.0,2
7615,20,6712,0.0,0.0,0.0,0.0,0.0,0.0,2
7616,20,6711,0.0,0.0,0.0,0.0,0.0,0.0,2
7617,20,6710,0.0,0.0,0.0,0.0,0.0,0.0,2
7618,20,6709,0.0,0.0,0.0,0.0,0.0,0.0,2
7619,20,6708,0.0,0.0,0.0,0.0,0.0,0.0,2
7620,20,6707,0.0,0.0,0.0,0.0,0.0,0.0,2
7621,20,6706,0.0,0.0,0.0,0.0,0.0,0.0,2
7622,20,6705,0.0,0.0,0.0,0.0,0.0,0.0,2
7623,20,6704,0.0,0.0,0.0,0.0,0.0,0.0,2
7624,20,6703,0.0,0.0,0.0,0.0,0.0,0.0,2
7625,20,6749,0.0,0.0,0.0,0.0,0.0,0.0,2
7626,20,6764,0.0,0.0,0.0,0.0,0.0,0.0,2
7627,20,6763,0.0,0.0,0.0,0.0,0.0,0.0,2
7628,20,6762,0.0,0.0,0.0,0.0,0.0,0.0,2
7629,20,6761,0.0,0.0,0.0,0.0,0.0,0.0,2
7630,20,6760,0.0,0.0,0.0,0.0,0.0,0.0,2
7631,20,6759,0.0,0.0,0.0,0.0,0.0,0.0,2
7632,20,6758,0.0,0.0,0.0,0.0,0.0,0.0,2
7633,20,6757,0.0,0.0,0.0,0.0,0.0,0.0,2
7634,20,6756,0.0,0.0,0.0,0.0,0.0,0.0,2
7635,20,6755,0.0,0.0,0.0,0.0,0.0,0.0,2
7636,20,6754,0.0,0.0,0.0,0.0,0.0,0.0,2
7637,20,6753,0.0,0.0,0.0,0.0,0.0,0.0,2
7638,20,6752,0.0,0.0,0.0,0.0,0.0,0.0,2
7639,20,6751,0.0,0.0,0.0,0.0,0.0,0.0,2
7640,20,6750,0.0,0.0,0.0,0.0,0.0,0.0,2
7641,20,7080,0.0,0.0,0.0,0.0,0.0,0.0,2
7642,20,6748,0.0,0.0,0.0,0.0,0.0,0.0,2
7643,20,6747,0.0,0.0,0.0,0.0,0.0,0.0,2
7644,20,6746,0.0,0.0,0.0,0.0,0.0,0.0,2
7645,20,6745,0.0,0.0,0.0,0.0,0.0,0.0,2
7646,20,6744,0.0,0.0,0.0,0.0,0.0,0.0,2
7647,20,6743,0.0,0.0,0.0,0.0,0.0,0.0,2
7648,20,6742,0.0,0.0,0.0,0.0,0.0,0.0,2
7649,20,6741,0.0,0.0,0.0,0.0,0.0,0.0,2
7650,20,6740,0.0,0.0,0.0,0.0,0.0,0.0,2
7651,20,6739,0.0,0.0,0.0,0.0,0.0,0.0,2
7652,20,6738,0.0,0.0,0.0,0.0,0.0,0.0,2
7653,20,6736,0.0,0.0,0.0,0.0,0.0,0.0,2
7654,20,6735,0.0,0.0,0.0,0.0,0.0,0.0,2
7655,20,6734,0.0,0.0,0.0,0.0,0.0,0.0,2
7656,20,7413,0.0,0.0,0.0,0.0,0.0,0.0,2
7657,20,7428,0.0,0.0,0.0,0.0,0.0,0.0,2
7658,20,7427,0.0,0.0,0.0,0.0,0.0,0.0,2
7659,20,7426,0.0,0.0,0.0,0.0,0.0,0.0,2
7660,20,7425,0.0,0.0,0.0,0.0,0.0,0.0,2
7661,20,7424,0.0,0.0,0.0,0.0,0.0,0.0,2
7662,20,7423,0.0,0.0,0.0,0.0,0.0,0.0,2
7663,20,7422,0.0,0.0,0.0,0.0,0.0,0.0,2
7664,20,7421,0.0,0.0,0.0,0.0,0.0,0.0,2
7665,20,7420,0.0,0.0,0.0,0.0,0.0,0.0,2
7666,20,7419,0.0,0.0,0.0,0.0,0.0,0.0,2
7667,20,7418,0.0,0.0,0.0,0.0,0.0,0.0,2
7668,20,7417,0.0,0.0,0.0,0.0,0.0,0.0,2
7669,20,7416,0.0,0.0,0.0,0.0,0.0,0.0,2
7670,20,7415,0.0,0.0,0.0,0.0,0.0,0.0,2
7671,20,7414,0.0,0.0,0.0,0.0,0.0,0.0,2
7672,20,7429,0.0,0.0,0.0,0.0,0.0,0.0,2
7673,20,7412,0.0,0.0,0.0,0.0,0.0,0.0,2
7674,20,7411,0.0,0.0,0.0,0.0,0.0,0.0,2
7675,20,7410,0.0,0.0,0.0,0.0,0.0,0.0,2
7676,20,7409,0.0,0.0,0.0,0.0,0.0,0.0,2
7677,20,7408,0.0,0.0,0.0,0.0,0.0,0.0,2
7678,20,7407,0.0,0.0,0.0,0.0,0.0,0.0,2
7679,20,7406,0.0,0.0,0.0,0.0,0.0,0.0,2
7680,20,7405,0.0,0.0,0.0,0.0,0.0,0.0,2
7681,20,7404,0.0,0.0,0.0,0.0,0.0,0.0,2
7682,20,7403,0.0,0.0,0.0,0.0,0.0,0.0,2
7683,20,7402,0.0,0.0,0.0,0.0,0.0,0.0,2
7684,20,7401,0.0,0.0,0.0,0.0,0.0,0.0,2
7685,20,7400,0.0,0.0,0.0,0.0,0.0,0.0,2
7686,20,7399,0.0,0.0,0.0,0.0,0.0,0.0,2
7687,20,7398,0.0,0.0,0.0,0.0,0.0,0.0,2
7688,20,7445,0.0,0.0,0.0,0.0,0.0,0.0,2
7689,20,7460,0.0,0.0,0.0,0.0,0.0,0.0,2
7690,20,7459,0.0,0.0,0.0,0.0,0.0,0.0,2
7691,20,7458,0.0,0.0,0.0,0.0,0.0,0.0,2
7692,20,7457,0.0,0.0,0.0,0.0,0.0,0.0,2
7693,20,7456,0.0,0.0,0.0,0.0,0.0,0.0,2
7694,20,7455,0.0,0.0,0.0,0.0,0.0,0.0,2
7695,20,7454,0.0,0.0,0.0,0.0,0.0,0.0,2
7696,20,7453,0.0,0.0,0.0,0.0,0.0,0.0,2
7697,20,7452,0.0,0.0,0.0,0.0,0.0,0.0,2
7698,20,7451,0.0,0.0,0.0,0.0,0.0,0.0,2
7699,20,7450,0.0,0.0,0.0,0.0,0.0,0.0,2
7700,20,7449,0.0,0.0,0.0,0.0,0.0,0.0,2
7701,20,7448,0.0,0.0,0.0,0.0,0.0,0.0,2
7702,20,7447,0.0,0.0,0.0,0.0,0.0,0.0,2
7703,20,7446,0.0,0.0,0.0,0.0,0.0,0.0,2
7704,20,7397,0.0,0.0,0.0,0.0,0.0,0.0,2
7705,20,7444,0.0,0.0,0.0,0.0,0.0,0.0,2
7706,20,7443,0.0,0.0,0.0,0.0,0.0,0.0,2
7707,20,7442,0.0,0.0,0.0,0.0,0.0,0.0,2
7708,20,7441,0.0,0.0,0.0,0.0,0.0,0.0,2
7709,20,7440,0.0,0.0,0.0,0.0,0.0,0.0,2
7710,20,7439,0.0,0.0,0.0,0.0,0.0,0.0,2
7711,20,7438,0.0,0.0,0.0,0.0,0.0,0.0,2
7712,20,7437,0.0,0.0,0.0,0.0,0.0,0.0,2
7713,20,7436,0.0,0.0,0.0,0.0,0.0,0.0,2
7714,20,7435,0.0,0.0,0.0,0.0,0.0,0.0,2
7715,20,7433,0.0,0.0,0.0,0.0,0.0,0.0,2
7716,20,7432,0.0,0.0,0.0,0.0,0.0,0.0,2
7717,20,7431,0.0,0.0,0.0,0.0,0.0,0.0,2
7718,20,7430,0.0,0.0,0.0,0.0,0.0,0.0,2
7719,20,7349,0.0,0.0,0.0,0.0,0.0,0.0,2
7720,20,7365,0.0,0.0,0.0,0.0,0.0,0.0,2
7721,20,7364,0.0,0.0,0.0,0.0,0.0,0.0,2
7722,20,7363,0.0,0.0,0.0,0.0,0.0,0.0,2
7723,20,7361,0.0,0.0,0.0,0.0,0.0,0.0,2
7724,20,7360,0.0,0.0,0.0,0.0,0.0,0.0,2
7725,20,7359,0.0,0.0,0.0,0.0,0.0,0.0,2
7726,20,7358,0.0,0.0,0.0,0.0,0.0,0.0,2
7727,20,7357,0.0,0.0,0.0,0.0,0.0,0.0,2
7728,20,7356,0.0,0.0,0.0,0.0,0.0,0.0,2
7729,20,7355,0.0,0.0,0.0,0.0,0.0,0.0,2
7730,20,7354,0.0,0.0,0.0,0.0,0.0,0.0,2
7731,20,7353,0.0,0.0,0.0,0.0,0.0,0.0,2
7732,20,7352,0.0,0.0,0.0,0.0,0.0,0.0,2
7733,20,7351,0.0,0.0,0.0,0.0,0.0,0.0,2
7734,20,7350,0.0,0.0,0.0,0.0,0.0,0.0,2
7735,20,7366,0.0,0.0,0.0,0.0,0.0,0.0,2
7736,20,7348,0.0,0.0,0.0,0.0,0.0,0.0,2
7737,20,7347,0.0,0.0,0.0,0.0,0.0,0.0,2
7738,20,7346,0.0,0.0,0.0,0.0,0.0,0.0,2
7739,20,7345,0.0,0.0,0.0,0.0,0.0,0.0,2
7740,20,7344,0.0,0.0,0.0,0.0,0.0,0.0,2
7741,20,7343,0.0,0.0,0.0,0.0,0.0,0.0,2
7742,20,7342,0.0,0.0,0.0,0.0,0.0,0.0,2
7743,20,7341,0.0,0.0,0.0,0.0,0.0,0.0,2
7744,20,7340,0.0,0.0,0.0,0.0,0.0,0.0,2
7745,20,7339,0.0,0.0,0.0,0.0,0.0,0.0,2
7746,20,7338,0.0,0.0,0.0,0.0,0.0,0.0,2
7747,20,7337,0.0,0.0,0.0,0.0,0.0,0.0,2
7748,20,7336,0.0,0.0,0.0,0.0,0.0,0.0,2
7749,20,7335,0.0,0.0,0.0,0.0,0.0,0.0,2
7750,20,7381,0.0,0.0,0.0,0.0,0.0,0.0,2
7751,20,7396,0.0,0.0,0.0,0.0,0.0,0.0,2
7752,20,7395,0.0,0.0,0.0,0.0,0.0,0.0,2
7753,20,7394,0.0,0.0,0.0,0.0,0.0,0.0,2
7754,20,7393,0.0,0.0,0.0,0.0,0.0,0.0,2
7755,20,7392,0.0,0.0,0.0,0.0,0.0,0.0,2
7756,20,7391,0.0,0.0,0.0,0.0,0.0,0.0,2
7757,20,7390,0.0,0.0,0.0,0.0,0.0,0.0,2
7758,20,7389,0.0,0.0,0.0,0.0,0.0,0.0,2
7759,20,7388,0.0,0.0,0.0,0.0,0.0,0.0,2
7760,20,7387,0.0,0.0,0.0,0.0,0.0,0.0,2
7761,20,7386,0.0,0.0,0.0,0.0,0.0,0.0,2
7762,20,7385,0.0,0.0,0.0,0.0,0.0,0.0,2
7763,20,7384,0.0,0.0,0.0,0.0,0.0,0.0,2
7764,20,7383,0.0,0.0,0.0,0.0,0.0,0.0,2
7765,20,7382,0.0,0.0,0.0,0.0,0.0,0.0,2
7766,20,7461,0.0,0.0,0.0,0.0,0.0,0.0,2
7767,20,7380,0.0,0.0,0.0,0.0,0.0,0.0,2
7768,20,7379,0.0,0.0,0.0,0.0,0.0,0.0,2
7769,20,7378,0.0,0.0,0.0,0.0,0.0,0.0,2
7770,20,7377,0.0,0.0,0.0,0.0,0.0,0.0,2
7771,20,7376,0.0,0.0,0.0,0.0,0.0,0.0,2
7772,20,7375,0.0,0.0,0.0,0.0,0.0,0.0,2
7773,20,7374,0.0,0.0,0.0,0.0,0.0,0.0,2
7774,20,7373,0.0,0.0,0.0,0.0,0.0,0.0,2
7775,20,7372,0.0,0.0,0.0,0.0,0.0,0.0,2
7776,20,7371,0.0,0.0,0.0,0.0,0.0,0.0,2
7777,20,7370,0.0,0.0,0.0,0.0,0.0,0.0,2
7778,20,7369,0.0,0.0,0.0,0.0,0.0,0.0,2
7779,20,7368,0.0,0.0,0.0,0.0,0.0,0.0,2
7780,20,7367,0.0,0.0,0.0,0.0,0.0,0.0,2
7781,20,7544,0.0,0.0,0.0,0.0,0.0,0.0,2
7782,20,7560,0.0,0.0,0.0,0.0,0.0,0.0,2
7783,20,7559,0.0,0.0,0.0,0.0,0.0,0.0,2
7784,20,7558,0.0,0.0,0.0,0.0,0.0,0.0,2
7785,20,7557,0.0,0.0,0.0,0.0,0.0,0.0,2
7786,20,7556,0.0,0.0,0.0,0.0,0.0,0.0,2
7787,20,7555,0.0,0.0,0.0,0.0,0.0,0.0,2
7788,20,7554,0.0,0.0,0.0,0.0,0.0,0.0,2
7789,20,7553,0.0,0.0,0.0,0.0,0.0,0.0,2
7790,20,7552,0.0,0.0,0.0,0.0,0.0,0.0,2
7791,20,7551,0.0,0.0,0.0,0.0,0.0,0.0,2
7792,20,7550,0.0,0.0,0.0,0.0,0.0,0.0,2
7793,20,7549,0.0,0.0,0.0,0.0,0.0,0.0,2
7794,20,7548,0.0,0.0,0.0,0.0,0.0,0.0,2
7795,20,7546,0.0,0.0,0.0,0.0,0.0,0.0,2
7796,20,7545,0.0,0.0,0.0,0.0,0.0,0.0,2
7797,20,7561,0.0,0.0,0.0,0.0,0.0,0.0,2
7798,20,7543,0.0,0.0,0.0,0.0,0.0,0.0,2
7799,20,7542,0.0,0.0,0.0,0.0,0.0,0.0,2
7800,20,7541,0.0,0.0,0.0,0.0,0.0,0.0,2
7801,20,7540,0.0,0.0,0.0,0.0,0.0,0.0,2
7802,20,7539,0.0,0.0,0.0,0.0,0.0,0.0,2
7803,20,7538,0.0,0.0,0.0,0.0,0.0,0.0,2
7804,20,7537,0.0,0.0,0.0,0.0,0.0,0.0,2
7805,20,7536,0.0,0.0,0.0,0.0,0.0,0.0,2
7806,20,7535,0.0,0.0,0.0,0.0,0.0,0.0,2
7807,20,7534,0.0,0.0,0.0,0.0,0.0,0.0,2
7808,20,7533,0.0,0.0,0.0,0.0,0.0,0.0,2
7809,20,7532,0.0,0.0,0.0,0.0,0.0,0.0,2
7810,20,7530,0.0,0.0,0.0,0.0,0.0,0.0,2
7811,20,7529,0.0,0.0,0.0,0.0,0.0,0.0,2
7812,20,7528,0.0,0.0,0.0,0.0,0.0,0.0,2
7813,20,7576,0.0,0.0,0.0,0.0,0.0,0.0,2
7814,20,7592,0.0,0.0,0.0,0.0,0.0,0.0,2
7815,20,7591,0.0,0.0,0.0,0.0,0.0,0.0,2
7816,20,7590,0.0,0.0,0.0,0.0,0.0,0.0,2
7817,20,7588,0.0,0.0,0.0,0.0,0.0,0.0,2
7818,20,7587,0.0,0.0,0.0,0.0,0.0,0.0,2
7819,20,7586,0.0,0.0,0.0,0.0,0.0,0.0,2
7820,20,7585,0.0,0.0,0.0,0.0,0.0,0.0,2
7821,20,7584,0.0,0.0,0.0,0.0,0.0,0.0,2
7822,20,7583,0.0,0.0,0.0,0.0,0.0,0.0,2
7823,20,7582,0.0,0.0,0.0,0.0,0.0,0.0,2
7824,20,7581,0.0,0.0,0.0,0.0,0.0,0.0,2
7825,20,7580,0.0,0.0,0.0,0.0,0.0,0.0,2
7826,20,7579,0.0,0.0,0.0,0.0,0.0,0.0,2
7827,20,7578,0.0,0.0,0.0,0.0,0.0,0.0,2
7828,20,7577,0.0,0.0,0.0,0.0,0.0,0.0,2
7829,20,7527,0.0,0.0,0.0,0.0,0.0,0.0,2
7830,20,7575,0.0,0.0,0.0,0.0,0.0,0.0,2
7831,20,7574,0.0,0.0,0.0,0.0,0.0,0.0,2
7832,20,7573,0.0,0.0,0.0,0.0,0.0,0.0,2
7833,20,7572,0.0,0.0,0.0,0.0,0.0,0.0,2
7834,20,7571,0.0,0.0,0.0,0.0,0.0,0.0,2
7835,20,7570,0.0,0.0,0.0,0.0,0.0,0.0,2
7836,20,7569,0.0,0.0,0.0,0.0,0.0,0.0,2
7837,20,7568,0.0,0.0,0.0,0.0,0.0,0.0,2
7838,20,7567,0.0,0.0,0.0,0.0,0.0,0.0,2
7839,20,7566,0.0,0.0,0.0,0.0,0.0,0.0,2
7840,20,7565,0.0,0.0,0.0,0.0,0.0,0.0,2
7841,20,7564,0.0,0.0,0.0,0.0,0.0,0.0,2
7842,20,7563,0.0,0.0,0.0,0.0,0.0,0.0,2
7843,20,7562,0.0,0.0,0.0,0.0,0.0,0.0,2
7844,20,7476,0.0,0.0,0.0,0.0,0.0,0.0,2
7845,20,7492,0.0,0.0,0.0,0.0,0.0,0.0,2
7846,20,7491,0.0,0.0,0.0,0.0,0.0,0.0,2
7847,20,7490,0.0,0.0,0.0,0.0,0.0,0.0,2
7848,20,7489,0.0,0.0,0.0,0.0,0.0,0.0,2
7849,20,7488,0.0,0.0,0.0,0.0,0.0,0.0,2
7850,20,7487,0.0,0.0,0.0,0.0,0.0,0.0,2
7851,20,7486,0.0,0.0,0.0,0.0,0.0,0.0,2
7852,20,7484,0.0,0.0,0.0,0.0,0.0,0.0,2
7853,20,7483,0.0,0.0,0.0,0.0,0.0,0.0,2
7854,20,7482,0.0,0.0,0.0,0.0,0.0,0.0,2
7855,20,7481,0.0,0.0,0.0,0.0,0.0,0.0,2
7856,20,7480,0.0,0.0,0.0,0.0,0.0,0.0,2
7857,20,7479,0.0,0.0,0.0,0.0,0.0,0.0,2
7858,20,7478,0.0,0.0,0.0,0.0,0.0,0.0,2
7859,20,7477,0.0,0.0,0.0,0.0,0.0,0.0,2
7860,20,7493,0.0,0.0,0.0,0.0,0.0,0.0,2
7861,20,7475,0.0,0.0,0.0,0.0,0.0,0.0,2
7862,20,7474,0.0,0.0,0.0,0.0,0.0,0.0,2
7863,20,7473,0.0,0.0,0.0,0.0,0.0,0.0,2
7864,20,7472,0.0,0.0,0.0,0.0,0.0,0.0,2
7865,20,7471,0.0,0.0,0.0,0.0,0.0,0.0,2
7866,20,7470,0.0,0.0,0.0,0.0,0.0,0.0,2
7867,20,7469,0.0,0.0,0.0,0.0,0.0,0.0,2
7868,20,7468,0.0,0.0,0.0,0.0,0.0,0.0,2
7869,20,7467,0.0,0.0,0.0,0.0,0.0,0.0,2
7870,20,7466,0.0,0.0,0.0,0.0,0.0,0.0,2
7871,20,7465,0.0,0.0,0.0,0.0,0.0,0.0,2
7872,20,7464,0.0,0.0,0.0,0.0,0.0,0.0,2
7873,20,7463,0.0,0.0,0.0,0.0,0.0,0.0,2
7874,20,7462,0.0,0.0,0.0,0.0,0.0,0.0,2
7875,20,7511,0.0,0.0,0.0,0.0,0.0,0.0,2
7876,20,7526,0.0,0.0,0.0,0.0,0.0,0.0,2
7877,20,7525,0.0,0.0,0.0,0.0,0.0,0.0,2
7878,20,7524,0.0,0.0,0.0,0.0,0.0,0.0,2
7879,20,7523,0.0,0.0,0.0,0.0,0.0,0.0,2
7880,20,7522,0.0,0.0,0.0,0.0,0.0,0.0,2
7881,20,7521,0.0,0.0,0.0,0.0,0.0,0.0,2
7882,20,7520,0.0,0.0,0.0,0.0,0.0,0.0,2
7883,20,7519,0.0,0.0,0.0,0.0,0.0,0.0,2
7884,20,7518,0.0,0.0,0.0,0.0,0.0,0.0,2
7885,20,7517,0.0,0.0,0.0,0.0,0.0,0.0,2
7886,20,7516,0.0,0.0,0.0,0.0,0.0,0.0,2
7887,20,7515,0.0,0.0,0.0,0.0,0.0,0.0,2
7888,20,7514,0.0,0.0,0.0,0.0,0.0,0.0,2
7889,20,7513,0.0,0.0,0.0,0.0,0.0,0.0,2
7890,20,7512,0.0,0.0,0.0,0.0,0.0,0.0,2
7891,20,7334,0.0,0.0,0.0,0.0,0.0,0.0,2
7892,20,7510,0.0,0.0,0.0,0.0,0.0,0.0,2
7893,20,7507,0.0,0.0,0.0,0.0,0.0,0.0,2
7894,20,7506,0.0,0.0,0.0,0.0,0.0,0.0,2
7895,20,7505,0.0,0.0,0.0,0.0,0.0,0.0,2
7896,20,7504,0.0,0.0,0.0,0.0,0.0,0.0,2
7897,20,7503,0.0,0.0,0.0,0.0,0.0,0.0,2
7898,20,7501,0.0,0.0,0.0,0.0,0.0,0.0,2
7899,20,7500,0.0,0.0,0.0,0.0,0.0,0.0,2
7900,20,7499,0.0,0.0,0.0,0.0,0.0,0.0,2
7901,20,7498,0.0,0.0,0.0,0.0,0.0,0.0,2
7902,20,7497,0.0,0.0,0.0,0.0,0.0,0.0,2
7903,20,7496,0.0,0.0,0.0,0.0,0.0,0.0,2
7904,20,7495,0.0,0.0,0.0,0.0,0.0,0.0,2
7905,20,7494,0.0,0.0,0.0,0.0,0.0,0.0,2
7906,20,7158,0.0,0.0,0.0,0.0,0.0,0.0,2
7907,20,7173,0.0,0.0,0.0,0.0,0.0,0.0,2
7908,20,7172,0.0,0.0,0.0,0.0,0.0,0.0,2
7909,20,7171,0.0,0.0,0.0,0.0,0.0,0.0,2
7910,20,7170,0.0,0.0,0.0,0.0,0.0,0.0,2
7911,20,7169,0.0,0.0,0.0,0.0,0.0,0.0,2
7912,20,7168,0.0,0.0,0.0,0.0,0.0,0.0,2
7913,20,7167,0.0,0.0,0.0,0.0,0.0,0.0,2
7914,20,7166,0.0,0.0,0.0,0.0,0.0,0.0,2
7915,20,7165,0.0,0.0,0.0,0.0,0.0,0.0,2
7916,20,7164,0.0,0.0,0.0,0.0,0.0,0.0,2
7917,20,7163,0.0,0.0,0.0,0.0,0.0,0.0,2
7918,20,7162,0.0,0.0,0.0,0.0,0.0,0.0,2
7919,20,7161,0.0,0.0,0.0,0.0,0.0,0.0,2
7920,20,7160,0.0,0.0,0.0,0.0,0.0,0.0,2
7921,20,7159,0.0,0.0,0.0,0.0,0.0,0.0,2
7922,20,7175,0.0,0.0,0.0,0.0,0.0,0.0,2
7923,20,7157,0.0,0.0,0.0,0.0,0.0,0.0,2
7924,20,7156,0.0,0.0,0.0,0.0,0.0,0.0,2
7925,20,7155,0.0,0.0,0.0,0.0,0.0,0.0,2
7926,20,7154,0.0,0.0,0.0,0.0,0.0,0.0,2
7927,20,7153,0.0,0.0,0.0,0.0,0.0,0.0,2
7928,20,7152,0.0,0.0,0.0,0.0,0.0,0.0,2
7929,20,7151,0.0,0.0,0.0,0.0,0.0,0.0,2
7930,20,7150,0.0,0.0,0.0,0.0,0.0,0.0,2
7931,20,7149,0.0,0.0,0.0,0.0,0.0,0.0,2
7932,20,7148,0.0,0.0,0.0,0.0,0.0,0.0,2
7933,20,7147,0.0,0.0,0.0,0.0,0.0,0.0,2
7934,20,7146,0.0,0.0,0.0,0.0,0.0,0.0,2
7935,20,7145,0.0,0.0,0.0,0.0,0.0,0.0,2
7936,20,7144,0.0,0.0,0.0,0.0,0.0,0.0,2
7937,20,7143,0.0,0.0,0.0,0.0,0.0,0.0,2
7938,20,7190,0.0,0.0,0.0,0.0,0.0,0.0,2
7939,20,7205,0.0,0.0,0.0,0.0,0.0,0.0,2
7940,20,7204,0.0,0.0,0.0,0.0,0.0,0.0,2
7941,20,7203,0.0,0.0,0.0,0.0,0.0,0.0,2
7942,20,7202,0.0,0.0,0.0,0.0,0.0,0.0,2
7943,20,7201,0.0,0.0,0.0,0.0,0.0,0.0,2
7944,20,7200,0.0,0.0,0.0,0.0,0.0,0.0,2
7945,20,7199,0.0,0.0,0.0,0.0,0.0,0.0,2
7946,20,7198,0.0,0.0,0.0,0.0,0.0,0.0,2
7947,20,7197,0.0,0.0,0.0,0.0,0.0,0.0,2
7948,20,7196,0.0,0.0,0.0,0.0,0.0,0.0,2
7949,20,7195,0.0,0.0,0.0,0.0,0.0,0.0,2
7950,20,7194,0.0,0.0,0.0,0.0,0.0,0.0,2
7951,20,7193,0.0,0.0,0.0,0.0,0.0,0.0,2
7952,20,7192,0.0,0.0,0.0,0.0,0.0,0.0,2
7953,20,7191,0.0,0.0,0.0,0.0,0.0,0.0,2
7954,20,7142,0.0,0.0,0.0,0.0,0.0,0.0,2
7955,20,7189,0.0,0.0,0.0,0.0,0.0,0.0,2
7956,20,7188,0.0,0.0,0.0,0.0,0.0,0.0,2
7957,20,7187,0.0,0.0,0.0,0.0,0.0,0.0,2
7958,20,7186,0.0,0.0,0.0,0.0,0.0,0.0,2
7959,20,7185,0.0,0.0,0.0,0.0,0.0,0.0,2
7960,20,7184,0.0,0.0,0.0,0.0,0.0,0.0,2
7961,20,7183,0.0,0.0,0.0,0.0,0.0,0.0,2
7962,20,7182,0.0,0.0,0.0,0.0,0.0,0.0,2
7963,20,7181,0.0,0.0,0.0,0.0,0.0,0.0,2
7964,20,7180,0.0,0.0,0.0,0.0,0.0,0.0,2
7965,20,7179,0.0,0.0,0.0,0.0,0.0,0.0,2
7966,20,7178,0.0,0.0,0.0,0.0,0.0,0.0,2
7967,20,7177,0.0,0.0,0.0,0.0,0.0,0.0,2
7968,20,7176,0.0,0.0,0.0,0.0,0.0,0.0,2
7969,20,7095,0.0,0.0,0.0,0.0,0.0,0.0,2
7970,20,7110,0.0,0.0,0.0,0.0,0.0,0.0,2
7971,20,7109,0.0,0.0,0.0,0.0,0.0,0.0,2
7972,20,7108,0.0,0.0,0.0,0.0,0.0,0.0,2
7973,20,7107,0.0,0.0,0.0,0.0,0.0,0.0,2
7974,20,7106,0.0,0.0,0.0,0.0,0.0,0.0,2
7975,20,7105,0.0,0.0,0.0,0.0,0.0,0.0,2
7976,20,7104,0.0,0.0,0.0,0.0,0.0,0.0,2
7977,20,7103,0.0,0.0,0.0,0.0,0.0,0.0,2
7978,20,7102,0.0,0.0,0.0,0.0,0.0,0.0,2
7979,20,7101,0.0,0.0,0.0,0.0,0.0,0.0,2
7980,20,7100,0.0,0.0,0.0,0.0,0.0,0.0,2
7981,20,7099,0.0,0.0,0.0,0.0,0.0,0.0,2
7982,20,7098,0.0,0.0,0.0,0.0,0.0,0.0,2
7983,20,7097,0.0,0.0,0.0,0.0,0.0,0.0,2
7984,20,7096,0.0,0.0,0.0,0.0,0.0,0.0,2
7985,20,7111,0.0,0.0,0.0,0.0,0.0,0.0,2
7986,20,7094,0.0,0.0,0.0,0.0,0.0,0.0,2
7987,20,7093,0.0,0.0,0.0,0.0,0.0,0.0,2
7988,20,7092,0.0,0.0,0.0,0.0,0.0,0.0,2
7989,20,7091,0.0,0.0,0.0,0.0,0.0,0.0,2
7990,20,7090,0.0,0.0,0.0,0.0,0.0,0.0,2
7991,20,7089,0.0,0.0,0.0,0.0,0.0,0.0,2
7992,20,7088,0.0,0.0,0.0,0.0,0.0,0.0,2
7993,20,7087,0.0,0.0,0.0,0.0,0.0,0.0,2
7994,20,7086,0.0,0.0,0.0,0.0,0.0,0.0,2
7995,20,7085,0.0,0.0,0.0,0.0,0.0,0.0,2
7996,20,7084,0.0,0.0,0.0,0.0,0.0,0.0,2
7997,20,7083,0.0,0.0,0.0,0.0,0.0,0.0,2
7998,20,7082,0.0,0.0,0.0,0.0,0.0,0.0,2
7999,20,7081,0.0,0.0,0.0,0.0,0.0,0.0,2
8000,20,7126,0.0,0.0,0.0,0.0,0.0,0.0,2
8001,20,7141,0.0,0.0,0.0,0.0,0.0,0.0,2
8002,20,7140,0.0,0.0,0.0,0.0,0.0,0.0,2
8003,20,7139,0.0,0.0,0.0,0.0,0.0,0.0,2
8004,20,7138,0.0,0.0,0.0,0.0,0.0,0.0,2
8005,20,7137,0.0,0.0,0.0,0.0,0.0,0.0,2
8006,20,7136,0.0,0.0,0.0,0.0,0.0,0.0,2
8007,20,7135,0.0,0.0,0.0,0.0,0.0,0.0,2
8008,20,7134,0.0,0.0,0.0,0.0,0.0,0.0,2
8009,20,7133,0.0,0.0,0.0,0.0,0.0,0.0,2
8010,20,7132,0.0,0.0,0.0,0.0,0.0,0.0,2
8011,20,7131,0.0,0.0,0.0,0.0,0.0,0.0,2
8012,20,7130,0.0,0.0,0.0,0.0,0.0,0.0,2
8013,20,7129,0.0,0.0,0.0,0.0,0.0,0.0,2
8014,20,7128,0.0,0.0,0.0,0.0,0.0,0.0,2
8015,20,7127,0.0,0.0,0.0,0.0,0.0,0.0,2
8016,20,7206,0.0,0.0,0.0,0.0,0.0,0.0,2
8017,20,7125,0.0,0.0,0.0,0.0,0.0,0.0,2
8018,20,7124,0.0,0.0,0.0,0.0,0.0,0.0,2
8019,20,7123,0.0,0.0,0.0,0.0,0.0,0.0,2
8020,20,7122,0.0,0.0,0.0,0.0,0.0,0.0,2
8021,20,7121,0.0,0.0,0.0,0.0,0.0,0.0,2
8022,20,7120,0.0,0.0,0.0,0.0,0.0,0.0,2
8023,20,7119,0.0,0.0,0.0,0.0,0.0,0.0,2
8024,20,7118,0.0,0.0,0.0,0.0,0.0,0.0,2
8025,20,7117,0.0,0.0,0.0,0.0,0.0,0.0,2
8026,20,7116,0.0,0.0,0.0,0.0,0.0,0.0,2
8027,20,7115,0.0,0.0,0.0,0.0,0.0,0.0,2
8028,20,7114,0.0,0.0,0.0,0.0,0.0,0.0,2
8029,20,7113,0.0,0.0,0.0,0.0,0.0,0.0,2
8030,20,7112,0.0,0.0,0.0,0.0,0.0,0.0,2
8031,20,7286,0.0,0.0,0.0,0.0,0.0,0.0,2
8032,20,7301,0.0,0.0,0.0,0.0,0.0,0.0,2
8033,20,7300,0.0,0.0,0.0,0.0,0.0,0.0,2
8034,20,7299,0.0,0.0,0.0,0.0,0.0,0.0,2
8035,20,7298,0.0,0.0,0.0,0.0,0.0,0.0,2
8036,20,7297,0.0,0.0,0.0,0.0,0.0,0.0,2
8037,20,7296,0.0,0.0,0.0,0.0,0.0,0.0,2
8038,20,7295,0.0,0.0,0.0,0.0,0.0,0.0,2
8039,20,7294,0.0,0.0,0.0,0.0,0.0,0.0,2
8040,20,7293,0.0,0.0,0.0,0.0,0.0,0.0,2
8041,20,7292,0.0,0.0,0.0,0.0,0.0,0.0,2
8042,20,7291,0.0,0.0,0.0,0.0,0.0,0.0,2
8043,20,7290,0.0,0.0,0.0,0.0,0.0,0.0,2
8044,20,7289,0.0,0.0,0.0,0.0,0.0,0.0,2
8045,20,7288,0.0,0.0,0.0,0.0,0.0,0.0,2
8046,20,7287,0.0,0.0,0.0,0.0,0.0,0.0,2
8047,20,7303,0.0,0.0,0.0,0.0,0.0,0.0,2
8048,20,7285,0.0,0.0,0.0,0.0,0.0,0.0,2
8049,20,7284,0.0,0.0,0.0,0.0,0.0,0.0,2
8050,20,7283,0.0,0.0,0.0,0.0,0.0,0.0,2
8051,20,7282,0.0,0.0,0.0,0.0,0.0,0.0,2
8052,20,7281,0.0,0.0,0.0,0.0,0.0,0.0,2
8053,20,7280,0.0,0.0,0.0,0.0,0.0,0.0,2
8054,20,7279,0.0,0.0,0.0,0.0,0.0,0.0,2
8055,20,7278,0.0,0.0,0.0,0.0,0.0,0.0,2
8056,20,7277,0.0,0.0,0.0,0.0,0.0,0.0,2
8057,20,7276,0.0,0.0,0.0,0.0,0.0,0.0,2
8058,20,7275,0.0,0.0,0.0,0.0,0.0,0.0,2
8059,20,7274,0.0,0.0,0.0,0.0,0.0,0.0,2
8060,20,7273,0.0,0.0,0.0,0.0,0.0,0.0,2
8061,20,7272,0.0,0.0,0.0,0.0,0.0,0.0,2
8062,20,7271,0.0,0.0,0.0,0.0,0.0,0.0,2
8063,20,7318,0.0,0.0,0.0,0.0,0.0,0.0,2
8064,20,7333,0.0,0.0,0.0,0.0,0.0,0.0,2
8065,20,7332,0.0,0.0,0.0,0.0,0.0,0.0,2
8066,20,7331,0.0,0.0,0.0,0.0,0.0,0.0,2
8067,20,7330,0.0,0.0,0.0,0.0,0.0,0.0,2
8068,20,7329,0.0,0.0,0.0,0.0,0.0,0.0,2
8069,20,7328,0.0,0.0,0.0,0.0,0.0,0.0,2
8070,20,7327,0.0,0.0,0.0,0.0,0.0,0.0,2
8071,20,7326,0.0,0.0,0.0,0.0,0.0,0.0,2
8072,20,7325,0.0,0.0,0.0,0.0,0.0,0.0,2
8073,20,7324,0.0,0.0,0.0,0.0,0.0,0.0,2
8074,20,7323,0.0,0.0,0.0,0.0,0.0,0.0,2
8075,20,7322,0.0,0.0,0.0,0.0,0.0,0.0,2
8076,20,7321,0.0,0.0,0.0,0.0,0.0,0.0,2
8077,20,7320,0.0,0.0,0.0,0.0,0.0,0.0,2
8078,20,7319,0.0,0.0,0.0,0.0,0.0,0.0,2
8079,20,7270,0.0,0.0,0.0,0.0,0.0,0.0,2
8080,20,7317,0.0,0.0,0.0,0.0,0.0,0.0,2
8081,20,7316,0.0,0.0,0.0,0.0,0.0,0.0,2
8082,20,7315,0.0,0.0,0.0,0.0,0.0,0.0,2
8083,20,7314,0.0,0.0,0.0,0.0,0.0,0.0,2
8084,20,7313,0.0,0.0,0.0,0.0,0.0,0.0,2
8085,20,7312,0.0,0.0,0.0,0.0,0.0,0.0,2
8086,20,7311,0.0,0.0,0.0,0.0,0.0,0.0,2
8087,20,7310,0.0,0.0,0.0,0.0,0.0,0.0,2
8088,20,7309,0.0,0.0,0.0,0.0,0.0,0.0,2
8089,20,7308,0.0,0.0,0.0,0.0,0.0,0.0,2
8090,20,7307,0.0,0.0,0.0,0.0,0.0,0.0,2
8091,20,7306,0.0,0.0,0.0,0.0,0.0,0.0,2
8092,20,7305,0.0,0.0,0.0,0.0,0.0,0.0,2
8093,20,7304,0.0,0.0,0.0,0.0,0.0,0.0,2
8094,20,7222,0.0,0.0,0.0,0.0,0.0,0.0,2
8095,20,7237,0.0,0.0,0.0,0.0,0.0,0.0,2
8096,20,7236,0.0,0.0,0.0,0.0,0.0,0.0,2
8097,20,7235,0.0,0.0,0.0,0.0,0.0,0.0,2
8098,20,7234,0.0,0.0,0.0,0.0,0.0,0.0,2
8099,20,7233,0.0,0.0,0.0,0.0,0.0,0.0,2
8100,20,7232,0.0,0.0,0.0,0.0,0.0,0.0,2
8101,20,7231,0.0,0.0,0.0,0.0,0.0,0.0,2
8102,20,7230,0.0,0.0,0.0,0.0,0.0,0.0,2
8103,20,7229,0.0,0.0,0.0,0.0,0.0,0.0,2
8104,20,7228,0.0,0.0,0.0,0.0,0.0,0.0,2
8105,20,7227,0.0,0.0,0.0,0.0,0.0,0.0,2
8106,20,7226,0.0,0.0,0.0,0.0,0.0,0.0,2
8107,20,7225,0.0,0.0,0.0,0.0,0.0,0.0,2
8108,20,7224,0.0,0.0,0.0,0.0,0.0,0.0,2
8109,20,7223,0.0,0.0,0.0,0.0,0.0,0.0,2
8110,20,7238,0.0,0.0,0.0,0.0,0.0,0.0,2
8111,20,7221,0.0,0.0,0.0,0.0,0.0,0.0,2
8112,20,7220,0.0,0.0,0.0,0.0,0.0,0.0,2
8113,20,7219,0.0,0.0,0.0,0.0,0.0,0.0,2
8114,20,7218,0.0,0.0,0.0,0.0,0.0,0.0,2
8115,20,7217,0.0,0.0,0.0,0.0,0.0,0.0,2
8116,20,7215,0.0,0.0,0.0,0.0,0.0,0.0,2
8117,20,7214,0.0,0.0,0.0,0.0,0.0,0.0,2
8118,20,7213,0.0,0.0,0.0,0.0,0.0,0.0,2
8119,20,7212,0.0,0.0,0.0,0.0,0.0,0.0,2
8120,20,7211,0.0,0.0,0.0,0.0,0.0,0.0,2
8121,20,7210,0.0,0.0,0.0,0.0,0.0,0.0,2
8122,20,7209,0.0,0.0,0.0,0.0,0.0,0.0,2
8123,20,7208,0.0,0.0,0.0,0.0,0.0,0.0,2
8124,20,7207,0.0,0.0,0.0,0.0,0.0,0.0,2
8125,20,7253,0.0,0.0,0.0,0.0,0.0,0.0,2
8126,20,7269,0.0,0.0,0.0,0.0,0.0,0.0,2
8127,20,7268,0.0,0.0,0.0,0.0,0.0,0.0,2
8128,20,7267,0.0,0.0,0.0,0.0,0.0,0.0,2
8129,20,7266,0.0,0.0,0.0,0.0,0.0,0.0,2
8130,20,7265,0.0,0.0,0.0,0.0,0.0,0.0,2
8131,20,7264,0.0,0.0,0.0,0.0,0.0,0.0,2
8132,20,7263,0.0,0.0,0.0,0.0,0.0,0.0,2
8133,20,7262,0.0,0.0,0.0,0.0,0.0,0.0,2
8134,20,7261,0.0,0.0,0.0,0.0,0.0,0.0,2
8135,20,7260,0.0,0.0,0.0,0.0,0.0,0.0,2
8136,20,7258,0.0,0.0,0.0,0.0,0.0,0.0,2
8137,20,7257,0.0,0.0,0.0,0.0,0.0,0.0,2
8138,20,7256,0.0,0.0,0.0,0.0,0.0,0.0,2
8139,20,7255,0.0,0.0,0.0,0.0,0.0,0.0,2
8140,20,7254,0.0,0.0,0.0,0.0,0.0,0.0,2
8141,20,3794,0.0,0.0,0.0,0.0,0.0,0.0,2
8142,20,7252,0.0,0.0,0.0,0.0,0.0,0.0,2
8143,20,7251,0.0,0.0,0.0,0.0,0.0,0.0,2
8144,20,7250,0.0,0.0,0.0,0.0,0.0,0.0,2
8145,20,7249,0.0,0.0,0.0,0.0,0.0,0.0,2
8146,20,7248,0.0,0.0,0.0,0.0,0.0,0.0,2
8147,20,7247,0.0,0.0,0.0,0.0,0.0,0.0,2
8148,20,7246,0.0,0.0,0.0,0.0,0.0,0.0,2
8149,20,7245,0.0,0.0,0.0,0.0,0.0,0.0,2
8150,20,7244,0.0,0.0,0.0,0.0,0.0,0.0,2
8151,20,7243,0.0,0.0,0.0,0.0,0.0,0.0,2
8152,20,7242,0.0,0.0,0.0,0.0,0.0,0.0,2
8153,20,7241,0.0,0.0,0.0,0.0,0.0,0.0,2
8154,20,7240,0.0,0.0,0.0,0.0,0.0,0.0,2
8155,20,7239,0.0,0.0,0.0,0.0,0.0,0.0,2
8156,20,13718,0.0,0.0,0.0,0.0,0.0,0.0,2
8157,20,13733,0.0,0.0,0.0,0.0,0.0,0.0,2
8158,20,13732,0.0,0.0,0.0,0.0,0.0,0.0,2
8159,20,13731,0.0,0.0,0.0,0.0,0.0,0.0,2
8160,20,13730,0.0,0.0,0.0,0.0,0.0,0.0,2
8161,20,13729,0.0,0.0,0.0,0.0,0.0,0.0,2
8162,20,13728,0.0,0.0,0.0,0.0,0.0,0.0,2
8163,20,13727,0.0,0.0,0.0,0.0,0.0,0.0,2
8164,20,13726,0.0,0.0,0.0,0.0,0.0,0.0,2
8165,20,13725,0.0,0.0,0.0,0.0,0.0,0.0,2
8166,20,13724,0.0,0.0,0.0,0.0,0.0,0.0,2
8167,20,13723,0.0,0.0,0.0,0.0,0.0,0.0,2
8168,20,13722,0.0,0.0,0.0,0.0,0.0,0.0,2
8169,20,13721,0.0,0.0,0.0,0.0,0.0,0.0,2
8170,20,13720,0.0,0.0,0.0,0.0,0.0,0.0,2
8171,20,13719,0.0,0.0,0.0,0.0,0.0,0.0,2
8172,20,13734,0.0,0.0,0.0,0.0,0.0,0.0,2
8173,20,13717,0.0,0.0,0.0,0.0,0.0,0.0,2
8174,20,13716,0.0,0.0,0.0,0.0,0.0,0.0,2
8175,20,13715,0.0,0.0,0.0,0.0,0.0,0.0,2
8176,20,13714,0.0,0.0,0.0,0.0,0.0,0.0,2
8177,20,13713,0.0,0.0,0.0,0.0,0.0,0.0,2
8178,20,13712,0.0,0.0,0.0,0.0,0.0,0.0,2
8179,20,13711,0.0,0.0,0.0,0.0,0.0,0.0,2
8180,20,13710,0.0,0.0,0.0,0.0,0.0,0.0,2
8181,20,13709,0.0,0.0,0.0,0.0,0.0,0.0,2
8182,20,13708,0.0,0.0,0.0,0.0,0.0,0.0,2
8183,20,13707,0.0,0.0,0.0,0.0,0.0,0.0,2
8184,20,13706,0.0,0.0,0.0,0.0,0.0,0.0,2
8185,20,13705,0.0,0.0,0.0,0.0,0.0,0.0,2
8186,20,13704,0.0,0.0,0.0,0.0,0.0,0.0,2
8187,20,13749,0.0,0.0,0.0,0.0,0.0,0.0,2
8188,20,13764,0.0,0.0,0.0,0.0,0.0,0.0,2
8189,20,13763,0.0,0.0,0.0,0.0,0.0,0.0,2
8190,20,13762,0.0,0.0,0.0,0.0,0.0,0.0,2
8191,20,13761,0.0,0.0,0.0,0.0,0.0,0.0,2
8192,20,13760,0.0,0.0,0.0,0.0,0.0,0.0,2
8193,20,13759,0.0,0.0,0.0,0.0,0.0,0.0,2
8194,20,13758,0.0,0.0,0.0,0.0,0.0,0.0,2
8195,20,13757,0.0,0.0,0.0,0.0,0.0,0.0,2
8196,20,13756,0.0,0.0,0.0,0.0,0.0,0.0,2
8197,20,13755,0.0,0.0,0.0,0.0,0.0,0.0,2
8198,20,13754,0.0,0.0,0.0,0.0,0.0,0.0,2
8199,20,13753,0.0,0.0,0.0,0.0,0.0,0.0,2
8200,20,13752,0.0,0.0,0.0,0.0,0.0,0.0,2
8201,20,13751,0.0,0.0,0.0,0.0,0.0,0.0,2
8202,20,13750,0.0,0.0,0.0,0.0,0.0,0.0,2
8203,20,13703,0.0,0.0,0.0,0.0,0.0,0.0,2
8204,20,13748,0.0,0.0,0.0,0.0,0.0,0.0,2
8205,20,13747,0.0,0.0,0.0,0.0,0.0,0.0,2
8206,20,13746,0.0,0.0,0.0,0.0,0.0,0.0,2
8207,20,13745,0.0,0.0,0.0,0.0,0.0,0.0,2
8208,20,13744,0.0,0.0,0.0,0.0,0.0,0.0,2
8209,20,13743,0.0,0.0,0.0,0.0,0.0,0.0,2
8210,20,13742,0.0,0.0,0.0,0.0,0.0,0.0,2
8211,20,13741,0.0,0.0,0.0,0.0,0.0,0.0,2
8212,20,13740,0.0,0.0,0.0,0.0,0.0,0.0,2
8213,20,13739,0.0,0.0,0.0,0.0,0.0,0.0,2
8214,20,13738,0.0,0.0,0.0,0.0,0.0,0.0,2
8215,20,13737,0.0,0.0,0.0,0.0,0.0,0.0,2
8216,20,13736,0.0,0.0,0.0,0.0,0.0,0.0,2
8217,20,13735,0.0,0.0,0.0,0.0,0.0,0.0,2
8218,20,13655,0.0,0.0,0.0,0.0,0.0,0.0,2
8219,20,13671,0.0,0.0,0.0,0.0,0.0,0.0,2
8220,20,13670,0.0,0.0,0.0,0.0,0.0,0.0,2
8221,20,13669,0.0,0.0,0.0,0.0,0.0,0.0,2
8222,20,13668,0.0,0.0,0.0,0.0,0.0,0.0,2
8223,20,13667,0.0,0.0,0.0,0.0,0.0,0.0,2
8224,20,13666,0.0,0.0,0.0,0.0,0.0,0.0,2
8225,20,13665,0.0,0.0,0.0,0.0,0.0,0.0,2
8226,20,13664,0.0,0.0,0.0,0.0,0.0,0.0,2
8227,20,13663,0.0,0.0,0.0,0.0,0.0,0.0,2
8228,20,13662,0.0,0.0,0.0,0.0,0.0,0.0,2
8229,20,13661,0.0,0.0,0.0,0.0,0.0,0.0,2
8230,20,13660,0.0,0.0,0.0,0.0,0.0,0.0,2
8231,20,13659,0.0,0.0,0.0,0.0,0.0,0.0,2
8232,20,13658,0.0,0.0,0.0,0.0,0.0,0.0,2
8233,20,13657,0.0,0.0,0.0,0.0,0.0,0.0,2
8234,20,13672,0.0,0.0,0.0,0.0,0.0,0.0,2
8235,20,13654,0.0,0.0,0.0,0.0,0.0,0.0,2
8236,20,13653,0.0,0.0,0.0,0.0,0.0,0.0,2
8237,20,13652,0.0,0.0,0.0,0.0,0.0,0.0,2
8238,20,13651,0.0,0.0,0.0,0.0,0.0,0.0,2
8239,20,13650,0.0,0.0,0.0,0.0,0.0,0.0,2
8240,20,13649,0.0,0.0,0.0,0.0,0.0,0.0,2
8241,20,13648,0.0,0.0,0.0,0.0,0.0,0.0,2
8242,20,13647,0.0,0.0,0.0,0.0,0.0,0.0,2
8243,20,13646,0.0,0.0,0.0,0.0,0.0,0.0,2
8244,20,13645,0.0,0.0,0.0,0.0,0.0,0.0,2
8245,20,13644,0.0,0.0,0.0,0.0,0.0,0.0,2
8246,20,13643,0.0,0.0,0.0,0.0,0.0,0.0,2
8247,20,13642,0.0,0.0,0.0,0.0,0.0,0.0,2
8248,20,13641,0.0,0.0,0.0,0.0,0.0,0.0,2
8249,20,13687,0.0,0.0,0.0,0.0,0.0,0.0,2
8250,20,13702,0.0,0.0,0.0,0.0,0.0,0.0,2
8251,20,13701,0.0,0.0,0.0,0.0,0.0,0.0,2
8252,20,13700,0.0,0.0,0.0,0.0,0.0,0.0,2
8253,20,13699,0.0,0.0,0.0,0.0,0.0,0.0,2
8254,20,13698,0.0,0.0,0.0,0.0,0.0,0.0,2
8255,20,13697,0.0,0.0,0.0,0.0,0.0,0.0,2
8256,20,13696,0.0,0.0,0.0,0.0,0.0,0.0,2
8257,20,13695,0.0,0.0,0.0,0.0,0.0,0.0,2
8258,20,13694,0.0,0.0,0.0,0.0,0.0,0.0,2
8259,20,13693,0.0,0.0,0.0,0.0,0.0,0.0,2
8260,20,13692,0.0,0.0,0.0,0.0,0.0,0.0,2
8261,20,13690,0.0,0.0,0.0,0.0,0.0,0.0,2
8262,20,13689,0.0,0.0,0.0,0.0,0.0,0.0,2
8263,20,13688,0.0,0.0,0.0,0.0,0.0,0.0,2
8264,20,13765,0.0,0.0,0.0,0.0,0.0,0.0,2
8265,20,13686,0.0,0.0,0.0,0.0,0.0,0.0,2
8266,20,13685,0.0,0.0,0.0,0.0,0.0,0.0,2
8267,20,13684,0.0,0.0,0.0,0.0,0.0,0.0,2
8268,20,13683,0.0,0.0,0.0,0.0,0.0,0.0,2
8269,20,13682,0.0,0.0,0.0,0.0,0.0,0.0,2
8270,20,13681,0.0,0.0,0.0,0.0,0.0,0.0,2
8271,20,13680,0.0,0.0,0.0,0.0,0.0,0.0,2
8272,20,13679,0.0,0.0,0.0,0.0,0.0,0.0,2
8273,20,13678,0.0,0.0,0.0,0.0,0.0,0.0,2
8274,20,13677,0.0,0.0,0.0,0.0,0.0,0.0,2
8275,20,13676,0.0,0.0,0.0,0.0,0.0,0.0,2
8276,20,13675,0.0,0.0,0.0,0.0,0.0,0.0,2
8277,20,13674,0.0,0.0,0.0,0.0,0.0,0.0,2
8278,20,13673,0.0,0.0,0.0,0.0,0.0,0.0,2
8279,20,13841,0.0,0.0,0.0,0.0,0.0,0.0,2
8280,20,13857,0.0,0.0,0.0,0.0,0.0,0.0,2
8281,20,13856,0.0,0.0,0.0,0.0,0.0,0.0,2
8282,20,13855,0.0,0.0,0.0,0.0,0.0,0.0,2
8283,20,13853,0.0,0.0,0.0,0.0,0.0,0.0,2
8284,20,13852,0.0,0.0,0.0,0.0,0.0,0.0,2
8285,20,13851,0.0,0.0,0.0,0.0,0.0,0.0,2
8286,20,13850,0.0,0.0,0.0,0.0,0.0,0.0,2
8287,20,13849,0.0,0.0,0.0,0.0,0.0,0.0,2
8288,20,13848,0.0,0.0,0.0,0.0,0.0,0.0,2
8289,20,13847,0.0,0.0,0.0,0.0,0.0,0.0,2
8290,20,13846,0.0,0.0,0.0,0.0,0.0,0.0,2
8291,20,13845,0.0,0.0,0.0,0.0,0.0,0.0,2
8292,20,13844,0.0,0.0,0.0,0.0,0.0,0.0,2
8293,20,13843,0.0,0.0,0.0,0.0,0.0,0.0,2
8294,20,13842,0.0,0.0,0.0,0.0,0.0,0.0,2
8295,20,13858,0.0,0.0,0.0,0.0,0.0,0.0,2
8296,20,13840,0.0,0.0,0.0,0.0,0.0,0.0,2
8297,20,13839,0.0,0.0,0.0,0.0,0.0,0.0,2
8298,20,13838,0.0,0.0,0.0,0.0,0.0,0.0,2
8299,20,13837,0.0,0.0,0.0,0.0,0.0,0.0,2
8300,20,13836,0.0,0.0,0.0,0.0,0.0,0.0,2
8301,20,13835,0.0,0.0,0.0,0.0,0.0,0.0,2
8302,20,13834,0.0,0.0,0.0,0.0,0.0,0.0,2
8303,20,13833,0.0,0.0,0.0,0.0,0.0,0.0,2
8304,20,13832,0.0,0.0,0.0,0.0,0.0,0.0,2
8305,20,13831,0.0,0.0,0.0,0.0,0.0,0.0,2
8306,20,13830,0.0,0.0,0.0,0.0,0.0,0.0,2
8307,20,13829,0.0,0.0,0.0,0.0,0.0,0.0,2
8308,20,13828,0.0,0.0,0.0,0.0,0.0,0.0,2
8309,20,13827,0.0,0.0,0.0,0.0,0.0,0.0,2
8310,20,13874,0.0,0.0,0.0,0.0,0.0,0.0,2
8311,20,13890,0.0,0.0,0.0,0.0,0.0,0.0,2
8312,20,13889,0.0,0.0,0.0,0.0,0.0,0.0,2
8313,20,13888,0.0,0.0,0.0,0.0,0.0,0.0,2
8314,20,13887,0.0,0.0,0.0,0.0,0.0,0.0,2
8315,20,13886,0.0,0.0,0.0,0.0,0.0,0.0,2
8316,20,13885,0.0,0.0,0.0,0.0,0.0,0.0,2
8317,20,13884,0.0,0.0,0.0,0.0,0.0,0.0,2
8318,20,13883,0.0,0.0,0.0,0.0,0.0,0.0,2
8319,20,13881,0.0,0.0,0.0,0.0,0.0,0.0,2
8320,20,13880,0.0,0.0,0.0,0.0,0.0,0.0,2
8321,20,13879,0.0,0.0,0.0,0.0,0.0,0.0,2
8322,20,13878,0.0,0.0,0.0,0.0,0.0,0.0,2
8323,20,13877,0.0,0.0,0.0,0.0,0.0,0.0,2
8324,20,13876,0.0,0.0,0.0,0.0,0.0,0.0,2
8325,20,13875,0.0,0.0,0.0,0.0,0.0,0.0,2
8326,20,13826,0.0,0.0,0.0,0.0,0.0,0.0,2
8327,20,13873,0.0,0.0,0.0,0.0,0.0,0.0,2
8328,20,13871,0.0,0.0,0.0,0.0,0.0,0.0,2
8329,20,13870,0.0,0.0,0.0,0.0,0.0,0.0,2
8330,20,13869,0.0,0.0,0.0,0.0,0.0,0.0,2
8331,20,13868,0.0,0.0,0.0,0.0,0.0,0.0,2
8332,20,13867,0.0,0.0,0.0,0.0,0.0,0.0,2
8333,20,13866,0.0,0.0,0.0,0.0,0.0,0.0,2
8334,20,13865,0.0,0.0,0.0,0.0,0.0,0.0,2
8335,20,13864,0.0,0.0,0.0,0.0,0.0,0.0,2
8336,20,13863,0.0,0.0,0.0,0.0,0.0,0.0,2
8337,20,13862,0.0,0.0,0.0,0.0,0.0,0.0,2
8338,20,13861,0.0,0.0,0.0,0.0,0.0,0.0,2
8339,20,13860,0.0,0.0,0.0,0.0,0.0,0.0,2
8340,20,13859,0.0,0.0,0.0,0.0,0.0,0.0,2
8341,20,13780,0.0,0.0,0.0,0.0,0.0,0.0,2
8342,20,13795,0.0,0.0,0.0,0.0,0.0,0.0,2
8343,20,13794,0.0,0.0,0.0,0.0,0.0,0.0,2
8344,20,13793,0.0,0.0,0.0,0.0,0.0,0.0,2
8345,20,13792,0.0,0.0,0.0,0.0,0.0,0.0,2
8346,20,13791,0.0,0.0,0.0,0.0,0.0,0.0,2
8347,20,13790,0.0,0.0,0.0,0.0,0.0,0.0,2
8348,20,13789,0.0,0.0,0.0,0.0,0.0,0.0,2
8349,20,13788,0.0,0.0,0.0,0.0,0.0,0.0,2
8350,20,13787,0.0,0.0,0.0,0.0,0.0,0.0,2
8351,20,13786,0.0,0.0,0.0,0.0,0.0,0.0,2
8352,20,13785,0.0,0.0,0.0,0.0,0.0,0.0,2
8353,20,13784,0.0,0.0,0.0,0.0,0.0,0.0,2
8354,20,13783,0.0,0.0,0.0,0.0,0.0,0.0,2
8355,20,13782,0.0,0.0,0.0,0.0,0.0,0.0,2
8356,20,13781,0.0,0.0,0.0,0.0,0.0,0.0,2
8357,20,13796,0.0,0.0,0.0,0.0,0.0,0.0,2
8358,20,13779,0.0,0.0,0.0,0.0,0.0,0.0,2
8359,20,13778,0.0,0.0,0.0,0.0,0.0,0.0,2
8360,20,13777,0.0,0.0,0.0,0.0,0.0,0.0,2
8361,20,13776,0.0,0.0,0.0,0.0,0.0,0.0,2
8362,20,13775,0.0,0.0,0.0,0.0,0.0,0.0,2
8363,20,13774,0.0,0.0,0.0,0.0,0.0,0.0,2
8364,20,13773,0.0,0.0,0.0,0.0,0.0,0.0,2
8365,20,13772,0.0,0.0,0.0,0.0,0.0,0.0,2
8366,20,13771,0.0,0.0,0.0,0.0,0.0,0.0,2
8367,20,13770,0.0,0.0,0.0,0.0,0.0,0.0,2
8368,20,13769,0.0,0.0,0.0,0.0,0.0,0.0,2
8369,20,13768,0.0,0.0,0.0,0.0,0.0,0.0,2
8370,20,13767,0.0,0.0,0.0,0.0,0.0,0.0,2
8371,20,13766,0.0,0.0,0.0,0.0,0.0,0.0,2
8372,20,13811,0.0,0.0,0.0,0.0,0.0,0.0,2
8373,20,13825,0.0,0.0,0.0,0.0,0.0,0.0,2
8374,20,13824,0.0,0.0,0.0,0.0,0.0,0.0,2
8375,20,13823,0.0,0.0,0.0,0.0,0.0,0.0,2
8376,20,13822,0.0,0.0,0.0,0.0,0.0,0.0,2
8377,20,13821,0.0,0.0,0.0,0.0,0.0,0.0,2
8378,20,13820,0.0,0.0,0.0,0.0,0.0,0.0,2
8379,20,13819,0.0,0.0,0.0,0.0,0.0,0.0,2
8380,20,13818,0.0,0.0,0.0,0.0,0.0,0.0,2
8381,20,13817,0.0,0.0,0.0,0.0,0.0,0.0,2
8382,20,13816,0.0,0.0,0.0,0.0,0.0,0.0,2
8383,20,13815,0.0,0.0,0.0,0.0,0.0,0.0,2
8384,20,13814,0.0,0.0,0.0,0.0,0.0,0.0,2
8385,20,13813,0.0,0.0,0.0,0.0,0.0,0.0,2
8386,20,13812,0.0,0.0,0.0,0.0,0.0,0.0,2
8387,20,13640,0.0,0.0,0.0,0.0,0.0,0.0,2
8388,20,13810,0.0,0.0,0.0,0.0,0.0,0.0,2
8389,20,13809,0.0,0.0,0.0,0.0,0.0,0.0,2
8390,20,13808,0.0,0.0,0.0,0.0,0.0,0.0,2
8391,20,13807,0.0,0.0,0.0,0.0,0.0,0.0,2
8392,20,13806,0.0,0.0,0.0,0.0,0.0,0.0,2
8393,20,13805,0.0,0.0,0.0,0.0,0.0,0.0,2
8394,20,13804,0.0,0.0,0.0,0.0,0.0,0.0,2
8395,20,13803,0.0,0.0,0.0,0.0,0.0,0.0,2
8396,20,13802,0.0,0.0,0.0,0.0,0.0,0.0,2
8397,20,13801,0.0,0.0,0.0,0.0,0.0,0.0,2
8398,20,13800,0.0,0.0,0.0,0.0,0.0,0.0,2
8399,20,13799,0.0,0.0,0.0,0.0,0.0,0.0,2
8400,20,13798,0.0,0.0,0.0,0.0,0.0,0.0,2
8401,20,13797,0.0,0.0,0.0,0.0,0.0,0.0,2
8402,20,13465,0.0,0.0,0.0,0.0,0.0,0.0,2
8403,20,13480,0.0,0.0,0.0,0.0,0.0,0.0,2
8404,20,13479,0.0,0.0,0.0,0.0,0.0,0.0,2
8405,20,13478,0.0,0.0,0.0,0.0,0.0,0.0,2
8406,20,13477,0.0,0.0,0.0,0.0,0.0,0.0,2
8407,20,13476,0.0,0.0,0.0,0.0,0.0,0.0,2
8408,20,13475,0.0,0.0,0.0,0.0,0.0,0.0,2
8409,20,13474,0.0,0.0,0.0,0.0,0.0,0.0,2
8410,20,13473,0.0,0.0,0.0,0.0,0.0,0.0,2
8411,20,13472,0.0,0.0,0.0,0.0,0.0,0.0,2
8412,20,13471,0.0,0.0,0.0,0.0,0.0,0.0,2
8413,20,13470,0.0,0.0,0.0,0.0,0.0,0.0,2
8414,20,13469,0.0,0.0,0.0,0.0,0.0,0.0,2
8415,20,13468,0.0,0.0,0.0,0.0,0.0,0.0,2
8416,20,13467,0.0,0.0,0.0,0.0,0.0,0.0,2
8417,20,13466,0.0,0.0,0.0,0.0,0.0,0.0,2
8418,20,13481,0.0,0.0,0.0,0.0,0.0,0.0,2
8419,20,13464,0.0,0.0,0.0,0.0,0.0,0.0,2
8420,20,13463,0.0,0.0,0.0,0.0,0.0,0.0,2
8421,20,13462,0.0,0.0,0.0,0.0,0.0,0.0,2
8422,20,13461,0.0,0.0,0.0,0.0,0.0,0.0,2
8423,20,13460,0.0,0.0,0.0,0.0,0.0,0.0,2
8424,20,13459,0.0,0.0,0.0,0.0,0.0,0.0,2
8425,20,13458,0.0,0.0,0.0,0.0,0.0,0.0,2
8426,20,13457,0.0,0.0,0.0,0.0,0.0,0.0,2
8427,20,13456,0.0,0.0,0.0,0.0,0.0,0.0,2
8428,20,13455,0.0,0.0,0.0,0.0,0.0,0.0,2
8429,20,13454,0.0,0.0,0.0,0.0,0.0,0.0,2
8430,20,13453,0.0,0.0,0.0,0.0,0.0,0.0,2
8431,20,13452,0.0,0.0,0.0,0.0,0.0,0.0,2
8432,20,13451,0.0,0.0,0.0,0.0,0.0,0.0,2
8433,20,13496,0.0,0.0,0.0,0.0,0.0,0.0,2
8434,20,13513,0.0,0.0,0.0,0.0,0.0,0.0,2
8435,20,13512,0.0,0.0,0.0,0.0,0.0,0.0,2
8436,20,13511,0.0,0.0,0.0,0.0,0.0,0.0,2
8437,20,13510,0.0,0.0,0.0,0.0,0.0,0.0,2
8438,20,13509,0.0,0.0,0.0,0.0,0.0,0.0,2
8439,20,13508,0.0,0.0,0.0,0.0,0.0,0.0,2
8440,20,13506,0.0,0.0,0.0,0.0,0.0,0.0,2
8441,20,13505,0.0,0.0,0.0,0.0,0.0,0.0,2
8442,20,13504,0.0,0.0,0.0,0.0,0.0,0.0,2
8443,20,13503,0.0,0.0,0.0,0.0,0.0,0.0,2
8444,20,13502,0.0,0.0,0.0,0.0,0.0,0.0,2
8445,20,13501,0.0,0.0,0.0,0.0,0.0,0.0,2
8446,20,13500,0.0,0.0,0.0,0.0,0.0,0.0,2
8447,20,13499,0.0,0.0,0.0,0.0,0.0,0.0,2
8448,20,13497,0.0,0.0,0.0,0.0,0.0,0.0,2
8449,20,13450,0.0,0.0,0.0,0.0,0.0,0.0,2
8450,20,13495,0.0,0.0,0.0,0.0,0.0,0.0,2
8451,20,13494,0.0,0.0,0.0,0.0,0.0,0.0,2
8452,20,13493,0.0,0.0,0.0,0.0,0.0,0.0,2
8453,20,13492,0.0,0.0,0.0,0.0,0.0,0.0,2
8454,20,13491,0.0,0.0,0.0,0.0,0.0,0.0,2
8455,20,13490,0.0,0.0,0.0,0.0,0.0,0.0,2
8456,20,13489,0.0,0.0,0.0,0.0,0.0,0.0,2
8457,20,13488,0.0,0.0,0.0,0.0,0.0,0.0,2
8458,20,13487,0.0,0.0,0.0,0.0,0.0,0.0,2
8459,20,13486,0.0,0.0,0.0,0.0,0.0,0.0,2
8460,20,13485,0.0,0.0,0.0,0.0,0.0,0.0,2
8461,20,13484,0.0,0.0,0.0,0.0,0.0,0.0,2
8462,20,13483,0.0,0.0,0.0,0.0,0.0,0.0,2
8463,20,13482,0.0,0.0,0.0,0.0,0.0,0.0,2
8464,20,13401,0.0,0.0,0.0,0.0,0.0,0.0,2
8465,20,13416,0.0,0.0,0.0,0.0,0.0,0.0,2
8466,20,13415,0.0,0.0,0.0,0.0,0.0,0.0,2
8467,20,13414,0.0,0.0,0.0,0.0,0.0,0.0,2
8468,20,13413,0.0,0.0,0.0,0.0,0.0,0.0,2
8469,20,13412,0.0,0.0,0.0,0.0,0.0,0.0,2
8470,20,13411,0.0,0.0,0.0,0.0,0.0,0.0,2
8471,20,13410,0.0,0.0,0.0,0.0,0.0,0.0,2
8472,20,13409,0.0,0.0,0.0,0.0,0.0,0.0,2
8473,20,13408,0.0,0.0,0.0,0.0,0.0,0.0,2
8474,20,13407,0.0,0.0,0.0,0.0,0.0,0.0,2
8475,20,13406,0.0,0.0,0.0,0.0,0.0,0.0,2
8476,20,13405,0.0,0.0,0.0,0.0,0.0,0.0,2
8477,20,13404,0.0,0.0,0.0,0.0,0.0,0.0,2
8478,20,13403,0.0,0.0,0.0,0.0,0.0,0.0,2
8479,20,13402,0.0,0.0,0.0,0.0,0.0,0.0,2
8480,20,13418,0.0,0.0,0.0,0.0,0.0,0.0,2
8481,20,13400,0.0,0.0,0.0,0.0,0.0,0.0,2
8482,20,13399,0.0,0.0,0.0,0.0,0.0,0.0,2
8483,20,13398,0.0,0.0,0.0,0.0,0.0,0.0,2
8484,20,13397,0.0,0.0,0.0,0.0,0.0,0.0,2
8485,20,13396,0.0,0.0,0.0,0.0,0.0,0.0,2
8486,20,13395,0.0,0.0,0.0,0.0,0.0,0.0,2
8487,20,13393,0.0,0.0,0.0,0.0,0.0,0.0,2
8488,20,13392,0.0,0.0,0.0,0.0,0.0,0.0,2
8489,20,13391,0.0,0.0,0.0,0.0,0.0,0.0,2
8490,20,13390,0.0,0.0,0.0,0.0,0.0,0.0,2
8491,20,13389,0.0,0.0,0.0,0.0,0.0,0.0,2
8492,20,13388,0.0,0.0,0.0,0.0,0.0,0.0,2
8493,20,13387,0.0,0.0,0.0,0.0,0.0,0.0,2
8494,20,13386,0.0,0.0,0.0,0.0,0.0,0.0,2
8495,20,13435,0.0,0.0,0.0,0.0,0.0,0.0,2
8496,20,13449,0.0,0.0,0.0,0.0,0.0,0.0,2
8497,20,13448,0.0,0.0,0.0,0.0,0.0,0.0,2
8498,20,13447,0.0,0.0,0.0,0.0,0.0,0.0,2
8499,20,13446,0.0,0.0,0.0,0.0,0.0,0.0,2
8500,20,13445,0.0,0.0,0.0,0.0,0.0,0.0,2
8501,20,13444,0.0,0.0,0.0,0.0,0.0,0.0,2
8502,20,13443,0.0,0.0,0.0,0.0,0.0,0.0,2
8503,20,13442,0.0,0.0,0.0,0.0,0.0,0.0,2
8504,20,13441,0.0,0.0,0.0,0.0,0.0,0.0,2
8505,20,13440,0.0,0.0,0.0,0.0,0.0,0.0,2
8506,20,13439,0.0,0.0,0.0,0.0,0.0,0.0,2
8507,20,13438,0.0,0.0,0.0,0.0,0.0,0.0,2
8508,20,13437,0.0,0.0,0.0,0.0,0.0,0.0,2
8509,20,13436,0.0,0.0,0.0,0.0,0.0,0.0,2
8510,20,13514,0.0,0.0,0.0,0.0,0.0,0.0,2
8511,20,13434,0.0,0.0,0.0,0.0,0.0,0.0,2
8512,20,13433,0.0,0.0,0.0,0.0,0.0,0.0,2
8513,20,13432,0.0,0.0,0.0,0.0,0.0,0.0,2
8514,20,13431,0.0,0.0,0.0,0.0,0.0,0.0,2
8515,20,13430,0.0,0.0,0.0,0.0,0.0,0.0,2
8516,20,13429,0.0,0.0,0.0,0.0,0.0,0.0,2
8517,20,13428,0.0,0.0,0.0,0.0,0.0,0.0,2
8518,20,13426,0.0,0.0,0.0,0.0,0.0,0.0,2
8519,20,13424,0.0,0.0,0.0,0.0,0.0,0.0,2
8520,20,13423,0.0,0.0,0.0,0.0,0.0,0.0,2
8521,20,13422,0.0,0.0,0.0,0.0,0.0,0.0,2
8522,20,13421,0.0,0.0,0.0,0.0,0.0,0.0,2
8523,20,13420,0.0,0.0,0.0,0.0,0.0,0.0,2
8524,20,13419,0.0,0.0,0.0,0.0,0.0,0.0,2
8525,20,13592,0.0,0.0,0.0,0.0,0.0,0.0,2
8526,20,13607,0.0,0.0,0.0,0.0,0.0,0.0,2
8527,20,13606,0.0,0.0,0.0,0.0,0.0,0.0,2
8528,20,13605,0.0,0.0,0.0,0.0,0.0,0.0,2
8529,20,13604,0.0,0.0,0.0,0.0,0.0,0.0,2
8530,20,13603,0.0,0.0,0.0,0.0,0.0,0.0,2
8531,20,13602,0.0,0.0,0.0,0.0,0.0,0.0,2
8532,20,13601,0.0,0.0,0.0,0.0,0.0,0.0,2
8533,20,13600,0.0,0.0,0.0,0.0,0.0,0.0,2
8534,20,13599,0.0,0.0,0.0,0.0,0.0,0.0,2
8535,20,13598,0.0,0.0,0.0,0.0,0.0,0.0,2
8536,20,13597,0.0,0.0,0.0,0.0,0.0,0.0,2
8537,20,13596,0.0,0.0,0.0,0.0,0.0,0.0,2
8538,20,13595,0.0,0.0,0.0,0.0,0.0,0.0,2
8539,20,13594,0.0,0.0,0.0,0.0,0.0,0.0,2
8540,20,13593,0.0,0.0,0.0,0.0,0.0,0.0,2
8541,20,13608,0.0,0.0,0.0,0.0,0.0,0.0,2
8542,20,13591,0.0,0.0,0.0,0.0,0.0,0.0,2
8543,20,13590,0.0,0.0,0.0,0.0,0.0,0.0,2
8544,20,13589,0.0,0.0,0.0,0.0,0.0,0.0,2
8545,20,13588,0.0,0.0,0.0,0.0,0.0,0.0,2
8546,20,13587,0.0,0.0,0.0,0.0,0.0,0.0,2
8547,20,13586,0.0,0.0,0.0,0.0,0.0,0.0,2
8548,20,13585,0.0,0.0,0.0,0.0,0.0,0.0,2
8549,20,13584,0.0,0.0,0.0,0.0,0.0,0.0,2
8550,20,13583,0.0,0.0,0.0,0.0,0.0,0.0,2
8551,20,13582,0.0,0.0,0.0,0.0,0.0,0.0,2
8552,20,13581,0.0,0.0,0.0,0.0,0.0,0.0,2
8553,20,13580,0.0,0.0,0.0,0.0,0.0,0.0,2
8554,20,13579,0.0,0.0,0.0,0.0,0.0,0.0,2
8555,20,13578,0.0,0.0,0.0,0.0,0.0,0.0,2
8556,20,13625,0.0,0.0,0.0,0.0,0.0,0.0,2
8557,20,13639,0.0,0.0,0.0,0.0,0.0,0.0,2
8558,20,13638,0.0,0.0,0.0,0.0,0.0,0.0,2
8559,20,13637,0.0,0.0,0.0,0.0,0.0,0.0,2
8560,20,13636,0.0,0.0,0.0,0.0,0.0,0.0,2
8561,20,13635,0.0,0.0,0.0,0.0,0.0,0.0,2
8562,20,13634,0.0,0.0,0.0,0.0,0.0,0.0,2
8563,20,13633,0.0,0.0,0.0,0.0,0.0,0.0,2
8564,20,13632,0.0,0.0,0.0,0.0,0.0,0.0,2
8565,20,13631,0.0,0.0,0.0,0.0,0.0,0.0,2
8566,20,13630,0.0,0.0,0.0,0.0,0.0,0.0,2
8567,20,13629,0.0,0.0,0.0,0.0,0.0,0.0,2
8568,20,13628,0.0,0.0,0.0,0.0,0.0,0.0,2
8569,20,13627,0.0,0.0,0.0,0.0,0.0,0.0,2
8570,20,13626,0.0,0.0,0.0,0.0,0.0,0.0,2
8571,20,13577,0.0,0.0,0.0,0.0,0.0,0.0,2
8572,20,13624,0.0,0.0,0.0,0.0,0.0,0.0,2
8573,20,13621,0.0,0.0,0.0,0.0,0.0,0.0,2
8574,20,13620,0.0,0.0,0.0,0.0,0.0,0.0,2
8575,20,13619,0.0,0.0,0.0,0.0,0.0,0.0,2
8576,20,13618,0.0,0.0,0.0,0.0,0.0,0.0,2
8577,20,13617,0.0,0.0,0.0,0.0,0.0,0.0,2
8578,20,13616,0.0,0.0,0.0,0.0,0.0,0.0,2
8579,20,13615,0.0,0.0,0.0,0.0,0.0,0.0,2
8580,20,13614,0.0,0.0,0.0,0.0,0.0,0.0,2
8581,20,13613,0.0,0.0,0.0,0.0,0.0,0.0,2
8582,20,13612,0.0,0.0,0.0,0.0,0.0,0.0,2
8583,20,13611,0.0,0.0,0.0,0.0,0.0,0.0,2
8584,20,13610,0.0,0.0,0.0,0.0,0.0,0.0,2
8585,20,13609,0.0,0.0,0.0,0.0,0.0,0.0,2
8586,20,13529,0.0,0.0,0.0,0.0,0.0,0.0,2
8587,20,13544,0.0,0.0,0.0,0.0,0.0,0.0,2
8588,20,13543,0.0,0.0,0.0,0.0,0.0,0.0,2
8589,20,13542,0.0,0.0,0.0,0.0,0.0,0.0,2
8590,20,13541,0.0,0.0,0.0,0.0,0.0,0.0,2
8591,20,13540,0.0,0.0,0.0,0.0,0.0,0.0,2
8592,20,13539,0.0,0.0,0.0,0.0,0.0,0.0,2
8593,20,13538,0.0,0.0,0.0,0.0,0.0,0.0,2
8594,20,13537,0.0,0.0,0.0,0.0,0.0,0.0,2
8595,20,13536,0.0,0.0,0.0,0.0,0.0,0.0,2
8596,20,13535,0.0,0.0,0.0,0.0,0.0,0.0,2
8597,20,13534,0.0,0.0,0.0,0.0,0.0,0.0,2
8598,20,13533,0.0,0.0,0.0,0.0,0.0,0.0,2
8599,20,13532,0.0,0.0,0.0,0.0,0.0,0.0,2
8600,20,13531,0.0,0.0,0.0,0.0,0.0,0.0,2
8601,20,13530,0.0,0.0,0.0,0.0,0.0,0.0,2
8602,20,13546,0.0,0.0,0.0,0.0,0.0,0.0,2
8603,20,13528,0.0,0.0,0.0,0.0,0.0,0.0,2
8604,20,13527,0.0,0.0,0.0,0.0,0.0,0.0,2
8605,20,13526,0.0,0.0,0.0,0.0,0.0,0.0,2
8606,20,13525,0.0,0.0,0.0,0.0,0.0,0.0,2
8607,20,13524,0.0,0.0,0.0,0.0,0.0,0.0,2
8608,20,13523,0.0,0.0,0.0,0.0,0.0,0.0,2
8609,20,13522,0.0,0.0,0.0,0.0,0.0,0.0,2
8610,20,13521,0.0,0.0,0.0,0.0,0.0,0.0,2
8611,20,13520,0.0,0.0,0.0,0.0,0.0,0.0,2
8612,20,13519,0.0,0.0,0.0,0.0,0.0,0.0,2
8613,20,13518,0.0,0.0,0.0,0.0,0.0,0.0,2
8614,20,13517,0.0,0.0,0.0,0.0,0.0,0.0,2
8615,20,13516,0.0,0.0,0.0,0.0,0.0,0.0,2
8616,20,13515,0.0,0.0,0.0,0.0,0.0,0.0,2
8617,20,13562,0.0,0.0,0.0,0.0,0.0,0.0,2
8618,20,13576,0.0,0.0,0.0,0.0,0.0,0.0,2
8619,20,13575,0.0,0.0,0.0,0.0,0.0,0.0,2
8620,20,13574,0.0,0.0,0.0,0.0,0.0,0.0,2
8621,20,13573,0.0,0.0,0.0,0.0,0.0,0.0,2
8622,20,13572,0.0,0.0,0.0,0.0,0.0,0.0,2
8623,20,13571,0.0,0.0,0.0,0.0,0.0,0.0,2
8624,20,13570,0.0,0.0,0.0,0.0,0.0,0.0,2
8625,20,13569,0.0,0.0,0.0,0.0,0.0,0.0,2
8626,20,13568,0.0,0.0,0.0,0.0,0.0,0.0,2
8627,20,13567,0.0,0.0,0.0,0.0,0.0,0.0,2
8628,20,13566,0.0,0.0,0.0,0.0,0.0,0.0,2
8629,20,13565,0.0,0.0,0.0,0.0,0.0,0.0,2
8630,20,13564,0.0,0.0,0.0,0.0,0.0,0.0,2
8631,20,13563,0.0,0.0,0.0,0.0,0.0,0.0,2
8632,20,13891,0.0,0.0,0.0,0.0,0.0,0.0,2
8633,20,13561,0.0,0.0,0.0,0.0,0.0,0.0,2
8634,20,13560,0.0,0.0,0.0,0.0,0.0,0.0,2
8635,20,13559,0.0,0.0,0.0,0.0,0.0,0.0,2
8636,20,13558,0.0,0.0,0.0,0.0,0.0,0.0,2
8637,20,13557,0.0,0.0,0.0,0.0,0.0,0.0,2
8638,20,13556,0.0,0.0,0.0,0.0,0.0,0.0,2
8639,20,13555,0.0,0.0,0.0,0.0,0.0,0.0,2
8640,20,13553,0.0,0.0,0.0,0.0,0.0,0.0,2
8641,20,13552,0.0,0.0,0.0,0.0,0.0,0.0,2
8642,20,13551,0.0,0.0,0.0,0.0,0.0,0.0,2
8643,20,13550,0.0,0.0,0.0,0.0,0.0,0.0,2
8644,20,13549,0.0,0.0,0.0,0.0,0.0,0.0,2
8645,20,13548,0.0,0.0,0.0,0.0,0.0,0.0,2
8646,20,13547,0.0,0.0,0.0,0.0,0.0,0.0,2
8647,20,14217,0.0,0.0,0.0,0.0,0.0,0.0,2
8648,20,14232,0.0,0.0,0.0,0.0,0.0,0.0,2
8649,20,14231,0.0,0.0,0.0,0.0,0.0,0.0,2
8650,20,14230,0.0,0.0,0.0,0.0,0.0,0.0,2
8651,20,14229,0.0,0.0,0.0,0.0,0.0,0.0,2
8652,20,14228,0.0,0.0,0.0,0.0,0.0,0.0,2
8653,20,14227,0.0,0.0,0.0,0.0,0.0,0.0,2
8654,20,14226,0.0,0.0,0.0,0.0,0.0,0.0,2
8655,20,14225,0.0,0.0,0.0,0.0,0.0,0.0,2
8656,20,14224,0.0,0.0,0.0,0.0,0.0,0.0,2
8657,20,14223,0.0,0.0,0.0,0.0,0.0,0.0,2
8658,20,14222,0.0,0.0,0.0,0.0,0.0,0.0,2
8659,20,14221,0.0,0.0,0.0,0.0,0.0,0.0,2
8660,20,14220,0.0,0.0,0.0,0.0,0.0,0.0,2
8661,20,14219,0.0,0.0,0.0,0.0,0.0,0.0,2
8662,20,14218,0.0,0.0,0.0,0.0,0.0,0.0,2
8663,20,14233,0.0,0.0,0.0,0.0,0.0,0.0,2
8664,20,14216,0.0,0.0,0.0,0.0,0.0,0.0,2
8665,20,14215,0.0,0.0,0.0,0.0,0.0,0.0,2
8666,20,14214,0.0,0.0,0.0,0.0,0.0,0.0,2
8667,20,14213,0.0,0.0,0.0,0.0,0.0,0.0,2
8668,20,14212,0.0,0.0,0.0,0.0,0.0,0.0,2
8669,20,14211,0.0,0.0,0.0,0.0,0.0,0.0,2
8670,20,14210,0.0,0.0,0.0,0.0,0.0,0.0,2
8671,20,14209,0.0,0.0,0.0,0.0,0.0,0.0,2
8672,20,14208,0.0,0.0,0.0,0.0,0.0,0.0,2
8673,20,14207,0.0,0.0,0.0,0.0,0.0,0.0,2
8674,20,14206,0.0,0.0,0.0,0.0,0.0,0.0,2
8675,20,14205,0.0,0.0,0.0,0.0,0.0,0.0,2
8676,20,14204,0.0,0.0,0.0,0.0,0.0,0.0,2
8677,20,14203,0.0,0.0,0.0,0.0,0.0,0.0,2
8678,20,14249,0.0,0.0,0.0,0.0,0.0,0.0,2
8679,20,14264,0.0,0.0,0.0,0.0,0.0,0.0,2
8680,20,14263,0.0,0.0,0.0,0.0,0.0,0.0,2
8681,20,14262,0.0,0.0,0.0,0.0,0.0,0.0,2
8682,20,14261,0.0,0.0,0.0,0.0,0.0,0.0,2
8683,20,14260,0.0,0.0,0.0,0.0,0.0,0.0,2
8684,20,14259,0.0,0.0,0.0,0.0,0.0,0.0,2
8685,20,14258,0.0,0.0,0.0,0.0,0.0,0.0,2
8686,20,14257,0.0,0.0,0.0,0.0,0.0,0.0,2
8687,20,14256,0.0,0.0,0.0,0.0,0.0,0.0,2
8688,20,14255,0.0,0.0,0.0,0.0,0.0,0.0,2
8689,20,14254,0.0,0.0,0.0,0.0,0.0,0.0,2
8690,20,14253,0.0,0.0,0.0,0.0,0.0,0.0,2
8691,20,14252,0.0,0.0,0.0,0.0,0.0,0.0,2
8692,20,14251,0.0,0.0,0.0,0.0,0.0,0.0,2
8693,20,14250,0.0,0.0,0.0,0.0,0.0,0.0,2
8694,20,14202,0.0,0.0,0.0,0.0,0.0,0.0,2
8695,20,14248,0.0,0.0,0.0,0.0,0.0,0.0,2
8696,20,14247,0.0,0.0,0.0,0.0,0.0,0.0,2
8697,20,14246,0.0,0.0,0.0,0.0,0.0,0.0,2
8698,20,14245,0.0,0.0,0.0,0.0,0.0,0.0,2
8699,20,14244,0.0,0.0,0.0,0.0,0.0,0.0,2
8700,20,14243,0.0,0.0,0.0,0.0,0.0,0.0,2
8701,20,14242,0.0,0.0,0.0,0.0,0.0,0.0,2
8702,20,14241,0.0,0.0,0.0,0.0,0.0,0.0,2
8703,20,14239,0.0,0.0,0.0,0.0,0.0,0.0,2
8704,20,14238,0.0,0.0,0.0,0.0,0.0,0.0,2
8705,20,14237,0.0,0.0,0.0,0.0,0.0,0.0,2
8706,20,14236,0.0,0.0,0.0,0.0,0.0,0.0,2
8707,20,14235,0.0,0.0,0.0,0.0,0.0,0.0,2
8708,20,14234,0.0,0.0,0.0,0.0,0.0,0.0,2
8709,20,14156,0.0,0.0,0.0,0.0,0.0,0.0,2
8710,20,14171,0.0,0.0,0.0,0.0,0.0,0.0,2
8711,20,14170,0.0,0.0,0.0,0.0,0.0,0.0,2
8712,20,14169,0.0,0.0,0.0,0.0,0.0,0.0,2
8713,20,14168,0.0,0.0,0.0,0.0,0.0,0.0,2
8714,20,14167,0.0,0.0,0.0,0.0,0.0,0.0,2
8715,20,14166,0.0,0.0,0.0,0.0,0.0,0.0,2
8716,20,14165,0.0,0.0,0.0,0.0,0.0,0.0,2
8717,20,14164,0.0,0.0,0.0,0.0,0.0,0.0,2
8718,20,14163,0.0,0.0,0.0,0.0,0.0,0.0,2
8719,20,14162,0.0,0.0,0.0,0.0,0.0,0.0,2
8720,20,14161,0.0,0.0,0.0,0.0,0.0,0.0,2
8721,20,14160,0.0,0.0,0.0,0.0,0.0,0.0,2
8722,20,14159,0.0,0.0,0.0,0.0,0.0,0.0,2
8723,20,14158,0.0,0.0,0.0,0.0,0.0,0.0,2
8724,20,14157,0.0,0.0,0.0,0.0,0.0,0.0,2
8725,20,14172,0.0,0.0,0.0,0.0,0.0,0.0,2
8726,20,14155,0.0,0.0,0.0,0.0,0.0,0.0,2
8727,20,14154,0.0,0.0,0.0,0.0,0.0,0.0,2
8728,20,14153,0.0,0.0,0.0,0.0,0.0,0.0,2
8729,20,14152,0.0,0.0,0.0,0.0,0.0,0.0,2
8730,20,14151,0.0,0.0,0.0,0.0,0.0,0.0,2
8731,20,14150,0.0,0.0,0.0,0.0,0.0,0.0,2
8732,20,14149,0.0,0.0,0.0,0.0,0.0,0.0,2
8733,20,14148,0.0,0.0,0.0,0.0,0.0,0.0,2
8734,20,14147,0.0,0.0,0.0,0.0,0.0,0.0,2
8735,20,14146,0.0,0.0,0.0,0.0,0.0,0.0,2
8736,20,14145,0.0,0.0,0.0,0.0,0.0,0.0,2
8737,20,14144,0.0,0.0,0.0,0.0,0.0,0.0,2
8738,20,14143,0.0,0.0,0.0,0.0,0.0,0.0,2
8739,20,14142,0.0,0.0,0.0,0.0,0.0,0.0,2
8740,20,14187,0.0,0.0,0.0,0.0,0.0,0.0,2
8741,20,14201,0.0,0.0,0.0,0.0,0.0,0.0,2
8742,20,14200,0.0,0.0,0.0,0.0,0.0,0.0,2
8743,20,14199,0.0,0.0,0.0,0.0,0.0,0.0,2
8744,20,14198,0.0,0.0,0.0,0.0,0.0,0.0,2
8745,20,14197,0.0,0.0,0.0,0.0,0.0,0.0,2
8746,20,14196,0.0,0.0,0.0,0.0,0.0,0.0,2
8747,20,14195,0.0,0.0,0.0,0.0,0.0,0.0,2
8748,20,14194,0.0,0.0,0.0,0.0,0.0,0.0,2
8749,20,14193,0.0,0.0,0.0,0.0,0.0,0.0,2
8750,20,14192,0.0,0.0,0.0,0.0,0.0,0.0,2
8751,20,14191,0.0,0.0,0.0,0.0,0.0,0.0,2
8752,20,14190,0.0,0.0,0.0,0.0,0.0,0.0,2
8753,20,14189,0.0,0.0,0.0,0.0,0.0,0.0,2
8754,20,14188,0.0,0.0,0.0,0.0,0.0,0.0,2
8755,20,14265,0.0,0.0,0.0,0.0,0.0,0.0,2
8756,20,14186,0.0,0.0,0.0,0.0,0.0,0.0,2
8757,20,14185,0.0,0.0,0.0,0.0,0.0,0.0,2
8758,20,14184,0.0,0.0,0.0,0.0,0.0,0.0,2
8759,20,14183,0.0,0.0,0.0,0.0,0.0,0.0,2
8760,20,14182,0.0,0.0,0.0,0.0,0.0,0.0,2
8761,20,14181,0.0,0.0,0.0,0.0,0.0,0.0,2
8762,20,14180,0.0,0.0,0.0,0.0,0.0,0.0,2
8763,20,14179,0.0,0.0,0.0,0.0,0.0,0.0,2
8764,20,14178,0.0,0.0,0.0,0.0,0.0,0.0,2
8765,20,14177,0.0,0.0,0.0,0.0,0.0,0.0,2
8766,20,14176,0.0,0.0,0.0,0.0,0.0,0.0,2
8767,20,14175,0.0,0.0,0.0,0.0,0.0,0.0,2
8768,20,14174,0.0,0.0,0.0,0.0,0.0,0.0,2
8769,20,14173,0.0,0.0,0.0,0.0,0.0,0.0,2
8770,20,14343,0.0,0.0,0.0,0.0,0.0,0.0,2
8771,20,14358,0.0,0.0,0.0,0.0,0.0,0.0,2
8772,20,14357,0.0,0.0,0.0,0.0,0.0,0.0,2
8773,20,14356,0.0,0.0,0.0,0.0,0.0,0.0,2
8774,20,14355,0.0,0.0,0.0,0.0,0.0,0.0,2
8775,20,14354,0.0,0.0,0.0,0.0,0.0,0.0,2
8776,20,14353,0.0,0.0,0.0,0.0,0.0,0.0,2
8777,20,14352,0.0,0.0,0.0,0.0,0.0,0.0,2
8778,20,14351,0.0,0.0,0.0,0.0,0.0,0.0,2
8779,20,14350,0.0,0.0,0.0,0.0,0.0,0.0,2
8780,20,14349,0.0,0.0,0.0,0.0,0.0,0.0,2
8781,20,14348,0.0,0.0,0.0,0.0,0.0,0.0,2
8782,20,14347,0.0,0.0,0.0,0.0,0.0,0.0,2
8783,20,14346,0.0,0.0,0.0,0.0,0.0,0.0,2
8784,20,14345,0.0,0.0,0.0,0.0,0.0,0.0,2
8785,20,14344,0.0,0.0,0.0,0.0,0.0,0.0,2
8786,20,14359,0.0,0.0,0.0,0.0,0.0,0.0,2
8787,20,14342,0.0,0.0,0.0,0.0,0.0,0.0,2
8788,20,14341,0.0,0.0,0.0,0.0,0.0,0.0,2
8789,20,14340,0.0,0.0,0.0,0.0,0.0,0.0,2
8790,20,14339,0.0,0.0,0.0,0.0,0.0,0.0,2
8791,20,14338,0.0,0.0,0.0,0.0,0.0,0.0,2
8792,20,14337,0.0,0.0,0.0,0.0,0.0,0.0,2
8793,20,14336,0.0,0.0,0.0,0.0,0.0,0.0,2
8794,20,14335,0.0,0.0,0.0,0.0,0.0,0.0,2
8795,20,14334,0.0,0.0,0.0,0.0,0.0,0.0,2
8796,20,14333,0.0,0.0,0.0,0.0,0.0,0.0,2
8797,20,14332,0.0,0.0,0.0,0.0,0.0,0.0,2
8798,20,14331,0.0,0.0,0.0,0.0,0.0,0.0,2
8799,20,14330,0.0,0.0,0.0,0.0,0.0,0.0,2
8800,20,14329,0.0,0.0,0.0,0.0,0.0,0.0,2
8801,20,14374,0.0,0.0,0.0,0.0,0.0,0.0,2
8802,20,14388,0.0,0.0,0.0,0.0,0.0,0.0,2
8803,20,14387,0.0,0.0,0.0,0.0,0.0,0.0,2
8804,20,14386,0.0,0.0,0.0,0.0,0.0,0.0,2
8805,20,14385,0.0,0.0,0.0,0.0,0.0,0.0,2
8806,20,14384,0.0,0.0,0.0,0.0,0.0,0.0,2
8807,20,14383,0.0,0.0,0.0,0.0,0.0,0.0,2
8808,20,14382,0.0,0.0,0.0,0.0,0.0,0.0,2
8809,20,14381,0.0,0.0,0.0,0.0,0.0,0.0,2
8810,20,14380,0.0,0.0,0.0,0.0,0.0,0.0,2
8811,20,14379,0.0,0.0,0.0,0.0,0.0,0.0,2
8812,20,14378,0.0,0.0,0.0,0.0,0.0,0.0,2
8813,20,14377,0.0,0.0,0.0,0.0,0.0,0.0,2
8814,20,14376,0.0,0.0,0.0,0.0,0.0,0.0,2
8815,20,14375,0.0,0.0,0.0,0.0,0.0,0.0,2
8816,20,14328,0.0,0.0,0.0,0.0,0.0,0.0,2
8817,20,14373,0.0,0.0,0.0,0.0,0.0,0.0,2
8818,20,14372,0.0,0.0,0.0,0.0,0.0,0.0,2
8819,20,14371,0.0,0.0,0.0,0.0,0.0,0.0,2
8820,20,14370,0.0,0.0,0.0,0.0,0.0,0.0,2
8821,20,14369,0.0,0.0,0.0,0.0,0.0,0.0,2
8822,20,14368,0.0,0.0,0.0,0.0,0.0,0.0,2
8823,20,14367,0.0,0.0,0.0,0.0,0.0,0.0,2
8824,20,14366,0.0,0.0,0.0,0.0,0.0,0.0,2
8825,20,14365,0.0,0.0,0.0,0.0,0.0,0.0,2
8826,20,14364,0.0,0.0,0.0,0.0,0.0,0.0,2
8827,20,14363,0.0,0.0,0.0,0.0,0.0,0.0,2
8828,20,14362,0.0,0.0,0.0,0.0,0.0,0.0,2
8829,20,14361,0.0,0.0,0.0,0.0,0.0,0.0,2
8830,20,14360,0.0,0.0,0.0,0.0,0.0,0.0,2
8831,20,14280,0.0,0.0,0.0,0.0,0.0,0.0,2
8832,20,14295,0.0,0.0,0.0,0.0,0.0,0.0,2
8833,20,14294,0.0,0.0,0.0,0.0,0.0,0.0,2
8834,20,14293,0.0,0.0,0.0,0.0,0.0,0.0,2
8835,20,14292,0.0,0.0,0.0,0.0,0.0,0.0,2
8836,20,14291,0.0,0.0,0.0,0.0,0.0,0.0,2
8837,20,14290,0.0,0.0,0.0,0.0,0.0,0.0,2
8838,20,14289,0.0,0.0,0.0,0.0,0.0,0.0,2
8839,20,14288,0.0,0.0,0.0,0.0,0.0,0.0,2
8840,20,14287,0.0,0.0,0.0,0.0,0.0,0.0,2
8841,20,14286,0.0,0.0,0.0,0.0,0.0,0.0,2
8842,20,14285,0.0,0.0,0.0,0.0,0.0,0.0,2
8843,20,14284,0.0,0.0,0.0,0.0,0.0,0.0,2
8844,20,14283,0.0,0.0,0.0,0.0,0.0,0.0,2
8845,20,14282,0.0,0.0,0.0,0.0,0.0,0.0,2
8846,20,14281,0.0,0.0,0.0,0.0,0.0,0.0,2
8847,20,14296,0.0,0.0,0.0,0.0,0.0,0.0,2
8848,20,14279,0.0,0.0,0.0,0.0,0.0,0.0,2
8849,20,14278,0.0,0.0,0.0,0.0,0.0,0.0,2
8850,20,14277,0.0,0.0,0.0,0.0,0.0,0.0,2
8851,20,14276,0.0,0.0,0.0,0.0,0.0,0.0,2
8852,20,14275,0.0,0.0,0.0,0.0,0.0,0.0,2
8853,20,14274,0.0,0.0,0.0,0.0,0.0,0.0,2
8854,20,14273,0.0,0.0,0.0,0.0,0.0,0.0,2
8855,20,14272,0.0,0.0,0.0,0.0,0.0,0.0,2
8856,20,14271,0.0,0.0,0.0,0.0,0.0,0.0,2
8857,20,14270,0.0,0.0,0.0,0.0,0.0,0.0,2
8858,20,14269,0.0,0.0,0.0,0.0,0.0,0.0,2
8859,20,14268,0.0,0.0,0.0,0.0,0.0,0.0,2
8860,20,14267,0.0,0.0,0.0,0.0,0.0,0.0,2
8861,20,14266,0.0,0.0,0.0,0.0,0.0,0.0,2
8862,20,14313,0.0,0.0,0.0,0.0,0.0,0.0,2
8863,20,14327,0.0,0.0,0.0,0.0,0.0,0.0,2
8864,20,14326,0.0,0.0,0.0,0.0,0.0,0.0,2
8865,20,14325,0.0,0.0,0.0,0.0,0.0,0.0,2
8866,20,14324,0.0,0.0,0.0,0.0,0.0,0.0,2
8867,20,14323,0.0,0.0,0.0,0.0,0.0,0.0,2
8868,20,14322,0.0,0.0,0.0,0.0,0.0,0.0,2
8869,20,14321,0.0,0.0,0.0,0.0,0.0,0.0,2
8870,20,14320,0.0,0.0,0.0,0.0,0.0,0.0,2
8871,20,14319,0.0,0.0,0.0,0.0,0.0,0.0,2
8872,20,14318,0.0,0.0,0.0,0.0,0.0,0.0,2
8873,20,14317,0.0,0.0,0.0,0.0,0.0,0.0,2
8874,20,14316,0.0,0.0,0.0,0.0,0.0,0.0,2
8875,20,14315,0.0,0.0,0.0,0.0,0.0,0.0,2
8876,20,14314,0.0,0.0,0.0,0.0,0.0,0.0,2
8877,20,14141,0.0,0.0,0.0,0.0,0.0,0.0,2
8878,20,14312,0.0,0.0,0.0,0.0,0.0,0.0,2
8879,20,14311,0.0,0.0,0.0,0.0,0.0,0.0,2
8880,20,14310,0.0,0.0,0.0,0.0,0.0,0.0,2
8881,20,14309,0.0,0.0,0.0,0.0,0.0,0.0,2
8882,20,14307,0.0,0.0,0.0,0.0,0.0,0.0,2
8883,20,14305,0.0,0.0,0.0,0.0,0.0,0.0,2
8884,20,14304,0.0,0.0,0.0,0.0,0.0,0.0,2
8885,20,14303,0.0,0.0,0.0,0.0,0.0,0.0,2
8886,20,14302,0.0,0.0,0.0,0.0,0.0,0.0,2
8887,20,14301,0.0,0.0,0.0,0.0,0.0,0.0,2
8888,20,14300,0.0,0.0,0.0,0.0,0.0,0.0,2
8889,20,14299,0.0,0.0,0.0,0.0,0.0,0.0,2
8890,20,14298,0.0,0.0,0.0,0.0,0.0,0.0,2
8891,20,14297,0.0,0.0,0.0,0.0,0.0,0.0,2
8892,20,13968,0.0,0.0,0.0,0.0,0.0,0.0,2
8893,20,13984,0.0,0.0,0.0,0.0,0.0,0.0,2
8894,20,13983,0.0,0.0,0.0,0.0,0.0,0.0,2
8895,20,13982,0.0,0.0,0.0,0.0,0.0,0.0,2
8896,20,13981,0.0,0.0,0.0,0.0,0.0,0.0,2
8897,20,13980,0.0,0.0,0.0,0.0,0.0,0.0,2
8898,20,13979,0.0,0.0,0.0,0.0,0.0,0.0,2
8899,20,13978,0.0,0.0,0.0,0.0,0.0,0.0,2
8900,20,13977,0.0,0.0,0.0,0.0,0.0,0.0,2
8901,20,13976,0.0,0.0,0.0,0.0,0.0,0.0,2
8902,20,13975,0.0,0.0,0.0,0.0,0.0,0.0,2
8903,20,13974,0.0,0.0,0.0,0.0,0.0,0.0,2
8904,20,13973,0.0,0.0,0.0,0.0,0.0,0.0,2
8905,20,13972,0.0,0.0,0.0,0.0,0.0,0.0,2
8906,20,13971,0.0,0.0,0.0,0.0,0.0,0.0,2
8907,20,13970,0.0,0.0,0.0,0.0,0.0,0.0,2
8908,20,13985,0.0,0.0,0.0,0.0,0.0,0.0,2
8909,20,13967,0.0,0.0,0.0,0.0,0.0,0.0,2
8910,20,13966,0.0,0.0,0.0,0.0,0.0,0.0,2
8911,20,13965,0.0,0.0,0.0,0.0,0.0,0.0,2
8912,20,13964,0.0,0.0,0.0,0.0,0.0,0.0,2
8913,20,13963,0.0,0.0,0.0,0.0,0.0,0.0,2
8914,20,13962,0.0,0.0,0.0,0.0,0.0,0.0,2
8915,20,13961,0.0,0.0,0.0,0.0,0.0,0.0,2
8916,20,13960,0.0,0.0,0.0,0.0,0.0,0.0,2
8917,20,13959,0.0,0.0,0.0,0.0,0.0,0.0,2
8918,20,13958,0.0,0.0,0.0,0.0,0.0,0.0,2
8919,20,13957,0.0,0.0,0.0,0.0,0.0,0.0,2
8920,20,13956,0.0,0.0,0.0,0.0,0.0,0.0,2
8921,20,13955,0.0,0.0,0.0,0.0,0.0,0.0,2
8922,20,13954,0.0,0.0,0.0,0.0,0.0,0.0,2
8923,20,14000,0.0,0.0,0.0,0.0,0.0,0.0,2
8924,20,14015,0.0,0.0,0.0,0.0,0.0,0.0,2
8925,20,14014,0.0,0.0,0.0,0.0,0.0,0.0,2
8926,20,14013,0.0,0.0,0.0,0.0,0.0,0.0,2
8927,20,14012,0.0,0.0,0.0,0.0,0.0,0.0,2
8928,20,14011,0.0,0.0,0.0,0.0,0.0,0.0,2
8929,20,14010,0.0,0.0,0.0,0.0,0.0,0.0,2
8930,20,14009,0.0,0.0,0.0,0.0,0.0,0.0,2
8931,20,14008,0.0,0.0,0.0,0.0,0.0,0.0,2
8932,20,14007,0.0,0.0,0.0,0.0,0.0,0.0,2
8933,20,14006,0.0,0.0,0.0,0.0,0.0,0.0,2
8934,20,14005,0.0,0.0,0.0,0.0,0.0,0.0,2
8935,20,14004,0.0,0.0,0.0,0.0,0.0,0.0,2
8936,20,14003,0.0,0.0,0.0,0.0,0.0,0.0,2
8937,20,14002,0.0,0.0,0.0,0.0,0.0,0.0,2
8938,20,14001,0.0,0.0,0.0,0.0,0.0,0.0,2
8939,20,13953,0.0,0.0,0.0,0.0,0.0,0.0,2
8940,20,13999,0.0,0.0,0.0,0.0,0.0,0.0,2
8941,20,13998,0.0,0.0,0.0,0.0,0.0,0.0,2
8942,20,13997,0.0,0.0,0.0,0.0,0.0,0.0,2
8943,20,13996,0.0,0.0,0.0,0.0,0.0,0.0,2
8944,20,13995,0.0,0.0,0.0,0.0,0.0,0.0,2
8945,20,13994,0.0,0.0,0.0,0.0,0.0,0.0,2
8946,20,13993,0.0,0.0,0.0,0.0,0.0,0.0,2
8947,20,13992,0.0,0.0,0.0,0.0,0.0,0.0,2
8948,20,13991,0.0,0.0,0.0,0.0,0.0,0.0,2
8949,20,13990,0.0,0.0,0.0,0.0,0.0,0.0,2
8950,20,13989,0.0,0.0,0.0,0.0,0.0,0.0,2
8951,20,13988,0.0,0.0,0.0,0.0,0.0,0.0,2
8952,20,13987,0.0,0.0,0.0,0.0,0.0,0.0,2
8953,20,13986,0.0,0.0,0.0,0.0,0.0,0.0,2
8954,20,13906,0.0,0.0,0.0,0.0,0.0,0.0,2
8955,20,13921,0.0,0.0,0.0,0.0,0.0,0.0,2
8956,20,13920,0.0,0.0,0.0,0.0,0.0,0.0,2
8957,20,13919,0.0,0.0,0.0,0.0,0.0,0.0,2
8958,20,13918,0.0,0.0,0.0,0.0,0.0,0.0,2
8959,20,13917,0.0,0.0,0.0,0.0,0.0,0.0,2
8960,20,13916,0.0,0.0,0.0,0.0,0.0,0.0,2
8961,20,13915,0.0,0.0,0.0,0.0,0.0,0.0,2
8962,20,13914,0.0,0.0,0.0,0.0,0.0,0.0,2
8963,20,13913,0.0,0.0,0.0,0.0,0.0,0.0,2
8964,20,13912,0.0,0.0,0.0,0.0,0.0,0.0,2
8965,20,13911,0.0,0.0,0.0,0.0,0.0,0.0,2
8966,20,13910,0.0,0.0,0.0,0.0,0.0,0.0,2
8967,20,13909,0.0,0.0,0.0,0.0,0.0,0.0,2
8968,20,13908,0.0,0.0,0.0,0.0,0.0,0.0,2
8969,20,13907,0.0,0.0,0.0,0.0,0.0,0.0,2
8970,20,13922,0.0,0.0,0.0,0.0,0.0,0.0,2
8971,20,13905,0.0,0.0,0.0,0.0,0.0,0.0,2
8972,20,13904,0.0,0.0,0.0,0.0,0.0,0.0,2
8973,20,13903,0.0,0.0,0.0,0.0,0.0,0.0,2
8974,20,13902,0.0,0.0,0.0,0.0,0.0,0.0,2
8975,20,13901,0.0,0.0,0.0,0.0,0.0,0.0,2
8976,20,13900,0.0,0.0,0.0,0.0,0.0,0.0,2
8977,20,13899,0.0,0.0,0.0,0.0,0.0,0.0,2
8978,20,13898,0.0,0.0,0.0,0.0,0.0,0.0,2
8979,20,13897,0.0,0.0,0.0,0.0,0.0,0.0,2
8980,20,13896,0.0,0.0,0.0,0.0,0.0,0.0,2
8981,20,13895,0.0,0.0,0.0,0.0,0.0,0.0,2
8982,20,13894,0.0,0.0,0.0,0.0,0.0,0.0,2
8983,20,13893,0.0,0.0,0.0,0.0,0.0,0.0,2
8984,20,13892,0.0,0.0,0.0,0.0,0.0,0.0,2
8985,20,13938,0.0,0.0,0.0,0.0,0.0,0.0,2
8986,20,13952,0.0,0.0,0.0,0.0,0.0,0.0,2
8987,20,13951,0.0,0.0,0.0,0.0,0.0,0.0,2
8988,20,13950,0.0,0.0,0.0,0.0,0.0,0.0,2
8989,20,13949,0.0,0.0,0.0,0.0,0.0,0.0,2
8990,20,13948,0.0,0.0,0.0,0.0,0.0,0.0,2
8991,20,13947,0.0,0.0,0.0,0.0,0.0,0.0,2
8992,20,13946,0.0,0.0,0.0,0.0,0.0,0.0,2
8993,20,13945,0.0,0.0,0.0,0.0,0.0,0.0,2
8994,20,13944,0.0,0.0,0.0,0.0,0.0,0.0,2
8995,20,13943,0.0,0.0,0.0,0.0,0.0,0.0,2
8996,20,13942,0.0,0.0,0.0,0.0,0.0,0.0,2
8997,20,13941,0.0,0.0,0.0,0.0,0.0,0.0,2
8998,20,13940,0.0,0.0,0.0,0.0,0.0,0.0,2
8999,20,13939,0.0,0.0,0.0,0.0,0.0,0.0,2
9000,20,14016,0.0,0.0,0.0,0.0,0.0,0.0,2
9001,20,13937,0.0,0.0,0.0,0.0,0.0,0.0,2
9002,20,13936,0.0,0.0,0.0,0.0,0.0,0.0,2
9003,20,13935,0.0,0.0,0.0,0.0,0.0,0.0,2
9004,20,13934,0.0,0.0,0.0,0.0,0.0,0.0,2
9005,20,13933,0.0,0.0,0.0,0.0,0.0,0.0,2
9006,20,13932,0.0,0.0,0.0,0.0,0.0,0.0,2
9007,20,13931,0.0,0.0,0.0,0.0,0.0,0.0,2
9008,20,13930,0.0,0.0,0.0,0.0,0.0,0.0,2
9009,20,13929,0.0,0.0,0.0,0.0,0.0,0.0,2
9010,20,13928,0.0,0.0,0.0,0.0,0.0,0.0,2
9011,20,13926,0.0,0.0,0.0,0.0,0.0,0.0,2
9012,20,13925,0.0,0.0,0.0,0.0,0.0,0.0,2
9013,20,13924,0.0,0.0,0.0,0.0,0.0,0.0,2
9014,20,13923,0.0,0.0,0.0,0.0,0.0,0.0,2
9015,20,14093,0.0,0.0,0.0,0.0,0.0,0.0,2
9016,20,14108,0.0,0.0,0.0,0.0,0.0,0.0,2
9017,20,14107,0.0,0.0,0.0,0.0,0.0,0.0,2
9018,20,14106,0.0,0.0,0.0,0.0,0.0,0.0,2
9019,20,14105,0.0,0.0,0.0,0.0,0.0,0.0,2
9020,20,14104,0.0,0.0,0.0,0.0,0.0,0.0,2
9021,20,14103,0.0,0.0,0.0,0.0,0.0,0.0,2
9022,20,14102,0.0,0.0,0.0,0.0,0.0,0.0,2
9023,20,14101,0.0,0.0,0.0,0.0,0.0,0.0,2
9024,20,14100,0.0,0.0,0.0,0.0,0.0,0.0,2
9025,20,14099,0.0,0.0,0.0,0.0,0.0,0.0,2
9026,20,14098,0.0,0.0,0.0,0.0,0.0,0.0,2
9027,20,14097,0.0,0.0,0.0,0.0,0.0,0.0,2
9028,20,14096,0.0,0.0,0.0,0.0,0.0,0.0,2
9029,20,14095,0.0,0.0,0.0,0.0,0.0,0.0,2
9030,20,14094,0.0,0.0,0.0,0.0,0.0,0.0,2
9031,20,14109,0.0,0.0,0.0,0.0,0.0,0.0,2
9032,20,14092,0.0,0.0,0.0,0.0,0.0,0.0,2
9033,20,14091,0.0,0.0,0.0,0.0,0.0,0.0,2
9034,20,14090,0.0,0.0,0.0,0.0,0.0,0.0,2
9035,20,14089,0.0,0.0,0.0,0.0,0.0,0.0,2
9036,20,14088,0.0,0.0,0.0,0.0,0.0,0.0,2
9037,20,14087,0.0,0.0,0.0,0.0,0.0,0.0,2
9038,20,14086,0.0,0.0,0.0,0.0,0.0,0.0,2
9039,20,14085,0.0,0.0,0.0,0.0,0.0,0.0,2
9040,20,14084,0.0,0.0,0.0,0.0,0.0,0.0,2
9041,20,14083,0.0,0.0,0.0,0.0,0.0,0.0,2
9042,20,14082,0.0,0.0,0.0,0.0,0.0,0.0,2
9043,20,14081,0.0,0.0,0.0,0.0,0.0,0.0,2
9044,20,14080,0.0,0.0,0.0,0.0,0.0,0.0,2
9045,20,14079,0.0,0.0,0.0,0.0,0.0,0.0,2
9046,20,14125,0.0,0.0,0.0,0.0,0.0,0.0,2
9047,20,14139,0.0,0.0,0.0,0.0,0.0,0.0,2
9048,20,14138,0.0,0.0,0.0,0.0,0.0,0.0,2
9049,20,14137,0.0,0.0,0.0,0.0,0.0,0.0,2
9050,20,14136,0.0,0.0,0.0,0.0,0.0,0.0,2
9051,20,14135,0.0,0.0,0.0,0.0,0.0,0.0,2
9052,20,14134,0.0,0.0,0.0,0.0,0.0,0.0,2
9053,20,14133,0.0,0.0,0.0,0.0,0.0,0.0,2
9054,20,14132,0.0,0.0,0.0,0.0,0.0,0.0,2
9055,20,14131,0.0,0.0,0.0,0.0,0.0,0.0,2
9056,20,14130,0.0,0.0,0.0,0.0,0.0,0.0,2
9057,20,14129,0.0,0.0,0.0,0.0,0.0,0.0,2
9058,20,14128,0.0,0.0,0.0,0.0,0.0,0.0,2
9059,20,14127,0.0,0.0,0.0,0.0,0.0,0.0,2
9060,20,14126,0.0,0.0,0.0,0.0,0.0,0.0,2
9061,20,14078,0.0,0.0,0.0,0.0,0.0,0.0,2
9062,20,14124,0.0,0.0,0.0,0.0,0.0,0.0,2
9063,20,14123,0.0,0.0,0.0,0.0,0.0,0.0,2
9064,20,14122,0.0,0.0,0.0,0.0,0.0,0.0,2
9065,20,14121,0.0,0.0,0.0,0.0,0.0,0.0,2
9066,20,14120,0.0,0.0,0.0,0.0,0.0,0.0,2
9067,20,14119,0.0,0.0,0.0,0.0,0.0,0.0,2
9068,20,14118,0.0,0.0,0.0,0.0,0.0,0.0,2
9069,20,14117,0.0,0.0,0.0,0.0,0.0,0.0,2
9070,20,14116,0.0,0.0,0.0,0.0,0.0,0.0,2
9071,20,14115,0.0,0.0,0.0,0.0,0.0,0.0,2
9072,20,14113,0.0,0.0,0.0,0.0,0.0,0.0,2
9073,20,14112,0.0,0.0,0.0,0.0,0.0,0.0,2
9074,20,14111,0.0,0.0,0.0,0.0,0.0,0.0,2
9075,20,14110,0.0,0.0,0.0,0.0,0.0,0.0,2
9076,20,14031,0.0,0.0,0.0,0.0,0.0,0.0,2
9077,20,14046,0.0,0.0,0.0,0.0,0.0,0.0,2
9078,20,14045,0.0,0.0,0.0,0.0,0.0,0.0,2
9079,20,14044,0.0,0.0,0.0,0.0,0.0,0.0,2
9080,20,14043,0.0,0.0,0.0,0.0,0.0,0.0,2
9081,20,14042,0.0,0.0,0.0,0.0,0.0,0.0,2
9082,20,14041,0.0,0.0,0.0,0.0,0.0,0.0,2
9083,20,14040,0.0,0.0,0.0,0.0,0.0,0.0,2
9084,20,14039,0.0,0.0,0.0,0.0,0.0,0.0,2
9085,20,14038,0.0,0.0,0.0,0.0,0.0,0.0,2
9086,20,14037,0.0,0.0,0.0,0.0,0.0,0.0,2
9087,20,14036,0.0,0.0,0.0,0.0,0.0,0.0,2
9088,20,14035,0.0,0.0,0.0,0.0,0.0,0.0,2
9089,20,14034,0.0,0.0,0.0,0.0,0.0,0.0,2
9090,20,14033,0.0,0.0,0.0,0.0,0.0,0.0,2
9091,20,14032,0.0,0.0,0.0,0.0,0.0,0.0,2
9092,20,14047,0.0,0.0,0.0,0.0,0.0,0.0,2
9093,20,14030,0.0,0.0,0.0,0.0,0.0,0.0,2
9094,20,14029,0.0,0.0,0.0,0.0,0.0,0.0,2
9095,20,14028,0.0,0.0,0.0,0.0,0.0,0.0,2
9096,20,14027,0.0,0.0,0.0,0.0,0.0,0.0,2
9097,20,14026,0.0,0.0,0.0,0.0,0.0,0.0,2
9098,20,14025,0.0,0.0,0.0,0.0,0.0,0.0,2
9099,20,14024,0.0,0.0,0.0,0.0,0.0,0.0,2
9100,20,14023,0.0,0.0,0.0,0.0,0.0,0.0,2
9101,20,14022,0.0,0.0,0.0,0.0,0.0,0.0,2
9102,20,14021,0.0,0.0,0.0,0.0,0.0,0.0,2
9103,20,14020,0.0,0.0,0.0,0.0,0.0,0.0,2
9104,20,14019,0.0,0.0,0.0,0.0,0.0,0.0,2
9105,20,14018,0.0,0.0,0.0,0.0,0.0,0.0,2
9106,20,14017,0.0,0.0,0.0,0.0,0.0,0.0,2
9107,20,14062,0.0,0.0,0.0,0.0,0.0,0.0,2
9108,20,14077,0.0,0.0,0.0,0.0,0.0,0.0,2
9109,20,14075,0.0,0.0,0.0,0.0,0.0,0.0,2
9110,20,14074,0.0,0.0,0.0,0.0,0.0,0.0,2
9111,20,14073,0.0,0.0,0.0,0.0,0.0,0.0,2
9112,20,14072,0.0,0.0,0.0,0.0,0.0,0.0,2
9113,20,14071,0.0,0.0,0.0,0.0,0.0,0.0,2
9114,20,14070,0.0,0.0,0.0,0.0,0.0,0.0,2
9115,20,14069,0.0,0.0,0.0,0.0,0.0,0.0,2
9116,20,14068,0.0,0.0,0.0,0.0,0.0,0.0,2
9117,20,14067,0.0,0.0,0.0,0.0,0.0,0.0,2
9118,20,14066,0.0,0.0,0.0,0.0,0.0,0.0,2
9119,20,14065,0.0,0.0,0.0,0.0,0.0,0.0,2
9120,20,14064,0.0,0.0,0.0,0.0,0.0,0.0,2
9121,20,14063,0.0,0.0,0.0,0.0,0.0,0.0,2
9122,20,13385,0.0,0.0,0.0,0.0,0.0,0.0,2
9123,20,14061,0.0,0.0,0.0,0.0,0.0,0.0,2
9124,20,14060,0.0,0.0,0.0,0.0,0.0,0.0,2
9125,20,14059,0.0,0.0,0.0,0.0,0.0,0.0,2
9126,20,14058,0.0,0.0,0.0,0.0,0.0,0.0,2
9127,20,14057,0.0,0.0,0.0,0.0,0.0,0.0,2
9128,20,14056,0.0,0.0,0.0,0.0,0.0,0.0,2
9129,20,14055,0.0,0.0,0.0,0.0,0.0,0.0,2
9130,20,14054,0.0,0.0,0.0,0.0,0.0,0.0,2
9131,20,14053,0.0,0.0,0.0,0.0,0.0,0.0,2
9132,20,14052,0.0,0.0,0.0,0.0,0.0,0.0,2
9133,20,14051,0.0,0.0,0.0,0.0,0.0,0.0,2
9134,20,14050,0.0,0.0,0.0,0.0,0.0,0.0,2
9135,20,14049,0.0,0.0,0.0,0.0,0.0,0.0,2
9136,20,14048,0.0,0.0,0.0,0.0,0.0,0.0,2
9137,20,12719,0.0,0.0,0.0,0.0,0.0,0.0,2
9138,20,12735,0.0,0.0,0.0,0.0,0.0,0.0,2
9139,20,12734,0.0,0.0,0.0,0.0,0.0,0.0,2
9140,20,12733,0.0,0.0,0.0,0.0,0.0,0.0,2
9141,20,12732,0.0,0.0,0.0,0.0,0.0,0.0,2
9142,20,12731,0.0,0.0,0.0,0.0,0.0,0.0,2
9143,20,12730,0.0,0.0,0.0,0.0,0.0,0.0,2
9144,20,12729,0.0,0.0,0.0,0.0,0.0,0.0,2
9145,20,12728,0.0,0.0,0.0,0.0,0.0,0.0,2
9146,20,12727,0.0,0.0,0.0,0.0,0.0,0.0,2
9147,20,12726,0.0,0.0,0.0,0.0,0.0,0.0,2
9148,20,12724,0.0,0.0,0.0,0.0,0.0,0.0,2
9149,20,12723,0.0,0.0,0.0,0.0,0.0,0.0,2
9150,20,12722,0.0,0.0,0.0,0.0,0.0,0.0,2
9151,20,12721,0.0,0.0,0.0,0.0,0.0,0.0,2
9152,20,12720,0.0,0.0,0.0,0.0,0.0,0.0,2
9153,20,12736,0.0,0.0,0.0,0.0,0.0,0.0,2
9154,20,12718,0.0,0.0,0.0,0.0,0.0,0.0,2
9155,20,12717,0.0,0.0,0.0,0.0,0.0,0.0,2
9156,20,12716,0.0,0.0,0.0,0.0,0.0,0.0,2
9157,20,12715,0.0,0.0,0.0,0.0,0.0,0.0,2
9158,20,12714,0.0,0.0,0.0,0.0,0.0,0.0,2
9159,20,12713,0.0,0.0,0.0,0.0,0.0,0.0,2
9160,20,12712,0.0,0.0,0.0,0.0,0.0,0.0,2
9161,20,12711,0.0,0.0,0.0,0.0,0.0,0.0,2
9162,20,12710,0.0,0.0,0.0,0.0,0.0,0.0,2
9163,20,12709,0.0,0.0,0.0,0.0,0.0,0.0,2
9164,20,12708,0.0,0.0,0.0,0.0,0.0,0.0,2
9165,20,12707,0.0,0.0,0.0,0.0,0.0,0.0,2
9166,20,12706,0.0,0.0,0.0,0.0,0.0,0.0,2
9167,20,12705,0.0,0.0,0.0,0.0,0.0,0.0,2
9168,20,12751,0.0,0.0,0.0,0.0,0.0,0.0,2
9169,20,12766,0.0,0.0,0.0,0.0,0.0,0.0,2
9170,20,12765,0.0,0.0,0.0,0.0,0.0,0.0,2
9171,20,12764,0.0,0.0,0.0,0.0,0.0,0.0,2
9172,20,12763,0.0,0.0,0.0,0.0,0.0,0.0,2
9173,20,12762,0.0,0.0,0.0,0.0,0.0,0.0,2
9174,20,12761,0.0,0.0,0.0,0.0,0.0,0.0,2
9175,20,12760,0.0,0.0,0.0,0.0,0.0,0.0,2
9176,20,12759,0.0,0.0,0.0,0.0,0.0,0.0,2
9177,20,12758,0.0,0.0,0.0,0.0,0.0,0.0,2
9178,20,12757,0.0,0.0,0.0,0.0,0.0,0.0,2
9179,20,12756,0.0,0.0,0.0,0.0,0.0,0.0,2
9180,20,12755,0.0,0.0,0.0,0.0,0.0,0.0,2
9181,20,12754,0.0,0.0,0.0,0.0,0.0,0.0,2
9182,20,12753,0.0,0.0,0.0,0.0,0.0,0.0,2
9183,20,12752,0.0,0.0,0.0,0.0,0.0,0.0,2
9184,20,12703,0.0,0.0,0.0,0.0,0.0,0.0,2
9185,20,12750,0.0,0.0,0.0,0.0,0.0,0.0,2
9186,20,12749,0.0,0.0,0.0,0.0,0.0,0.0,2
9187,20,12748,0.0,0.0,0.0,0.0,0.0,0.0,2
9188,20,12747,0.0,0.0,0.0,0.0,0.0,0.0,2
9189,20,12746,0.0,0.0,0.0,0.0,0.0,0.0,2
9190,20,12745,0.0,0.0,0.0,0.0,0.0,0.0,2
9191,20,12744,0.0,0.0,0.0,0.0,0.0,0.0,2
9192,20,12743,0.0,0.0,0.0,0.0,0.0,0.0,2
9193,20,12742,0.0,0.0,0.0,0.0,0.0,0.0,2
9194,20,12741,0.0,0.0,0.0,0.0,0.0,0.0,2
9195,20,12740,0.0,0.0,0.0,0.0,0.0,0.0,2
9196,20,12739,0.0,0.0,0.0,0.0,0.0,0.0,2
9197,20,12738,0.0,0.0,0.0,0.0,0.0,0.0,2
9198,20,12737,0.0,0.0,0.0,0.0,0.0,0.0,2
9199,20,12656,0.0,0.0,0.0,0.0,0.0,0.0,2
9200,20,12671,0.0,0.0,0.0,0.0,0.0,0.0,2
9201,20,12670,0.0,0.0,0.0,0.0,0.0,0.0,2
9202,20,12669,0.0,0.0,0.0,0.0,0.0,0.0,2
9203,20,12668,0.0,0.0,0.0,0.0,0.0,0.0,2
9204,20,12667,0.0,0.0,0.0,0.0,0.0,0.0,2
9205,20,12666,0.0,0.0,0.0,0.0,0.0,0.0,2
9206,20,12665,0.0,0.0,0.0,0.0,0.0,0.0,2
9207,20,12664,0.0,0.0,0.0,0.0,0.0,0.0,2
9208,20,12663,0.0,0.0,0.0,0.0,0.0,0.0,2
9209,20,12662,0.0,0.0,0.0,0.0,0.0,0.0,2
9210,20,12661,0.0,0.0,0.0,0.0,0.0,0.0,2
9211,20,12660,0.0,0.0,0.0,0.0,0.0,0.0,2
9212,20,12659,0.0,0.0,0.0,0.0,0.0,0.0,2
9213,20,12658,0.0,0.0,0.0,0.0,0.0,0.0,2
9214,20,12657,0.0,0.0,0.0,0.0,0.0,0.0,2
9215,20,12672,0.0,0.0,0.0,0.0,0.0,0.0,2
9216,20,12655,0.0,0.0,0.0,0.0,0.0,0.0,2
9217,20,12654,0.0,0.0,0.0,0.0,0.0,0.0,2
9218,20,12653,0.0,0.0,0.0,0.0,0.0,0.0,2
9219,20,12651,0.0,0.0,0.0,0.0,0.0,0.0,2
9220,20,12650,0.0,0.0,0.0,0.0,0.0,0.0,2
9221,20,12649,0.0,0.0,0.0,0.0,0.0,0.0,2
9222,20,12648,0.0,0.0,0.0,0.0,0.0,0.0,2
9223,20,12647,0.0,0.0,0.0,0.0,0.0,0.0,2
9224,20,12646,0.0,0.0,0.0,0.0,0.0,0.0,2
9225,20,12645,0.0,0.0,0.0,0.0,0.0,0.0,2
9226,20,12644,0.0,0.0,0.0,0.0,0.0,0.0,2
9227,20,12643,0.0,0.0,0.0,0.0,0.0,0.0,2
9228,20,12642,0.0,0.0,0.0,0.0,0.0,0.0,2
9229,20,12641,0.0,0.0,0.0,0.0,0.0,0.0,2
9230,20,12687,0.0,0.0,0.0,0.0,0.0,0.0,2
9231,20,12702,0.0,0.0,0.0,0.0,0.0,0.0,2
9232,20,12701,0.0,0.0,0.0,0.0,0.0,0.0,2
9233,20,12700,0.0,0.0,0.0,0.0,0.0,0.0,2
9234,20,12699,0.0,0.0,0.0,0.0,0.0,0.0,2
9235,20,12698,0.0,0.0,0.0,0.0,0.0,0.0,2
9236,20,12697,0.0,0.0,0.0,0.0,0.0,0.0,2
9237,20,12696,0.0,0.0,0.0,0.0,0.0,0.0,2
9238,20,12695,0.0,0.0,0.0,0.0,0.0,0.0,2
9239,20,12694,0.0,0.0,0.0,0.0,0.0,0.0,2
9240,20,12693,0.0,0.0,0.0,0.0,0.0,0.0,2
9241,20,12691,0.0,0.0,0.0,0.0,0.0,0.0,2
9242,20,12690,0.0,0.0,0.0,0.0,0.0,0.0,2
9243,20,12689,0.0,0.0,0.0,0.0,0.0,0.0,2
9244,20,12688,0.0,0.0,0.0,0.0,0.0,0.0,2
9245,20,12767,0.0,0.0,0.0,0.0,0.0,0.0,2
9246,20,12686,0.0,0.0,0.0,0.0,0.0,0.0,2
9247,20,12685,0.0,0.0,0.0,0.0,0.0,0.0,2
9248,20,12684,0.0,0.0,0.0,0.0,0.0,0.0,2
9249,20,12683,0.0,0.0,0.0,0.0,0.0,0.0,2
9250,20,12682,0.0,0.0,0.0,0.0,0.0,0.0,2
9251,20,12681,0.0,0.0,0.0,0.0,0.0,0.0,2
9252,20,12680,0.0,0.0,0.0,0.0,0.0,0.0,2
9253,20,12679,0.0,0.0,0.0,0.0,0.0,0.0,2
9254,20,12678,0.0,0.0,0.0,0.0,0.0,0.0,2
9255,20,12677,0.0,0.0,0.0,0.0,0.0,0.0,2
9256,20,12676,0.0,0.0,0.0,0.0,0.0,0.0,2
9257,20,12675,0.0,0.0,0.0,0.0,0.0,0.0,2
9258,20,12674,0.0,0.0,0.0,0.0,0.0,0.0,2
9259,20,12673,0.0,0.0,0.0,0.0,0.0,0.0,2
9260,20,12843,0.0,0.0,0.0,0.0,0.0,0.0,2
9261,20,12858,0.0,0.0,0.0,0.0,0.0,0.0,2
9262,20,12857,0.0,0.0,0.0,0.0,0.0,0.0,2
9263,20,12856,0.0,0.0,0.0,0.0,0.0,0.0,2
9264,20,12855,0.0,0.0,0.0,0.0,0.0,0.0,2
9265,20,12854,0.0,0.0,0.0,0.0,0.0,0.0,2
9266,20,12853,0.0,0.0,0.0,0.0,0.0,0.0,2
9267,20,12852,0.0,0.0,0.0,0.0,0.0,0.0,2
9268,20,12851,0.0,0.0,0.0,0.0,0.0,0.0,2
9269,20,12850,0.0,0.0,0.0,0.0,0.0,0.0,2
9270,20,12849,0.0,0.0,0.0,0.0,0.0,0.0,2
9271,20,12848,0.0,0.0,0.0,0.0,0.0,0.0,2
9272,20,12847,0.0,0.0,0.0,0.0,0.0,0.0,2
9273,20,12846,0.0,0.0,0.0,0.0,0.0,0.0,2
9274,20,12845,0.0,0.0,0.0,0.0,0.0,0.0,2
9275,20,12844,0.0,0.0,0.0,0.0,0.0,0.0,2
9276,20,12859,0.0,0.0,0.0,0.0,0.0,0.0,2
9277,20,12842,0.0,0.0,0.0,0.0,0.0,0.0,2
9278,20,12841,0.0,0.0,0.0,0.0,0.0,0.0,2
9279,20,12840,0.0,0.0,0.0,0.0,0.0,0.0,2
9280,20,12839,0.0,0.0,0.0,0.0,0.0,0.0,2
9281,20,12838,0.0,0.0,0.0,0.0,0.0,0.0,2
9282,20,12837,0.0,0.0,0.0,0.0,0.0,0.0,2
9283,20,12836,0.0,0.0,0.0,0.0,0.0,0.0,2
9284,20,12835,0.0,0.0,0.0,0.0,0.0,0.0,2
9285,20,12834,0.0,0.0,0.0,0.0,0.0,0.0,2
9286,20,12833,0.0,0.0,0.0,0.0,0.0,0.0,2
9287,20,12832,0.0,0.0,0.0,0.0,0.0,0.0,2
9288,20,12831,0.0,0.0,0.0,0.0,0.0,0.0,2
9289,20,12830,0.0,0.0,0.0,0.0,0.0,0.0,2
9290,20,12829,0.0,0.0,0.0,0.0,0.0,0.0,2
9291,20,12875,0.0,0.0,0.0,0.0,0.0,0.0,2
9292,20,12889,0.0,0.0,0.0,0.0,0.0,0.0,2
9293,20,12888,0.0,0.0,0.0,0.0,0.0,0.0,2
9294,20,12887,0.0,0.0,0.0,0.0,0.0,0.0,2
9295,20,12886,0.0,0.0,0.0,0.0,0.0,0.0,2
9296,20,12885,0.0,0.0,0.0,0.0,0.0,0.0,2
9297,20,12884,0.0,0.0,0.0,0.0,0.0,0.0,2
9298,20,12883,0.0,0.0,0.0,0.0,0.0,0.0,2
9299,20,12882,0.0,0.0,0.0,0.0,0.0,0.0,2
9300,20,12881,0.0,0.0,0.0,0.0,0.0,0.0,2
9301,20,12880,0.0,0.0,0.0,0.0,0.0,0.0,2
9302,20,12879,0.0,0.0,0.0,0.0,0.0,0.0,2
9303,20,12878,0.0,0.0,0.0,0.0,0.0,0.0,2
9304,20,12877,0.0,0.0,0.0,0.0,0.0,0.0,2
9305,20,12876,0.0,0.0,0.0,0.0,0.0,0.0,2
9306,20,12828,0.0,0.0,0.0,0.0,0.0,0.0,2
9307,20,12874,0.0,0.0,0.0,0.0,0.0,0.0,2
9308,20,12873,0.0,0.0,0.0,0.0,0.0,0.0,2
9309,20,12871,0.0,0.0,0.0,0.0,0.0,0.0,2
9310,20,12870,0.0,0.0,0.0,0.0,0.0,0.0,2
9311,20,12869,0.0,0.0,0.0,0.0,0.0,0.0,2
9312,20,12868,0.0,0.0,0.0,0.0,0.0,0.0,2
9313,20,12867,0.0,0.0,0.0,0.0,0.0,0.0,2
9314,20,12866,0.0,0.0,0.0,0.0,0.0,0.0,2
9315,20,12865,0.0,0.0,0.0,0.0,0.0,0.0,2
9316,20,12864,0.0,0.0,0.0,0.0,0.0,0.0,2
9317,20,12863,0.0,0.0,0.0,0.0,0.0,0.0,2
9318,20,12862,0.0,0.0,0.0,0.0,0.0,0.0,2
9319,20,12861,0.0,0.0,0.0,0.0,0.0,0.0,2
9320,20,12860,0.0,0.0,0.0,0.0,0.0,0.0,2
9321,20,12782,0.0,0.0,0.0,0.0,0.0,0.0,2
9322,20,12797,0.0,0.0,0.0,0.0,0.0,0.0,2
9323,20,12796,0.0,0.0,0.0,0.0,0.0,0.0,2
9324,20,12795,0.0,0.0,0.0,0.0,0.0,0.0,2
9325,20,12794,0.0,0.0,0.0,0.0,0.0,0.0,2
9326,20,12793,0.0,0.0,0.0,0.0,0.0,0.0,2
9327,20,12792,0.0,0.0,0.0,0.0,0.0,0.0,2
9328,20,12791,0.0,0.0,0.0,0.0,0.0,0.0,2
9329,20,12790,0.0,0.0,0.0,0.0,0.0,0.0,2
9330,20,12789,0.0,0.0,0.0,0.0,0.0,0.0,2
9331,20,12788,0.0,0.0,0.0,0.0,0.0,0.0,2
9332,20,12787,0.0,0.0,0.0,0.0,0.0,0.0,2
9333,20,12786,0.0,0.0,0.0,0.0,0.0,0.0,2
9334,20,12785,0.0,0.0,0.0,0.0,0.0,0.0,2
9335,20,12784,0.0,0.0,0.0,0.0,0.0,0.0,2
9336,20,12783,0.0,0.0,0.0,0.0,0.0,0.0,2
9337,20,12798,0.0,0.0,0.0,0.0,0.0,0.0,2
9338,20,12781,0.0,0.0,0.0,0.0,0.0,0.0,2
9339,20,12780,0.0,0.0,0.0,0.0,0.0,0.0,2
9340,20,12779,0.0,0.0,0.0,0.0,0.0,0.0,2
9341,20,12778,0.0,0.0,0.0,0.0,0.0,0.0,2
9342,20,12777,0.0,0.0,0.0,0.0,0.0,0.0,2
9343,20,12776,0.0,0.0,0.0,0.0,0.0,0.0,2
9344,20,12775,0.0,0.0,0.0,0.0,0.0,0.0,2
9345,20,12774,0.0,0.0,0.0,0.0,0.0,0.0,2
9346,20,12773,0.0,0.0,0.0,0.0,0.0,0.0,2
9347,20,12772,0.0,0.0,0.0,0.0,0.0,0.0,2
9348,20,12771,0.0,0.0,0.0,0.0,0.0,0.0,2
9349,20,12770,0.0,0.0,0.0,0.0,0.0,0.0,2
9350,20,12769,0.0,0.0,0.0,0.0,0.0,0.0,2
9351,20,12768,0.0,0.0,0.0,0.0,0.0,0.0,2
9352,20,12813,0.0,0.0,0.0,0.0,0.0,0.0,2
9353,20,12827,0.0,0.0,0.0,0.0,0.0,0.0,2
9354,20,12826,0.0,0.0,0.0,0.0,0.0,0.0,2
9355,20,12825,0.0,0.0,0.0,0.0,0.0,0.0,2
9356,20,12824,0.0,0.0,0.0,0.0,0.0,0.0,2
9357,20,12823,0.0,0.0,0.0,0.0,0.0,0.0,2
9358,20,12822,0.0,0.0,0.0,0.0,0.0,0.0,2
9359,20,12821,0.0,0.0,0.0,0.0,0.0,0.0,2
9360,20,12820,0.0,0.0,0.0,0.0,0.0,0.0,2
9361,20,12819,0.0,0.0,0.0,0.0,0.0,0.0,2
9362,20,12818,0.0,0.0,0.0,0.0,0.0,0.0,2
9363,20,12817,0.0,0.0,0.0,0.0,0.0,0.0,2
9364,20,12816,0.0,0.0,0.0,0.0,0.0,0.0,2
9365,20,12815,0.0,0.0,0.0,0.0,0.0,0.0,2
9366,20,12814,0.0,0.0,0.0,0.0,0.0,0.0,2
9367,20,12640,0.0,0.0,0.0,0.0,0.0,0.0,2
9368,20,12812,0.0,0.0,0.0,0.0,0.0,0.0,2
9369,20,12811,0.0,0.0,0.0,0.0,0.0,0.0,2
9370,20,12810,0.0,0.0,0.0,0.0,0.0,0.0,2
9371,20,12809,0.0,0.0,0.0,0.0,0.0,0.0,2
9372,20,12808,0.0,0.0,0.0,0.0,0.0,0.0,2
9373,20,12807,0.0,0.0,0.0,0.0,0.0,0.0,2
9374,20,12806,0.0,0.0,0.0,0.0,0.0,0.0,2
9375,20,12805,0.0,0.0,0.0,0.0,0.0,0.0,2
9376,20,12804,0.0,0.0,0.0,0.0,0.0,0.0,2
9377,20,12803,0.0,0.0,0.0,0.0,0.0,0.0,2
9378,20,12802,0.0,0.0,0.0,0.0,0.0,0.0,2
9379,20,12801,0.0,0.0,0.0,0.0,0.0,0.0,2
9380,20,12800,0.0,0.0,0.0,0.0,0.0,0.0,2
9381,20,12799,0.0,0.0,0.0,0.0,0.0,0.0,2
9382,20,12468,0.0,0.0,0.0,0.0,0.0,0.0,2
9383,20,12484,0.0,0.0,0.0,0.0,0.0,0.0,2
9384,20,12483,0.0,0.0,0.0,0.0,0.0,0.0,2
9385,20,12482,0.0,0.0,0.0,0.0,0.0,0.0,2
9386,20,12481,0.0,0.0,0.0,0.0,0.0,0.0,2
9387,20,12480,0.0,0.0,0.0,0.0,0.0,0.0,2
9388,20,12479,0.0,0.0,0.0,0.0,0.0,0.0,2
9389,20,12478,0.0,0.0,0.0,0.0,0.0,0.0,2
9390,20,12477,0.0,0.0,0.0,0.0,0.0,0.0,2
9391,20,12476,0.0,0.0,0.0,0.0,0.0,0.0,2
9392,20,12475,0.0,0.0,0.0,0.0,0.0,0.0,2
9393,20,12474,0.0,0.0,0.0,0.0,0.0,0.0,2
9394,20,12473,0.0,0.0,0.0,0.0,0.0,0.0,2
9395,20,12472,0.0,0.0,0.0,0.0,0.0,0.0,2
9396,20,12471,0.0,0.0,0.0,0.0,0.0,0.0,2
9397,20,12470,0.0,0.0,0.0,0.0,0.0,0.0,2
9398,20,12485,0.0,0.0,0.0,0.0,0.0,0.0,2
9399,20,12467,0.0,0.0,0.0,0.0,0.0,0.0,2
9400,20,12466,0.0,0.0,0.0,0.0,0.0,0.0,2
9401,20,12465,0.0,0.0,0.0,0.0,0.0,0.0,2
9402,20,12464,0.0,0.0,0.0,0.0,0.0,0.0,2
9403,20,12463,0.0,0.0,0.0,0.0,0.0,0.0,2
9404,20,12462,0.0,0.0,0.0,0.0,0.0,0.0,2
9405,20,12461,0.0,0.0,0.0,0.0,0.0,0.0,2
9406,20,12460,0.0,0.0,0.0,0.0,0.0,0.0,2
9407,20,12459,0.0,0.0,0.0,0.0,0.0,0.0,2
9408,20,12458,0.0,0.0,0.0,0.0,0.0,0.0,2
9409,20,12457,0.0,0.0,0.0,0.0,0.0,0.0,2
9410,20,12456,0.0,0.0,0.0,0.0,0.0,0.0,2
9411,20,12455,0.0,0.0,0.0,0.0,0.0,0.0,2
9412,20,12454,0.0,0.0,0.0,0.0,0.0,0.0,2
9413,20,12500,0.0,0.0,0.0,0.0,0.0,0.0,2
9414,20,12515,0.0,0.0,0.0,0.0,0.0,0.0,2
9415,20,12514,0.0,0.0,0.0,0.0,0.0,0.0,2
9416,20,12513,0.0,0.0,0.0,0.0,0.0,0.0,2
9417,20,12512,0.0,0.0,0.0,0.0,0.0,0.0,2
9418,20,12511,0.0,0.0,0.0,0.0,0.0,0.0,2
9419,20,12510,0.0,0.0,0.0,0.0,0.0,0.0,2
9420,20,12509,0.0,0.0,0.0,0.0,0.0,0.0,2
9421,20,12508,0.0,0.0,0.0,0.0,0.0,0.0,2
9422,20,12507,0.0,0.0,0.0,0.0,0.0,0.0,2
9423,20,12506,0.0,0.0,0.0,0.0,0.0,0.0,2
9424,20,12505,0.0,0.0,0.0,0.0,0.0,0.0,2
9425,20,12504,0.0,0.0,0.0,0.0,0.0,0.0,2
9426,20,12503,0.0,0.0,0.0,0.0,0.0,0.0,2
9427,20,12502,0.0,0.0,0.0,0.0,0.0,0.0,2
9428,20,12501,0.0,0.0,0.0,0.0,0.0,0.0,2
9429,20,12453,0.0,0.0,0.0,0.0,0.0,0.0,2
9430,20,12499,0.0,0.0,0.0,0.0,0.0,0.0,2
9431,20,12498,0.0,0.0,0.0,0.0,0.0,0.0,2
9432,20,12497,0.0,0.0,0.0,0.0,0.0,0.0,2
9433,20,12496,0.0,0.0,0.0,0.0,0.0,0.0,2
9434,20,12495,0.0,0.0,0.0,0.0,0.0,0.0,2
9435,20,12494,0.0,0.0,0.0,0.0,0.0,0.0,2
9436,20,12493,0.0,0.0,0.0,0.0,0.0,0.0,2
9437,20,12492,0.0,0.0,0.0,0.0,0.0,0.0,2
9438,20,12491,0.0,0.0,0.0,0.0,0.0,0.0,2
9439,20,12490,0.0,0.0,0.0,0.0,0.0,0.0,2
9440,20,12489,0.0,0.0,0.0,0.0,0.0,0.0,2
9441,20,12488,0.0,0.0,0.0,0.0,0.0,0.0,2
9442,20,12487,0.0,0.0,0.0,0.0,0.0,0.0,2
9443,20,12486,0.0,0.0,0.0,0.0,0.0,0.0,2
9444,20,12405,0.0,0.0,0.0,0.0,0.0,0.0,2
9445,20,12421,0.0,0.0,0.0,0.0,0.0,0.0,2
9446,20,12420,0.0,0.0,0.0,0.0,0.0,0.0,2
9447,20,12419,0.0,0.0,0.0,0.0,0.0,0.0,2
9448,20,12418,0.0,0.0,0.0,0.0,0.0,0.0,2
9449,20,12417,0.0,0.0,0.0,0.0,0.0,0.0,2
9450,20,12416,0.0,0.0,0.0,0.0,0.0,0.0,2
9451,20,12415,0.0,0.0,0.0,0.0,0.0,0.0,2
9452,20,12414,0.0,0.0,0.0,0.0,0.0,0.0,2
9453,20,12413,0.0,0.0,0.0,0.0,0.0,0.0,2
9454,20,12412,0.0,0.0,0.0,0.0,0.0,0.0,2
9455,20,12411,0.0,0.0,0.0,0.0,0.0,0.0,2
9456,20,12409,0.0,0.0,0.0,0.0,0.0,0.0,2
9457,20,12408,0.0,0.0,0.0,0.0,0.0,0.0,2
9458,20,12407,0.0,0.0,0.0,0.0,0.0,0.0,2
9459,20,12406,0.0,0.0,0.0,0.0,0.0,0.0,2
9460,20,12422,0.0,0.0,0.0,0.0,0.0,0.0,2
9461,20,12404,0.0,0.0,0.0,0.0,0.0,0.0,2
9462,20,12403,0.0,0.0,0.0,0.0,0.0,0.0,2
9463,20,12402,0.0,0.0,0.0,0.0,0.0,0.0,2
9464,20,12401,0.0,0.0,0.0,0.0,0.0,0.0,2
9465,20,12400,0.0,0.0,0.0,0.0,0.0,0.0,2
9466,20,12399,0.0,0.0,0.0,0.0,0.0,0.0,2
9467,20,12398,0.0,0.0,0.0,0.0,0.0,0.0,2
9468,20,12397,0.0,0.0,0.0,0.0,0.0,0.0,2
9469,20,12396,0.0,0.0,0.0,0.0,0.0,0.0,2
9470,20,12395,0.0,0.0,0.0,0.0,0.0,0.0,2
9471,20,12394,0.0,0.0,0.0,0.0,0.0,0.0,2
9472,20,12393,0.0,0.0,0.0,0.0,0.0,0.0,2
9473,20,12392,0.0,0.0,0.0,0.0,0.0,0.0,2
9474,20,12391,0.0,0.0,0.0,0.0,0.0,0.0,2
9475,20,12437,0.0,0.0,0.0,0.0,0.0,0.0,2
9476,20,12452,0.0,0.0,0.0,0.0,0.0,0.0,2
9477,20,12451,0.0,0.0,0.0,0.0,0.0,0.0,2
9478,20,12450,0.0,0.0,0.0,0.0,0.0,0.0,2
9479,20,12449,0.0,0.0,0.0,0.0,0.0,0.0,2
9480,20,12448,0.0,0.0,0.0,0.0,0.0,0.0,2
9481,20,12447,0.0,0.0,0.0,0.0,0.0,0.0,2
9482,20,12446,0.0,0.0,0.0,0.0,0.0,0.0,2
9483,20,12445,0.0,0.0,0.0,0.0,0.0,0.0,2
9484,20,12443,0.0,0.0,0.0,0.0,0.0,0.0,2
9485,20,12442,0.0,0.0,0.0,0.0,0.0,0.0,2
9486,20,12441,0.0,0.0,0.0,0.0,0.0,0.0,2
9487,20,12440,0.0,0.0,0.0,0.0,0.0,0.0,2
9488,20,12439,0.0,0.0,0.0,0.0,0.0,0.0,2
9489,20,12438,0.0,0.0,0.0,0.0,0.0,0.0,2
9490,20,12516,0.0,0.0,0.0,0.0,0.0,0.0,2
9491,20,12436,0.0,0.0,0.0,0.0,0.0,0.0,2
9492,20,12435,0.0,0.0,0.0,0.0,0.0,0.0,2
9493,20,12434,0.0,0.0,0.0,0.0,0.0,0.0,2
9494,20,12433,0.0,0.0,0.0,0.0,0.0,0.0,2
9495,20,12432,0.0,0.0,0.0,0.0,0.0,0.0,2
9496,20,12431,0.0,0.0,0.0,0.0,0.0,0.0,2
9497,20,12430,0.0,0.0,0.0,0.0,0.0,0.0,2
9498,20,12429,0.0,0.0,0.0,0.0,0.0,0.0,2
9499,20,12428,0.0,0.0,0.0,0.0,0.0,0.0,2
9500,20,12427,0.0,0.0,0.0,0.0,0.0,0.0,2
9501,20,12426,0.0,0.0,0.0,0.0,0.0,0.0,2
9502,20,12425,0.0,0.0,0.0,0.0,0.0,0.0,2
9503,20,12424,0.0,0.0,0.0,0.0,0.0,0.0,2
9504,20,12423,0.0,0.0,0.0,0.0,0.0,0.0,2
9505,20,12593,0.0,0.0,0.0,0.0,0.0,0.0,2
9506,20,12608,0.0,0.0,0.0,0.0,0.0,0.0,2
9507,20,12607,0.0,0.0,0.0,0.0,0.0,0.0,2
9508,20,12606,0.0,0.0,0.0,0.0,0.0,0.0,2
9509,20,12605,0.0,0.0,0.0,0.0,0.0,0.0,2
9510,20,12604,0.0,0.0,0.0,0.0,0.0,0.0,2
9511,20,12603,0.0,0.0,0.0,0.0,0.0,0.0,2
9512,20,12602,0.0,0.0,0.0,0.0,0.0,0.0,2
9513,20,12601,0.0,0.0,0.0,0.0,0.0,0.0,2
9514,20,12600,0.0,0.0,0.0,0.0,0.0,0.0,2
9515,20,12599,0.0,0.0,0.0,0.0,0.0,0.0,2
9516,20,12598,0.0,0.0,0.0,0.0,0.0,0.0,2
9517,20,12597,0.0,0.0,0.0,0.0,0.0,0.0,2
9518,20,12596,0.0,0.0,0.0,0.0,0.0,0.0,2
9519,20,12595,0.0,0.0,0.0,0.0,0.0,0.0,2
9520,20,12594,0.0,0.0,0.0,0.0,0.0,0.0,2
9521,20,12609,0.0,0.0,0.0,0.0,0.0,0.0,2
9522,20,12592,0.0,0.0,0.0,0.0,0.0,0.0,2
9523,20,12591,0.0,0.0,0.0,0.0,0.0,0.0,2
9524,20,12590,0.0,0.0,0.0,0.0,0.0,0.0,2
9525,20,12589,0.0,0.0,0.0,0.0,0.0,0.0,2
9526,20,12588,0.0,0.0,0.0,0.0,0.0,0.0,2
9527,20,12587,0.0,0.0,0.0,0.0,0.0,0.0,2
9528,20,12586,0.0,0.0,0.0,0.0,0.0,0.0,2
9529,20,12585,0.0,0.0,0.0,0.0,0.0,0.0,2
9530,20,12584,0.0,0.0,0.0,0.0,0.0,0.0,2
9531,20,12583,0.0,0.0,0.0,0.0,0.0,0.0,2
9532,20,12582,0.0,0.0,0.0,0.0,0.0,0.0,2
9533,20,12581,0.0,0.0,0.0,0.0,0.0,0.0,2
9534,20,12580,0.0,0.0,0.0,0.0,0.0,0.0,2
9535,20,12579,0.0,0.0,0.0,0.0,0.0,0.0,2
9536,20,12624,0.0,0.0,0.0,0.0,0.0,0.0,2
9537,20,12639,0.0,0.0,0.0,0.0,0.0,0.0,2
9538,20,12638,0.0,0.0,0.0,0.0,0.0,0.0,2
9539,20,12637,0.0,0.0,0.0,0.0,0.0,0.0,2
9540,20,12636,0.0,0.0,0.0,0.0,0.0,0.0,2
9541,20,12635,0.0,0.0,0.0,0.0,0.0,0.0,2
9542,20,12634,0.0,0.0,0.0,0.0,0.0,0.0,2
9543,20,12633,0.0,0.0,0.0,0.0,0.0,0.0,2
9544,20,12632,0.0,0.0,0.0,0.0,0.0,0.0,2
9545,20,12631,0.0,0.0,0.0,0.0,0.0,0.0,2
9546,20,12630,0.0,0.0,0.0,0.0,0.0,0.0,2
9547,20,12629,0.0,0.0,0.0,0.0,0.0,0.0,2
9548,20,12628,0.0,0.0,0.0,0.0,0.0,0.0,2
9549,20,12627,0.0,0.0,0.0,0.0,0.0,0.0,2
9550,20,12625,0.0,0.0,0.0,0.0,0.0,0.0,2
9551,20,12578,0.0,0.0,0.0,0.0,0.0,0.0,2
9552,20,12623,0.0,0.0,0.0,0.0,0.0,0.0,2
9553,20,12622,0.0,0.0,0.0,0.0,0.0,0.0,2
9554,20,12621,0.0,0.0,0.0,0.0,0.0,0.0,2
9555,20,12620,0.0,0.0,0.0,0.0,0.0,0.0,2
9556,20,12619,0.0,0.0,0.0,0.0,0.0,0.0,2
9557,20,12618,0.0,0.0,0.0,0.0,0.0,0.0,2
9558,20,12617,0.0,0.0,0.0,0.0,0.0,0.0,2
9559,20,12616,0.0,0.0,0.0,0.0,0.0,0.0,2
9560,20,12615,0.0,0.0,0.0,0.0,0.0,0.0,2
9561,20,12614,0.0,0.0,0.0,0.0,0.0,0.0,2
9562,20,12613,0.0,0.0,0.0,0.0,0.0,0.0,2
9563,20,12612,0.0,0.0,0.0,0.0,0.0,0.0,2
9564,20,12611,0.0,0.0,0.0,0.0,0.0,0.0,2
9565,20,12610,0.0,0.0,0.0,0.0,0.0,0.0,2
9566,20,12531,0.0,0.0,0.0,0.0,0.0,0.0,2
9567,20,12546,0.0,0.0,0.0,0.0,0.0,0.0,2
9568,20,12545,0.0,0.0,0.0,0.0,0.0,0.0,2
9569,20,12544,0.0,0.0,0.0,0.0,0.0,0.0,2
9570,20,12543,0.0,0.0,0.0,0.0,0.0,0.0,2
9571,20,12542,0.0,0.0,0.0,0.0,0.0,0.0,2
9572,20,12541,0.0,0.0,0.0,0.0,0.0,0.0,2
9573,20,12540,0.0,0.0,0.0,0.0,0.0,0.0,2
9574,20,12539,0.0,0.0,0.0,0.0,0.0,0.0,2
9575,20,12538,0.0,0.0,0.0,0.0,0.0,0.0,2
9576,20,12537,0.0,0.0,0.0,0.0,0.0,0.0,2
9577,20,12536,0.0,0.0,0.0,0.0,0.0,0.0,2
9578,20,12535,0.0,0.0,0.0,0.0,0.0,0.0,2
9579,20,12534,0.0,0.0,0.0,0.0,0.0,0.0,2
9580,20,12533,0.0,0.0,0.0,0.0,0.0,0.0,2
9581,20,12532,0.0,0.0,0.0,0.0,0.0,0.0,2
9582,20,12547,0.0,0.0,0.0,0.0,0.0,0.0,2
9583,20,12530,0.0,0.0,0.0,0.0,0.0,0.0,2
9584,20,12529,0.0,0.0,0.0,0.0,0.0,0.0,2
9585,20,12528,0.0,0.0,0.0,0.0,0.0,0.0,2
9586,20,12527,0.0,0.0,0.0,0.0,0.0,0.0,2
9587,20,12526,0.0,0.0,0.0,0.0,0.0,0.0,2
9588,20,12525,0.0,0.0,0.0,0.0,0.0,0.0,2
9589,20,12524,0.0,0.0,0.0,0.0,0.0,0.0,2
9590,20,12523,0.0,0.0,0.0,0.0,0.0,0.0,2
9591,20,12522,0.0,0.0,0.0,0.0,0.0,0.0,2
9592,20,12521,0.0,0.0,0.0,0.0,0.0,0.0,2
9593,20,12520,0.0,0.0,0.0,0.0,0.0,0.0,2
9594,20,12519,0.0,0.0,0.0,0.0,0.0,0.0,2
9595,20,12518,0.0,0.0,0.0,0.0,0.0,0.0,2
9596,20,12517,0.0,0.0,0.0,0.0,0.0,0.0,2
9597,20,12563,0.0,0.0,0.0,0.0,0.0,0.0,2
9598,20,12577,0.0,0.0,0.0,0.0,0.0,0.0,2
9599,20,12576,0.0,0.0,0.0,0.0,0.0,0.0,2
9600,20,12575,0.0,0.0,0.0,0.0,0.0,0.0,2
9601,20,12574,0.0,0.0,0.0,0.0,0.0,0.0,2
9602,20,12573,0.0,0.0,0.0,0.0,0.0,0.0,2
9603,20,12572,0.0,0.0,0.0,0.0,0.0,0.0,2
9604,20,12571,0.0,0.0,0.0,0.0,0.0,0.0,2
9605,20,12570,0.0,0.0,0.0,0.0,0.0,0.0,2
9606,20,12569,0.0,0.0,0.0,0.0,0.0,0.0,2
9607,20,12568,0.0,0.0,0.0,0.0,0.0,0.0,2
9608,20,12567,0.0,0.0,0.0,0.0,0.0,0.0,2
9609,20,12566,0.0,0.0,0.0,0.0,0.0,0.0,2
9610,20,12565,0.0,0.0,0.0,0.0,0.0,0.0,2
9611,20,12564,0.0,0.0,0.0,0.0,0.0,0.0,2
9612,20,12890,0.0,0.0,0.0,0.0,0.0,0.0,2
9613,20,12562,0.0,0.0,0.0,0.0,0.0,0.0,2
9614,20,12561,0.0,0.0,0.0,0.0,0.0,0.0,2
9615,20,12560,0.0,0.0,0.0,0.0,0.0,0.0,2
9616,20,12559,0.0,0.0,0.0,0.0,0.0,0.0,2
9617,20,12558,0.0,0.0,0.0,0.0,0.0,0.0,2
9618,20,12557,0.0,0.0,0.0,0.0,0.0,0.0,2
9619,20,12556,0.0,0.0,0.0,0.0,0.0,0.0,2
9620,20,12555,0.0,0.0,0.0,0.0,0.0,0.0,2
9621,20,12554,0.0,0.0,0.0,0.0,0.0,0.0,2
9622,20,12553,0.0,0.0,0.0,0.0,0.0,0.0,2
9623,20,12552,0.0,0.0,0.0,0.0,0.0,0.0,2
9624,20,12550,0.0,0.0,0.0,0.0,0.0,0.0,2
9625,20,12549,0.0,0.0,0.0,0.0,0.0,0.0,2
9626,20,12548,0.0,0.0,0.0,0.0,0.0,0.0,2
9627,20,13214,0.0,0.0,0.0,0.0,0.0,0.0,2
9628,20,13229,0.0,0.0,0.0,0.0,0.0,0.0,2
9629,20,13228,0.0,0.0,0.0,0.0,0.0,0.0,2
9630,20,13227,0.0,0.0,0.0,0.0,0.0,0.0,2
9631,20,13226,0.0,0.0,0.0,0.0,0.0,0.0,2
9632,20,13225,0.0,0.0,0.0,0.0,0.0,0.0,2
9633,20,13224,0.0,0.0,0.0,0.0,0.0,0.0,2
9634,20,13223,0.0,0.0,0.0,0.0,0.0,0.0,2
9635,20,13222,0.0,0.0,0.0,0.0,0.0,0.0,2
9636,20,13221,0.0,0.0,0.0,0.0,0.0,0.0,2
9637,20,13220,0.0,0.0,0.0,0.0,0.0,0.0,2
9638,20,13219,0.0,0.0,0.0,0.0,0.0,0.0,2
9639,20,13218,0.0,0.0,0.0,0.0,0.0,0.0,2
9640,20,13217,0.0,0.0,0.0,0.0,0.0,0.0,2
9641,20,13216,0.0,0.0,0.0,0.0,0.0,0.0,2
9642,20,13215,0.0,0.0,0.0,0.0,0.0,0.0,2
9643,20,13230,0.0,0.0,0.0,0.0,0.0,0.0,2
9644,20,13213,0.0,0.0,0.0,0.0,0.0,0.0,2
9645,20,13212,0.0,0.0,0.0,0.0,0.0,0.0,2
9646,20,13211,0.0,0.0,0.0,0.0,0.0,0.0,2
9647,20,13210,0.0,0.0,0.0,0.0,0.0,0.0,2
9648,20,13209,0.0,0.0,0.0,0.0,0.0,0.0,2
9649,20,13208,0.0,0.0,0.0,0.0,0.0,0.0,2
9650,20,13207,0.0,0.0,0.0,0.0,0.0,0.0,2
9651,20,13206,0.0,0.0,0.0,0.0,0.0,0.0,2
9652,20,13205,0.0,0.0,0.0,0.0,0.0,0.0,2
9653,20,13204,0.0,0.0,0.0,0.0,0.0,0.0,2
9654,20,13203,0.0,0.0,0.0,0.0,0.0,0.0,2
9655,20,13202,0.0,0.0,0.0,0.0,0.0,0.0,2
9656,20,13201,0.0,0.0,0.0,0.0,0.0,0.0,2
9657,20,13200,0.0,0.0,0.0,0.0,0.0,0.0,2
9658,20,13245,0.0,0.0,0.0,0.0,0.0,0.0,2
9659,20,13260,0.0,0.0,0.0,0.0,0.0,0.0,2
9660,20,13259,0.0,0.0,0.0,0.0,0.0,0.0,2
9661,20,13258,0.0,0.0,0.0,0.0,0.0,0.0,2
9662,20,13257,0.0,0.0,0.0,0.0,0.0,0.0,2
9663,20,13256,0.0,0.0,0.0,0.0,0.0,0.0,2
9664,20,13255,0.0,0.0,0.0,0.0,0.0,0.0,2
9665,20,13254,0.0,0.0,0.0,0.0,0.0,0.0,2
9666,20,13253,0.0,0.0,0.0,0.0,0.0,0.0,2
9667,20,13252,0.0,0.0,0.0,0.0,0.0,0.0,2
9668,20,13251,0.0,0.0,0.0,0.0,0.0,0.0,2
9669,20,13250,0.0,0.0,0.0,0.0,0.0,0.0,2
9670,20,13249,0.0,0.0,0.0,0.0,0.0,0.0,2
9671,20,13248,0.0,0.0,0.0,0.0,0.0,0.0,2
9672,20,13247,0.0,0.0,0.0,0.0,0.0,0.0,2
9673,20,13246,0.0,0.0,0.0,0.0,0.0,0.0,2
9674,20,13199,0.0,0.0,0.0,0.0,0.0,0.0,2
9675,20,13244,0.0,0.0,0.0,0.0,0.0,0.0,2
9676,20,13243,0.0,0.0,0.0,0.0,0.0,0.0,2
9677,20,13242,0.0,0.0,0.0,0.0,0.0,0.0,2
9678,20,13241,0.0,0.0,0.0,0.0,0.0,0.0,2
9679,20,13240,0.0,0.0,0.0,0.0,0.0,0.0,2
9680,20,13239,0.0,0.0,0.0,0.0,0.0,0.0,2
9681,20,13238,0.0,0.0,0.0,0.0,0.0,0.0,2
9682,20,13237,0.0,0.0,0.0,0.0,0.0,0.0,2
9683,20,13236,0.0,0.0,0.0,0.0,0.0,0.0,2
9684,20,13235,0.0,0.0,0.0,0.0,0.0,0.0,2
9685,20,13234,0.0,0.0,0.0,0.0,0.0,0.0,2
9686,20,13233,0.0,0.0,0.0,0.0,0.0,0.0,2
9687,20,13232,0.0,0.0,0.0,0.0,0.0,0.0,2
9688,20,13231,0.0,0.0,0.0,0.0,0.0,0.0,2
9689,20,13153,0.0,0.0,0.0,0.0,0.0,0.0,2
9690,20,13168,0.0,0.0,0.0,0.0,0.0,0.0,2
9691,20,13167,0.0,0.0,0.0,0.0,0.0,0.0,2
9692,20,13166,0.0,0.0,0.0,0.0,0.0,0.0,2
9693,20,13165,0.0,0.0,0.0,0.0,0.0,0.0,2
9694,20,13164,0.0,0.0,0.0,0.0,0.0,0.0,2
9695,20,13163,0.0,0.0,0.0,0.0,0.0,0.0,2
9696,20,13162,0.0,0.0,0.0,0.0,0.0,0.0,2
9697,20,13161,0.0,0.0,0.0,0.0,0.0,0.0,2
9698,20,13160,0.0,0.0,0.0,0.0,0.0,0.0,2
9699,20,13159,0.0,0.0,0.0,0.0,0.0,0.0,2
9700,20,13158,0.0,0.0,0.0,0.0,0.0,0.0,2
9701,20,13157,0.0,0.0,0.0,0.0,0.0,0.0,2
9702,20,13156,0.0,0.0,0.0,0.0,0.0,0.0,2
9703,20,13155,0.0,0.0,0.0,0.0,0.0,0.0,2
9704,20,13154,0.0,0.0,0.0,0.0,0.0,0.0,2
9705,20,13169,0.0,0.0,0.0,0.0,0.0,0.0,2
9706,20,13152,0.0,0.0,0.0,0.0,0.0,0.0,2
9707,20,13151,0.0,0.0,0.0,0.0,0.0,0.0,2
9708,20,13150,0.0,0.0,0.0,0.0,0.0,0.0,2
9709,20,13149,0.0,0.0,0.0,0.0,0.0,0.0,2
9710,20,13148,0.0,0.0,0.0,0.0,0.0,0.0,2
9711,20,13147,0.0,0.0,0.0,0.0,0.0,0.0,2
9712,20,13146,0.0,0.0,0.0,0.0,0.0,0.0,2
9713,20,13145,0.0,0.0,0.0,0.0,0.0,0.0,2
9714,20,13144,0.0,0.0,0.0,0.0,0.0,0.0,2
9715,20,13143,0.0,0.0,0.0,0.0,0.0,0.0,2
9716,20,13142,0.0,0.0,0.0,0.0,0.0,0.0,2
9717,20,13141,0.0,0.0,0.0,0.0,0.0,0.0,2
9718,20,13140,0.0,0.0,0.0,0.0,0.0,0.0,2
9719,20,13139,0.0,0.0,0.0,0.0,0.0,0.0,2
9720,20,13184,0.0,0.0,0.0,0.0,0.0,0.0,2
9721,20,13198,0.0,0.0,0.0,0.0,0.0,0.0,2
9722,20,13197,0.0,0.0,0.0,0.0,0.0,0.0,2
9723,20,13196,0.0,0.0,0.0,0.0,0.0,0.0,2
9724,20,13195,0.0,0.0,0.0,0.0,0.0,0.0,2
9725,20,13194,0.0,0.0,0.0,0.0,0.0,0.0,2
9726,20,13193,0.0,0.0,0.0,0.0,0.0,0.0,2
9727,20,13192,0.0,0.0,0.0,0.0,0.0,0.0,2
9728,20,13191,0.0,0.0,0.0,0.0,0.0,0.0,2
9729,20,13190,0.0,0.0,0.0,0.0,0.0,0.0,2
9730,20,13189,0.0,0.0,0.0,0.0,0.0,0.0,2
9731,20,13188,0.0,0.0,0.0,0.0,0.0,0.0,2
9732,20,13187,0.0,0.0,0.0,0.0,0.0,0.0,2
9733,20,13186,0.0,0.0,0.0,0.0,0.0,0.0,2
9734,20,13185,0.0,0.0,0.0,0.0,0.0,0.0,2
9735,20,13261,0.0,0.0,0.0,0.0,0.0,0.0,2
9736,20,13183,0.0,0.0,0.0,0.0,0.0,0.0,2
9737,20,13182,0.0,0.0,0.0,0.0,0.0,0.0,2
9738,20,13181,0.0,0.0,0.0,0.0,0.0,0.0,2
9739,20,13180,0.0,0.0,0.0,0.0,0.0,0.0,2
9740,20,13179,0.0,0.0,0.0,0.0,0.0,0.0,2
9741,20,13178,0.0,0.0,0.0,0.0,0.0,0.0,2
9742,20,13177,0.0,0.0,0.0,0.0,0.0,0.0,2
9743,20,13176,0.0,0.0,0.0,0.0,0.0,0.0,2
9744,20,13175,0.0,0.0,0.0,0.0,0.0,0.0,2
9745,20,13174,0.0,0.0,0.0,0.0,0.0,0.0,2
9746,20,13173,0.0,0.0,0.0,0.0,0.0,0.0,2
9747,20,13172,0.0,0.0,0.0,0.0,0.0,0.0,2
9748,20,13171,0.0,0.0,0.0,0.0,0.0,0.0,2
9749,20,13170,0.0,0.0,0.0,0.0,0.0,0.0,2
9750,20,13338,0.0,0.0,0.0,0.0,0.0,0.0,2
9751,20,13353,0.0,0.0,0.0,0.0,0.0,0.0,2
9752,20,13352,0.0,0.0,0.0,0.0,0.0,0.0,2
9753,20,13351,0.0,0.0,0.0,0.0,0.0,0.0,2
9754,20,13350,0.0,0.0,0.0,0.0,0.0,0.0,2
9755,20,13349,0.0,0.0,0.0,0.0,0.0,0.0,2
9756,20,13348,0.0,0.0,0.0,0.0,0.0,0.0,2
9757,20,13347,0.0,0.0,0.0,0.0,0.0,0.0,2
9758,20,13346,0.0,0.0,0.0,0.0,0.0,0.0,2
9759,20,13345,0.0,0.0,0.0,0.0,0.0,0.0,2
9760,20,13344,0.0,0.0,0.0,0.0,0.0,0.0,2
9761,20,13343,0.0,0.0,0.0,0.0,0.0,0.0,2
9762,20,13342,0.0,0.0,0.0,0.0,0.0,0.0,2
9763,20,13341,0.0,0.0,0.0,0.0,0.0,0.0,2
9764,20,13340,0.0,0.0,0.0,0.0,0.0,0.0,2
9765,20,13339,0.0,0.0,0.0,0.0,0.0,0.0,2
9766,20,13354,0.0,0.0,0.0,0.0,0.0,0.0,2
9767,20,13337,0.0,0.0,0.0,0.0,0.0,0.0,2
9768,20,13336,0.0,0.0,0.0,0.0,0.0,0.0,2
9769,20,13335,0.0,0.0,0.0,0.0,0.0,0.0,2
9770,20,13334,0.0,0.0,0.0,0.0,0.0,0.0,2
9771,20,13333,0.0,0.0,0.0,0.0,0.0,0.0,2
9772,20,13332,0.0,0.0,0.0,0.0,0.0,0.0,2
9773,20,13331,0.0,0.0,0.0,0.0,0.0,0.0,2
9774,20,13330,0.0,0.0,0.0,0.0,0.0,0.0,2
9775,20,13329,0.0,0.0,0.0,0.0,0.0,0.0,2
9776,20,13328,0.0,0.0,0.0,0.0,0.0,0.0,2
9777,20,13327,0.0,0.0,0.0,0.0,0.0,0.0,2
9778,20,13326,0.0,0.0,0.0,0.0,0.0,0.0,2
9779,20,13325,0.0,0.0,0.0,0.0,0.0,0.0,2
9780,20,13324,0.0,0.0,0.0,0.0,0.0,0.0,2
9781,20,13370,0.0,0.0,0.0,0.0,0.0,0.0,2
9782,20,13384,0.0,0.0,0.0,0.0,0.0,0.0,2
9783,20,13383,0.0,0.0,0.0,0.0,0.0,0.0,2
9784,20,13382,0.0,0.0,0.0,0.0,0.0,0.0,2
9785,20,13381,0.0,0.0,0.0,0.0,0.0,0.0,2
9786,20,13380,0.0,0.0,0.0,0.0,0.0,0.0,2
9787,20,13379,0.0,0.0,0.0,0.0,0.0,0.0,2
9788,20,13378,0.0,0.0,0.0,0.0,0.0,0.0,2
9789,20,13377,0.0,0.0,0.0,0.0,0.0,0.0,2
9790,20,13376,0.0,0.0,0.0,0.0,0.0,0.0,2
9791,20,13375,0.0,0.0,0.0,0.0,0.0,0.0,2
9792,20,13374,0.0,0.0,0.0,0.0,0.0,0.0,2
9793,20,13373,0.0,0.0,0.0,0.0,0.0,0.0,2
9794,20,13372,0.0,0.0,0.0,0.0,0.0,0.0,2
9795,20,13371,0.0,0.0,0.0,0.0,0.0,0.0,2
9796,20,13323,0.0,0.0,0.0,0.0,0.0,0.0,2
9797,20,13369,0.0,0.0,0.0,0.0,0.0,0.0,2
9798,20,13368,0.0,0.0,0.0,0.0,0.0,0.0,2
9799,20,13367,0.0,0.0,0.0,0.0,0.0,0.0,2
9800,20,13366,0.0,0.0,0.0,0.0,0.0,0.0,2
9801,20,13365,0.0,0.0,0.0,0.0,0.0,0.0,2
9802,20,13364,0.0,0.0,0.0,0.0,0.0,0.0,2
9803,20,13363,0.0,0.0,0.0,0.0,0.0,0.0,2
9804,20,13362,0.0,0.0,0.0,0.0,0.0,0.0,2
9805,20,13361,0.0,0.0,0.0,0.0,0.0,0.0,2
9806,20,13360,0.0,0.0,0.0,0.0,0.0,0.0,2
9807,20,13359,0.0,0.0,0.0,0.0,0.0,0.0,2
9808,20,13357,0.0,0.0,0.0,0.0,0.0,0.0,2
9809,20,13356,0.0,0.0,0.0,0.0,0.0,0.0,2
9810,20,13355,0.0,0.0,0.0,0.0,0.0,0.0,2
9811,20,13277,0.0,0.0,0.0,0.0,0.0,0.0,2
9812,20,13292,0.0,0.0,0.0,0.0,0.0,0.0,2
9813,20,13291,0.0,0.0,0.0,0.0,0.0,0.0,2
9814,20,13290,0.0,0.0,0.0,0.0,0.0,0.0,2
9815,20,13289,0.0,0.0,0.0,0.0,0.0,0.0,2
9816,20,13288,0.0,0.0,0.0,0.0,0.0,0.0,2
9817,20,13287,0.0,0.0,0.0,0.0,0.0,0.0,2
9818,20,13286,0.0,0.0,0.0,0.0,0.0,0.0,2
9819,20,13285,0.0,0.0,0.0,0.0,0.0,0.0,2
9820,20,13284,0.0,0.0,0.0,0.0,0.0,0.0,2
9821,20,13283,0.0,0.0,0.0,0.0,0.0,0.0,2
9822,20,13282,0.0,0.0,0.0,0.0,0.0,0.0,2
9823,20,13281,0.0,0.0,0.0,0.0,0.0,0.0,2
9824,20,13280,0.0,0.0,0.0,0.0,0.0,0.0,2
9825,20,13279,0.0,0.0,0.0,0.0,0.0,0.0,2
9826,20,13278,0.0,0.0,0.0,0.0,0.0,0.0,2
9827,20,13293,0.0,0.0,0.0,0.0,0.0,0.0,2
9828,20,13276,0.0,0.0,0.0,0.0,0.0,0.0,2
9829,20,13275,0.0,0.0,0.0,0.0,0.0,0.0,2
9830,20,13274,0.0,0.0,0.0,0.0,0.0,0.0,2
9831,20,13273,0.0,0.0,0.0,0.0,0.0,0.0,2
9832,20,13272,0.0,0.0,0.0,0.0,0.0,0.0,2
9833,20,13271,0.0,0.0,0.0,0.0,0.0,0.0,2
9834,20,13270,0.0,0.0,0.0,0.0,0.0,0.0,2
9835,20,13269,0.0,0.0,0.0,0.0,0.0,0.0,2
9836,20,13268,0.0,0.0,0.0,0.0,0.0,0.0,2
9837,20,13267,0.0,0.0,0.0,0.0,0.0,0.0,2
9838,20,13266,0.0,0.0,0.0,0.0,0.0,0.0,2
9839,20,13265,0.0,0.0,0.0,0.0,0.0,0.0,2
9840,20,13264,0.0,0.0,0.0,0.0,0.0,0.0,2
9841,20,13262,0.0,0.0,0.0,0.0,0.0,0.0,2
9842,20,13308,0.0,0.0,0.0,0.0,0.0,0.0,2
9843,20,13322,0.0,0.0,0.0,0.0,0.0,0.0,2
9844,20,13321,0.0,0.0,0.0,0.0,0.0,0.0,2
9845,20,13320,0.0,0.0,0.0,0.0,0.0,0.0,2
9846,20,13319,0.0,0.0,0.0,0.0,0.0,0.0,2
9847,20,13318,0.0,0.0,0.0,0.0,0.0,0.0,2
9848,20,13317,0.0,0.0,0.0,0.0,0.0,0.0,2
9849,20,13316,0.0,0.0,0.0,0.0,0.0,0.0,2
9850,20,13315,0.0,0.0,0.0,0.0,0.0,0.0,2
9851,20,13314,0.0,0.0,0.0,0.0,0.0,0.0,2
9852,20,13313,0.0,0.0,0.0,0.0,0.0,0.0,2
9853,20,13312,0.0,0.0,0.0,0.0,0.0,0.0,2
9854,20,13311,0.0,0.0,0.0,0.0,0.0,0.0,2
9855,20,13310,0.0,0.0,0.0,0.0,0.0,0.0,2
9856,20,13309,0.0,0.0,0.0,0.0,0.0,0.0,2
9857,20,13138,0.0,0.0,0.0,0.0,0.0,0.0,2
9858,20,13307,0.0,0.0,0.0,0.0,0.0,0.0,2
9859,20,13306,0.0,0.0,0.0,0.0,0.0,0.0,2
9860,20,13305,0.0,0.0,0.0,0.0,0.0,0.0,2
9861,20,13304,0.0,0.0,0.0,0.0,0.0,0.0,2
9862,20,13303,0.0,0.0,0.0,0.0,0.0,0.0,2
9863,20,13302,0.0,0.0,0.0,0.0,0.0,0.0,2
9864,20,13301,0.0,0.0,0.0,0.0,0.0,0.0,2
9865,20,13300,0.0,0.0,0.0,0.0,0.0,0.0,2
9866,20,13299,0.0,0.0,0.0,0.0,0.0,0.0,2
9867,20,13298,0.0,0.0,0.0,0.0,0.0,0.0,2
9868,20,13297,0.0,0.0,0.0,0.0,0.0,0.0,2
9869,20,13296,0.0,0.0,0.0,0.0,0.0,0.0,2
9870,20,13295,0.0,0.0,0.0,0.0,0.0,0.0,2
9871,20,13294,0.0,0.0,0.0,0.0,0.0,0.0,2
9872,20,12967,0.0,0.0,0.0,0.0,0.0,0.0,2
9873,20,12982,0.0,0.0,0.0,0.0,0.0,0.0,2
9874,20,12981,0.0,0.0,0.0,0.0,0.0,0.0,2
9875,20,12980,0.0,0.0,0.0,0.0,0.0,0.0,2
9876,20,12979,0.0,0.0,0.0,0.0,0.0,0.0,2
9877,20,12978,0.0,0.0,0.0,0.0,0.0,0.0,2
9878,20,12977,0.0,0.0,0.0,0.0,0.0,0.0,2
9879,20,12976,0.0,0.0,0.0,0.0,0.0,0.0,2
9880,20,12975,0.0,0.0,0.0,0.0,0.0,0.0,2
9881,20,12974,0.0,0.0,0.0,0.0,0.0,0.0,2
9882,20,12973,0.0,0.0,0.0,0.0,0.0,0.0,2
9883,20,12972,0.0,0.0,0.0,0.0,0.0,0.0,2
9884,20,12971,0.0,0.0,0.0,0.0,0.0,0.0,2
9885,20,12970,0.0,0.0,0.0,0.0,0.0,0.0,2
9886,20,12969,0.0,0.0,0.0,0.0,0.0,0.0,2
9887,20,12968,0.0,0.0,0.0,0.0,0.0,0.0,2
9888,20,12983,0.0,0.0,0.0,0.0,0.0,0.0,2
9889,20,12966,0.0,0.0,0.0,0.0,0.0,0.0,2
9890,20,12965,0.0,0.0,0.0,0.0,0.0,0.0,2
9891,20,12964,0.0,0.0,0.0,0.0,0.0,0.0,2
9892,20,12962,0.0,0.0,0.0,0.0,0.0,0.0,2
9893,20,12961,0.0,0.0,0.0,0.0,0.0,0.0,2
9894,20,12960,0.0,0.0,0.0,0.0,0.0,0.0,2
9895,20,12959,0.0,0.0,0.0,0.0,0.0,0.0,2
9896,20,12958,0.0,0.0,0.0,0.0,0.0,0.0,2
9897,20,12957,0.0,0.0,0.0,0.0,0.0,0.0,2
9898,20,12956,0.0,0.0,0.0,0.0,0.0,0.0,2
9899,20,12955,0.0,0.0,0.0,0.0,0.0,0.0,2
9900,20,12954,0.0,0.0,0.0,0.0,0.0,0.0,2
9901,20,12953,0.0,0.0,0.0,0.0,0.0,0.0,2
9902,20,12952,0.0,0.0,0.0,0.0,0.0,0.0,2
9903,20,12998,0.0,0.0,0.0,0.0,0.0,0.0,2
9904,20,13013,0.0,0.0,0.0,0.0,0.0,0.0,2
9905,20,13012,0.0,0.0,0.0,0.0,0.0,0.0,2
9906,20,13011,0.0,0.0,0.0,0.0,0.0,0.0,2
9907,20,13010,0.0,0.0,0.0,0.0,0.0,0.0,2
9908,20,13009,0.0,0.0,0.0,0.0,0.0,0.0,2
9909,20,13008,0.0,0.0,0.0,0.0,0.0,0.0,2
9910,20,13007,0.0,0.0,0.0,0.0,0.0,0.0,2
9911,20,13006,0.0,0.0,0.0,0.0,0.0,0.0,2
9912,20,13005,0.0,0.0,0.0,0.0,0.0,0.0,2
9913,20,13004,0.0,0.0,0.0,0.0,0.0,0.0,2
9914,20,13003,0.0,0.0,0.0,0.0,0.0,0.0,2
9915,20,13002,0.0,0.0,0.0,0.0,0.0,0.0,2
9916,20,13001,0.0,0.0,0.0,0.0,0.0,0.0,2
9917,20,13000,0.0,0.0,0.0,0.0,0.0,0.0,2
9918,20,12999,0.0,0.0,0.0,0.0,0.0,0.0,2
9919,20,12951,0.0,0.0,0.0,0.0,0.0,0.0,2
9920,20,12997,0.0,0.0,0.0,0.0,0.0,0.0,2
9921,20,12996,0.0,0.0,0.0,0.0,0.0,0.0,2
9922,20,12995,0.0,0.0,0.0,0.0,0.0,0.0,2
9923,20,12994,0.0,0.0,0.0,0.0,0.0,0.0,2
9924,20,12993,0.0,0.0,0.0,0.0,0.0,0.0,2
9925,20,12992,0.0,0.0,0.0,0.0,0.0,0.0,2
9926,20,12991,0.0,0.0,0.0,0.0,0.0,0.0,2
9927,20,12990,0.0,0.0,0.0,0.0,0.0,0.0,2
9928,20,12989,0.0,0.0,0.0,0.0,0.0,0.0,2
9929,20,12988,0.0,0.0,0.0,0.0,0.0,0.0,2
9930,20,12987,0.0,0.0,0.0,0.0,0.0,0.0,2
9931,20,12986,0.0,0.0,0.0,0.0,0.0,0.0,2
9932,20,12985,0.0,0.0,0.0,0.0,0.0,0.0,2
9933,20,12984,0.0,0.0,0.0,0.0,0.0,0.0,2
9934,20,12905,0.0,0.0,0.0,0.0,0.0,0.0,2
9935,20,12920,0.0,0.0,0.0,0.0,0.0,0.0,2
9936,20,12919,0.0,0.0,0.0,0.0,0.0,0.0,2
9937,20,12918,0.0,0.0,0.0,0.0,0.0,0.0,2
9938,20,12917,0.0,0.0,0.0,0.0,0.0,0.0,2
9939,20,12916,0.0,0.0,0.0,0.0,0.0,0.0,2
9940,20,12915,0.0,0.0,0.0,0.0,0.0,0.0,2
9941,20,12914,0.0,0.0,0.0,0.0,0.0,0.0,2
9942,20,12913,0.0,0.0,0.0,0.0,0.0,0.0,2
9943,20,12912,0.0,0.0,0.0,0.0,0.0,0.0,2
9944,20,12911,0.0,0.0,0.0,0.0,0.0,0.0,2
9945,20,12910,0.0,0.0,0.0,0.0,0.0,0.0,2
9946,20,12909,0.0,0.0,0.0,0.0,0.0,0.0,2
9947,20,12908,0.0,0.0,0.0,0.0,0.0,0.0,2
9948,20,12907,0.0,0.0,0.0,0.0,0.0,0.0,2
9949,20,12906,0.0,0.0,0.0,0.0,0.0,0.0,2
9950,20,12921,0.0,0.0,0.0,0.0,0.0,0.0,2
9951,20,12904,0.0,0.0,0.0,0.0,0.0,0.0,2
9952,20,12903,0.0,0.0,0.0,0.0,0.0,0.0,2
9953,20,12902,0.0,0.0,0.0,0.0,0.0,0.0,2
9954,20,12901,0.0,0.0,0.0,0.0,0.0,0.0,2
9955,20,12900,0.0,0.0,0.0,0.0,0.0,0.0,2
9956,20,12899,0.0,0.0,0.0,0.0,0.0,0.0,2
9957,20,12898,0.0,0.0,0.0,0.0,0.0,0.0,2
9958,20,12897,0.0,0.0,0.0,0.0,0.0,0.0,2
9959,20,12896,0.0,0.0,0.0,0.0,0.0,0.0,2
9960,20,12895,0.0,0.0,0.0,0.0,0.0,0.0,2
9961,20,12894,0.0,0.0,0.0,0.0,0.0,0.0,2
9962,20,12893,0.0,0.0,0.0,0.0,0.0,0.0,2
9963,20,12892,0.0,0.0,0.0,0.0,0.0,0.0,2
9964,20,12891,0.0,0.0,0.0,0.0,0.0,0.0,2
9965,20,12936,0.0,0.0,0.0,0.0,0.0,0.0,2
9966,20,12950,0.0,0.0,0.0,0.0,0.0,0.0,2
9967,20,12949,0.0,0.0,0.0,0.0,0.0,0.0,2
9968,20,12948,0.0,0.0,0.0,0.0,0.0,0.0,2
9969,20,12947,0.0,0.0,0.0,0.0,0.0,0.0,2
9970,20,12946,0.0,0.0,0.0,0.0,0.0,0.0,2
9971,20,12945,0.0,0.0,0.0,0.0,0.0,0.0,2
9972,20,12944,0.0,0.0,0.0,0.0,0.0,0.0,2
9973,20,12943,0.0,0.0,0.0,0.0,0.0,0.0,2
9974,20,12942,0.0,0.0,0.0,0.0,0.0,0.0,2
9975,20,12941,0.0,0.0,0.0,0.0,0.0,0.0,2
9976,20,12940,0.0,0.0,0.0,0.0,0.0,0.0,2
9977,20,12939,0.0,0.0,0.0,0.0,0.0,0.0,2
9978,20,12938,0.0,0.0,0.0,0.0,0.0,0.0,2
9979,20,12937,0.0,0.0,0.0,0.0,0.0,0.0,2
9980,20,13014,0.0,0.0,0.0,0.0,0.0,0.0,2
9981,20,12935,0.0,0.0,0.0,0.0,0.0,0.0,2
9982,20,12934,0.0,0.0,0.0,0.0,0.0,0.0,2
9983,20,12933,0.0,0.0,0.0,0.0,0.0,0.0,2
9984,20,12932,0.0,0.0,0.0,0.0,0.0,0.0,2
9985,20,12931,0.0,0.0,0.0,0.0,0.0,0.0,2
9986,20,12930,0.0,0.0,0.0,0.0,0.0,0.0,2
9987,20,12929,0.0,0.0,0.0,0.0,0.0,0.0,2
9988,20,12928,0.0,0.0,0.0,0.0,0.0,0.0,2
9989,20,12927,0.0,0.0,0.0,0.0,0.0,0.0,2
9990,20,12926,0.0,0.0,0.0,0.0,0.0,0.0,2
9991,20,12925,0.0,0.0,0.0,0.0,0.0,0.0,2
9992,20,12924,0.0,0.0,0.0,0.0,0.0,0.0,2
9993,20,12923,0.0,0.0,0.0,0.0,0.0,0.0,2
9994,20,12922,0.0,0.0,0.0,0.0,0.0,0.0,2
9995,20,13092,0.0,0.0,0.0,0.0,0.0,0.0,2
9996,20,13107,0.0,0.0,0.0,0.0,0.0,0.0,2
9997,20,13106,0.0,0.0,0.0,0.0,0.0,0.0,2
9998,20,13105,0.0,0.0,0.0,0.0,0.0,0.0,2
9999,20,13104,0.0,0.0,0.0,0.0,0.0,0.0,2
10000,20,13103,0.0,0.0,0.0,0.0,0.0,0.0,2
10001,20,13102,0.0,0.0,0.0,0.0,0.0,0.0,2
10002,20,13101,0.0,0.0,0.0,0.0,0.0,0.0,2
10003,20,13100,0.0,0.0,0.0,0.0,0.0,0.0,2
10004,20,13099,0.0,0.0,0.0,0.0,0.0,0.0,2
10005,20,13098,0.0,0.0,0.0,0.0,0.0,0.0,2
10006,20,13097,0.0,0.0,0.0,0.0,0.0,0.0,2
10007,20,13096,0.0,0.0,0.0,0.0,0.0,0.0,2
10008,20,13095,0.0,0.0,0.0,0.0,0.0,0.0,2
10009,20,13094,0.0,0.0,0.0,0.0,0.0,0.0,2
10010,20,13093,0.0,0.0,0.0,0.0,0.0,0.0,2
10011,20,13108,0.0,0.0,0.0,0.0,0.0,0.0,2
10012,20,13091,0.0,0.0,0.0,0.0,0.0,0.0,2
10013,20,13090,0.0,0.0,0.0,0.0,0.0,0.0,2
10014,20,13089,0.0,0.0,0.0,0.0,0.0,0.0,2
10015,20,13088,0.0,0.0,0.0,0.0,0.0,0.0,2
10016,20,13087,0.0,0.0,0.0,0.0,0.0,0.0,2
10017,20,13086,0.0,0.0,0.0,0.0,0.0,0.0,2
10018,20,13085,0.0,0.0,0.0,0.0,0.0,0.0,2
10019,20,13084,0.0,0.0,0.0,0.0,0.0,0.0,2
10020,20,13083,0.0,0.0,0.0,0.0,0.0,0.0,2
10021,20,13082,0.0,0.0,0.0,0.0,0.0,0.0,2
10022,20,13081,0.0,0.0,0.0,0.0,0.0,0.0,2
10023,20,13080,0.0,0.0,0.0,0.0,0.0,0.0,2
10024,20,13079,0.0,0.0,0.0,0.0,0.0,0.0,2
10025,20,13078,0.0,0.0,0.0,0.0,0.0,0.0,2
10026,20,13123,0.0,0.0,0.0,0.0,0.0,0.0,2
10027,20,13137,0.0,0.0,0.0,0.0,0.0,0.0,2
10028,20,13136,0.0,0.0,0.0,0.0,0.0,0.0,2
10029,20,13135,0.0,0.0,0.0,0.0,0.0,0.0,2
10030,20,13134,0.0,0.0,0.0,0.0,0.0,0.0,2
10031,20,13133,0.0,0.0,0.0,0.0,0.0,0.0,2
10032,20,13132,0.0,0.0,0.0,0.0,0.0,0.0,2
10033,20,13131,0.0,0.0,0.0,0.0,0.0,0.0,2
10034,20,13130,0.0,0.0,0.0,0.0,0.0,0.0,2
10035,20,13129,0.0,0.0,0.0,0.0,0.0,0.0,2
10036,20,13128,0.0,0.0,0.0,0.0,0.0,0.0,2
10037,20,13127,0.0,0.0,0.0,0.0,0.0,0.0,2
10038,20,13126,0.0,0.0,0.0,0.0,0.0,0.0,2
10039,20,13125,0.0,0.0,0.0,0.0,0.0,0.0,2
10040,20,13124,0.0,0.0,0.0,0.0,0.0,0.0,2
10041,20,13077,0.0,0.0,0.0,0.0,0.0,0.0,2
10042,20,13122,0.0,0.0,0.0,0.0,0.0,0.0,2
10043,20,13121,0.0,0.0,0.0,0.0,0.0,0.0,2
10044,20,13120,0.0,0.0,0.0,0.0,0.0,0.0,2
10045,20,13119,0.0,0.0,0.0,0.0,0.0,0.0,2
10046,20,13118,0.0,0.0,0.0,0.0,0.0,0.0,2
10047,20,13117,0.0,0.0,0.0,0.0,0.0,0.0,2
10048,20,13116,0.0,0.0,0.0,0.0,0.0,0.0,2
10049,20,13115,0.0,0.0,0.0,0.0,0.0,0.0,2
10050,20,13114,0.0,0.0,0.0,0.0,0.0,0.0,2
10051,20,13113,0.0,0.0,0.0,0.0,0.0,0.0,2
10052,20,13112,0.0,0.0,0.0,0.0,0.0,0.0,2
10053,20,13111,0.0,0.0,0.0,0.0,0.0,0.0,2
10054,20,13110,0.0,0.0,0.0,0.0,0.0,0.0,2
10055,20,13109,0.0,0.0,0.0,0.0,0.0,0.0,2
10056,20,13029,0.0,0.0,0.0,0.0,0.0,0.0,2
10057,20,13045,0.0,0.0,0.0,0.0,0.0,0.0,2
10058,20,13044,0.0,0.0,0.0,0.0,0.0,0.0,2
10059,20,13042,0.0,0.0,0.0,0.0,0.0,0.0,2
10060,20,13041,0.0,0.0,0.0,0.0,0.0,0.0,2
10061,20,13040,0.0,0.0,0.0,0.0,0.0,0.0,2
10062,20,13039,0.0,0.0,0.0,0.0,0.0,0.0,2
10063,20,13038,0.0,0.0,0.0,0.0,0.0,0.0,2
10064,20,13037,0.0,0.0,0.0,0.0,0.0,0.0,2
10065,20,13036,0.0,0.0,0.0,0.0,0.0,0.0,2
10066,20,13035,0.0,0.0,0.0,0.0,0.0,0.0,2
10067,20,13034,0.0,0.0,0.0,0.0,0.0,0.0,2
10068,20,13033,0.0,0.0,0.0,0.0,0.0,0.0,2
10069,20,13032,0.0,0.0,0.0,0.0,0.0,0.0,2
10070,20,13031,0.0,0.0,0.0,0.0,0.0,0.0,2
10071,20,13030,0.0,0.0,0.0,0.0,0.0,0.0,2
10072,20,13046,0.0,0.0,0.0,0.0,0.0,0.0,2
10073,20,13028,0.0,0.0,0.0,0.0,0.0,0.0,2
10074,20,13027,0.0,0.0,0.0,0.0,0.0,0.0,2
10075,20,13026,0.0,0.0,0.0,0.0,0.0,0.0,2
10076,20,13025,0.0,0.0,0.0,0.0,0.0,0.0,2
10077,20,13024,0.0,0.0,0.0,0.0,0.0,0.0,2
10078,20,13023,0.0,0.0,0.0,0.0,0.0,0.0,2
10079,20,13022,0.0,0.0,0.0,0.0,0.0,0.0,2
10080,20,13021,0.0,0.0,0.0,0.0,0.0,0.0,2
10081,20,13020,0.0,0.0,0.0,0.0,0.0,0.0,2
10082,20,13019,0.0,0.0,0.0,0.0,0.0,0.0,2
10083,20,13018,0.0,0.0,0.0,0.0,0.0,0.0,2
10084,20,13017,0.0,0.0,0.0,0.0,0.0,0.0,2
10085,20,13016,0.0,0.0,0.0,0.0,0.0,0.0,2
10086,20,13015,0.0,0.0,0.0,0.0,0.0,0.0,2
10087,20,13062,0.0,0.0,0.0,0.0,0.0,0.0,2
10088,20,13076,0.0,0.0,0.0,0.0,0.0,0.0,2
10089,20,13075,0.0,0.0,0.0,0.0,0.0,0.0,2
10090,20,13074,0.0,0.0,0.0,0.0,0.0,0.0,2
10091,20,13073,0.0,0.0,0.0,0.0,0.0,0.0,2
10092,20,13072,0.0,0.0,0.0,0.0,0.0,0.0,2
10093,20,13071,0.0,0.0,0.0,0.0,0.0,0.0,2
10094,20,13070,0.0,0.0,0.0,0.0,0.0,0.0,2
10095,20,13069,0.0,0.0,0.0,0.0,0.0,0.0,2
10096,20,13068,0.0,0.0,0.0,0.0,0.0,0.0,2
10097,20,13067,0.0,0.0,0.0,0.0,0.0,0.0,2
10098,20,13066,0.0,0.0,0.0,0.0,0.0,0.0,2
10099,20,13065,0.0,0.0,0.0,0.0,0.0,0.0,2
10100,20,13064,0.0,0.0,0.0,0.0,0.0,0.0,2
10101,20,13063,0.0,0.0,0.0,0.0,0.0,0.0,2
10102,20,14389,0.0,0.0,0.0,0.0,0.0,0.0,2
10103,20,13061,0.0,0.0,0.0,0.0,0.0,0.0,2
10104,20,13059,0.0,0.0,0.0,0.0,0.0,0.0,2
10105,20,13058,0.0,0.0,0.0,0.0,0.0,0.0,2
10106,20,13057,0.0,0.0,0.0,0.0,0.0,0.0,2
10107,20,13056,0.0,0.0,0.0,0.0,0.0,0.0,2
10108,20,13055,0.0,0.0,0.0,0.0,0.0,0.0,2
10109,20,13054,0.0,0.0,0.0,0.0,0.0,0.0,2
10110,20,13053,0.0,0.0,0.0,0.0,0.0,0.0,2
10111,20,13052,0.0,0.0,0.0,0.0,0.0,0.0,2
10112,20,13051,0.0,0.0,0.0,0.0,0.0,0.0,2
10113,20,13050,0.0,0.0,0.0,0.0,0.0,0.0,2
10114,20,13049,0.0,0.0,0.0,0.0,0.0,0.0,2
10115,20,13048,0.0,0.0,0.0,0.0,0.0,0.0,2
10116,20,13047,0.0,0.0,0.0,0.0,0.0,0.0,2
10117,20,15714,0.0,0.0,0.0,0.0,0.0,0.0,2
10118,20,15729,0.0,0.0,0.0,0.0,0.0,0.0,2
10119,20,15728,0.0,0.0,0.0,0.0,0.0,0.0,2
10120,20,15727,0.0,0.0,0.0,0.0,0.0,0.0,2
10121,20,15726,0.0,0.0,0.0,0.0,0.0,0.0,2
10122,20,15725,0.0,0.0,0.0,0.0,0.0,0.0,2
10123,20,15724,0.0,0.0,0.0,0.0,0.0,0.0,2
10124,20,15723,0.0,0.0,0.0,0.0,0.0,0.0,2
10125,20,15722,0.0,0.0,0.0,0.0,0.0,0.0,2
10126,20,15721,0.0,0.0,0.0,0.0,0.0,0.0,2
10127,20,15720,0.0,0.0,0.0,0.0,0.0,0.0,2
10128,20,15719,0.0,0.0,0.0,0.0,0.0,0.0,2
10129,20,15718,0.0,0.0,0.0,0.0,0.0,0.0,2
10130,20,15717,0.0,0.0,0.0,0.0,0.0,0.0,2
10131,20,15716,0.0,0.0,0.0,0.0,0.0,0.0,2
10132,20,15715,0.0,0.0,0.0,0.0,0.0,0.0,2
10133,20,15730,0.0,0.0,0.0,0.0,0.0,0.0,2
10134,20,15713,0.0,0.0,0.0,0.0,0.0,0.0,2
10135,20,15712,0.0,0.0,0.0,0.0,0.0,0.0,2
10136,20,15711,0.0,0.0,0.0,0.0,0.0,0.0,2
10137,20,15710,0.0,0.0,0.0,0.0,0.0,0.0,2
10138,20,15709,0.0,0.0,0.0,0.0,0.0,0.0,2
10139,20,15708,0.0,0.0,0.0,0.0,0.0,0.0,2
10140,20,15707,0.0,0.0,0.0,0.0,0.0,0.0,2
10141,20,15706,0.0,0.0,0.0,0.0,0.0,0.0,2
10142,20,15705,0.0,0.0,0.0,0.0,0.0,0.0,2
10143,20,15704,0.0,0.0,0.0,0.0,0.0,0.0,2
10144,20,15703,0.0,0.0,0.0,0.0,0.0,0.0,2
10145,20,15702,0.0,0.0,0.0,0.0,0.0,0.0,2
10146,20,15701,0.0,0.0,0.0,0.0,0.0,0.0,2
10147,20,15700,0.0,0.0,0.0,0.0,0.0,0.0,2
10148,20,15745,0.0,0.0,0.0,0.0,0.0,0.0,2
10149,20,15760,0.0,0.0,0.0,0.0,0.0,0.0,2
10150,20,15759,0.0,0.0,0.0,0.0,0.0,0.0,2
10151,20,15758,0.0,0.0,0.0,0.0,0.0,0.0,2
10152,20,15757,0.0,0.0,0.0,0.0,0.0,0.0,2
10153,20,15756,0.0,0.0,0.0,0.0,0.0,0.0,2
10154,20,15755,0.0,0.0,0.0,0.0,0.0,0.0,2
10155,20,15754,0.0,0.0,0.0,0.0,0.0,0.0,2
10156,20,15753,0.0,0.0,0.0,0.0,0.0,0.0,2
10157,20,15752,0.0,0.0,0.0,0.0,0.0,0.0,2
10158,20,15751,0.0,0.0,0.0,0.0,0.0,0.0,2
10159,20,15750,0.0,0.0,0.0,0.0,0.0,0.0,2
10160,20,15749,0.0,0.0,0.0,0.0,0.0,0.0,2
10161,20,15748,0.0,0.0,0.0,0.0,0.0,0.0,2
10162,20,15747,0.0,0.0,0.0,0.0,0.0,0.0,2
10163,20,15746,0.0,0.0,0.0,0.0,0.0,0.0,2
10164,20,15699,0.0,0.0,0.0,0.0,0.0,0.0,2
10165,20,15744,0.0,0.0,0.0,0.0,0.0,0.0,2
10166,20,15743,0.0,0.0,0.0,0.0,0.0,0.0,2
10167,20,15742,0.0,0.0,0.0,0.0,0.0,0.0,2
10168,20,15741,0.0,0.0,0.0,0.0,0.0,0.0,2
10169,20,15740,0.0,0.0,0.0,0.0,0.0,0.0,2
10170,20,15739,0.0,0.0,0.0,0.0,0.0,0.0,2
10171,20,15738,0.0,0.0,0.0,0.0,0.0,0.0,2
10172,20,15737,0.0,0.0,0.0,0.0,0.0,0.0,2
10173,20,15736,0.0,0.0,0.0,0.0,0.0,0.0,2
10174,20,15735,0.0,0.0,0.0,0.0,0.0,0.0,2
10175,20,15734,0.0,0.0,0.0,0.0,0.0,0.0,2
10176,20,15733,0.0,0.0,0.0,0.0,0.0,0.0,2
10177,20,15732,0.0,0.0,0.0,0.0,0.0,0.0,2
10178,20,15731,0.0,0.0,0.0,0.0,0.0,0.0,2
10179,20,15652,0.0,0.0,0.0,0.0,0.0,0.0,2
10180,20,15667,0.0,0.0,0.0,0.0,0.0,0.0,2
10181,20,15666,0.0,0.0,0.0,0.0,0.0,0.0,2
10182,20,15665,0.0,0.0,0.0,0.0,0.0,0.0,2
10183,20,15664,0.0,0.0,0.0,0.0,0.0,0.0,2
10184,20,15663,0.0,0.0,0.0,0.0,0.0,0.0,2
10185,20,15662,0.0,0.0,0.0,0.0,0.0,0.0,2
10186,20,15661,0.0,0.0,0.0,0.0,0.0,0.0,2
10187,20,15660,0.0,0.0,0.0,0.0,0.0,0.0,2
10188,20,15659,0.0,0.0,0.0,0.0,0.0,0.0,2
10189,20,15658,0.0,0.0,0.0,0.0,0.0,0.0,2
10190,20,15657,0.0,0.0,0.0,0.0,0.0,0.0,2
10191,20,15656,0.0,0.0,0.0,0.0,0.0,0.0,2
10192,20,15655,0.0,0.0,0.0,0.0,0.0,0.0,2
10193,20,15654,0.0,0.0,0.0,0.0,0.0,0.0,2
10194,20,15653,0.0,0.0,0.0,0.0,0.0,0.0,2
10195,20,15668,0.0,0.0,0.0,0.0,0.0,0.0,2
10196,20,15651,0.0,0.0,0.0,0.0,0.0,0.0,2
10197,20,15650,0.0,0.0,0.0,0.0,0.0,0.0,2
10198,20,15649,0.0,0.0,0.0,0.0,0.0,0.0,2
10199,20,15648,0.0,0.0,0.0,0.0,0.0,0.0,2
10200,20,15647,0.0,0.0,0.0,0.0,0.0,0.0,2
10201,20,15646,0.0,0.0,0.0,0.0,0.0,0.0,2
10202,20,15645,0.0,0.0,0.0,0.0,0.0,0.0,2
10203,20,15644,0.0,0.0,0.0,0.0,0.0,0.0,2
10204,20,15643,0.0,0.0,0.0,0.0,0.0,0.0,2
10205,20,15642,0.0,0.0,0.0,0.0,0.0,0.0,2
10206,20,15641,0.0,0.0,0.0,0.0,0.0,0.0,2
10207,20,15640,0.0,0.0,0.0,0.0,0.0,0.0,2
10208,20,15639,0.0,0.0,0.0,0.0,0.0,0.0,2
10209,20,15638,0.0,0.0,0.0,0.0,0.0,0.0,2
10210,20,15683,0.0,0.0,0.0,0.0,0.0,0.0,2
10211,20,15698,0.0,0.0,0.0,0.0,0.0,0.0,2
10212,20,15697,0.0,0.0,0.0,0.0,0.0,0.0,2
10213,20,15696,0.0,0.0,0.0,0.0,0.0,0.0,2
10214,20,15695,0.0,0.0,0.0,0.0,0.0,0.0,2
10215,20,15694,0.0,0.0,0.0,0.0,0.0,0.0,2
10216,20,15693,0.0,0.0,0.0,0.0,0.0,0.0,2
10217,20,15692,0.0,0.0,0.0,0.0,0.0,0.0,2
10218,20,15691,0.0,0.0,0.0,0.0,0.0,0.0,2
10219,20,15690,0.0,0.0,0.0,0.0,0.0,0.0,2
10220,20,15689,0.0,0.0,0.0,0.0,0.0,0.0,2
10221,20,15688,0.0,0.0,0.0,0.0,0.0,0.0,2
10222,20,15687,0.0,0.0,0.0,0.0,0.0,0.0,2
10223,20,15686,0.0,0.0,0.0,0.0,0.0,0.0,2
10224,20,15684,0.0,0.0,0.0,0.0,0.0,0.0,2
10225,20,15761,0.0,0.0,0.0,0.0,0.0,0.0,2
10226,20,15682,0.0,0.0,0.0,0.0,0.0,0.0,2
10227,20,15681,0.0,0.0,0.0,0.0,0.0,0.0,2
10228,20,15680,0.0,0.0,0.0,0.0,0.0,0.0,2
10229,20,15679,0.0,0.0,0.0,0.0,0.0,0.0,2
10230,20,15678,0.0,0.0,0.0,0.0,0.0,0.0,2
10231,20,15677,0.0,0.0,0.0,0.0,0.0,0.0,2
10232,20,15676,0.0,0.0,0.0,0.0,0.0,0.0,2
10233,20,15675,0.0,0.0,0.0,0.0,0.0,0.0,2
10234,20,15674,0.0,0.0,0.0,0.0,0.0,0.0,2
10235,20,15673,0.0,0.0,0.0,0.0,0.0,0.0,2
10236,20,15672,0.0,0.0,0.0,0.0,0.0,0.0,2
10237,20,15671,0.0,0.0,0.0,0.0,0.0,0.0,2
10238,20,15670,0.0,0.0,0.0,0.0,0.0,0.0,2
10239,20,15669,0.0,0.0,0.0,0.0,0.0,0.0,2
10240,20,15842,0.0,0.0,0.0,0.0,0.0,0.0,2
10241,20,15857,0.0,0.0,0.0,0.0,0.0,0.0,2
10242,20,15856,0.0,0.0,0.0,0.0,0.0,0.0,2
10243,20,15855,0.0,0.0,0.0,0.0,0.0,0.0,2
10244,20,15854,0.0,0.0,0.0,0.0,0.0,0.0,2
10245,20,15853,0.0,0.0,0.0,0.0,0.0,0.0,2
10246,20,15852,0.0,0.0,0.0,0.0,0.0,0.0,2
10247,20,15851,0.0,0.0,0.0,0.0,0.0,0.0,2
10248,20,15850,0.0,0.0,0.0,0.0,0.0,0.0,2
10249,20,15849,0.0,0.0,0.0,0.0,0.0,0.0,2
10250,20,15848,0.0,0.0,0.0,0.0,0.0,0.0,2
10251,20,15847,0.0,0.0,0.0,0.0,0.0,0.0,2
10252,20,15846,0.0,0.0,0.0,0.0,0.0,0.0,2
10253,20,15845,0.0,0.0,0.0,0.0,0.0,0.0,2
10254,20,15844,0.0,0.0,0.0,0.0,0.0,0.0,2
10255,20,15843,0.0,0.0,0.0,0.0,0.0,0.0,2
10256,20,15858,0.0,0.0,0.0,0.0,0.0,0.0,2
10257,20,15841,0.0,0.0,0.0,0.0,0.0,0.0,2
10258,20,15840,0.0,0.0,0.0,0.0,0.0,0.0,2
10259,20,15839,0.0,0.0,0.0,0.0,0.0,0.0,2
10260,20,15838,0.0,0.0,0.0,0.0,0.0,0.0,2
10261,20,15837,0.0,0.0,0.0,0.0,0.0,0.0,2
10262,20,15836,0.0,0.0,0.0,0.0,0.0,0.0,2
10263,20,15835,0.0,0.0,0.0,0.0,0.0,0.0,2
10264,20,15834,0.0,0.0,0.0,0.0,0.0,0.0,2
10265,20,15833,0.0,0.0,0.0,0.0,0.0,0.0,2
10266,20,15831,0.0,0.0,0.0,0.0,0.0,0.0,2
10267,20,15830,0.0,0.0,0.0,0.0,0.0,0.0,2
10268,20,15828,0.0,0.0,0.0,0.0,0.0,0.0,2
10269,20,15827,0.0,0.0,0.0,0.0,0.0,0.0,2
10270,20,15826,0.0,0.0,0.0,0.0,0.0,0.0,2
10271,20,15874,0.0,0.0,0.0,0.0,0.0,0.0,2
10272,20,15889,0.0,0.0,0.0,0.0,0.0,0.0,2
10273,20,15888,0.0,0.0,0.0,0.0,0.0,0.0,2
10274,20,15887,0.0,0.0,0.0,0.0,0.0,0.0,2
10275,20,15886,0.0,0.0,0.0,0.0,0.0,0.0,2
10276,20,15885,0.0,0.0,0.0,0.0,0.0,0.0,2
10277,20,15884,0.0,0.0,0.0,0.0,0.0,0.0,2
10278,20,15883,0.0,0.0,0.0,0.0,0.0,0.0,2
10279,20,15882,0.0,0.0,0.0,0.0,0.0,0.0,2
10280,20,15881,0.0,0.0,0.0,0.0,0.0,0.0,2
10281,20,15880,0.0,0.0,0.0,0.0,0.0,0.0,2
10282,20,15879,0.0,0.0,0.0,0.0,0.0,0.0,2
10283,20,15878,0.0,0.0,0.0,0.0,0.0,0.0,2
10284,20,15877,0.0,0.0,0.0,0.0,0.0,0.0,2
10285,20,15876,0.0,0.0,0.0,0.0,0.0,0.0,2
10286,20,15875,0.0,0.0,0.0,0.0,0.0,0.0,2
10287,20,15825,0.0,0.0,0.0,0.0,0.0,0.0,2
10288,20,15873,0.0,0.0,0.0,0.0,0.0,0.0,2
10289,20,15872,0.0,0.0,0.0,0.0,0.0,0.0,2
10290,20,15871,0.0,0.0,0.0,0.0,0.0,0.0,2
10291,20,15870,0.0,0.0,0.0,0.0,0.0,0.0,2
10292,20,15869,0.0,0.0,0.0,0.0,0.0,0.0,2
10293,20,15868,0.0,0.0,0.0,0.0,0.0,0.0,2
10294,20,15867,0.0,0.0,0.0,0.0,0.0,0.0,2
10295,20,15866,0.0,0.0,0.0,0.0,0.0,0.0,2
10296,20,15865,0.0,0.0,0.0,0.0,0.0,0.0,2
10297,20,15864,0.0,0.0,0.0,0.0,0.0,0.0,2
10298,20,15863,0.0,0.0,0.0,0.0,0.0,0.0,2
10299,20,15862,0.0,0.0,0.0,0.0,0.0,0.0,2
10300,20,15860,0.0,0.0,0.0,0.0,0.0,0.0,2
10301,20,15859,0.0,0.0,0.0,0.0,0.0,0.0,2
10302,20,15778,0.0,0.0,0.0,0.0,0.0,0.0,2
10303,20,15794,0.0,0.0,0.0,0.0,0.0,0.0,2
10304,20,15793,0.0,0.0,0.0,0.0,0.0,0.0,2
10305,20,15792,0.0,0.0,0.0,0.0,0.0,0.0,2
10306,20,15791,0.0,0.0,0.0,0.0,0.0,0.0,2
10307,20,15789,0.0,0.0,0.0,0.0,0.0,0.0,2
10308,20,15788,0.0,0.0,0.0,0.0,0.0,0.0,2
10309,20,15787,0.0,0.0,0.0,0.0,0.0,0.0,2
10310,20,15786,0.0,0.0,0.0,0.0,0.0,0.0,2
10311,20,15785,0.0,0.0,0.0,0.0,0.0,0.0,2
10312,20,15784,0.0,0.0,0.0,0.0,0.0,0.0,2
10313,20,15783,0.0,0.0,0.0,0.0,0.0,0.0,2
10314,20,15782,0.0,0.0,0.0,0.0,0.0,0.0,2
10315,20,15781,0.0,0.0,0.0,0.0,0.0,0.0,2
10316,20,15780,0.0,0.0,0.0,0.0,0.0,0.0,2
10317,20,15779,0.0,0.0,0.0,0.0,0.0,0.0,2
10318,20,15795,0.0,0.0,0.0,0.0,0.0,0.0,2
10319,20,15777,0.0,0.0,0.0,0.0,0.0,0.0,2
10320,20,15776,0.0,0.0,0.0,0.0,0.0,0.0,2
10321,20,15775,0.0,0.0,0.0,0.0,0.0,0.0,2
10322,20,15774,0.0,0.0,0.0,0.0,0.0,0.0,2
10323,20,15772,0.0,0.0,0.0,0.0,0.0,0.0,2
10324,20,15771,0.0,0.0,0.0,0.0,0.0,0.0,2
10325,20,15770,0.0,0.0,0.0,0.0,0.0,0.0,2
10326,20,15768,0.0,0.0,0.0,0.0,0.0,0.0,2
10327,20,15767,0.0,0.0,0.0,0.0,0.0,0.0,2
10328,20,15766,0.0,0.0,0.0,0.0,0.0,0.0,2
10329,20,15765,0.0,0.0,0.0,0.0,0.0,0.0,2
10330,20,15764,0.0,0.0,0.0,0.0,0.0,0.0,2
10331,20,15763,0.0,0.0,0.0,0.0,0.0,0.0,2
10332,20,15762,0.0,0.0,0.0,0.0,0.0,0.0,2
10333,20,15810,0.0,0.0,0.0,0.0,0.0,0.0,2
10334,20,15824,0.0,0.0,0.0,0.0,0.0,0.0,2
10335,20,15823,0.0,0.0,0.0,0.0,0.0,0.0,2
10336,20,15822,0.0,0.0,0.0,0.0,0.0,0.0,2
10337,20,15821,0.0,0.0,0.0,0.0,0.0,0.0,2
10338,20,15820,0.0,0.0,0.0,0.0,0.0,0.0,2
10339,20,15819,0.0,0.0,0.0,0.0,0.0,0.0,2
10340,20,15818,0.0,0.0,0.0,0.0,0.0,0.0,2
10341,20,15817,0.0,0.0,0.0,0.0,0.0,0.0,2
10342,20,15816,0.0,0.0,0.0,0.0,0.0,0.0,2
10343,20,15815,0.0,0.0,0.0,0.0,0.0,0.0,2
10344,20,15814,0.0,0.0,0.0,0.0,0.0,0.0,2
10345,20,15813,0.0,0.0,0.0,0.0,0.0,0.0,2
10346,20,15812,0.0,0.0,0.0,0.0,0.0,0.0,2
10347,20,15811,0.0,0.0,0.0,0.0,0.0,0.0,2
10348,20,15637,0.0,0.0,0.0,0.0,0.0,0.0,2
10349,20,15809,0.0,0.0,0.0,0.0,0.0,0.0,2
10350,20,15808,0.0,0.0,0.0,0.0,0.0,0.0,2
10351,20,15807,0.0,0.0,0.0,0.0,0.0,0.0,2
10352,20,15806,0.0,0.0,0.0,0.0,0.0,0.0,2
10353,20,15805,0.0,0.0,0.0,0.0,0.0,0.0,2
10354,20,15804,0.0,0.0,0.0,0.0,0.0,0.0,2
10355,20,15803,0.0,0.0,0.0,0.0,0.0,0.0,2
10356,20,15802,0.0,0.0,0.0,0.0,0.0,0.0,2
10357,20,15801,0.0,0.0,0.0,0.0,0.0,0.0,2
10358,20,15800,0.0,0.0,0.0,0.0,0.0,0.0,2
10359,20,15799,0.0,0.0,0.0,0.0,0.0,0.0,2
10360,20,15798,0.0,0.0,0.0,0.0,0.0,0.0,2
10361,20,15797,0.0,0.0,0.0,0.0,0.0,0.0,2
10362,20,15796,0.0,0.0,0.0,0.0,0.0,0.0,2
10363,20,15466,0.0,0.0,0.0,0.0,0.0,0.0,2
10364,20,15482,0.0,0.0,0.0,0.0,0.0,0.0,2
10365,20,15481,0.0,0.0,0.0,0.0,0.0,0.0,2
10366,20,15480,0.0,0.0,0.0,0.0,0.0,0.0,2
10367,20,15478,0.0,0.0,0.0,0.0,0.0,0.0,2
10368,20,15477,0.0,0.0,0.0,0.0,0.0,0.0,2
10369,20,15476,0.0,0.0,0.0,0.0,0.0,0.0,2
10370,20,15475,0.0,0.0,0.0,0.0,0.0,0.0,2
10371,20,15474,0.0,0.0,0.0,0.0,0.0,0.0,2
10372,20,15473,0.0,0.0,0.0,0.0,0.0,0.0,2
10373,20,15472,0.0,0.0,0.0,0.0,0.0,0.0,2
10374,20,15471,0.0,0.0,0.0,0.0,0.0,0.0,2
10375,20,15470,0.0,0.0,0.0,0.0,0.0,0.0,2
10376,20,15469,0.0,0.0,0.0,0.0,0.0,0.0,2
10377,20,15468,0.0,0.0,0.0,0.0,0.0,0.0,2
10378,20,15467,0.0,0.0,0.0,0.0,0.0,0.0,2
10379,20,15483,0.0,0.0,0.0,0.0,0.0,0.0,2
10380,20,15465,0.0,0.0,0.0,0.0,0.0,0.0,2
10381,20,15464,0.0,0.0,0.0,0.0,0.0,0.0,2
10382,20,15463,0.0,0.0,0.0,0.0,0.0,0.0,2
10383,20,15462,0.0,0.0,0.0,0.0,0.0,0.0,2
10384,20,15461,0.0,0.0,0.0,0.0,0.0,0.0,2
10385,20,15460,0.0,0.0,0.0,0.0,0.0,0.0,2
10386,20,15459,0.0,0.0,0.0,0.0,0.0,0.0,2
10387,20,15458,0.0,0.0,0.0,0.0,0.0,0.0,2
10388,20,15457,0.0,0.0,0.0,0.0,0.0,0.0,2
10389,20,15456,0.0,0.0,0.0,0.0,0.0,0.0,2
10390,20,15455,0.0,0.0,0.0,0.0,0.0,0.0,2
10391,20,15454,0.0,0.0,0.0,0.0,0.0,0.0,2
10392,20,15453,0.0,0.0,0.0,0.0,0.0,0.0,2
10393,20,15452,0.0,0.0,0.0,0.0,0.0,0.0,2
10394,20,15499,0.0,0.0,0.0,0.0,0.0,0.0,2
10395,20,15514,0.0,0.0,0.0,0.0,0.0,0.0,2
10396,20,15513,0.0,0.0,0.0,0.0,0.0,0.0,2
10397,20,15512,0.0,0.0,0.0,0.0,0.0,0.0,2
10398,20,15511,0.0,0.0,0.0,0.0,0.0,0.0,2
10399,20,15510,0.0,0.0,0.0,0.0,0.0,0.0,2
10400,20,15509,0.0,0.0,0.0,0.0,0.0,0.0,2
10401,20,15508,0.0,0.0,0.0,0.0,0.0,0.0,2
10402,20,15507,0.0,0.0,0.0,0.0,0.0,0.0,2
10403,20,15506,0.0,0.0,0.0,0.0,0.0,0.0,2
10404,20,15505,0.0,0.0,0.0,0.0,0.0,0.0,2
10405,20,15504,0.0,0.0,0.0,0.0,0.0,0.0,2
10406,20,15503,0.0,0.0,0.0,0.0,0.0,0.0,2
10407,20,15502,0.0,0.0,0.0,0.0,0.0,0.0,2
10408,20,15501,0.0,0.0,0.0,0.0,0.0,0.0,2
10409,20,15500,0.0,0.0,0.0,0.0,0.0,0.0,2
10410,20,15451,0.0,0.0,0.0,0.0,0.0,0.0,2
10411,20,15498,0.0,0.0,0.0,0.0,0.0,0.0,2
10412,20,15497,0.0,0.0,0.0,0.0,0.0,0.0,2
10413,20,15496,0.0,0.0,0.0,0.0,0.0,0.0,2
10414,20,15495,0.0,0.0,0.0,0.0,0.0,0.0,2
10415,20,15494,0.0,0.0,0.0,0.0,0.0,0.0,2
10416,20,15493,0.0,0.0,0.0,0.0,0.0,0.0,2
10417,20,15492,0.0,0.0,0.0,0.0,0.0,0.0,2
10418,20,15491,0.0,0.0,0.0,0.0,0.0,0.0,2
10419,20,15490,0.0,0.0,0.0,0.0,0.0,0.0,2
10420,20,15489,0.0,0.0,0.0,0.0,0.0,0.0,2
10421,20,15488,0.0,0.0,0.0,0.0,0.0,0.0,2
10422,20,15486,0.0,0.0,0.0,0.0,0.0,0.0,2
10423,20,15485,0.0,0.0,0.0,0.0,0.0,0.0,2
10424,20,15484,0.0,0.0,0.0,0.0,0.0,0.0,2
10425,20,15403,0.0,0.0,0.0,0.0,0.0,0.0,2
10426,20,15418,0.0,0.0,0.0,0.0,0.0,0.0,2
10427,20,15417,0.0,0.0,0.0,0.0,0.0,0.0,2
10428,20,15416,0.0,0.0,0.0,0.0,0.0,0.0,2
10429,20,15415,0.0,0.0,0.0,0.0,0.0,0.0,2
10430,20,15414,0.0,0.0,0.0,0.0,0.0,0.0,2
10431,20,15413,0.0,0.0,0.0,0.0,0.0,0.0,2
10432,20,15412,0.0,0.0,0.0,0.0,0.0,0.0,2
10433,20,15411,0.0,0.0,0.0,0.0,0.0,0.0,2
10434,20,15410,0.0,0.0,0.0,0.0,0.0,0.0,2
10435,20,15409,0.0,0.0,0.0,0.0,0.0,0.0,2
10436,20,15408,0.0,0.0,0.0,0.0,0.0,0.0,2
10437,20,15407,0.0,0.0,0.0,0.0,0.0,0.0,2
10438,20,15406,0.0,0.0,0.0,0.0,0.0,0.0,2
10439,20,15405,0.0,0.0,0.0,0.0,0.0,0.0,2
10440,20,15404,0.0,0.0,0.0,0.0,0.0,0.0,2
10441,20,15419,0.0,0.0,0.0,0.0,0.0,0.0,2
10442,20,15402,0.0,0.0,0.0,0.0,0.0,0.0,2
10443,20,15401,0.0,0.0,0.0,0.0,0.0,0.0,2
10444,20,15400,0.0,0.0,0.0,0.0,0.0,0.0,2
10445,20,15399,0.0,0.0,0.0,0.0,0.0,0.0,2
10446,20,15398,0.0,0.0,0.0,0.0,0.0,0.0,2
10447,20,15397,0.0,0.0,0.0,0.0,0.0,0.0,2
10448,20,15396,0.0,0.0,0.0,0.0,0.0,0.0,2
10449,20,15395,0.0,0.0,0.0,0.0,0.0,0.0,2
10450,20,15394,0.0,0.0,0.0,0.0,0.0,0.0,2
10451,20,15393,0.0,0.0,0.0,0.0,0.0,0.0,2
10452,20,15392,0.0,0.0,0.0,0.0,0.0,0.0,2
10453,20,15391,0.0,0.0,0.0,0.0,0.0,0.0,2
10454,20,15390,0.0,0.0,0.0,0.0,0.0,0.0,2
10455,20,15389,0.0,0.0,0.0,0.0,0.0,0.0,2
10456,20,15435,0.0,0.0,0.0,0.0,0.0,0.0,2
10457,20,15449,0.0,0.0,0.0,0.0,0.0,0.0,2
10458,20,15448,0.0,0.0,0.0,0.0,0.0,0.0,2
10459,20,15447,0.0,0.0,0.0,0.0,0.0,0.0,2
10460,20,15446,0.0,0.0,0.0,0.0,0.0,0.0,2
10461,20,15445,0.0,0.0,0.0,0.0,0.0,0.0,2
10462,20,15444,0.0,0.0,0.0,0.0,0.0,0.0,2
10463,20,15443,0.0,0.0,0.0,0.0,0.0,0.0,2
10464,20,15442,0.0,0.0,0.0,0.0,0.0,0.0,2
10465,20,15441,0.0,0.0,0.0,0.0,0.0,0.0,2
10466,20,15440,0.0,0.0,0.0,0.0,0.0,0.0,2
10467,20,15439,0.0,0.0,0.0,0.0,0.0,0.0,2
10468,20,15438,0.0,0.0,0.0,0.0,0.0,0.0,2
10469,20,15437,0.0,0.0,0.0,0.0,0.0,0.0,2
10470,20,15436,0.0,0.0,0.0,0.0,0.0,0.0,2
10471,20,15515,0.0,0.0,0.0,0.0,0.0,0.0,2
10472,20,15434,0.0,0.0,0.0,0.0,0.0,0.0,2
10473,20,15433,0.0,0.0,0.0,0.0,0.0,0.0,2
10474,20,15432,0.0,0.0,0.0,0.0,0.0,0.0,2
10475,20,15431,0.0,0.0,0.0,0.0,0.0,0.0,2
10476,20,15430,0.0,0.0,0.0,0.0,0.0,0.0,2
10477,20,15429,0.0,0.0,0.0,0.0,0.0,0.0,2
10478,20,15428,0.0,0.0,0.0,0.0,0.0,0.0,2
10479,20,15427,0.0,0.0,0.0,0.0,0.0,0.0,2
10480,20,15426,0.0,0.0,0.0,0.0,0.0,0.0,2
10481,20,15425,0.0,0.0,0.0,0.0,0.0,0.0,2
10482,20,15424,0.0,0.0,0.0,0.0,0.0,0.0,2
10483,20,15423,0.0,0.0,0.0,0.0,0.0,0.0,2
10484,20,15422,0.0,0.0,0.0,0.0,0.0,0.0,2
10485,20,15420,0.0,0.0,0.0,0.0,0.0,0.0,2
10486,20,15591,0.0,0.0,0.0,0.0,0.0,0.0,2
10487,20,15606,0.0,0.0,0.0,0.0,0.0,0.0,2
10488,20,15605,0.0,0.0,0.0,0.0,0.0,0.0,2
10489,20,15604,0.0,0.0,0.0,0.0,0.0,0.0,2
10490,20,15603,0.0,0.0,0.0,0.0,0.0,0.0,2
10491,20,15602,0.0,0.0,0.0,0.0,0.0,0.0,2
10492,20,15601,0.0,0.0,0.0,0.0,0.0,0.0,2
10493,20,15600,0.0,0.0,0.0,0.0,0.0,0.0,2
10494,20,15599,0.0,0.0,0.0,0.0,0.0,0.0,2
10495,20,15598,0.0,0.0,0.0,0.0,0.0,0.0,2
10496,20,15597,0.0,0.0,0.0,0.0,0.0,0.0,2
10497,20,15596,0.0,0.0,0.0,0.0,0.0,0.0,2
10498,20,15595,0.0,0.0,0.0,0.0,0.0,0.0,2
10499,20,15594,0.0,0.0,0.0,0.0,0.0,0.0,2
10500,20,15593,0.0,0.0,0.0,0.0,0.0,0.0,2
10501,20,15592,0.0,0.0,0.0,0.0,0.0,0.0,2
10502,20,15607,0.0,0.0,0.0,0.0,0.0,0.0,2
10503,20,15590,0.0,0.0,0.0,0.0,0.0,0.0,2
10504,20,15589,0.0,0.0,0.0,0.0,0.0,0.0,2
10505,20,15588,0.0,0.0,0.0,0.0,0.0,0.0,2
10506,20,15587,0.0,0.0,0.0,0.0,0.0,0.0,2
10507,20,15586,0.0,0.0,0.0,0.0,0.0,0.0,2
10508,20,15585,0.0,0.0,0.0,0.0,0.0,0.0,2
10509,20,15584,0.0,0.0,0.0,0.0,0.0,0.0,2
10510,20,15583,0.0,0.0,0.0,0.0,0.0,0.0,2
10511,20,15582,0.0,0.0,0.0,0.0,0.0,0.0,2
10512,20,15581,0.0,0.0,0.0,0.0,0.0,0.0,2
10513,20,15580,0.0,0.0,0.0,0.0,0.0,0.0,2
10514,20,15579,0.0,0.0,0.0,0.0,0.0,0.0,2
10515,20,15578,0.0,0.0,0.0,0.0,0.0,0.0,2
10516,20,15577,0.0,0.0,0.0,0.0,0.0,0.0,2
10517,20,15622,0.0,0.0,0.0,0.0,0.0,0.0,2
10518,20,15636,0.0,0.0,0.0,0.0,0.0,0.0,2
10519,20,15635,0.0,0.0,0.0,0.0,0.0,0.0,2
10520,20,15634,0.0,0.0,0.0,0.0,0.0,0.0,2
10521,20,15633,0.0,0.0,0.0,0.0,0.0,0.0,2
10522,20,15632,0.0,0.0,0.0,0.0,0.0,0.0,2
10523,20,15631,0.0,0.0,0.0,0.0,0.0,0.0,2
10524,20,15630,0.0,0.0,0.0,0.0,0.0,0.0,2
10525,20,15629,0.0,0.0,0.0,0.0,0.0,0.0,2
10526,20,15628,0.0,0.0,0.0,0.0,0.0,0.0,2
10527,20,15627,0.0,0.0,0.0,0.0,0.0,0.0,2
10528,20,15626,0.0,0.0,0.0,0.0,0.0,0.0,2
10529,20,15625,0.0,0.0,0.0,0.0,0.0,0.0,2
10530,20,15624,0.0,0.0,0.0,0.0,0.0,0.0,2
10531,20,15623,0.0,0.0,0.0,0.0,0.0,0.0,2
10532,20,15576,0.0,0.0,0.0,0.0,0.0,0.0,2
10533,20,15621,0.0,0.0,0.0,0.0,0.0,0.0,2
10534,20,15620,0.0,0.0,0.0,0.0,0.0,0.0,2
10535,20,15619,0.0,0.0,0.0,0.0,0.0,0.0,2
10536,20,15618,0.0,0.0,0.0,0.0,0.0,0.0,2
10537,20,15617,0.0,0.0,0.0,0.0,0.0,0.0,2
10538,20,15616,0.0,0.0,0.0,0.0,0.0,0.0,2
10539,20,15615,0.0,0.0,0.0,0.0,0.0,0.0,2
10540,20,15614,0.0,0.0,0.0,0.0,0.0,0.0,2
10541,20,15613,0.0,0.0,0.0,0.0,0.0,0.0,2
10542,20,15612,0.0,0.0,0.0,0.0,0.0,0.0,2
10543,20,15611,0.0,0.0,0.0,0.0,0.0,0.0,2
10544,20,15610,0.0,0.0,0.0,0.0,0.0,0.0,2
10545,20,15609,0.0,0.0,0.0,0.0,0.0,0.0,2
10546,20,15608,0.0,0.0,0.0,0.0,0.0,0.0,2
10547,20,15530,0.0,0.0,0.0,0.0,0.0,0.0,2
10548,20,15545,0.0,0.0,0.0,0.0,0.0,0.0,2
10549,20,15544,0.0,0.0,0.0,0.0,0.0,0.0,2
10550,20,15543,0.0,0.0,0.0,0.0,0.0,0.0,2
10551,20,15542,0.0,0.0,0.0,0.0,0.0,0.0,2
10552,20,15541,0.0,0.0,0.0,0.0,0.0,0.0,2
10553,20,15540,0.0,0.0,0.0,0.0,0.0,0.0,2
10554,20,15539,0.0,0.0,0.0,0.0,0.0,0.0,2
10555,20,15538,0.0,0.0,0.0,0.0,0.0,0.0,2
10556,20,15537,0.0,0.0,0.0,0.0,0.0,0.0,2
10557,20,15536,0.0,0.0,0.0,0.0,0.0,0.0,2
10558,20,15535,0.0,0.0,0.0,0.0,0.0,0.0,2
10559,20,15534,0.0,0.0,0.0,0.0,0.0,0.0,2
10560,20,15533,0.0,0.0,0.0,0.0,0.0,0.0,2
10561,20,15532,0.0,0.0,0.0,0.0,0.0,0.0,2
10562,20,15531,0.0,0.0,0.0,0.0,0.0,0.0,2
10563,20,15546,0.0,0.0,0.0,0.0,0.0,0.0,2
10564,20,15529,0.0,0.0,0.0,0.0,0.0,0.0,2
10565,20,15528,0.0,0.0,0.0,0.0,0.0,0.0,2
10566,20,15527,0.0,0.0,0.0,0.0,0.0,0.0,2
10567,20,15526,0.0,0.0,0.0,0.0,0.0,0.0,2
10568,20,15525,0.0,0.0,0.0,0.0,0.0,0.0,2
10569,20,15524,0.0,0.0,0.0,0.0,0.0,0.0,2
10570,20,15523,0.0,0.0,0.0,0.0,0.0,0.0,2
10571,20,15522,0.0,0.0,0.0,0.0,0.0,0.0,2
10572,20,15521,0.0,0.0,0.0,0.0,0.0,0.0,2
10573,20,15520,0.0,0.0,0.0,0.0,0.0,0.0,2
10574,20,15519,0.0,0.0,0.0,0.0,0.0,0.0,2
10575,20,15518,0.0,0.0,0.0,0.0,0.0,0.0,2
10576,20,15517,0.0,0.0,0.0,0.0,0.0,0.0,2
10577,20,15516,0.0,0.0,0.0,0.0,0.0,0.0,2
10578,20,15561,0.0,0.0,0.0,0.0,0.0,0.0,2
10579,20,15575,0.0,0.0,0.0,0.0,0.0,0.0,2
10580,20,15574,0.0,0.0,0.0,0.0,0.0,0.0,2
10581,20,15573,0.0,0.0,0.0,0.0,0.0,0.0,2
10582,20,15572,0.0,0.0,0.0,0.0,0.0,0.0,2
10583,20,15571,0.0,0.0,0.0,0.0,0.0,0.0,2
10584,20,15570,0.0,0.0,0.0,0.0,0.0,0.0,2
10585,20,15569,0.0,0.0,0.0,0.0,0.0,0.0,2
10586,20,15568,0.0,0.0,0.0,0.0,0.0,0.0,2
10587,20,15567,0.0,0.0,0.0,0.0,0.0,0.0,2
10588,20,15566,0.0,0.0,0.0,0.0,0.0,0.0,2
10589,20,15565,0.0,0.0,0.0,0.0,0.0,0.0,2
10590,20,15564,0.0,0.0,0.0,0.0,0.0,0.0,2
10591,20,15563,0.0,0.0,0.0,0.0,0.0,0.0,2
10592,20,15562,0.0,0.0,0.0,0.0,0.0,0.0,2
10593,20,15890,0.0,0.0,0.0,0.0,0.0,0.0,2
10594,20,15560,0.0,0.0,0.0,0.0,0.0,0.0,2
10595,20,15559,0.0,0.0,0.0,0.0,0.0,0.0,2
10596,20,15558,0.0,0.0,0.0,0.0,0.0,0.0,2
10597,20,15557,0.0,0.0,0.0,0.0,0.0,0.0,2
10598,20,15556,0.0,0.0,0.0,0.0,0.0,0.0,2
10599,20,15555,0.0,0.0,0.0,0.0,0.0,0.0,2
10600,20,15554,0.0,0.0,0.0,0.0,0.0,0.0,2
10601,20,15553,0.0,0.0,0.0,0.0,0.0,0.0,2
10602,20,15552,0.0,0.0,0.0,0.0,0.0,0.0,2
10603,20,15551,0.0,0.0,0.0,0.0,0.0,0.0,2
10604,20,15550,0.0,0.0,0.0,0.0,0.0,0.0,2
10605,20,15549,0.0,0.0,0.0,0.0,0.0,0.0,2
10606,20,15548,0.0,0.0,0.0,0.0,0.0,0.0,2
10607,20,15547,0.0,0.0,0.0,0.0,0.0,0.0,2
10608,20,16213,0.0,0.0,0.0,0.0,0.0,0.0,2
10609,20,16228,0.0,0.0,0.0,0.0,0.0,0.0,2
10610,20,16227,0.0,0.0,0.0,0.0,0.0,0.0,2
10611,20,16226,0.0,0.0,0.0,0.0,0.0,0.0,2
10612,20,16225,0.0,0.0,0.0,0.0,0.0,0.0,2
10613,20,16224,0.0,0.0,0.0,0.0,0.0,0.0,2
10614,20,16223,0.0,0.0,0.0,0.0,0.0,0.0,2
10615,20,16222,0.0,0.0,0.0,0.0,0.0,0.0,2
10616,20,16221,0.0,0.0,0.0,0.0,0.0,0.0,2
10617,20,16220,0.0,0.0,0.0,0.0,0.0,0.0,2
10618,20,16219,0.0,0.0,0.0,0.0,0.0,0.0,2
10619,20,16218,0.0,0.0,0.0,0.0,0.0,0.0,2
10620,20,16217,0.0,0.0,0.0,0.0,0.0,0.0,2
10621,20,16216,0.0,0.0,0.0,0.0,0.0,0.0,2
10622,20,16215,0.0,0.0,0.0,0.0,0.0,0.0,2
10623,20,16214,0.0,0.0,0.0,0.0,0.0,0.0,2
10624,20,16229,0.0,0.0,0.0,0.0,0.0,0.0,2
10625,20,16212,0.0,0.0,0.0,0.0,0.0,0.0,2
10626,20,16211,0.0,0.0,0.0,0.0,0.0,0.0,2
10627,20,16210,0.0,0.0,0.0,0.0,0.0,0.0,2
10628,20,16209,0.0,0.0,0.0,0.0,0.0,0.0,2
10629,20,16208,0.0,0.0,0.0,0.0,0.0,0.0,2
10630,20,16207,0.0,0.0,0.0,0.0,0.0,0.0,2
10631,20,16206,0.0,0.0,0.0,0.0,0.0,0.0,2
10632,20,16205,0.0,0.0,0.0,0.0,0.0,0.0,2
10633,20,16204,0.0,0.0,0.0,0.0,0.0,0.0,2
10634,20,16203,0.0,0.0,0.0,0.0,0.0,0.0,2
10635,20,16202,0.0,0.0,0.0,0.0,0.0,0.0,2
10636,20,16201,0.0,0.0,0.0,0.0,0.0,0.0,2
10637,20,16200,0.0,0.0,0.0,0.0,0.0,0.0,2
10638,20,16199,0.0,0.0,0.0,0.0,0.0,0.0,2
10639,20,16244,0.0,0.0,0.0,0.0,0.0,0.0,2
10640,20,16259,0.0,0.0,0.0,0.0,0.0,0.0,2
10641,20,16258,0.0,0.0,0.0,0.0,0.0,0.0,2
10642,20,16257,0.0,0.0,0.0,0.0,0.0,0.0,2
10643,20,16256,0.0,0.0,0.0,0.0,0.0,0.0,2
10644,20,16255,0.0,0.0,0.0,0.0,0.0,0.0,2
10645,20,16254,0.0,0.0,0.0,0.0,0.0,0.0,2
10646,20,16253,0.0,0.0,0.0,0.0,0.0,0.0,2
10647,20,16252,0.0,0.0,0.0,0.0,0.0,0.0,2
10648,20,16251,0.0,0.0,0.0,0.0,0.0,0.0,2
10649,20,16250,0.0,0.0,0.0,0.0,0.0,0.0,2
10650,20,16249,0.0,0.0,0.0,0.0,0.0,0.0,2
10651,20,16248,0.0,0.0,0.0,0.0,0.0,0.0,2
10652,20,16247,0.0,0.0,0.0,0.0,0.0,0.0,2
10653,20,16246,0.0,0.0,0.0,0.0,0.0,0.0,2
10654,20,16245,0.0,0.0,0.0,0.0,0.0,0.0,2
10655,20,16198,0.0,0.0,0.0,0.0,0.0,0.0,2
10656,20,16243,0.0,0.0,0.0,0.0,0.0,0.0,2
10657,20,16242,0.0,0.0,0.0,0.0,0.0,0.0,2
10658,20,16241,0.0,0.0,0.0,0.0,0.0,0.0,2
10659,20,16240,0.0,0.0,0.0,0.0,0.0,0.0,2
10660,20,16239,0.0,0.0,0.0,0.0,0.0,0.0,2
10661,20,16238,0.0,0.0,0.0,0.0,0.0,0.0,2
10662,20,16237,0.0,0.0,0.0,0.0,0.0,0.0,2
10663,20,16236,0.0,0.0,0.0,0.0,0.0,0.0,2
10664,20,16235,0.0,0.0,0.0,0.0,0.0,0.0,2
10665,20,16234,0.0,0.0,0.0,0.0,0.0,0.0,2
10666,20,16233,0.0,0.0,0.0,0.0,0.0,0.0,2
10667,20,16232,0.0,0.0,0.0,0.0,0.0,0.0,2
10668,20,16231,0.0,0.0,0.0,0.0,0.0,0.0,2
10669,20,16230,0.0,0.0,0.0,0.0,0.0,0.0,2
10670,20,16151,0.0,0.0,0.0,0.0,0.0,0.0,2
10671,20,16167,0.0,0.0,0.0,0.0,0.0,0.0,2
10672,20,16166,0.0,0.0,0.0,0.0,0.0,0.0,2
10673,20,16165,0.0,0.0,0.0,0.0,0.0,0.0,2
10674,20,16164,0.0,0.0,0.0,0.0,0.0,0.0,2
10675,20,16163,0.0,0.0,0.0,0.0,0.0,0.0,2
10676,20,16162,0.0,0.0,0.0,0.0,0.0,0.0,2
10677,20,16161,0.0,0.0,0.0,0.0,0.0,0.0,2
10678,20,16160,0.0,0.0,0.0,0.0,0.0,0.0,2
10679,20,16158,0.0,0.0,0.0,0.0,0.0,0.0,2
10680,20,16157,0.0,0.0,0.0,0.0,0.0,0.0,2
10681,20,16156,0.0,0.0,0.0,0.0,0.0,0.0,2
10682,20,16155,0.0,0.0,0.0,0.0,0.0,0.0,2
10683,20,16154,0.0,0.0,0.0,0.0,0.0,0.0,2
10684,20,16153,0.0,0.0,0.0,0.0,0.0,0.0,2
10685,20,16152,0.0,0.0,0.0,0.0,0.0,0.0,2
10686,20,16168,0.0,0.0,0.0,0.0,0.0,0.0,2
10687,20,16150,0.0,0.0,0.0,0.0,0.0,0.0,2
10688,20,16149,0.0,0.0,0.0,0.0,0.0,0.0,2
10689,20,16148,0.0,0.0,0.0,0.0,0.0,0.0,2
10690,20,16147,0.0,0.0,0.0,0.0,0.0,0.0,2
10691,20,16146,0.0,0.0,0.0,0.0,0.0,0.0,2
10692,20,16145,0.0,0.0,0.0,0.0,0.0,0.0,2
10693,20,16144,0.0,0.0,0.0,0.0,0.0,0.0,2
10694,20,16143,0.0,0.0,0.0,0.0,0.0,0.0,2
10695,20,16142,0.0,0.0,0.0,0.0,0.0,0.0,2
10696,20,16141,0.0,0.0,0.0,0.0,0.0,0.0,2
10697,20,16140,0.0,0.0,0.0,0.0,0.0,0.0,2
10698,20,16139,0.0,0.0,0.0,0.0,0.0,0.0,2
10699,20,16138,0.0,0.0,0.0,0.0,0.0,0.0,2
10700,20,16137,0.0,0.0,0.0,0.0,0.0,0.0,2
10701,20,16183,0.0,0.0,0.0,0.0,0.0,0.0,2
10702,20,16197,0.0,0.0,0.0,0.0,0.0,0.0,2
10703,20,16196,0.0,0.0,0.0,0.0,0.0,0.0,2
10704,20,16195,0.0,0.0,0.0,0.0,0.0,0.0,2
10705,20,16194,0.0,0.0,0.0,0.0,0.0,0.0,2
10706,20,16193,0.0,0.0,0.0,0.0,0.0,0.0,2
10707,20,16192,0.0,0.0,0.0,0.0,0.0,0.0,2
10708,20,16191,0.0,0.0,0.0,0.0,0.0,0.0,2
10709,20,16190,0.0,0.0,0.0,0.0,0.0,0.0,2
10710,20,16189,0.0,0.0,0.0,0.0,0.0,0.0,2
10711,20,16188,0.0,0.0,0.0,0.0,0.0,0.0,2
10712,20,16187,0.0,0.0,0.0,0.0,0.0,0.0,2
10713,20,16186,0.0,0.0,0.0,0.0,0.0,0.0,2
10714,20,16185,0.0,0.0,0.0,0.0,0.0,0.0,2
10715,20,16184,0.0,0.0,0.0,0.0,0.0,0.0,2
10716,20,16260,0.0,0.0,0.0,0.0,0.0,0.0,2
10717,20,16182,0.0,0.0,0.0,0.0,0.0,0.0,2
10718,20,16181,0.0,0.0,0.0,0.0,0.0,0.0,2
10719,20,16180,0.0,0.0,0.0,0.0,0.0,0.0,2
10720,20,16179,0.0,0.0,0.0,0.0,0.0,0.0,2
10721,20,16178,0.0,0.0,0.0,0.0,0.0,0.0,2
10722,20,16177,0.0,0.0,0.0,0.0,0.0,0.0,2
10723,20,16176,0.0,0.0,0.0,0.0,0.0,0.0,2
10724,20,16175,0.0,0.0,0.0,0.0,0.0,0.0,2
10725,20,16174,0.0,0.0,0.0,0.0,0.0,0.0,2
10726,20,16173,0.0,0.0,0.0,0.0,0.0,0.0,2
10727,20,16172,0.0,0.0,0.0,0.0,0.0,0.0,2
10728,20,16171,0.0,0.0,0.0,0.0,0.0,0.0,2
10729,20,16170,0.0,0.0,0.0,0.0,0.0,0.0,2
10730,20,16169,0.0,0.0,0.0,0.0,0.0,0.0,2
10731,20,16338,0.0,0.0,0.0,0.0,0.0,0.0,2
10732,20,16353,0.0,0.0,0.0,0.0,0.0,0.0,2
10733,20,16352,0.0,0.0,0.0,0.0,0.0,0.0,2
10734,20,16351,0.0,0.0,0.0,0.0,0.0,0.0,2
10735,20,16350,0.0,0.0,0.0,0.0,0.0,0.0,2
10736,20,16349,0.0,0.0,0.0,0.0,0.0,0.0,2
10737,20,16348,0.0,0.0,0.0,0.0,0.0,0.0,2
10738,20,16347,0.0,0.0,0.0,0.0,0.0,0.0,2
10739,20,16346,0.0,0.0,0.0,0.0,0.0,0.0,2
10740,20,16345,0.0,0.0,0.0,0.0,0.0,0.0,2
10741,20,16344,0.0,0.0,0.0,0.0,0.0,0.0,2
10742,20,16343,0.0,0.0,0.0,0.0,0.0,0.0,2
10743,20,16342,0.0,0.0,0.0,0.0,0.0,0.0,2
10744,20,16341,0.0,0.0,0.0,0.0,0.0,0.0,2
10745,20,16340,0.0,0.0,0.0,0.0,0.0,0.0,2
10746,20,16339,0.0,0.0,0.0,0.0,0.0,0.0,2
10747,20,16354,0.0,0.0,0.0,0.0,0.0,0.0,2
10748,20,16337,0.0,0.0,0.0,0.0,0.0,0.0,2
10749,20,16336,0.0,0.0,0.0,0.0,0.0,0.0,2
10750,20,16335,0.0,0.0,0.0,0.0,0.0,0.0,2
10751,20,16334,0.0,0.0,0.0,0.0,0.0,0.0,2
10752,20,16333,0.0,0.0,0.0,0.0,0.0,0.0,2
10753,20,16332,0.0,0.0,0.0,0.0,0.0,0.0,2
10754,20,16331,0.0,0.0,0.0,0.0,0.0,0.0,2
10755,20,16330,0.0,0.0,0.0,0.0,0.0,0.0,2
10756,20,16329,0.0,0.0,0.0,0.0,0.0,0.0,2
10757,20,16328,0.0,0.0,0.0,0.0,0.0,0.0,2
10758,20,16327,0.0,0.0,0.0,0.0,0.0,0.0,2
10759,20,16326,0.0,0.0,0.0,0.0,0.0,0.0,2
10760,20,16325,0.0,0.0,0.0,0.0,0.0,0.0,2
10761,20,16323,0.0,0.0,0.0,0.0,0.0,0.0,2
10762,20,16369,0.0,0.0,0.0,0.0,0.0,0.0,2
10763,20,16383,0.0,0.0,0.0,0.0,0.0,0.0,2
10764,20,16382,0.0,0.0,0.0,0.0,0.0,0.0,2
10765,20,16381,0.0,0.0,0.0,0.0,0.0,0.0,2
10766,20,16380,0.0,0.0,0.0,0.0,0.0,0.0,2
10767,20,16379,0.0,0.0,0.0,0.0,0.0,0.0,2
10768,20,16378,0.0,0.0,0.0,0.0,0.0,0.0,2
10769,20,16377,0.0,0.0,0.0,0.0,0.0,0.0,2
10770,20,16376,0.0,0.0,0.0,0.0,0.0,0.0,2
10771,20,16375,0.0,0.0,0.0,0.0,0.0,0.0,2
10772,20,16374,0.0,0.0,0.0,0.0,0.0,0.0,2
10773,20,16373,0.0,0.0,0.0,0.0,0.0,0.0,2
10774,20,16372,0.0,0.0,0.0,0.0,0.0,0.0,2
10775,20,16371,0.0,0.0,0.0,0.0,0.0,0.0,2
10776,20,16370,0.0,0.0,0.0,0.0,0.0,0.0,2
10777,20,16322,0.0,0.0,0.0,0.0,0.0,0.0,2
10778,20,16368,0.0,0.0,0.0,0.0,0.0,0.0,2
10779,20,16367,0.0,0.0,0.0,0.0,0.0,0.0,2
10780,20,16366,0.0,0.0,0.0,0.0,0.0,0.0,2
10781,20,16365,0.0,0.0,0.0,0.0,0.0,0.0,2
10782,20,16364,0.0,0.0,0.0,0.0,0.0,0.0,2
10783,20,16363,0.0,0.0,0.0,0.0,0.0,0.0,2
10784,20,16362,0.0,0.0,0.0,0.0,0.0,0.0,2
10785,20,16361,0.0,0.0,0.0,0.0,0.0,0.0,2
10786,20,16360,0.0,0.0,0.0,0.0,0.0,0.0,2
10787,20,16359,0.0,0.0,0.0,0.0,0.0,0.0,2
10788,20,16358,0.0,0.0,0.0,0.0,0.0,0.0,2
10789,20,16357,0.0,0.0,0.0,0.0,0.0,0.0,2
10790,20,16356,0.0,0.0,0.0,0.0,0.0,0.0,2
10791,20,16355,0.0,0.0,0.0,0.0,0.0,0.0,2
10792,20,16275,0.0,0.0,0.0,0.0,0.0,0.0,2
10793,20,16291,0.0,0.0,0.0,0.0,0.0,0.0,2
10794,20,16290,0.0,0.0,0.0,0.0,0.0,0.0,2
10795,20,16289,0.0,0.0,0.0,0.0,0.0,0.0,2
10796,20,16288,0.0,0.0,0.0,0.0,0.0,0.0,2
10797,20,16287,0.0,0.0,0.0,0.0,0.0,0.0,2
10798,20,16286,0.0,0.0,0.0,0.0,0.0,0.0,2
10799,20,16285,0.0,0.0,0.0,0.0,0.0,0.0,2
10800,20,16284,0.0,0.0,0.0,0.0,0.0,0.0,2
10801,20,16283,0.0,0.0,0.0,0.0,0.0,0.0,2
10802,20,16282,0.0,0.0,0.0,0.0,0.0,0.0,2
10803,20,16281,0.0,0.0,0.0,0.0,0.0,0.0,2
10804,20,16280,0.0,0.0,0.0,0.0,0.0,0.0,2
10805,20,16278,0.0,0.0,0.0,0.0,0.0,0.0,2
10806,20,16277,0.0,0.0,0.0,0.0,0.0,0.0,2
10807,20,16276,0.0,0.0,0.0,0.0,0.0,0.0,2
10808,20,16292,0.0,0.0,0.0,0.0,0.0,0.0,2
10809,20,16274,0.0,0.0,0.0,0.0,0.0,0.0,2
10810,20,16273,0.0,0.0,0.0,0.0,0.0,0.0,2
10811,20,16272,0.0,0.0,0.0,0.0,0.0,0.0,2
10812,20,16271,0.0,0.0,0.0,0.0,0.0,0.0,2
10813,20,16270,0.0,0.0,0.0,0.0,0.0,0.0,2
10814,20,16269,0.0,0.0,0.0,0.0,0.0,0.0,2
10815,20,16268,0.0,0.0,0.0,0.0,0.0,0.0,2
10816,20,16267,0.0,0.0,0.0,0.0,0.0,0.0,2
10817,20,16266,0.0,0.0,0.0,0.0,0.0,0.0,2
10818,20,16265,0.0,0.0,0.0,0.0,0.0,0.0,2
10819,20,16264,0.0,0.0,0.0,0.0,0.0,0.0,2
10820,20,16263,0.0,0.0,0.0,0.0,0.0,0.0,2
10821,20,16262,0.0,0.0,0.0,0.0,0.0,0.0,2
10822,20,16261,0.0,0.0,0.0,0.0,0.0,0.0,2
10823,20,16307,0.0,0.0,0.0,0.0,0.0,0.0,2
10824,20,16321,0.0,0.0,0.0,0.0,0.0,0.0,2
10825,20,16320,0.0,0.0,0.0,0.0,0.0,0.0,2
10826,20,16319,0.0,0.0,0.0,0.0,0.0,0.0,2
10827,20,16318,0.0,0.0,0.0,0.0,0.0,0.0,2
10828,20,16317,0.0,0.0,0.0,0.0,0.0,0.0,2
10829,20,16316,0.0,0.0,0.0,0.0,0.0,0.0,2
10830,20,16315,0.0,0.0,0.0,0.0,0.0,0.0,2
10831,20,16314,0.0,0.0,0.0,0.0,0.0,0.0,2
10832,20,16313,0.0,0.0,0.0,0.0,0.0,0.0,2
10833,20,16312,0.0,0.0,0.0,0.0,0.0,0.0,2
10834,20,16311,0.0,0.0,0.0,0.0,0.0,0.0,2
10835,20,16310,0.0,0.0,0.0,0.0,0.0,0.0,2
10836,20,16309,0.0,0.0,0.0,0.0,0.0,0.0,2
10837,20,16308,0.0,0.0,0.0,0.0,0.0,0.0,2
10838,20,16136,0.0,0.0,0.0,0.0,0.0,0.0,2
10839,20,16306,0.0,0.0,0.0,0.0,0.0,0.0,2
10840,20,16305,0.0,0.0,0.0,0.0,0.0,0.0,2
10841,20,16304,0.0,0.0,0.0,0.0,0.0,0.0,2
10842,20,16303,0.0,0.0,0.0,0.0,0.0,0.0,2
10843,20,16302,0.0,0.0,0.0,0.0,0.0,0.0,2
10844,20,16301,0.0,0.0,0.0,0.0,0.0,0.0,2
10845,20,16300,0.0,0.0,0.0,0.0,0.0,0.0,2
10846,20,16299,0.0,0.0,0.0,0.0,0.0,0.0,2
10847,20,16298,0.0,0.0,0.0,0.0,0.0,0.0,2
10848,20,16297,0.0,0.0,0.0,0.0,0.0,0.0,2
10849,20,16296,0.0,0.0,0.0,0.0,0.0,0.0,2
10850,20,16295,0.0,0.0,0.0,0.0,0.0,0.0,2
10851,20,16294,0.0,0.0,0.0,0.0,0.0,0.0,2
10852,20,16293,0.0,0.0,0.0,0.0,0.0,0.0,2
10853,20,15966,0.0,0.0,0.0,0.0,0.0,0.0,2
10854,20,15981,0.0,0.0,0.0,0.0,0.0,0.0,2
10855,20,15980,0.0,0.0,0.0,0.0,0.0,0.0,2
10856,20,15979,0.0,0.0,0.0,0.0,0.0,0.0,2
10857,20,15978,0.0,0.0,0.0,0.0,0.0,0.0,2
10858,20,15977,0.0,0.0,0.0,0.0,0.0,0.0,2
10859,20,15976,0.0,0.0,0.0,0.0,0.0,0.0,2
10860,20,15975,0.0,0.0,0.0,0.0,0.0,0.0,2
10861,20,15974,0.0,0.0,0.0,0.0,0.0,0.0,2
10862,20,15973,0.0,0.0,0.0,0.0,0.0,0.0,2
10863,20,15972,0.0,0.0,0.0,0.0,0.0,0.0,2
10864,20,15971,0.0,0.0,0.0,0.0,0.0,0.0,2
10865,20,15970,0.0,0.0,0.0,0.0,0.0,0.0,2
10866,20,15969,0.0,0.0,0.0,0.0,0.0,0.0,2
10867,20,15968,0.0,0.0,0.0,0.0,0.0,0.0,2
10868,20,15967,0.0,0.0,0.0,0.0,0.0,0.0,2
10869,20,15982,0.0,0.0,0.0,0.0,0.0,0.0,2
10870,20,15965,0.0,0.0,0.0,0.0,0.0,0.0,2
10871,20,15964,0.0,0.0,0.0,0.0,0.0,0.0,2
10872,20,15963,0.0,0.0,0.0,0.0,0.0,0.0,2
10873,20,15962,0.0,0.0,0.0,0.0,0.0,0.0,2
10874,20,15961,0.0,0.0,0.0,0.0,0.0,0.0,2
10875,20,15960,0.0,0.0,0.0,0.0,0.0,0.0,2
10876,20,15959,0.0,0.0,0.0,0.0,0.0,0.0,2
10877,20,15958,0.0,0.0,0.0,0.0,0.0,0.0,2
10878,20,15957,0.0,0.0,0.0,0.0,0.0,0.0,2
10879,20,15956,0.0,0.0,0.0,0.0,0.0,0.0,2
10880,20,15955,0.0,0.0,0.0,0.0,0.0,0.0,2
10881,20,15954,0.0,0.0,0.0,0.0,0.0,0.0,2
10882,20,15953,0.0,0.0,0.0,0.0,0.0,0.0,2
10883,20,15952,0.0,0.0,0.0,0.0,0.0,0.0,2
10884,20,15997,0.0,0.0,0.0,0.0,0.0,0.0,2
10885,20,16012,0.0,0.0,0.0,0.0,0.0,0.0,2
10886,20,16011,0.0,0.0,0.0,0.0,0.0,0.0,2
10887,20,16010,0.0,0.0,0.0,0.0,0.0,0.0,2
10888,20,16009,0.0,0.0,0.0,0.0,0.0,0.0,2
10889,20,16008,0.0,0.0,0.0,0.0,0.0,0.0,2
10890,20,16007,0.0,0.0,0.0,0.0,0.0,0.0,2
10891,20,16006,0.0,0.0,0.0,0.0,0.0,0.0,2
10892,20,16005,0.0,0.0,0.0,0.0,0.0,0.0,2
10893,20,16004,0.0,0.0,0.0,0.0,0.0,0.0,2
10894,20,16003,0.0,0.0,0.0,0.0,0.0,0.0,2
10895,20,16002,0.0,0.0,0.0,0.0,0.0,0.0,2
10896,20,16001,0.0,0.0,0.0,0.0,0.0,0.0,2
10897,20,16000,0.0,0.0,0.0,0.0,0.0,0.0,2
10898,20,15999,0.0,0.0,0.0,0.0,0.0,0.0,2
10899,20,15998,0.0,0.0,0.0,0.0,0.0,0.0,2
10900,20,15951,0.0,0.0,0.0,0.0,0.0,0.0,2
10901,20,15996,0.0,0.0,0.0,0.0,0.0,0.0,2
10902,20,15995,0.0,0.0,0.0,0.0,0.0,0.0,2
10903,20,15994,0.0,0.0,0.0,0.0,0.0,0.0,2
10904,20,15993,0.0,0.0,0.0,0.0,0.0,0.0,2
10905,20,15992,0.0,0.0,0.0,0.0,0.0,0.0,2
10906,20,15991,0.0,0.0,0.0,0.0,0.0,0.0,2
10907,20,15990,0.0,0.0,0.0,0.0,0.0,0.0,2
10908,20,15989,0.0,0.0,0.0,0.0,0.0,0.0,2
10909,20,15988,0.0,0.0,0.0,0.0,0.0,0.0,2
10910,20,15987,0.0,0.0,0.0,0.0,0.0,0.0,2
10911,20,15986,0.0,0.0,0.0,0.0,0.0,0.0,2
10912,20,15985,0.0,0.0,0.0,0.0,0.0,0.0,2
10913,20,15984,0.0,0.0,0.0,0.0,0.0,0.0,2
10914,20,15983,0.0,0.0,0.0,0.0,0.0,0.0,2
10915,20,15905,0.0,0.0,0.0,0.0,0.0,0.0,2
10916,20,15920,0.0,0.0,0.0,0.0,0.0,0.0,2
10917,20,15919,0.0,0.0,0.0,0.0,0.0,0.0,2
10918,20,15918,0.0,0.0,0.0,0.0,0.0,0.0,2
10919,20,15917,0.0,0.0,0.0,0.0,0.0,0.0,2
10920,20,15916,0.0,0.0,0.0,0.0,0.0,0.0,2
10921,20,15915,0.0,0.0,0.0,0.0,0.0,0.0,2
10922,20,15914,0.0,0.0,0.0,0.0,0.0,0.0,2
10923,20,15913,0.0,0.0,0.0,0.0,0.0,0.0,2
10924,20,15912,0.0,0.0,0.0,0.0,0.0,0.0,2
10925,20,15911,0.0,0.0,0.0,0.0,0.0,0.0,2
10926,20,15910,0.0,0.0,0.0,0.0,0.0,0.0,2
10927,20,15909,0.0,0.0,0.0,0.0,0.0,0.0,2
10928,20,15908,0.0,0.0,0.0,0.0,0.0,0.0,2
10929,20,15907,0.0,0.0,0.0,0.0,0.0,0.0,2
10930,20,15906,0.0,0.0,0.0,0.0,0.0,0.0,2
10931,20,15921,0.0,0.0,0.0,0.0,0.0,0.0,2
10932,20,15904,0.0,0.0,0.0,0.0,0.0,0.0,2
10933,20,15903,0.0,0.0,0.0,0.0,0.0,0.0,2
10934,20,15902,0.0,0.0,0.0,0.0,0.0,0.0,2
10935,20,15901,0.0,0.0,0.0,0.0,0.0,0.0,2
10936,20,15900,0.0,0.0,0.0,0.0,0.0,0.0,2
10937,20,15899,0.0,0.0,0.0,0.0,0.0,0.0,2
10938,20,15898,0.0,0.0,0.0,0.0,0.0,0.0,2
10939,20,15897,0.0,0.0,0.0,0.0,0.0,0.0,2
10940,20,15896,0.0,0.0,0.0,0.0,0.0,0.0,2
10941,20,15895,0.0,0.0,0.0,0.0,0.0,0.0,2
10942,20,15894,0.0,0.0,0.0,0.0,0.0,0.0,2
10943,20,15893,0.0,0.0,0.0,0.0,0.0,0.0,2
10944,20,15892,0.0,0.0,0.0,0.0,0.0,0.0,2
10945,20,15891,0.0,0.0,0.0,0.0,0.0,0.0,2
10946,20,15936,0.0,0.0,0.0,0.0,0.0,0.0,2
10947,20,15950,0.0,0.0,0.0,0.0,0.0,0.0,2
10948,20,15949,0.0,0.0,0.0,0.0,0.0,0.0,2
10949,20,15948,0.0,0.0,0.0,0.0,0.0,0.0,2
10950,20,15947,0.0,0.0,0.0,0.0,0.0,0.0,2
10951,20,15946,0.0,0.0,0.0,0.0,0.0,0.0,2
10952,20,15945,0.0,0.0,0.0,0.0,0.0,0.0,2
10953,20,15944,0.0,0.0,0.0,0.0,0.0,0.0,2
10954,20,15943,0.0,0.0,0.0,0.0,0.0,0.0,2
10955,20,15942,0.0,0.0,0.0,0.0,0.0,0.0,2
10956,20,15941,0.0,0.0,0.0,0.0,0.0,0.0,2
10957,20,15940,0.0,0.0,0.0,0.0,0.0,0.0,2
10958,20,15939,0.0,0.0,0.0,0.0,0.0,0.0,2
10959,20,15938,0.0,0.0,0.0,0.0,0.0,0.0,2
10960,20,15937,0.0,0.0,0.0,0.0,0.0,0.0,2
10961,20,16013,0.0,0.0,0.0,0.0,0.0,0.0,2
10962,20,15935,0.0,0.0,0.0,0.0,0.0,0.0,2
10963,20,15934,0.0,0.0,0.0,0.0,0.0,0.0,2
10964,20,15933,0.0,0.0,0.0,0.0,0.0,0.0,2
10965,20,15932,0.0,0.0,0.0,0.0,0.0,0.0,2
10966,20,15931,0.0,0.0,0.0,0.0,0.0,0.0,2
10967,20,15930,0.0,0.0,0.0,0.0,0.0,0.0,2
10968,20,15929,0.0,0.0,0.0,0.0,0.0,0.0,2
10969,20,15928,0.0,0.0,0.0,0.0,0.0,0.0,2
10970,20,15927,0.0,0.0,0.0,0.0,0.0,0.0,2
10971,20,15926,0.0,0.0,0.0,0.0,0.0,0.0,2
10972,20,15925,0.0,0.0,0.0,0.0,0.0,0.0,2
10973,20,15924,0.0,0.0,0.0,0.0,0.0,0.0,2
10974,20,15923,0.0,0.0,0.0,0.0,0.0,0.0,2
10975,20,15922,0.0,0.0,0.0,0.0,0.0,0.0,2
10976,20,16090,0.0,0.0,0.0,0.0,0.0,0.0,2
10977,20,16105,0.0,0.0,0.0,0.0,0.0,0.0,2
10978,20,16104,0.0,0.0,0.0,0.0,0.0,0.0,2
10979,20,16103,0.0,0.0,0.0,0.0,0.0,0.0,2
10980,20,16102,0.0,0.0,0.0,0.0,0.0,0.0,2
10981,20,16101,0.0,0.0,0.0,0.0,0.0,0.0,2
10982,20,16100,0.0,0.0,0.0,0.0,0.0,0.0,2
10983,20,16099,0.0,0.0,0.0,0.0,0.0,0.0,2
10984,20,16098,0.0,0.0,0.0,0.0,0.0,0.0,2
10985,20,16097,0.0,0.0,0.0,0.0,0.0,0.0,2
10986,20,16096,0.0,0.0,0.0,0.0,0.0,0.0,2
10987,20,16095,0.0,0.0,0.0,0.0,0.0,0.0,2
10988,20,16094,0.0,0.0,0.0,0.0,0.0,0.0,2
10989,20,16093,0.0,0.0,0.0,0.0,0.0,0.0,2
10990,20,16092,0.0,0.0,0.0,0.0,0.0,0.0,2
10991,20,16091,0.0,0.0,0.0,0.0,0.0,0.0,2
10992,20,16106,0.0,0.0,0.0,0.0,0.0,0.0,2
10993,20,16089,0.0,0.0,0.0,0.0,0.0,0.0,2
10994,20,16088,0.0,0.0,0.0,0.0,0.0,0.0,2
10995,20,16087,0.0,0.0,0.0,0.0,0.0,0.0,2
10996,20,16086,0.0,0.0,0.0,0.0,0.0,0.0,2
10997,20,16085,0.0,0.0,0.0,0.0,0.0,0.0,2
10998,20,16084,0.0,0.0,0.0,0.0,0.0,0.0,2
10999,20,16083,0.0,0.0,0.0,0.0,0.0,0.0,2
11000,20,16082,0.0,0.0,0.0,0.0,0.0,0.0,2
11001,20,16081,0.0,0.0,0.0,0.0,0.0,0.0,2
11002,20,16080,0.0,0.0,0.0,0.0,0.0,0.0,2
11003,20,16079,0.0,0.0,0.0,0.0,0.0,0.0,2
11004,20,16078,0.0,0.0,0.0,0.0,0.0,0.0,2
11005,20,16077,0.0,0.0,0.0,0.0,0.0,0.0,2
11006,20,16076,0.0,0.0,0.0,0.0,0.0,0.0,2
11007,20,16121,0.0,0.0,0.0,0.0,0.0,0.0,2
11008,20,16135,0.0,0.0,0.0,0.0,0.0,0.0,2
11009,20,16134,0.0,0.0,0.0,0.0,0.0,0.0,2
11010,20,16133,0.0,0.0,0.0,0.0,0.0,0.0,2
11011,20,16132,0.0,0.0,0.0,0.0,0.0,0.0,2
11012,20,16131,0.0,0.0,0.0,0.0,0.0,0.0,2
11013,20,16130,0.0,0.0,0.0,0.0,0.0,0.0,2
11014,20,16129,0.0,0.0,0.0,0.0,0.0,0.0,2
11015,20,16128,0.0,0.0,0.0,0.0,0.0,0.0,2
11016,20,16127,0.0,0.0,0.0,0.0,0.0,0.0,2
11017,20,16126,0.0,0.0,0.0,0.0,0.0,0.0,2
11018,20,16125,0.0,0.0,0.0,0.0,0.0,0.0,2
11019,20,16124,0.0,0.0,0.0,0.0,0.0,0.0,2
11020,20,16123,0.0,0.0,0.0,0.0,0.0,0.0,2
11021,20,16122,0.0,0.0,0.0,0.0,0.0,0.0,2
11022,20,16075,0.0,0.0,0.0,0.0,0.0,0.0,2
11023,20,16120,0.0,0.0,0.0,0.0,0.0,0.0,2
11024,20,16119,0.0,0.0,0.0,0.0,0.0,0.0,2
11025,20,16118,0.0,0.0,0.0,0.0,0.0,0.0,2
11026,20,16117,0.0,0.0,0.0,0.0,0.0,0.0,2
11027,20,16116,0.0,0.0,0.0,0.0,0.0,0.0,2
11028,20,16115,0.0,0.0,0.0,0.0,0.0,0.0,2
11029,20,16114,0.0,0.0,0.0,0.0,0.0,0.0,2
11030,20,16113,0.0,0.0,0.0,0.0,0.0,0.0,2
11031,20,16112,0.0,0.0,0.0,0.0,0.0,0.0,2
11032,20,16111,0.0,0.0,0.0,0.0,0.0,0.0,2
11033,20,16110,0.0,0.0,0.0,0.0,0.0,0.0,2
11034,20,16109,0.0,0.0,0.0,0.0,0.0,0.0,2
11035,20,16108,0.0,0.0,0.0,0.0,0.0,0.0,2
11036,20,16107,0.0,0.0,0.0,0.0,0.0,0.0,2
11037,20,16029,0.0,0.0,0.0,0.0,0.0,0.0,2
11038,20,16044,0.0,0.0,0.0,0.0,0.0,0.0,2
11039,20,16043,0.0,0.0,0.0,0.0,0.0,0.0,2
11040,20,16042,0.0,0.0,0.0,0.0,0.0,0.0,2
11041,20,16041,0.0,0.0,0.0,0.0,0.0,0.0,2
11042,20,16040,0.0,0.0,0.0,0.0,0.0,0.0,2
11043,20,16039,0.0,0.0,0.0,0.0,0.0,0.0,2
11044,20,16038,0.0,0.0,0.0,0.0,0.0,0.0,2
11045,20,16037,0.0,0.0,0.0,0.0,0.0,0.0,2
11046,20,16036,0.0,0.0,0.0,0.0,0.0,0.0,2
11047,20,16035,0.0,0.0,0.0,0.0,0.0,0.0,2
11048,20,16034,0.0,0.0,0.0,0.0,0.0,0.0,2
11049,20,16033,0.0,0.0,0.0,0.0,0.0,0.0,2
11050,20,16032,0.0,0.0,0.0,0.0,0.0,0.0,2
11051,20,16031,0.0,0.0,0.0,0.0,0.0,0.0,2
11052,20,16030,0.0,0.0,0.0,0.0,0.0,0.0,2
11053,20,16045,0.0,0.0,0.0,0.0,0.0,0.0,2
11054,20,16028,0.0,0.0,0.0,0.0,0.0,0.0,2
11055,20,16027,0.0,0.0,0.0,0.0,0.0,0.0,2
11056,20,16026,0.0,0.0,0.0,0.0,0.0,0.0,2
11057,20,16025,0.0,0.0,0.0,0.0,0.0,0.0,2
11058,20,16024,0.0,0.0,0.0,0.0,0.0,0.0,2
11059,20,16023,0.0,0.0,0.0,0.0,0.0,0.0,2
11060,20,16022,0.0,0.0,0.0,0.0,0.0,0.0,2
11061,20,16021,0.0,0.0,0.0,0.0,0.0,0.0,2
11062,20,16020,0.0,0.0,0.0,0.0,0.0,0.0,2
11063,20,16019,0.0,0.0,0.0,0.0,0.0,0.0,2
11064,20,16018,0.0,0.0,0.0,0.0,0.0,0.0,2
11065,20,16017,0.0,0.0,0.0,0.0,0.0,0.0,2
11066,20,16016,0.0,0.0,0.0,0.0,0.0,0.0,2
11067,20,16015,0.0,0.0,0.0,0.0,0.0,0.0,2
11068,20,16060,0.0,0.0,0.0,0.0,0.0,0.0,2
11069,20,16074,0.0,0.0,0.0,0.0,0.0,0.0,2
11070,20,16073,0.0,0.0,0.0,0.0,0.0,0.0,2
11071,20,16072,0.0,0.0,0.0,0.0,0.0,0.0,2
11072,20,16071,0.0,0.0,0.0,0.0,0.0,0.0,2
11073,20,16070,0.0,0.0,0.0,0.0,0.0,0.0,2
11074,20,16069,0.0,0.0,0.0,0.0,0.0,0.0,2
11075,20,16068,0.0,0.0,0.0,0.0,0.0,0.0,2
11076,20,16067,0.0,0.0,0.0,0.0,0.0,0.0,2
11077,20,16066,0.0,0.0,0.0,0.0,0.0,0.0,2
11078,20,16065,0.0,0.0,0.0,0.0,0.0,0.0,2
11079,20,16064,0.0,0.0,0.0,0.0,0.0,0.0,2
11080,20,16063,0.0,0.0,0.0,0.0,0.0,0.0,2
11081,20,16062,0.0,0.0,0.0,0.0,0.0,0.0,2
11082,20,16061,0.0,0.0,0.0,0.0,0.0,0.0,2
11083,20,15388,0.0,0.0,0.0,0.0,0.0,0.0,2
11084,20,16059,0.0,0.0,0.0,0.0,0.0,0.0,2
11085,20,16058,0.0,0.0,0.0,0.0,0.0,0.0,2
11086,20,16057,0.0,0.0,0.0,0.0,0.0,0.0,2
11087,20,16056,0.0,0.0,0.0,0.0,0.0,0.0,2
11088,20,16055,0.0,0.0,0.0,0.0,0.0,0.0,2
11089,20,16054,0.0,0.0,0.0,0.0,0.0,0.0,2
11090,20,16053,0.0,0.0,0.0,0.0,0.0,0.0,2
11091,20,16052,0.0,0.0,0.0,0.0,0.0,0.0,2
11092,20,16051,0.0,0.0,0.0,0.0,0.0,0.0,2
11093,20,16050,0.0,0.0,0.0,0.0,0.0,0.0,2
11094,20,16049,0.0,0.0,0.0,0.0,0.0,0.0,2
11095,20,16048,0.0,0.0,0.0,0.0,0.0,0.0,2
11096,20,16047,0.0,0.0,0.0,0.0,0.0,0.0,2
11097,20,16046,0.0,0.0,0.0,0.0,0.0,0.0,2
11098,20,14715,0.0,0.0,0.0,0.0,0.0,0.0,2
11099,20,14730,0.0,0.0,0.0,0.0,0.0,0.0,2
11100,20,14729,0.0,0.0,0.0,0.0,0.0,0.0,2
11101,20,14728,0.0,0.0,0.0,0.0,0.0,0.0,2
11102,20,14727,0.0,0.0,0.0,0.0,0.0,0.0,2
11103,20,14726,0.0,0.0,0.0,0.0,0.0,0.0,2
11104,20,14725,0.0,0.0,0.0,0.0,0.0,0.0,2
11105,20,14724,0.0,0.0,0.0,0.0,0.0,0.0,2
11106,20,14723,0.0,0.0,0.0,0.0,0.0,0.0,2
11107,20,14722,0.0,0.0,0.0,0.0,0.0,0.0,2
11108,20,14721,0.0,0.0,0.0,0.0,0.0,0.0,2
11109,20,14720,0.0,0.0,0.0,0.0,0.0,0.0,2
11110,20,14719,0.0,0.0,0.0,0.0,0.0,0.0,2
11111,20,14718,0.0,0.0,0.0,0.0,0.0,0.0,2
11112,20,14717,0.0,0.0,0.0,0.0,0.0,0.0,2
11113,20,14716,0.0,0.0,0.0,0.0,0.0,0.0,2
11114,20,14731,0.0,0.0,0.0,0.0,0.0,0.0,2
11115,20,14714,0.0,0.0,0.0,0.0,0.0,0.0,2
11116,20,14713,0.0,0.0,0.0,0.0,0.0,0.0,2
11117,20,14712,0.0,0.0,0.0,0.0,0.0,0.0,2
11118,20,14711,0.0,0.0,0.0,0.0,0.0,0.0,2
11119,20,14710,0.0,0.0,0.0,0.0,0.0,0.0,2
11120,20,14709,0.0,0.0,0.0,0.0,0.0,0.0,2
11121,20,14708,0.0,0.0,0.0,0.0,0.0,0.0,2
11122,20,14707,0.0,0.0,0.0,0.0,0.0,0.0,2
11123,20,14706,0.0,0.0,0.0,0.0,0.0,0.0,2
11124,20,14705,0.0,0.0,0.0,0.0,0.0,0.0,2
11125,20,14704,0.0,0.0,0.0,0.0,0.0,0.0,2
11126,20,14703,0.0,0.0,0.0,0.0,0.0,0.0,2
11127,20,14702,0.0,0.0,0.0,0.0,0.0,0.0,2
11128,20,14701,0.0,0.0,0.0,0.0,0.0,0.0,2
11129,20,14746,0.0,0.0,0.0,0.0,0.0,0.0,2
11130,20,14761,0.0,0.0,0.0,0.0,0.0,0.0,2
11131,20,14760,0.0,0.0,0.0,0.0,0.0,0.0,2
11132,20,14759,0.0,0.0,0.0,0.0,0.0,0.0,2
11133,20,14758,0.0,0.0,0.0,0.0,0.0,0.0,2
11134,20,14757,0.0,0.0,0.0,0.0,0.0,0.0,2
11135,20,14756,0.0,0.0,0.0,0.0,0.0,0.0,2
11136,20,14755,0.0,0.0,0.0,0.0,0.0,0.0,2
11137,20,14754,0.0,0.0,0.0,0.0,0.0,0.0,2
11138,20,14753,0.0,0.0,0.0,0.0,0.0,0.0,2
11139,20,14752,0.0,0.0,0.0,0.0,0.0,0.0,2
11140,20,14751,0.0,0.0,0.0,0.0,0.0,0.0,2
11141,20,14750,0.0,0.0,0.0,0.0,0.0,0.0,2
11142,20,14749,0.0,0.0,0.0,0.0,0.0,0.0,2
11143,20,14748,0.0,0.0,0.0,0.0,0.0,0.0,2
11144,20,14747,0.0,0.0,0.0,0.0,0.0,0.0,2
11145,20,14700,0.0,0.0,0.0,0.0,0.0,0.0,2
11146,20,14745,0.0,0.0,0.0,0.0,0.0,0.0,2
11147,20,14744,0.0,0.0,0.0,0.0,0.0,0.0,2
11148,20,14743,0.0,0.0,0.0,0.0,0.0,0.0,2
11149,20,14742,0.0,0.0,0.0,0.0,0.0,0.0,2
11150,20,14741,0.0,0.0,0.0,0.0,0.0,0.0,2
11151,20,14740,0.0,0.0,0.0,0.0,0.0,0.0,2
11152,20,14739,0.0,0.0,0.0,0.0,0.0,0.0,2
11153,20,14738,0.0,0.0,0.0,0.0,0.0,0.0,2
11154,20,14737,0.0,0.0,0.0,0.0,0.0,0.0,2
11155,20,14736,0.0,0.0,0.0,0.0,0.0,0.0,2
11156,20,14735,0.0,0.0,0.0,0.0,0.0,0.0,2
11157,20,14734,0.0,0.0,0.0,0.0,0.0,0.0,2
11158,20,14733,0.0,0.0,0.0,0.0,0.0,0.0,2
11159,20,14732,0.0,0.0,0.0,0.0,0.0,0.0,2
11160,20,14652,0.0,0.0,0.0,0.0,0.0,0.0,2
11161,20,14667,0.0,0.0,0.0,0.0,0.0,0.0,2
11162,20,14666,0.0,0.0,0.0,0.0,0.0,0.0,2
11163,20,14665,0.0,0.0,0.0,0.0,0.0,0.0,2
11164,20,14664,0.0,0.0,0.0,0.0,0.0,0.0,2
11165,20,14663,0.0,0.0,0.0,0.0,0.0,0.0,2
11166,20,14662,0.0,0.0,0.0,0.0,0.0,0.0,2
11167,20,14661,0.0,0.0,0.0,0.0,0.0,0.0,2
11168,20,14660,0.0,0.0,0.0,0.0,0.0,0.0,2
11169,20,14659,0.0,0.0,0.0,0.0,0.0,0.0,2
11170,20,14658,0.0,0.0,0.0,0.0,0.0,0.0,2
11171,20,14657,0.0,0.0,0.0,0.0,0.0,0.0,2
11172,20,14656,0.0,0.0,0.0,0.0,0.0,0.0,2
11173,20,14655,0.0,0.0,0.0,0.0,0.0,0.0,2
11174,20,14654,0.0,0.0,0.0,0.0,0.0,0.0,2
11175,20,14653,0.0,0.0,0.0,0.0,0.0,0.0,2
11176,20,14668,0.0,0.0,0.0,0.0,0.0,0.0,2
11177,20,14651,0.0,0.0,0.0,0.0,0.0,0.0,2
11178,20,14650,0.0,0.0,0.0,0.0,0.0,0.0,2
11179,20,14649,0.0,0.0,0.0,0.0,0.0,0.0,2
11180,20,14648,0.0,0.0,0.0,0.0,0.0,0.0,2
11181,20,14647,0.0,0.0,0.0,0.0,0.0,0.0,2
11182,20,14646,0.0,0.0,0.0,0.0,0.0,0.0,2
11183,20,14645,0.0,0.0,0.0,0.0,0.0,0.0,2
11184,20,14644,0.0,0.0,0.0,0.0,0.0,0.0,2
11185,20,14643,0.0,0.0,0.0,0.0,0.0,0.0,2
11186,20,14642,0.0,0.0,0.0,0.0,0.0,0.0,2
11187,20,14641,0.0,0.0,0.0,0.0,0.0,0.0,2
11188,20,14640,0.0,0.0,0.0,0.0,0.0,0.0,2
11189,20,14639,0.0,0.0,0.0,0.0,0.0,0.0,2
11190,20,14638,0.0,0.0,0.0,0.0,0.0,0.0,2
11191,20,14684,0.0,0.0,0.0,0.0,0.0,0.0,2
11192,20,14699,0.0,0.0,0.0,0.0,0.0,0.0,2
11193,20,14698,0.0,0.0,0.0,0.0,0.0,0.0,2
11194,20,14697,0.0,0.0,0.0,0.0,0.0,0.0,2
11195,20,14696,0.0,0.0,0.0,0.0,0.0,0.0,2
11196,20,14694,0.0,0.0,0.0,0.0,0.0,0.0,2
11197,20,14693,0.0,0.0,0.0,0.0,0.0,0.0,2
11198,20,14692,0.0,0.0,0.0,0.0,0.0,0.0,2
11199,20,14691,0.0,0.0,0.0,0.0,0.0,0.0,2
11200,20,14690,0.0,0.0,0.0,0.0,0.0,0.0,2
11201,20,14689,0.0,0.0,0.0,0.0,0.0,0.0,2
11202,20,14688,0.0,0.0,0.0,0.0,0.0,0.0,2
11203,20,14687,0.0,0.0,0.0,0.0,0.0,0.0,2
11204,20,14686,0.0,0.0,0.0,0.0,0.0,0.0,2
11205,20,14685,0.0,0.0,0.0,0.0,0.0,0.0,2
11206,20,14762,0.0,0.0,0.0,0.0,0.0,0.0,2
11207,20,14682,0.0,0.0,0.0,0.0,0.0,0.0,2
11208,20,14681,0.0,0.0,0.0,0.0,0.0,0.0,2
11209,20,14680,0.0,0.0,0.0,0.0,0.0,0.0,2
11210,20,14679,0.0,0.0,0.0,0.0,0.0,0.0,2
11211,20,14678,0.0,0.0,0.0,0.0,0.0,0.0,2
11212,20,14677,0.0,0.0,0.0,0.0,0.0,0.0,2
11213,20,14676,0.0,0.0,0.0,0.0,0.0,0.0,2
11214,20,14675,0.0,0.0,0.0,0.0,0.0,0.0,2
11215,20,14674,0.0,0.0,0.0,0.0,0.0,0.0,2
11216,20,14673,0.0,0.0,0.0,0.0,0.0,0.0,2
11217,20,14672,0.0,0.0,0.0,0.0,0.0,0.0,2
11218,20,14671,0.0,0.0,0.0,0.0,0.0,0.0,2
11219,20,14670,0.0,0.0,0.0,0.0,0.0,0.0,2
11220,20,14669,0.0,0.0,0.0,0.0,0.0,0.0,2
11221,20,14839,0.0,0.0,0.0,0.0,0.0,0.0,2
11222,20,14854,0.0,0.0,0.0,0.0,0.0,0.0,2
11223,20,14853,0.0,0.0,0.0,0.0,0.0,0.0,2
11224,20,14852,0.0,0.0,0.0,0.0,0.0,0.0,2
11225,20,14851,0.0,0.0,0.0,0.0,0.0,0.0,2
11226,20,14850,0.0,0.0,0.0,0.0,0.0,0.0,2
11227,20,14849,0.0,0.0,0.0,0.0,0.0,0.0,2
11228,20,14848,0.0,0.0,0.0,0.0,0.0,0.0,2
11229,20,14847,0.0,0.0,0.0,0.0,0.0,0.0,2
11230,20,14846,0.0,0.0,0.0,0.0,0.0,0.0,2
11231,20,14845,0.0,0.0,0.0,0.0,0.0,0.0,2
11232,20,14844,0.0,0.0,0.0,0.0,0.0,0.0,2
11233,20,14843,0.0,0.0,0.0,0.0,0.0,0.0,2
11234,20,14842,0.0,0.0,0.0,0.0,0.0,0.0,2
11235,20,14841,0.0,0.0,0.0,0.0,0.0,0.0,2
11236,20,14840,0.0,0.0,0.0,0.0,0.0,0.0,2
11237,20,14855,0.0,0.0,0.0,0.0,0.0,0.0,2
11238,20,14838,0.0,0.0,0.0,0.0,0.0,0.0,2
11239,20,14837,0.0,0.0,0.0,0.0,0.0,0.0,2
11240,20,14836,0.0,0.0,0.0,0.0,0.0,0.0,2
11241,20,14835,0.0,0.0,0.0,0.0,0.0,0.0,2
11242,20,14834,0.0,0.0,0.0,0.0,0.0,0.0,2
11243,20,14833,0.0,0.0,0.0,0.0,0.0,0.0,2
11244,20,14832,0.0,0.0,0.0,0.0,0.0,0.0,2
11245,20,14831,0.0,0.0,0.0,0.0,0.0,0.0,2
11246,20,14830,0.0,0.0,0.0,0.0,0.0,0.0,2
11247,20,14829,0.0,0.0,0.0,0.0,0.0,0.0,2
11248,20,14828,0.0,0.0,0.0,0.0,0.0,0.0,2
11249,20,14827,0.0,0.0,0.0,0.0,0.0,0.0,2
11250,20,14826,0.0,0.0,0.0,0.0,0.0,0.0,2
11251,20,14824,0.0,0.0,0.0,0.0,0.0,0.0,2
11252,20,14870,0.0,0.0,0.0,0.0,0.0,0.0,2
11253,20,14886,0.0,0.0,0.0,0.0,0.0,0.0,2
11254,20,14885,0.0,0.0,0.0,0.0,0.0,0.0,2
11255,20,14883,0.0,0.0,0.0,0.0,0.0,0.0,2
11256,20,14882,0.0,0.0,0.0,0.0,0.0,0.0,2
11257,20,14881,0.0,0.0,0.0,0.0,0.0,0.0,2
11258,20,14880,0.0,0.0,0.0,0.0,0.0,0.0,2
11259,20,14879,0.0,0.0,0.0,0.0,0.0,0.0,2
11260,20,14877,0.0,0.0,0.0,0.0,0.0,0.0,2
11261,20,14876,0.0,0.0,0.0,0.0,0.0,0.0,2
11262,20,14875,0.0,0.0,0.0,0.0,0.0,0.0,2
11263,20,14874,0.0,0.0,0.0,0.0,0.0,0.0,2
11264,20,14873,0.0,0.0,0.0,0.0,0.0,0.0,2
11265,20,14872,0.0,0.0,0.0,0.0,0.0,0.0,2
11266,20,14871,0.0,0.0,0.0,0.0,0.0,0.0,2
11267,20,14823,0.0,0.0,0.0,0.0,0.0,0.0,2
11268,20,14869,0.0,0.0,0.0,0.0,0.0,0.0,2
11269,20,14868,0.0,0.0,0.0,0.0,0.0,0.0,2
11270,20,14867,0.0,0.0,0.0,0.0,0.0,0.0,2
11271,20,14866,0.0,0.0,0.0,0.0,0.0,0.0,2
11272,20,14865,0.0,0.0,0.0,0.0,0.0,0.0,2
11273,20,14864,0.0,0.0,0.0,0.0,0.0,0.0,2
11274,20,14863,0.0,0.0,0.0,0.0,0.0,0.0,2
11275,20,14862,0.0,0.0,0.0,0.0,0.0,0.0,2
11276,20,14861,0.0,0.0,0.0,0.0,0.0,0.0,2
11277,20,14860,0.0,0.0,0.0,0.0,0.0,0.0,2
11278,20,14859,0.0,0.0,0.0,0.0,0.0,0.0,2
11279,20,14858,0.0,0.0,0.0,0.0,0.0,0.0,2
11280,20,14857,0.0,0.0,0.0,0.0,0.0,0.0,2
11281,20,14856,0.0,0.0,0.0,0.0,0.0,0.0,2
11282,20,14777,0.0,0.0,0.0,0.0,0.0,0.0,2
11283,20,14792,0.0,0.0,0.0,0.0,0.0,0.0,2
11284,20,14791,0.0,0.0,0.0,0.0,0.0,0.0,2
11285,20,14790,0.0,0.0,0.0,0.0,0.0,0.0,2
11286,20,14789,0.0,0.0,0.0,0.0,0.0,0.0,2
11287,20,14788,0.0,0.0,0.0,0.0,0.0,0.0,2
11288,20,14787,0.0,0.0,0.0,0.0,0.0,0.0,2
11289,20,14786,0.0,0.0,0.0,0.0,0.0,0.0,2
11290,20,14785,0.0,0.0,0.0,0.0,0.0,0.0,2
11291,20,14784,0.0,0.0,0.0,0.0,0.0,0.0,2
11292,20,14783,0.0,0.0,0.0,0.0,0.0,0.0,2
11293,20,14782,0.0,0.0,0.0,0.0,0.0,0.0,2
11294,20,14781,0.0,0.0,0.0,0.0,0.0,0.0,2
11295,20,14780,0.0,0.0,0.0,0.0,0.0,0.0,2
11296,20,14779,0.0,0.0,0.0,0.0,0.0,0.0,2
11297,20,14778,0.0,0.0,0.0,0.0,0.0,0.0,2
11298,20,14793,0.0,0.0,0.0,0.0,0.0,0.0,2
11299,20,14776,0.0,0.0,0.0,0.0,0.0,0.0,2
11300,20,14775,0.0,0.0,0.0,0.0,0.0,0.0,2
11301,20,14774,0.0,0.0,0.0,0.0,0.0,0.0,2
11302,20,14773,0.0,0.0,0.0,0.0,0.0,0.0,2
11303,20,14772,0.0,0.0,0.0,0.0,0.0,0.0,2
11304,20,14771,0.0,0.0,0.0,0.0,0.0,0.0,2
11305,20,14770,0.0,0.0,0.0,0.0,0.0,0.0,2
11306,20,14769,0.0,0.0,0.0,0.0,0.0,0.0,2
11307,20,14768,0.0,0.0,0.0,0.0,0.0,0.0,2
11308,20,14767,0.0,0.0,0.0,0.0,0.0,0.0,2
11309,20,14766,0.0,0.0,0.0,0.0,0.0,0.0,2
11310,20,14765,0.0,0.0,0.0,0.0,0.0,0.0,2
11311,20,14764,0.0,0.0,0.0,0.0,0.0,0.0,2
11312,20,14763,0.0,0.0,0.0,0.0,0.0,0.0,2
11313,20,14808,0.0,0.0,0.0,0.0,0.0,0.0,2
11314,20,14822,0.0,0.0,0.0,0.0,0.0,0.0,2
11315,20,14821,0.0,0.0,0.0,0.0,0.0,0.0,2
11316,20,14820,0.0,0.0,0.0,0.0,0.0,0.0,2
11317,20,14819,0.0,0.0,0.0,0.0,0.0,0.0,2
11318,20,14818,0.0,0.0,0.0,0.0,0.0,0.0,2
11319,20,14817,0.0,0.0,0.0,0.0,0.0,0.0,2
11320,20,14816,0.0,0.0,0.0,0.0,0.0,0.0,2
11321,20,14815,0.0,0.0,0.0,0.0,0.0,0.0,2
11322,20,14814,0.0,0.0,0.0,0.0,0.0,0.0,2
11323,20,14813,0.0,0.0,0.0,0.0,0.0,0.0,2
11324,20,14812,0.0,0.0,0.0,0.0,0.0,0.0,2
11325,20,14811,0.0,0.0,0.0,0.0,0.0,0.0,2
11326,20,14810,0.0,0.0,0.0,0.0,0.0,0.0,2
11327,20,14809,0.0,0.0,0.0,0.0,0.0,0.0,2
11328,20,14637,0.0,0.0,0.0,0.0,0.0,0.0,2
11329,20,14807,0.0,0.0,0.0,0.0,0.0,0.0,2
11330,20,14806,0.0,0.0,0.0,0.0,0.0,0.0,2
11331,20,14805,0.0,0.0,0.0,0.0,0.0,0.0,2
11332,20,14804,0.0,0.0,0.0,0.0,0.0,0.0,2
11333,20,14803,0.0,0.0,0.0,0.0,0.0,0.0,2
11334,20,14802,0.0,0.0,0.0,0.0,0.0,0.0,2
11335,20,14801,0.0,0.0,0.0,0.0,0.0,0.0,2
11336,20,14800,0.0,0.0,0.0,0.0,0.0,0.0,2
11337,20,14799,0.0,0.0,0.0,0.0,0.0,0.0,2
11338,20,14798,0.0,0.0,0.0,0.0,0.0,0.0,2
11339,20,14797,0.0,0.0,0.0,0.0,0.0,0.0,2
11340,20,14796,0.0,0.0,0.0,0.0,0.0,0.0,2
11341,20,14795,0.0,0.0,0.0,0.0,0.0,0.0,2
11342,20,14794,0.0,0.0,0.0,0.0,0.0,0.0,2
11343,20,14466,0.0,0.0,0.0,0.0,0.0,0.0,2
11344,20,14481,0.0,0.0,0.0,0.0,0.0,0.0,2
11345,20,14480,0.0,0.0,0.0,0.0,0.0,0.0,2
11346,20,14479,0.0,0.0,0.0,0.0,0.0,0.0,2
11347,20,14478,0.0,0.0,0.0,0.0,0.0,0.0,2
11348,20,14477,0.0,0.0,0.0,0.0,0.0,0.0,2
11349,20,14476,0.0,0.0,0.0,0.0,0.0,0.0,2
11350,20,14475,0.0,0.0,0.0,0.0,0.0,0.0,2
11351,20,14474,0.0,0.0,0.0,0.0,0.0,0.0,2
11352,20,14473,0.0,0.0,0.0,0.0,0.0,0.0,2
11353,20,14472,0.0,0.0,0.0,0.0,0.0,0.0,2
11354,20,14471,0.0,0.0,0.0,0.0,0.0,0.0,2
11355,20,14470,0.0,0.0,0.0,0.0,0.0,0.0,2
11356,20,14469,0.0,0.0,0.0,0.0,0.0,0.0,2
11357,20,14468,0.0,0.0,0.0,0.0,0.0,0.0,2
11358,20,14467,0.0,0.0,0.0,0.0,0.0,0.0,2
11359,20,14482,0.0,0.0,0.0,0.0,0.0,0.0,2
11360,20,14465,0.0,0.0,0.0,0.0,0.0,0.0,2
11361,20,14464,0.0,0.0,0.0,0.0,0.0,0.0,2
11362,20,14463,0.0,0.0,0.0,0.0,0.0,0.0,2
11363,20,14462,0.0,0.0,0.0,0.0,0.0,0.0,2
11364,20,14461,0.0,0.0,0.0,0.0,0.0,0.0,2
11365,20,14460,0.0,0.0,0.0,0.0,0.0,0.0,2
11366,20,14459,0.0,0.0,0.0,0.0,0.0,0.0,2
11367,20,14458,0.0,0.0,0.0,0.0,0.0,0.0,2
11368,20,14457,0.0,0.0,0.0,0.0,0.0,0.0,2
11369,20,14456,0.0,0.0,0.0,0.0,0.0,0.0,2
11370,20,14455,0.0,0.0,0.0,0.0,0.0,0.0,2
11371,20,14454,0.0,0.0,0.0,0.0,0.0,0.0,2
11372,20,14453,0.0,0.0,0.0,0.0,0.0,0.0,2
11373,20,14452,0.0,0.0,0.0,0.0,0.0,0.0,2
11374,20,14497,0.0,0.0,0.0,0.0,0.0,0.0,2
11375,20,14512,0.0,0.0,0.0,0.0,0.0,0.0,2
11376,20,14511,0.0,0.0,0.0,0.0,0.0,0.0,2
11377,20,14510,0.0,0.0,0.0,0.0,0.0,0.0,2
11378,20,14509,0.0,0.0,0.0,0.0,0.0,0.0,2
11379,20,14508,0.0,0.0,0.0,0.0,0.0,0.0,2
11380,20,14507,0.0,0.0,0.0,0.0,0.0,0.0,2
11381,20,14506,0.0,0.0,0.0,0.0,0.0,0.0,2
11382,20,14505,0.0,0.0,0.0,0.0,0.0,0.0,2
11383,20,14504,0.0,0.0,0.0,0.0,0.0,0.0,2
11384,20,14503,0.0,0.0,0.0,0.0,0.0,0.0,2
11385,20,14502,0.0,0.0,0.0,0.0,0.0,0.0,2
11386,20,14501,0.0,0.0,0.0,0.0,0.0,0.0,2
11387,20,14500,0.0,0.0,0.0,0.0,0.0,0.0,2
11388,20,14499,0.0,0.0,0.0,0.0,0.0,0.0,2
11389,20,14498,0.0,0.0,0.0,0.0,0.0,0.0,2
11390,20,14451,0.0,0.0,0.0,0.0,0.0,0.0,2
11391,20,14496,0.0,0.0,0.0,0.0,0.0,0.0,2
11392,20,14495,0.0,0.0,0.0,0.0,0.0,0.0,2
11393,20,14494,0.0,0.0,0.0,0.0,0.0,0.0,2
11394,20,14493,0.0,0.0,0.0,0.0,0.0,0.0,2
11395,20,14492,0.0,0.0,0.0,0.0,0.0,0.0,2
11396,20,14491,0.0,0.0,0.0,0.0,0.0,0.0,2
11397,20,14490,0.0,0.0,0.0,0.0,0.0,0.0,2
11398,20,14489,0.0,0.0,0.0,0.0,0.0,0.0,2
11399,20,14488,0.0,0.0,0.0,0.0,0.0,0.0,2
11400,20,14487,0.0,0.0,0.0,0.0,0.0,0.0,2
11401,20,14486,0.0,0.0,0.0,0.0,0.0,0.0,2
11402,20,14485,0.0,0.0,0.0,0.0,0.0,0.0,2
11403,20,14484,0.0,0.0,0.0,0.0,0.0,0.0,2
11404,20,14483,0.0,0.0,0.0,0.0,0.0,0.0,2
11405,20,14404,0.0,0.0,0.0,0.0,0.0,0.0,2
11406,20,14419,0.0,0.0,0.0,0.0,0.0,0.0,2
11407,20,14418,0.0,0.0,0.0,0.0,0.0,0.0,2
11408,20,14417,0.0,0.0,0.0,0.0,0.0,0.0,2
11409,20,14416,0.0,0.0,0.0,0.0,0.0,0.0,2
11410,20,14415,0.0,0.0,0.0,0.0,0.0,0.0,2
11411,20,14414,0.0,0.0,0.0,0.0,0.0,0.0,2
11412,20,14413,0.0,0.0,0.0,0.0,0.0,0.0,2
11413,20,14412,0.0,0.0,0.0,0.0,0.0,0.0,2
11414,20,14411,0.0,0.0,0.0,0.0,0.0,0.0,2
11415,20,14410,0.0,0.0,0.0,0.0,0.0,0.0,2
11416,20,14409,0.0,0.0,0.0,0.0,0.0,0.0,2
11417,20,14408,0.0,0.0,0.0,0.0,0.0,0.0,2
11418,20,14407,0.0,0.0,0.0,0.0,0.0,0.0,2
11419,20,14406,0.0,0.0,0.0,0.0,0.0,0.0,2
11420,20,14405,0.0,0.0,0.0,0.0,0.0,0.0,2
11421,20,14420,0.0,0.0,0.0,0.0,0.0,0.0,2
11422,20,14403,0.0,0.0,0.0,0.0,0.0,0.0,2
11423,20,14402,0.0,0.0,0.0,0.0,0.0,0.0,2
11424,20,14401,0.0,0.0,0.0,0.0,0.0,0.0,2
11425,20,14400,0.0,0.0,0.0,0.0,0.0,0.0,2
11426,20,14399,0.0,0.0,0.0,0.0,0.0,0.0,2
11427,20,14398,0.0,0.0,0.0,0.0,0.0,0.0,2
11428,20,14397,0.0,0.0,0.0,0.0,0.0,0.0,2
11429,20,14396,0.0,0.0,0.0,0.0,0.0,0.0,2
11430,20,14395,0.0,0.0,0.0,0.0,0.0,0.0,2
11431,20,14394,0.0,0.0,0.0,0.0,0.0,0.0,2
11432,20,14393,0.0,0.0,0.0,0.0,0.0,0.0,2
11433,20,14392,0.0,0.0,0.0,0.0,0.0,0.0,2
11434,20,14391,0.0,0.0,0.0,0.0,0.0,0.0,2
11435,20,14390,0.0,0.0,0.0,0.0,0.0,0.0,2
11436,20,14436,0.0,0.0,0.0,0.0,0.0,0.0,2
11437,20,14450,0.0,0.0,0.0,0.0,0.0,0.0,2
11438,20,14449,0.0,0.0,0.0,0.0,0.0,0.0,2
11439,20,14448,0.0,0.0,0.0,0.0,0.0,0.0,2
11440,20,14447,0.0,0.0,0.0,0.0,0.0,0.0,2
11441,20,14446,0.0,0.0,0.0,0.0,0.0,0.0,2
11442,20,14445,0.0,0.0,0.0,0.0,0.0,0.0,2
11443,20,14444,0.0,0.0,0.0,0.0,0.0,0.0,2
11444,20,14443,0.0,0.0,0.0,0.0,0.0,0.0,2
11445,20,14442,0.0,0.0,0.0,0.0,0.0,0.0,2
11446,20,14441,0.0,0.0,0.0,0.0,0.0,0.0,2
11447,20,14440,0.0,0.0,0.0,0.0,0.0,0.0,2
11448,20,14439,0.0,0.0,0.0,0.0,0.0,0.0,2
11449,20,14438,0.0,0.0,0.0,0.0,0.0,0.0,2
11450,20,14437,0.0,0.0,0.0,0.0,0.0,0.0,2
11451,20,14513,0.0,0.0,0.0,0.0,0.0,0.0,2
11452,20,14435,0.0,0.0,0.0,0.0,0.0,0.0,2
11453,20,14434,0.0,0.0,0.0,0.0,0.0,0.0,2
11454,20,14433,0.0,0.0,0.0,0.0,0.0,0.0,2
11455,20,14432,0.0,0.0,0.0,0.0,0.0,0.0,2
11456,20,14431,0.0,0.0,0.0,0.0,0.0,0.0,2
11457,20,14430,0.0,0.0,0.0,0.0,0.0,0.0,2
11458,20,14429,0.0,0.0,0.0,0.0,0.0,0.0,2
11459,20,14428,0.0,0.0,0.0,0.0,0.0,0.0,2
11460,20,14427,0.0,0.0,0.0,0.0,0.0,0.0,2
11461,20,14426,0.0,0.0,0.0,0.0,0.0,0.0,2
11462,20,14424,0.0,0.0,0.0,0.0,0.0,0.0,2
11463,20,14423,0.0,0.0,0.0,0.0,0.0,0.0,2
11464,20,14422,0.0,0.0,0.0,0.0,0.0,0.0,2
11465,20,14421,0.0,0.0,0.0,0.0,0.0,0.0,2
11466,20,14590,0.0,0.0,0.0,0.0,0.0,0.0,2
11467,20,14605,0.0,0.0,0.0,0.0,0.0,0.0,2
11468,20,14604,0.0,0.0,0.0,0.0,0.0,0.0,2
11469,20,14603,0.0,0.0,0.0,0.0,0.0,0.0,2
11470,20,14602,0.0,0.0,0.0,0.0,0.0,0.0,2
11471,20,14601,0.0,0.0,0.0,0.0,0.0,0.0,2
11472,20,14600,0.0,0.0,0.0,0.0,0.0,0.0,2
11473,20,14599,0.0,0.0,0.0,0.0,0.0,0.0,2
11474,20,14598,0.0,0.0,0.0,0.0,0.0,0.0,2
11475,20,14597,0.0,0.0,0.0,0.0,0.0,0.0,2
11476,20,14596,0.0,0.0,0.0,0.0,0.0,0.0,2
11477,20,14595,0.0,0.0,0.0,0.0,0.0,0.0,2
11478,20,14594,0.0,0.0,0.0,0.0,0.0,0.0,2
11479,20,14593,0.0,0.0,0.0,0.0,0.0,0.0,2
11480,20,14592,0.0,0.0,0.0,0.0,0.0,0.0,2
11481,20,14591,0.0,0.0,0.0,0.0,0.0,0.0,2
11482,20,14606,0.0,0.0,0.0,0.0,0.0,0.0,2
11483,20,14589,0.0,0.0,0.0,0.0,0.0,0.0,2
11484,20,14588,0.0,0.0,0.0,0.0,0.0,0.0,2
11485,20,14587,0.0,0.0,0.0,0.0,0.0,0.0,2
11486,20,14586,0.0,0.0,0.0,0.0,0.0,0.0,2
11487,20,14585,0.0,0.0,0.0,0.0,0.0,0.0,2
11488,20,14584,0.0,0.0,0.0,0.0,0.0,0.0,2
11489,20,14583,0.0,0.0,0.0,0.0,0.0,0.0,2
11490,20,14582,0.0,0.0,0.0,0.0,0.0,0.0,2
11491,20,14581,0.0,0.0,0.0,0.0,0.0,0.0,2
11492,20,14580,0.0,0.0,0.0,0.0,0.0,0.0,2
11493,20,14579,0.0,0.0,0.0,0.0,0.0,0.0,2
11494,20,14578,0.0,0.0,0.0,0.0,0.0,0.0,2
11495,20,14577,0.0,0.0,0.0,0.0,0.0,0.0,2
11496,20,14576,0.0,0.0,0.0,0.0,0.0,0.0,2
11497,20,14621,0.0,0.0,0.0,0.0,0.0,0.0,2
11498,20,14636,0.0,0.0,0.0,0.0,0.0,0.0,2
11499,20,14635,0.0,0.0,0.0,0.0,0.0,0.0,2
11500,20,14633,0.0,0.0,0.0,0.0,0.0,0.0,2
11501,20,14632,0.0,0.0,0.0,0.0,0.0,0.0,2
11502,20,14631,0.0,0.0,0.0,0.0,0.0,0.0,2
11503,20,14630,0.0,0.0,0.0,0.0,0.0,0.0,2
11504,20,14629,0.0,0.0,0.0,0.0,0.0,0.0,2
11505,20,14628,0.0,0.0,0.0,0.0,0.0,0.0,2
11506,20,14627,0.0,0.0,0.0,0.0,0.0,0.0,2
11507,20,14626,0.0,0.0,0.0,0.0,0.0,0.0,2
11508,20,14625,0.0,0.0,0.0,0.0,0.0,0.0,2
11509,20,14624,0.0,0.0,0.0,0.0,0.0,0.0,2
11510,20,14623,0.0,0.0,0.0,0.0,0.0,0.0,2
11511,20,14622,0.0,0.0,0.0,0.0,0.0,0.0,2
11512,20,14575,0.0,0.0,0.0,0.0,0.0,0.0,2
11513,20,14620,0.0,0.0,0.0,0.0,0.0,0.0,2
11514,20,14619,0.0,0.0,0.0,0.0,0.0,0.0,2
11515,20,14618,0.0,0.0,0.0,0.0,0.0,0.0,2
11516,20,14617,0.0,0.0,0.0,0.0,0.0,0.0,2
11517,20,14616,0.0,0.0,0.0,0.0,0.0,0.0,2
11518,20,14615,0.0,0.0,0.0,0.0,0.0,0.0,2
11519,20,14614,0.0,0.0,0.0,0.0,0.0,0.0,2
11520,20,14613,0.0,0.0,0.0,0.0,0.0,0.0,2
11521,20,14612,0.0,0.0,0.0,0.0,0.0,0.0,2
11522,20,14611,0.0,0.0,0.0,0.0,0.0,0.0,2
11523,20,14610,0.0,0.0,0.0,0.0,0.0,0.0,2
11524,20,14609,0.0,0.0,0.0,0.0,0.0,0.0,2
11525,20,14608,0.0,0.0,0.0,0.0,0.0,0.0,2
11526,20,14607,0.0,0.0,0.0,0.0,0.0,0.0,2
11527,20,14528,0.0,0.0,0.0,0.0,0.0,0.0,2
11528,20,14543,0.0,0.0,0.0,0.0,0.0,0.0,2
11529,20,14542,0.0,0.0,0.0,0.0,0.0,0.0,2
11530,20,14541,0.0,0.0,0.0,0.0,0.0,0.0,2
11531,20,14540,0.0,0.0,0.0,0.0,0.0,0.0,2
11532,20,14539,0.0,0.0,0.0,0.0,0.0,0.0,2
11533,20,14538,0.0,0.0,0.0,0.0,0.0,0.0,2
11534,20,14537,0.0,0.0,0.0,0.0,0.0,0.0,2
11535,20,14536,0.0,0.0,0.0,0.0,0.0,0.0,2
11536,20,14535,0.0,0.0,0.0,0.0,0.0,0.0,2
11537,20,14534,0.0,0.0,0.0,0.0,0.0,0.0,2
11538,20,14533,0.0,0.0,0.0,0.0,0.0,0.0,2
11539,20,14532,0.0,0.0,0.0,0.0,0.0,0.0,2
11540,20,14531,0.0,0.0,0.0,0.0,0.0,0.0,2
11541,20,14530,0.0,0.0,0.0,0.0,0.0,0.0,2
11542,20,14529,0.0,0.0,0.0,0.0,0.0,0.0,2
11543,20,14544,0.0,0.0,0.0,0.0,0.0,0.0,2
11544,20,14527,0.0,0.0,0.0,0.0,0.0,0.0,2
11545,20,14526,0.0,0.0,0.0,0.0,0.0,0.0,2
11546,20,14525,0.0,0.0,0.0,0.0,0.0,0.0,2
11547,20,14524,0.0,0.0,0.0,0.0,0.0,0.0,2
11548,20,14523,0.0,0.0,0.0,0.0,0.0,0.0,2
11549,20,14522,0.0,0.0,0.0,0.0,0.0,0.0,2
11550,20,14521,0.0,0.0,0.0,0.0,0.0,0.0,2
11551,20,14520,0.0,0.0,0.0,0.0,0.0,0.0,2
11552,20,14519,0.0,0.0,0.0,0.0,0.0,0.0,2
11553,20,14518,0.0,0.0,0.0,0.0,0.0,0.0,2
11554,20,14517,0.0,0.0,0.0,0.0,0.0,0.0,2
11555,20,14516,0.0,0.0,0.0,0.0,0.0,0.0,2
11556,20,14515,0.0,0.0,0.0,0.0,0.0,0.0,2
11557,20,14514,0.0,0.0,0.0,0.0,0.0,0.0,2
11558,20,14559,0.0,0.0,0.0,0.0,0.0,0.0,2
11559,20,14574,0.0,0.0,0.0,0.0,0.0,0.0,2
11560,20,14573,0.0,0.0,0.0,0.0,0.0,0.0,2
11561,20,14572,0.0,0.0,0.0,0.0,0.0,0.0,2
11562,20,14571,0.0,0.0,0.0,0.0,0.0,0.0,2
11563,20,14570,0.0,0.0,0.0,0.0,0.0,0.0,2
11564,20,14568,0.0,0.0,0.0,0.0,0.0,0.0,2
11565,20,14567,0.0,0.0,0.0,0.0,0.0,0.0,2
11566,20,14566,0.0,0.0,0.0,0.0,0.0,0.0,2
11567,20,14565,0.0,0.0,0.0,0.0,0.0,0.0,2
11568,20,14564,0.0,0.0,0.0,0.0,0.0,0.0,2
11569,20,14563,0.0,0.0,0.0,0.0,0.0,0.0,2
11570,20,14562,0.0,0.0,0.0,0.0,0.0,0.0,2
11571,20,14561,0.0,0.0,0.0,0.0,0.0,0.0,2
11572,20,14560,0.0,0.0,0.0,0.0,0.0,0.0,2
11573,20,14887,0.0,0.0,0.0,0.0,0.0,0.0,2
11574,20,14558,0.0,0.0,0.0,0.0,0.0,0.0,2
11575,20,14557,0.0,0.0,0.0,0.0,0.0,0.0,2
11576,20,14556,0.0,0.0,0.0,0.0,0.0,0.0,2
11577,20,14555,0.0,0.0,0.0,0.0,0.0,0.0,2
11578,20,14554,0.0,0.0,0.0,0.0,0.0,0.0,2
11579,20,14553,0.0,0.0,0.0,0.0,0.0,0.0,2
11580,20,14552,0.0,0.0,0.0,0.0,0.0,0.0,2
11581,20,14551,0.0,0.0,0.0,0.0,0.0,0.0,2
11582,20,14550,0.0,0.0,0.0,0.0,0.0,0.0,2
11583,20,14549,0.0,0.0,0.0,0.0,0.0,0.0,2
11584,20,14548,0.0,0.0,0.0,0.0,0.0,0.0,2
11585,20,14547,0.0,0.0,0.0,0.0,0.0,0.0,2
11586,20,14546,0.0,0.0,0.0,0.0,0.0,0.0,2
11587,20,14545,0.0,0.0,0.0,0.0,0.0,0.0,2
11588,20,15214,0.0,0.0,0.0,0.0,0.0,0.0,2
11589,20,15229,0.0,0.0,0.0,0.0,0.0,0.0,2
11590,20,15228,0.0,0.0,0.0,0.0,0.0,0.0,2
11591,20,15227,0.0,0.0,0.0,0.0,0.0,0.0,2
11592,20,15226,0.0,0.0,0.0,0.0,0.0,0.0,2
11593,20,15225,0.0,0.0,0.0,0.0,0.0,0.0,2
11594,20,15224,0.0,0.0,0.0,0.0,0.0,0.0,2
11595,20,15223,0.0,0.0,0.0,0.0,0.0,0.0,2
11596,20,15222,0.0,0.0,0.0,0.0,0.0,0.0,2
11597,20,15221,0.0,0.0,0.0,0.0,0.0,0.0,2
11598,20,15220,0.0,0.0,0.0,0.0,0.0,0.0,2
11599,20,15219,0.0,0.0,0.0,0.0,0.0,0.0,2
11600,20,15218,0.0,0.0,0.0,0.0,0.0,0.0,2
11601,20,15217,0.0,0.0,0.0,0.0,0.0,0.0,2
11602,20,15216,0.0,0.0,0.0,0.0,0.0,0.0,2
11603,20,15215,0.0,0.0,0.0,0.0,0.0,0.0,2
11604,20,15230,0.0,0.0,0.0,0.0,0.0,0.0,2
11605,20,15213,0.0,0.0,0.0,0.0,0.0,0.0,2
11606,20,15212,0.0,0.0,0.0,0.0,0.0,0.0,2
11607,20,15211,0.0,0.0,0.0,0.0,0.0,0.0,2
11608,20,15210,0.0,0.0,0.0,0.0,0.0,0.0,2
11609,20,15209,0.0,0.0,0.0,0.0,0.0,0.0,2
11610,20,15208,0.0,0.0,0.0,0.0,0.0,0.0,2
11611,20,15207,0.0,0.0,0.0,0.0,0.0,0.0,2
11612,20,15206,0.0,0.0,0.0,0.0,0.0,0.0,2
11613,20,15205,0.0,0.0,0.0,0.0,0.0,0.0,2
11614,20,15204,0.0,0.0,0.0,0.0,0.0,0.0,2
11615,20,15203,0.0,0.0,0.0,0.0,0.0,0.0,2
11616,20,15202,0.0,0.0,0.0,0.0,0.0,0.0,2
11617,20,15201,0.0,0.0,0.0,0.0,0.0,0.0,2
11618,20,15200,0.0,0.0,0.0,0.0,0.0,0.0,2
11619,20,15246,0.0,0.0,0.0,0.0,0.0,0.0,2
11620,20,15262,0.0,0.0,0.0,0.0,0.0,0.0,2
11621,20,15261,0.0,0.0,0.0,0.0,0.0,0.0,2
11622,20,15260,0.0,0.0,0.0,0.0,0.0,0.0,2
11623,20,15259,0.0,0.0,0.0,0.0,0.0,0.0,2
11624,20,15258,0.0,0.0,0.0,0.0,0.0,0.0,2
11625,20,15257,0.0,0.0,0.0,0.0,0.0,0.0,2
11626,20,15256,0.0,0.0,0.0,0.0,0.0,0.0,2
11627,20,15255,0.0,0.0,0.0,0.0,0.0,0.0,2
11628,20,15254,0.0,0.0,0.0,0.0,0.0,0.0,2
11629,20,15253,0.0,0.0,0.0,0.0,0.0,0.0,2
11630,20,15252,0.0,0.0,0.0,0.0,0.0,0.0,2
11631,20,15251,0.0,0.0,0.0,0.0,0.0,0.0,2
11632,20,15250,0.0,0.0,0.0,0.0,0.0,0.0,2
11633,20,15249,0.0,0.0,0.0,0.0,0.0,0.0,2
11634,20,15248,0.0,0.0,0.0,0.0,0.0,0.0,2
11635,20,15199,0.0,0.0,0.0,0.0,0.0,0.0,2
11636,20,15245,0.0,0.0,0.0,0.0,0.0,0.0,2
11637,20,15244,0.0,0.0,0.0,0.0,0.0,0.0,2
11638,20,15243,0.0,0.0,0.0,0.0,0.0,0.0,2
11639,20,15242,0.0,0.0,0.0,0.0,0.0,0.0,2
11640,20,15241,0.0,0.0,0.0,0.0,0.0,0.0,2
11641,20,15240,0.0,0.0,0.0,0.0,0.0,0.0,2
11642,20,15239,0.0,0.0,0.0,0.0,0.0,0.0,2
11643,20,15237,0.0,0.0,0.0,0.0,0.0,0.0,2
11644,20,15236,0.0,0.0,0.0,0.0,0.0,0.0,2
11645,20,15235,0.0,0.0,0.0,0.0,0.0,0.0,2
11646,20,15234,0.0,0.0,0.0,0.0,0.0,0.0,2
11647,20,15233,0.0,0.0,0.0,0.0,0.0,0.0,2
11648,20,15232,0.0,0.0,0.0,0.0,0.0,0.0,2
11649,20,15231,0.0,0.0,0.0,0.0,0.0,0.0,2
11650,20,15152,0.0,0.0,0.0,0.0,0.0,0.0,2
11651,20,15167,0.0,0.0,0.0,0.0,0.0,0.0,2
11652,20,15166,0.0,0.0,0.0,0.0,0.0,0.0,2
11653,20,15165,0.0,0.0,0.0,0.0,0.0,0.0,2
11654,20,15164,0.0,0.0,0.0,0.0,0.0,0.0,2
11655,20,15163,0.0,0.0,0.0,0.0,0.0,0.0,2
11656,20,15162,0.0,0.0,0.0,0.0,0.0,0.0,2
11657,20,15161,0.0,0.0,0.0,0.0,0.0,0.0,2
11658,20,15160,0.0,0.0,0.0,0.0,0.0,0.0,2
11659,20,15159,0.0,0.0,0.0,0.0,0.0,0.0,2
11660,20,15158,0.0,0.0,0.0,0.0,0.0,0.0,2
11661,20,15157,0.0,0.0,0.0,0.0,0.0,0.0,2
11662,20,15156,0.0,0.0,0.0,0.0,0.0,0.0,2
11663,20,15155,0.0,0.0,0.0,0.0,0.0,0.0,2
11664,20,15154,0.0,0.0,0.0,0.0,0.0,0.0,2
11665,20,15153,0.0,0.0,0.0,0.0,0.0,0.0,2
11666,20,15168,0.0,0.0,0.0,0.0,0.0,0.0,2
11667,20,15151,0.0,0.0,0.0,0.0,0.0,0.0,2
11668,20,15150,0.0,0.0,0.0,0.0,0.0,0.0,2
11669,20,15149,0.0,0.0,0.0,0.0,0.0,0.0,2
11670,20,15148,0.0,0.0,0.0,0.0,0.0,0.0,2
11671,20,15147,0.0,0.0,0.0,0.0,0.0,0.0,2
11672,20,15146,0.0,0.0,0.0,0.0,0.0,0.0,2
11673,20,15145,0.0,0.0,0.0,0.0,0.0,0.0,2
11674,20,15144,0.0,0.0,0.0,0.0,0.0,0.0,2
11675,20,15143,0.0,0.0,0.0,0.0,0.0,0.0,2
11676,20,15142,0.0,0.0,0.0,0.0,0.0,0.0,2
11677,20,15141,0.0,0.0,0.0,0.0,0.0,0.0,2
11678,20,15140,0.0,0.0,0.0,0.0,0.0,0.0,2
11679,20,15139,0.0,0.0,0.0,0.0,0.0,0.0,2
11680,20,15137,0.0,0.0,0.0,0.0,0.0,0.0,2
11681,20,15184,0.0,0.0,0.0,0.0,0.0,0.0,2
11682,20,15198,0.0,0.0,0.0,0.0,0.0,0.0,2
11683,20,15197,0.0,0.0,0.0,0.0,0.0,0.0,2
11684,20,15196,0.0,0.0,0.0,0.0,0.0,0.0,2
11685,20,15195,0.0,0.0,0.0,0.0,0.0,0.0,2
11686,20,15194,0.0,0.0,0.0,0.0,0.0,0.0,2
11687,20,15193,0.0,0.0,0.0,0.0,0.0,0.0,2
11688,20,15192,0.0,0.0,0.0,0.0,0.0,0.0,2
11689,20,15191,0.0,0.0,0.0,0.0,0.0,0.0,2
11690,20,15190,0.0,0.0,0.0,0.0,0.0,0.0,2
11691,20,15189,0.0,0.0,0.0,0.0,0.0,0.0,2
11692,20,15188,0.0,0.0,0.0,0.0,0.0,0.0,2
11693,20,15187,0.0,0.0,0.0,0.0,0.0,0.0,2
11694,20,15186,0.0,0.0,0.0,0.0,0.0,0.0,2
11695,20,15185,0.0,0.0,0.0,0.0,0.0,0.0,2
11696,20,15263,0.0,0.0,0.0,0.0,0.0,0.0,2
11697,20,15183,0.0,0.0,0.0,0.0,0.0,0.0,2
11698,20,15182,0.0,0.0,0.0,0.0,0.0,0.0,2
11699,20,15181,0.0,0.0,0.0,0.0,0.0,0.0,2
11700,20,15180,0.0,0.0,0.0,0.0,0.0,0.0,2
11701,20,15179,0.0,0.0,0.0,0.0,0.0,0.0,2
11702,20,15178,0.0,0.0,0.0,0.0,0.0,0.0,2
11703,20,15177,0.0,0.0,0.0,0.0,0.0,0.0,2
11704,20,15176,0.0,0.0,0.0,0.0,0.0,0.0,2
11705,20,15175,0.0,0.0,0.0,0.0,0.0,0.0,2
11706,20,15174,0.0,0.0,0.0,0.0,0.0,0.0,2
11707,20,15173,0.0,0.0,0.0,0.0,0.0,0.0,2
11708,20,15172,0.0,0.0,0.0,0.0,0.0,0.0,2
11709,20,15171,0.0,0.0,0.0,0.0,0.0,0.0,2
11710,20,15170,0.0,0.0,0.0,0.0,0.0,0.0,2
11711,20,15341,0.0,0.0,0.0,0.0,0.0,0.0,2
11712,20,15356,0.0,0.0,0.0,0.0,0.0,0.0,2
11713,20,15355,0.0,0.0,0.0,0.0,0.0,0.0,2
11714,20,15354,0.0,0.0,0.0,0.0,0.0,0.0,2
11715,20,15353,0.0,0.0,0.0,0.0,0.0,0.0,2
11716,20,15352,0.0,0.0,0.0,0.0,0.0,0.0,2
11717,20,15351,0.0,0.0,0.0,0.0,0.0,0.0,2
11718,20,15350,0.0,0.0,0.0,0.0,0.0,0.0,2
11719,20,15349,0.0,0.0,0.0,0.0,0.0,0.0,2
11720,20,15348,0.0,0.0,0.0,0.0,0.0,0.0,2
11721,20,15347,0.0,0.0,0.0,0.0,0.0,0.0,2
11722,20,15346,0.0,0.0,0.0,0.0,0.0,0.0,2
11723,20,15345,0.0,0.0,0.0,0.0,0.0,0.0,2
11724,20,15344,0.0,0.0,0.0,0.0,0.0,0.0,2
11725,20,15343,0.0,0.0,0.0,0.0,0.0,0.0,2
11726,20,15342,0.0,0.0,0.0,0.0,0.0,0.0,2
11727,20,15357,0.0,0.0,0.0,0.0,0.0,0.0,2
11728,20,15340,0.0,0.0,0.0,0.0,0.0,0.0,2
11729,20,15339,0.0,0.0,0.0,0.0,0.0,0.0,2
11730,20,15338,0.0,0.0,0.0,0.0,0.0,0.0,2
11731,20,15337,0.0,0.0,0.0,0.0,0.0,0.0,2
11732,20,15336,0.0,0.0,0.0,0.0,0.0,0.0,2
11733,20,15335,0.0,0.0,0.0,0.0,0.0,0.0,2
11734,20,15334,0.0,0.0,0.0,0.0,0.0,0.0,2
11735,20,15333,0.0,0.0,0.0,0.0,0.0,0.0,2
11736,20,15332,0.0,0.0,0.0,0.0,0.0,0.0,2
11737,20,15331,0.0,0.0,0.0,0.0,0.0,0.0,2
11738,20,15330,0.0,0.0,0.0,0.0,0.0,0.0,2
11739,20,15329,0.0,0.0,0.0,0.0,0.0,0.0,2
11740,20,15328,0.0,0.0,0.0,0.0,0.0,0.0,2
11741,20,15327,0.0,0.0,0.0,0.0,0.0,0.0,2
11742,20,15372,0.0,0.0,0.0,0.0,0.0,0.0,2
11743,20,15387,0.0,0.0,0.0,0.0,0.0,0.0,2
11744,20,15386,0.0,0.0,0.0,0.0,0.0,0.0,2
11745,20,15385,0.0,0.0,0.0,0.0,0.0,0.0,2
11746,20,15384,0.0,0.0,0.0,0.0,0.0,0.0,2
11747,20,15383,0.0,0.0,0.0,0.0,0.0,0.0,2
11748,20,15382,0.0,0.0,0.0,0.0,0.0,0.0,2
11749,20,15381,0.0,0.0,0.0,0.0,0.0,0.0,2
11750,20,15380,0.0,0.0,0.0,0.0,0.0,0.0,2
11751,20,15378,0.0,0.0,0.0,0.0,0.0,0.0,2
11752,20,15377,0.0,0.0,0.0,0.0,0.0,0.0,2
11753,20,15376,0.0,0.0,0.0,0.0,0.0,0.0,2
11754,20,15375,0.0,0.0,0.0,0.0,0.0,0.0,2
11755,20,15374,0.0,0.0,0.0,0.0,0.0,0.0,2
11756,20,15373,0.0,0.0,0.0,0.0,0.0,0.0,2
11757,20,15326,0.0,0.0,0.0,0.0,0.0,0.0,2
11758,20,15371,0.0,0.0,0.0,0.0,0.0,0.0,2
11759,20,15370,0.0,0.0,0.0,0.0,0.0,0.0,2
11760,20,15369,0.0,0.0,0.0,0.0,0.0,0.0,2
11761,20,15368,0.0,0.0,0.0,0.0,0.0,0.0,2
11762,20,15367,0.0,0.0,0.0,0.0,0.0,0.0,2
11763,20,15366,0.0,0.0,0.0,0.0,0.0,0.0,2
11764,20,15365,0.0,0.0,0.0,0.0,0.0,0.0,2
11765,20,15364,0.0,0.0,0.0,0.0,0.0,0.0,2
11766,20,15363,0.0,0.0,0.0,0.0,0.0,0.0,2
11767,20,15362,0.0,0.0,0.0,0.0,0.0,0.0,2
11768,20,15361,0.0,0.0,0.0,0.0,0.0,0.0,2
11769,20,15360,0.0,0.0,0.0,0.0,0.0,0.0,2
11770,20,15359,0.0,0.0,0.0,0.0,0.0,0.0,2
11771,20,15358,0.0,0.0,0.0,0.0,0.0,0.0,2
11772,20,15278,0.0,0.0,0.0,0.0,0.0,0.0,2
11773,20,15293,0.0,0.0,0.0,0.0,0.0,0.0,2
11774,20,15292,0.0,0.0,0.0,0.0,0.0,0.0,2
11775,20,15291,0.0,0.0,0.0,0.0,0.0,0.0,2
11776,20,15290,0.0,0.0,0.0,0.0,0.0,0.0,2
11777,20,15289,0.0,0.0,0.0,0.0,0.0,0.0,2
11778,20,15288,0.0,0.0,0.0,0.0,0.0,0.0,2
11779,20,15287,0.0,0.0,0.0,0.0,0.0,0.0,2
11780,20,15286,0.0,0.0,0.0,0.0,0.0,0.0,2
11781,20,15285,0.0,0.0,0.0,0.0,0.0,0.0,2
11782,20,15284,0.0,0.0,0.0,0.0,0.0,0.0,2
11783,20,15283,0.0,0.0,0.0,0.0,0.0,0.0,2
11784,20,15282,0.0,0.0,0.0,0.0,0.0,0.0,2
11785,20,15281,0.0,0.0,0.0,0.0,0.0,0.0,2
11786,20,15280,0.0,0.0,0.0,0.0,0.0,0.0,2
11787,20,15279,0.0,0.0,0.0,0.0,0.0,0.0,2
11788,20,15294,0.0,0.0,0.0,0.0,0.0,0.0,2
11789,20,15277,0.0,0.0,0.0,0.0,0.0,0.0,2
11790,20,15276,0.0,0.0,0.0,0.0,0.0,0.0,2
11791,20,15275,0.0,0.0,0.0,0.0,0.0,0.0,2
11792,20,15274,0.0,0.0,0.0,0.0,0.0,0.0,2
11793,20,15273,0.0,0.0,0.0,0.0,0.0,0.0,2
11794,20,15272,0.0,0.0,0.0,0.0,0.0,0.0,2
11795,20,15271,0.0,0.0,0.0,0.0,0.0,0.0,2
11796,20,15270,0.0,0.0,0.0,0.0,0.0,0.0,2
11797,20,15269,0.0,0.0,0.0,0.0,0.0,0.0,2
11798,20,15268,0.0,0.0,0.0,0.0,0.0,0.0,2
11799,20,15267,0.0,0.0,0.0,0.0,0.0,0.0,2
11800,20,15266,0.0,0.0,0.0,0.0,0.0,0.0,2
11801,20,15265,0.0,0.0,0.0,0.0,0.0,0.0,2
11802,20,15264,0.0,0.0,0.0,0.0,0.0,0.0,2
11803,20,15310,0.0,0.0,0.0,0.0,0.0,0.0,2
11804,20,15325,0.0,0.0,0.0,0.0,0.0,0.0,2
11805,20,15324,0.0,0.0,0.0,0.0,0.0,0.0,2
11806,20,15323,0.0,0.0,0.0,0.0,0.0,0.0,2
11807,20,15322,0.0,0.0,0.0,0.0,0.0,0.0,2
11808,20,15321,0.0,0.0,0.0,0.0,0.0,0.0,2
11809,20,15320,0.0,0.0,0.0,0.0,0.0,0.0,2
11810,20,15319,0.0,0.0,0.0,0.0,0.0,0.0,2
11811,20,15318,0.0,0.0,0.0,0.0,0.0,0.0,2
11812,20,15317,0.0,0.0,0.0,0.0,0.0,0.0,2
11813,20,15316,0.0,0.0,0.0,0.0,0.0,0.0,2
11814,20,15315,0.0,0.0,0.0,0.0,0.0,0.0,2
11815,20,15313,0.0,0.0,0.0,0.0,0.0,0.0,2
11816,20,15312,0.0,0.0,0.0,0.0,0.0,0.0,2
11817,20,15311,0.0,0.0,0.0,0.0,0.0,0.0,2
11818,20,15136,0.0,0.0,0.0,0.0,0.0,0.0,2
11819,20,15309,0.0,0.0,0.0,0.0,0.0,0.0,2
11820,20,15308,0.0,0.0,0.0,0.0,0.0,0.0,2
11821,20,15307,0.0,0.0,0.0,0.0,0.0,0.0,2
11822,20,15306,0.0,0.0,0.0,0.0,0.0,0.0,2
11823,20,15305,0.0,0.0,0.0,0.0,0.0,0.0,2
11824,20,15304,0.0,0.0,0.0,0.0,0.0,0.0,2
11825,20,15303,0.0,0.0,0.0,0.0,0.0,0.0,2
11826,20,15302,0.0,0.0,0.0,0.0,0.0,0.0,2
11827,20,15301,0.0,0.0,0.0,0.0,0.0,0.0,2
11828,20,15300,0.0,0.0,0.0,0.0,0.0,0.0,2
11829,20,15298,0.0,0.0,0.0,0.0,0.0,0.0,2
11830,20,15297,0.0,0.0,0.0,0.0,0.0,0.0,2
11831,20,15296,0.0,0.0,0.0,0.0,0.0,0.0,2
11832,20,15295,0.0,0.0,0.0,0.0,0.0,0.0,2
11833,20,14965,0.0,0.0,0.0,0.0,0.0,0.0,2
11834,20,14980,0.0,0.0,0.0,0.0,0.0,0.0,2
11835,20,14979,0.0,0.0,0.0,0.0,0.0,0.0,2
11836,20,14978,0.0,0.0,0.0,0.0,0.0,0.0,2
11837,20,14977,0.0,0.0,0.0,0.0,0.0,0.0,2
11838,20,14976,0.0,0.0,0.0,0.0,0.0,0.0,2
11839,20,14975,0.0,0.0,0.0,0.0,0.0,0.0,2
11840,20,14974,0.0,0.0,0.0,0.0,0.0,0.0,2
11841,20,14973,0.0,0.0,0.0,0.0,0.0,0.0,2
11842,20,14972,0.0,0.0,0.0,0.0,0.0,0.0,2
11843,20,14971,0.0,0.0,0.0,0.0,0.0,0.0,2
11844,20,14970,0.0,0.0,0.0,0.0,0.0,0.0,2
11845,20,14969,0.0,0.0,0.0,0.0,0.0,0.0,2
11846,20,14968,0.0,0.0,0.0,0.0,0.0,0.0,2
11847,20,14967,0.0,0.0,0.0,0.0,0.0,0.0,2
11848,20,14966,0.0,0.0,0.0,0.0,0.0,0.0,2
11849,20,14981,0.0,0.0,0.0,0.0,0.0,0.0,2
11850,20,14964,0.0,0.0,0.0,0.0,0.0,0.0,2
11851,20,14963,0.0,0.0,0.0,0.0,0.0,0.0,2
11852,20,14962,0.0,0.0,0.0,0.0,0.0,0.0,2
11853,20,14961,0.0,0.0,0.0,0.0,0.0,0.0,2
11854,20,14960,0.0,0.0,0.0,0.0,0.0,0.0,2
11855,20,14959,0.0,0.0,0.0,0.0,0.0,0.0,2
11856,20,14958,0.0,0.0,0.0,0.0,0.0,0.0,2
11857,20,14957,0.0,0.0,0.0,0.0,0.0,0.0,2
11858,20,14956,0.0,0.0,0.0,0.0,0.0,0.0,2
11859,20,14955,0.0,0.0,0.0,0.0,0.0,0.0,2
11860,20,14954,0.0,0.0,0.0,0.0,0.0,0.0,2
11861,20,14953,0.0,0.0,0.0,0.0,0.0,0.0,2
11862,20,14952,0.0,0.0,0.0,0.0,0.0,0.0,2
11863,20,14951,0.0,0.0,0.0,0.0,0.0,0.0,2
11864,20,14997,0.0,0.0,0.0,0.0,0.0,0.0,2
11865,20,15012,0.0,0.0,0.0,0.0,0.0,0.0,2
11866,20,15011,0.0,0.0,0.0,0.0,0.0,0.0,2
11867,20,15010,0.0,0.0,0.0,0.0,0.0,0.0,2
11868,20,15009,0.0,0.0,0.0,0.0,0.0,0.0,2
11869,20,15008,0.0,0.0,0.0,0.0,0.0,0.0,2
11870,20,15007,0.0,0.0,0.0,0.0,0.0,0.0,2
11871,20,15006,0.0,0.0,0.0,0.0,0.0,0.0,2
11872,20,15005,0.0,0.0,0.0,0.0,0.0,0.0,2
11873,20,15004,0.0,0.0,0.0,0.0,0.0,0.0,2
11874,20,15003,0.0,0.0,0.0,0.0,0.0,0.0,2
11875,20,15002,0.0,0.0,0.0,0.0,0.0,0.0,2
11876,20,15001,0.0,0.0,0.0,0.0,0.0,0.0,2
11877,20,15000,0.0,0.0,0.0,0.0,0.0,0.0,2
11878,20,14999,0.0,0.0,0.0,0.0,0.0,0.0,2
11879,20,14998,0.0,0.0,0.0,0.0,0.0,0.0,2
11880,20,14950,0.0,0.0,0.0,0.0,0.0,0.0,2
11881,20,14996,0.0,0.0,0.0,0.0,0.0,0.0,2
11882,20,14995,0.0,0.0,0.0,0.0,0.0,0.0,2
11883,20,14994,0.0,0.0,0.0,0.0,0.0,0.0,2
11884,20,14993,0.0,0.0,0.0,0.0,0.0,0.0,2
11885,20,14992,0.0,0.0,0.0,0.0,0.0,0.0,2
11886,20,14990,0.0,0.0,0.0,0.0,0.0,0.0,2
11887,20,14989,0.0,0.0,0.0,0.0,0.0,0.0,2
11888,20,14988,0.0,0.0,0.0,0.0,0.0,0.0,2
11889,20,14987,0.0,0.0,0.0,0.0,0.0,0.0,2
11890,20,14986,0.0,0.0,0.0,0.0,0.0,0.0,2
11891,20,14985,0.0,0.0,0.0,0.0,0.0,0.0,2
11892,20,14984,0.0,0.0,0.0,0.0,0.0,0.0,2
11893,20,14983,0.0,0.0,0.0,0.0,0.0,0.0,2
11894,20,14982,0.0,0.0,0.0,0.0,0.0,0.0,2
11895,20,14903,0.0,0.0,0.0,0.0,0.0,0.0,2
11896,20,14918,0.0,0.0,0.0,0.0,0.0,0.0,2
11897,20,14917,0.0,0.0,0.0,0.0,0.0,0.0,2
11898,20,14916,0.0,0.0,0.0,0.0,0.0,0.0,2
11899,20,14915,0.0,0.0,0.0,0.0,0.0,0.0,2
11900,20,14914,0.0,0.0,0.0,0.0,0.0,0.0,2
11901,20,14913,0.0,0.0,0.0,0.0,0.0,0.0,2
11902,20,14912,0.0,0.0,0.0,0.0,0.0,0.0,2
11903,20,14911,0.0,0.0,0.0,0.0,0.0,0.0,2
11904,20,14910,0.0,0.0,0.0,0.0,0.0,0.0,2
11905,20,14909,0.0,0.0,0.0,0.0,0.0,0.0,2
11906,20,14908,0.0,0.0,0.0,0.0,0.0,0.0,2
11907,20,14907,0.0,0.0,0.0,0.0,0.0,0.0,2
11908,20,14906,0.0,0.0,0.0,0.0,0.0,0.0,2
11909,20,14905,0.0,0.0,0.0,0.0,0.0,0.0,2
11910,20,14904,0.0,0.0,0.0,0.0,0.0,0.0,2
11911,20,14919,0.0,0.0,0.0,0.0,0.0,0.0,2
11912,20,14902,0.0,0.0,0.0,0.0,0.0,0.0,2
11913,20,14901,0.0,0.0,0.0,0.0,0.0,0.0,2
11914,20,14900,0.0,0.0,0.0,0.0,0.0,0.0,2
11915,20,14899,0.0,0.0,0.0,0.0,0.0,0.0,2
11916,20,14898,0.0,0.0,0.0,0.0,0.0,0.0,2
11917,20,14897,0.0,0.0,0.0,0.0,0.0,0.0,2
11918,20,14896,0.0,0.0,0.0,0.0,0.0,0.0,2
11919,20,14895,0.0,0.0,0.0,0.0,0.0,0.0,2
11920,20,14894,0.0,0.0,0.0,0.0,0.0,0.0,2
11921,20,14893,0.0,0.0,0.0,0.0,0.0,0.0,2
11922,20,14892,0.0,0.0,0.0,0.0,0.0,0.0,2
11923,20,14891,0.0,0.0,0.0,0.0,0.0,0.0,2
11924,20,14890,0.0,0.0,0.0,0.0,0.0,0.0,2
11925,20,14888,0.0,0.0,0.0,0.0,0.0,0.0,2
11926,20,14934,0.0,0.0,0.0,0.0,0.0,0.0,2
11927,20,14949,0.0,0.0,0.0,0.0,0.0,0.0,2
11928,20,14947,0.0,0.0,0.0,0.0,0.0,0.0,2
11929,20,14946,0.0,0.0,0.0,0.0,0.0,0.0,2
11930,20,14945,0.0,0.0,0.0,0.0,0.0,0.0,2
11931,20,14944,0.0,0.0,0.0,0.0,0.0,0.0,2
11932,20,14943,0.0,0.0,0.0,0.0,0.0,0.0,2
11933,20,14942,0.0,0.0,0.0,0.0,0.0,0.0,2
11934,20,14941,0.0,0.0,0.0,0.0,0.0,0.0,2
11935,20,14940,0.0,0.0,0.0,0.0,0.0,0.0,2
11936,20,14939,0.0,0.0,0.0,0.0,0.0,0.0,2
11937,20,14938,0.0,0.0,0.0,0.0,0.0,0.0,2
11938,20,14937,0.0,0.0,0.0,0.0,0.0,0.0,2
11939,20,14936,0.0,0.0,0.0,0.0,0.0,0.0,2
11940,20,14935,0.0,0.0,0.0,0.0,0.0,0.0,2
11941,20,15013,0.0,0.0,0.0,0.0,0.0,0.0,2
11942,20,14933,0.0,0.0,0.0,0.0,0.0,0.0,2
11943,20,14932,0.0,0.0,0.0,0.0,0.0,0.0,2
11944,20,14931,0.0,0.0,0.0,0.0,0.0,0.0,2
11945,20,14930,0.0,0.0,0.0,0.0,0.0,0.0,2
11946,20,14929,0.0,0.0,0.0,0.0,0.0,0.0,2
11947,20,14928,0.0,0.0,0.0,0.0,0.0,0.0,2
11948,20,14927,0.0,0.0,0.0,0.0,0.0,0.0,2
11949,20,14926,0.0,0.0,0.0,0.0,0.0,0.0,2
11950,20,14925,0.0,0.0,0.0,0.0,0.0,0.0,2
11951,20,14924,0.0,0.0,0.0,0.0,0.0,0.0,2
11952,20,14923,0.0,0.0,0.0,0.0,0.0,0.0,2
11953,20,14922,0.0,0.0,0.0,0.0,0.0,0.0,2
11954,20,14921,0.0,0.0,0.0,0.0,0.0,0.0,2
11955,20,14920,0.0,0.0,0.0,0.0,0.0,0.0,2
11956,20,15090,0.0,0.0,0.0,0.0,0.0,0.0,2
11957,20,15105,0.0,0.0,0.0,0.0,0.0,0.0,2
11958,20,15104,0.0,0.0,0.0,0.0,0.0,0.0,2
11959,20,15103,0.0,0.0,0.0,0.0,0.0,0.0,2
11960,20,15102,0.0,0.0,0.0,0.0,0.0,0.0,2
11961,20,15101,0.0,0.0,0.0,0.0,0.0,0.0,2
11962,20,15100,0.0,0.0,0.0,0.0,0.0,0.0,2
11963,20,15099,0.0,0.0,0.0,0.0,0.0,0.0,2
11964,20,15098,0.0,0.0,0.0,0.0,0.0,0.0,2
11965,20,15097,0.0,0.0,0.0,0.0,0.0,0.0,2
11966,20,15096,0.0,0.0,0.0,0.0,0.0,0.0,2
11967,20,15095,0.0,0.0,0.0,0.0,0.0,0.0,2
11968,20,15094,0.0,0.0,0.0,0.0,0.0,0.0,2
11969,20,15093,0.0,0.0,0.0,0.0,0.0,0.0,2
11970,20,15092,0.0,0.0,0.0,0.0,0.0,0.0,2
11971,20,15091,0.0,0.0,0.0,0.0,0.0,0.0,2
11972,20,15106,0.0,0.0,0.0,0.0,0.0,0.0,2
11973,20,15089,0.0,0.0,0.0,0.0,0.0,0.0,2
11974,20,15088,0.0,0.0,0.0,0.0,0.0,0.0,2
11975,20,15087,0.0,0.0,0.0,0.0,0.0,0.0,2
11976,20,15086,0.0,0.0,0.0,0.0,0.0,0.0,2
11977,20,15085,0.0,0.0,0.0,0.0,0.0,0.0,2
11978,20,15084,0.0,0.0,0.0,0.0,0.0,0.0,2
11979,20,15083,0.0,0.0,0.0,0.0,0.0,0.0,2
11980,20,15082,0.0,0.0,0.0,0.0,0.0,0.0,2
11981,20,15081,0.0,0.0,0.0,0.0,0.0,0.0,2
11982,20,15080,0.0,0.0,0.0,0.0,0.0,0.0,2
11983,20,15079,0.0,0.0,0.0,0.0,0.0,0.0,2
11984,20,15078,0.0,0.0,0.0,0.0,0.0,0.0,2
11985,20,15077,0.0,0.0,0.0,0.0,0.0,0.0,2
11986,20,15076,0.0,0.0,0.0,0.0,0.0,0.0,2
11987,20,15121,0.0,0.0,0.0,0.0,0.0,0.0,2
11988,20,15135,0.0,0.0,0.0,0.0,0.0,0.0,2
11989,20,15134,0.0,0.0,0.0,0.0,0.0,0.0,2
11990,20,15133,0.0,0.0,0.0,0.0,0.0,0.0,2
11991,20,15132,0.0,0.0,0.0,0.0,0.0,0.0,2
11992,20,15131,0.0,0.0,0.0,0.0,0.0,0.0,2
11993,20,15130,0.0,0.0,0.0,0.0,0.0,0.0,2
11994,20,15129,0.0,0.0,0.0,0.0,0.0,0.0,2
11995,20,15128,0.0,0.0,0.0,0.0,0.0,0.0,2
11996,20,15127,0.0,0.0,0.0,0.0,0.0,0.0,2
11997,20,15126,0.0,0.0,0.0,0.0,0.0,0.0,2
11998,20,15125,0.0,0.0,0.0,0.0,0.0,0.0,2
11999,20,15124,0.0,0.0,0.0,0.0,0.0,0.0,2
12000,20,15123,0.0,0.0,0.0,0.0,0.0,0.0,2
12001,20,15122,0.0,0.0,0.0,0.0,0.0,0.0,2
12002,20,15075,0.0,0.0,0.0,0.0,0.0,0.0,2
12003,20,15120,0.0,0.0,0.0,0.0,0.0,0.0,2
12004,20,15119,0.0,0.0,0.0,0.0,0.0,0.0,2
12005,20,15118,0.0,0.0,0.0,0.0,0.0,0.0,2
12006,20,15117,0.0,0.0,0.0,0.0,0.0,0.0,2
12007,20,15116,0.0,0.0,0.0,0.0,0.0,0.0,2
12008,20,15115,0.0,0.0,0.0,0.0,0.0,0.0,2
12009,20,15114,0.0,0.0,0.0,0.0,0.0,0.0,2
12010,20,15113,0.0,0.0,0.0,0.0,0.0,0.0,2
12011,20,15112,0.0,0.0,0.0,0.0,0.0,0.0,2
12012,20,15111,0.0,0.0,0.0,0.0,0.0,0.0,2
12013,20,15110,0.0,0.0,0.0,0.0,0.0,0.0,2
12014,20,15109,0.0,0.0,0.0,0.0,0.0,0.0,2
12015,20,15108,0.0,0.0,0.0,0.0,0.0,0.0,2
12016,20,15107,0.0,0.0,0.0,0.0,0.0,0.0,2
12017,20,15028,0.0,0.0,0.0,0.0,0.0,0.0,2
12018,20,15043,0.0,0.0,0.0,0.0,0.0,0.0,2
12019,20,15042,0.0,0.0,0.0,0.0,0.0,0.0,2
12020,20,15041,0.0,0.0,0.0,0.0,0.0,0.0,2
12021,20,15040,0.0,0.0,0.0,0.0,0.0,0.0,2
12022,20,15039,0.0,0.0,0.0,0.0,0.0,0.0,2
12023,20,15038,0.0,0.0,0.0,0.0,0.0,0.0,2
12024,20,15037,0.0,0.0,0.0,0.0,0.0,0.0,2
12025,20,15036,0.0,0.0,0.0,0.0,0.0,0.0,2
12026,20,15035,0.0,0.0,0.0,0.0,0.0,0.0,2
12027,20,15034,0.0,0.0,0.0,0.0,0.0,0.0,2
12028,20,15033,0.0,0.0,0.0,0.0,0.0,0.0,2
12029,20,15032,0.0,0.0,0.0,0.0,0.0,0.0,2
12030,20,15031,0.0,0.0,0.0,0.0,0.0,0.0,2
12031,20,15030,0.0,0.0,0.0,0.0,0.0,0.0,2
12032,20,15029,0.0,0.0,0.0,0.0,0.0,0.0,2
12033,20,15044,0.0,0.0,0.0,0.0,0.0,0.0,2
12034,20,15027,0.0,0.0,0.0,0.0,0.0,0.0,2
12035,20,15026,0.0,0.0,0.0,0.0,0.0,0.0,2
12036,20,15025,0.0,0.0,0.0,0.0,0.0,0.0,2
12037,20,15024,0.0,0.0,0.0,0.0,0.0,0.0,2
12038,20,15023,0.0,0.0,0.0,0.0,0.0,0.0,2
12039,20,15022,0.0,0.0,0.0,0.0,0.0,0.0,2
12040,20,15021,0.0,0.0,0.0,0.0,0.0,0.0,2
12041,20,15020,0.0,0.0,0.0,0.0,0.0,0.0,2
12042,20,15019,0.0,0.0,0.0,0.0,0.0,0.0,2
12043,20,15018,0.0,0.0,0.0,0.0,0.0,0.0,2
12044,20,15017,0.0,0.0,0.0,0.0,0.0,0.0,2
12045,20,15016,0.0,0.0,0.0,0.0,0.0,0.0,2
12046,20,15015,0.0,0.0,0.0,0.0,0.0,0.0,2
12047,20,15014,0.0,0.0,0.0,0.0,0.0,0.0,2
12048,20,15060,0.0,0.0,0.0,0.0,0.0,0.0,2
12049,20,15074,0.0,0.0,0.0,0.0,0.0,0.0,2
12050,20,15073,0.0,0.0,0.0,0.0,0.0,0.0,2
12051,20,15072,0.0,0.0,0.0,0.0,0.0,0.0,2
12052,20,15071,0.0,0.0,0.0,0.0,0.0,0.0,2
12053,20,15070,0.0,0.0,0.0,0.0,0.0,0.0,2
12054,20,15069,0.0,0.0,0.0,0.0,0.0,0.0,2
12055,20,15068,0.0,0.0,0.0,0.0,0.0,0.0,2
12056,20,15067,0.0,0.0,0.0,0.0,0.0,0.0,2
12057,20,15066,0.0,0.0,0.0,0.0,0.0,0.0,2
12058,20,15065,0.0,0.0,0.0,0.0,0.0,0.0,2
12059,20,15064,0.0,0.0,0.0,0.0,0.0,0.0,2
12060,20,15063,0.0,0.0,0.0,0.0,0.0,0.0,2
12061,20,15062,0.0,0.0,0.0,0.0,0.0,0.0,2
12062,20,15061,0.0,0.0,0.0,0.0,0.0,0.0,2
12063,20,12390,0.0,0.0,0.0,0.0,0.0,0.0,2
12064,20,15059,0.0,0.0,0.0,0.0,0.0,0.0,2
12065,20,15058,0.0,0.0,0.0,0.0,0.0,0.0,2
12066,20,15057,0.0,0.0,0.0,0.0,0.0,0.0,2
12067,20,15056,0.0,0.0,0.0,0.0,0.0,0.0,2
12068,20,15055,0.0,0.0,0.0,0.0,0.0,0.0,2
12069,20,15053,0.0,0.0,0.0,0.0,0.0,0.0,2
12070,20,15052,0.0,0.0,0.0,0.0,0.0,0.0,2
12071,20,15051,0.0,0.0,0.0,0.0,0.0,0.0,2
12072,20,15050,0.0,0.0,0.0,0.0,0.0,0.0,2
12073,20,15049,0.0,0.0,0.0,0.0,0.0,0.0,2
12074,20,15048,0.0,0.0,0.0,0.0,0.0,0.0,2
12075,20,15047,0.0,0.0,0.0,0.0,0.0,0.0,2
12076,20,15046,0.0,0.0,0.0,0.0,0.0,0.0,2
12077,20,15045,0.0,0.0,0.0,0.0,0.0,0.0,2
12078,20,9717,0.0,0.0,0.0,0.0,0.0,0.0,2
12079,20,9732,0.0,0.0,0.0,0.0,0.0,0.0,2
12080,20,9731,0.0,0.0,0.0,0.0,0.0,0.0,2
12081,20,9730,0.0,0.0,0.0,0.0,0.0,0.0,2
12082,20,9729,0.0,0.0,0.0,0.0,0.0,0.0,2
12083,20,9728,0.0,0.0,0.0,0.0,0.0,0.0,2
12084,20,9727,0.0,0.0,0.0,0.0,0.0,0.0,2
12085,20,9726,0.0,0.0,0.0,0.0,0.0,0.0,2
12086,20,9725,0.0,0.0,0.0,0.0,0.0,0.0,2
12087,20,9724,0.0,0.0,0.0,0.0,0.0,0.0,2
12088,20,9723,0.0,0.0,0.0,0.0,0.0,0.0,2
12089,20,9722,0.0,0.0,0.0,0.0,0.0,0.0,2
12090,20,9721,0.0,0.0,0.0,0.0,0.0,0.0,2
12091,20,9720,0.0,0.0,0.0,0.0,0.0,0.0,2
12092,20,9719,0.0,0.0,0.0,0.0,0.0,0.0,2
12093,20,9718,0.0,0.0,0.0,0.0,0.0,0.0,2
12094,20,9733,0.0,0.0,0.0,0.0,0.0,0.0,2
12095,20,9716,0.0,0.0,0.0,0.0,0.0,0.0,2
12096,20,9715,0.0,0.0,0.0,0.0,0.0,0.0,2
12097,20,9713,0.0,0.0,0.0,0.0,0.0,0.0,2
12098,20,9712,0.0,0.0,0.0,0.0,0.0,0.0,2
12099,20,9711,0.0,0.0,0.0,0.0,0.0,0.0,2
12100,20,9710,0.0,0.0,0.0,0.0,0.0,0.0,2
12101,20,9709,0.0,0.0,0.0,0.0,0.0,0.0,2
12102,20,9708,0.0,0.0,0.0,0.0,0.0,0.0,2
12103,20,9707,0.0,0.0,0.0,0.0,0.0,0.0,2
12104,20,9706,0.0,0.0,0.0,0.0,0.0,0.0,2
12105,20,9705,0.0,0.0,0.0,0.0,0.0,0.0,2
12106,20,9704,0.0,0.0,0.0,0.0,0.0,0.0,2
12107,20,9703,0.0,0.0,0.0,0.0,0.0,0.0,2
12108,20,9702,0.0,0.0,0.0,0.0,0.0,0.0,2
12109,20,9748,0.0,0.0,0.0,0.0,0.0,0.0,2
12110,20,9763,0.0,0.0,0.0,0.0,0.0,0.0,2
12111,20,9762,0.0,0.0,0.0,0.0,0.0,0.0,2
12112,20,9761,0.0,0.0,0.0,0.0,0.0,0.0,2
12113,20,9760,0.0,0.0,0.0,0.0,0.0,0.0,2
12114,20,9759,0.0,0.0,0.0,0.0,0.0,0.0,2
12115,20,9758,0.0,0.0,0.0,0.0,0.0,0.0,2
12116,20,9757,0.0,0.0,0.0,0.0,0.0,0.0,2
12117,20,9756,0.0,0.0,0.0,0.0,0.0,0.0,2
12118,20,9755,0.0,0.0,0.0,0.0,0.0,0.0,2
12119,20,9754,0.0,0.0,0.0,0.0,0.0,0.0,2
12120,20,9753,0.0,0.0,0.0,0.0,0.0,0.0,2
12121,20,9752,0.0,0.0,0.0,0.0,0.0,0.0,2
12122,20,9751,0.0,0.0,0.0,0.0,0.0,0.0,2
12123,20,9750,0.0,0.0,0.0,0.0,0.0,0.0,2
12124,20,9749,0.0,0.0,0.0,0.0,0.0,0.0,2
12125,20,9701,0.0,0.0,0.0,0.0,0.0,0.0,2
12126,20,9747,0.0,0.0,0.0,0.0,0.0,0.0,2
12127,20,9746,0.0,0.0,0.0,0.0,0.0,0.0,2
12128,20,9745,0.0,0.0,0.0,0.0,0.0,0.0,2
12129,20,9744,0.0,0.0,0.0,0.0,0.0,0.0,2
12130,20,9743,0.0,0.0,0.0,0.0,0.0,0.0,2
12131,20,9742,0.0,0.0,0.0,0.0,0.0,0.0,2
12132,20,9741,0.0,0.0,0.0,0.0,0.0,0.0,2
12133,20,9740,0.0,0.0,0.0,0.0,0.0,0.0,2
12134,20,9739,0.0,0.0,0.0,0.0,0.0,0.0,2
12135,20,9738,0.0,0.0,0.0,0.0,0.0,0.0,2
12136,20,9737,0.0,0.0,0.0,0.0,0.0,0.0,2
12137,20,9736,0.0,0.0,0.0,0.0,0.0,0.0,2
12138,20,9735,0.0,0.0,0.0,0.0,0.0,0.0,2
12139,20,9734,0.0,0.0,0.0,0.0,0.0,0.0,2
12140,20,9653,0.0,0.0,0.0,0.0,0.0,0.0,2
12141,20,9668,0.0,0.0,0.0,0.0,0.0,0.0,2
12142,20,9667,0.0,0.0,0.0,0.0,0.0,0.0,2
12143,20,9666,0.0,0.0,0.0,0.0,0.0,0.0,2
12144,20,9665,0.0,0.0,0.0,0.0,0.0,0.0,2
12145,20,9664,0.0,0.0,0.0,0.0,0.0,0.0,2
12146,20,9663,0.0,0.0,0.0,0.0,0.0,0.0,2
12147,20,9662,0.0,0.0,0.0,0.0,0.0,0.0,2
12148,20,9661,0.0,0.0,0.0,0.0,0.0,0.0,2
12149,20,9660,0.0,0.0,0.0,0.0,0.0,0.0,2
12150,20,9659,0.0,0.0,0.0,0.0,0.0,0.0,2
12151,20,9658,0.0,0.0,0.0,0.0,0.0,0.0,2
12152,20,9657,0.0,0.0,0.0,0.0,0.0,0.0,2
12153,20,9656,0.0,0.0,0.0,0.0,0.0,0.0,2
12154,20,9655,0.0,0.0,0.0,0.0,0.0,0.0,2
12155,20,9654,0.0,0.0,0.0,0.0,0.0,0.0,2
12156,20,9669,0.0,0.0,0.0,0.0,0.0,0.0,2
12157,20,9652,0.0,0.0,0.0,0.0,0.0,0.0,2
12158,20,9651,0.0,0.0,0.0,0.0,0.0,0.0,2
12159,20,9650,0.0,0.0,0.0,0.0,0.0,0.0,2
12160,20,9649,0.0,0.0,0.0,0.0,0.0,0.0,2
12161,20,9648,0.0,0.0,0.0,0.0,0.0,0.0,2
12162,20,9647,0.0,0.0,0.0,0.0,0.0,0.0,2
12163,20,9646,0.0,0.0,0.0,0.0,0.0,0.0,2
12164,20,9645,0.0,0.0,0.0,0.0,0.0,0.0,2
12165,20,9644,0.0,0.0,0.0,0.0,0.0,0.0,2
12166,20,9643,0.0,0.0,0.0,0.0,0.0,0.0,2
12167,20,9642,0.0,0.0,0.0,0.0,0.0,0.0,2
12168,20,9641,0.0,0.0,0.0,0.0,0.0,0.0,2
12169,20,9640,0.0,0.0,0.0,0.0,0.0,0.0,2
12170,20,9639,0.0,0.0,0.0,0.0,0.0,0.0,2
12171,20,9685,0.0,0.0,0.0,0.0,0.0,0.0,2
12172,20,9700,0.0,0.0,0.0,0.0,0.0,0.0,2
12173,20,9699,0.0,0.0,0.0,0.0,0.0,0.0,2
12174,20,9698,0.0,0.0,0.0,0.0,0.0,0.0,2
12175,20,9697,0.0,0.0,0.0,0.0,0.0,0.0,2
12176,20,9696,0.0,0.0,0.0,0.0,0.0,0.0,2
12177,20,9695,0.0,0.0,0.0,0.0,0.0,0.0,2
12178,20,9694,0.0,0.0,0.0,0.0,0.0,0.0,2
12179,20,9692,0.0,0.0,0.0,0.0,0.0,0.0,2
12180,20,9691,0.0,0.0,0.0,0.0,0.0,0.0,2
12181,20,9690,0.0,0.0,0.0,0.0,0.0,0.0,2
12182,20,9689,0.0,0.0,0.0,0.0,0.0,0.0,2
12183,20,9688,0.0,0.0,0.0,0.0,0.0,0.0,2
12184,20,9687,0.0,0.0,0.0,0.0,0.0,0.0,2
12185,20,9686,0.0,0.0,0.0,0.0,0.0,0.0,2
12186,20,9764,0.0,0.0,0.0,0.0,0.0,0.0,2
12187,20,9684,0.0,0.0,0.0,0.0,0.0,0.0,2
12188,20,9683,0.0,0.0,0.0,0.0,0.0,0.0,2
12189,20,9682,0.0,0.0,0.0,0.0,0.0,0.0,2
12190,20,9681,0.0,0.0,0.0,0.0,0.0,0.0,2
12191,20,9680,0.0,0.0,0.0,0.0,0.0,0.0,2
12192,20,9679,0.0,0.0,0.0,0.0,0.0,0.0,2
12193,20,9678,0.0,0.0,0.0,0.0,0.0,0.0,2
12194,20,9677,0.0,0.0,0.0,0.0,0.0,0.0,2
12195,20,9676,0.0,0.0,0.0,0.0,0.0,0.0,2
12196,20,9675,0.0,0.0,0.0,0.0,0.0,0.0,2
12197,20,9673,0.0,0.0,0.0,0.0,0.0,0.0,2
12198,20,9672,0.0,0.0,0.0,0.0,0.0,0.0,2
12199,20,9671,0.0,0.0,0.0,0.0,0.0,0.0,2
12200,20,9670,0.0,0.0,0.0,0.0,0.0,0.0,2
12201,20,9841,0.0,0.0,0.0,0.0,0.0,0.0,2
12202,20,9857,0.0,0.0,0.0,0.0,0.0,0.0,2
12203,20,9856,0.0,0.0,0.0,0.0,0.0,0.0,2
12204,20,9855,0.0,0.0,0.0,0.0,0.0,0.0,2
12205,20,9854,0.0,0.0,0.0,0.0,0.0,0.0,2
12206,20,9853,0.0,0.0,0.0,0.0,0.0,0.0,2
12207,20,9851,0.0,0.0,0.0,0.0,0.0,0.0,2
12208,20,9850,0.0,0.0,0.0,0.0,0.0,0.0,2
12209,20,9849,0.0,0.0,0.0,0.0,0.0,0.0,2
12210,20,9848,0.0,0.0,0.0,0.0,0.0,0.0,2
12211,20,9847,0.0,0.0,0.0,0.0,0.0,0.0,2
12212,20,9846,0.0,0.0,0.0,0.0,0.0,0.0,2
12213,20,9845,0.0,0.0,0.0,0.0,0.0,0.0,2
12214,20,9844,0.0,0.0,0.0,0.0,0.0,0.0,2
12215,20,9843,0.0,0.0,0.0,0.0,0.0,0.0,2
12216,20,9842,0.0,0.0,0.0,0.0,0.0,0.0,2
12217,20,9858,0.0,0.0,0.0,0.0,0.0,0.0,2
12218,20,9840,0.0,0.0,0.0,0.0,0.0,0.0,2
12219,20,9839,0.0,0.0,0.0,0.0,0.0,0.0,2
12220,20,9838,0.0,0.0,0.0,0.0,0.0,0.0,2
12221,20,9837,0.0,0.0,0.0,0.0,0.0,0.0,2
12222,20,9836,0.0,0.0,0.0,0.0,0.0,0.0,2
12223,20,9835,0.0,0.0,0.0,0.0,0.0,0.0,2
12224,20,9834,0.0,0.0,0.0,0.0,0.0,0.0,2
12225,20,9833,0.0,0.0,0.0,0.0,0.0,0.0,2
12226,20,9832,0.0,0.0,0.0,0.0,0.0,0.0,2
12227,20,9831,0.0,0.0,0.0,0.0,0.0,0.0,2
12228,20,9830,0.0,0.0,0.0,0.0,0.0,0.0,2
12229,20,9829,0.0,0.0,0.0,0.0,0.0,0.0,2
12230,20,9828,0.0,0.0,0.0,0.0,0.0,0.0,2
12231,20,9827,0.0,0.0,0.0,0.0,0.0,0.0,2
12232,20,9873,0.0,0.0,0.0,0.0,0.0,0.0,2
12233,20,9888,0.0,0.0,0.0,0.0,0.0,0.0,2
12234,20,9887,0.0,0.0,0.0,0.0,0.0,0.0,2
12235,20,9886,0.0,0.0,0.0,0.0,0.0,0.0,2
12236,20,9885,0.0,0.0,0.0,0.0,0.0,0.0,2
12237,20,9884,0.0,0.0,0.0,0.0,0.0,0.0,2
12238,20,9883,0.0,0.0,0.0,0.0,0.0,0.0,2
12239,20,9882,0.0,0.0,0.0,0.0,0.0,0.0,2
12240,20,9881,0.0,0.0,0.0,0.0,0.0,0.0,2
12241,20,9880,0.0,0.0,0.0,0.0,0.0,0.0,2
12242,20,9879,0.0,0.0,0.0,0.0,0.0,0.0,2
12243,20,9878,0.0,0.0,0.0,0.0,0.0,0.0,2
12244,20,9877,0.0,0.0,0.0,0.0,0.0,0.0,2
12245,20,9876,0.0,0.0,0.0,0.0,0.0,0.0,2
12246,20,9875,0.0,0.0,0.0,0.0,0.0,0.0,2
12247,20,9874,0.0,0.0,0.0,0.0,0.0,0.0,2
12248,20,9826,0.0,0.0,0.0,0.0,0.0,0.0,2
12249,20,9872,0.0,0.0,0.0,0.0,0.0,0.0,2
12250,20,9871,0.0,0.0,0.0,0.0,0.0,0.0,2
12251,20,9870,0.0,0.0,0.0,0.0,0.0,0.0,2
12252,20,9869,0.0,0.0,0.0,0.0,0.0,0.0,2
12253,20,9868,0.0,0.0,0.0,0.0,0.0,0.0,2
12254,20,9867,0.0,0.0,0.0,0.0,0.0,0.0,2
12255,20,9866,0.0,0.0,0.0,0.0,0.0,0.0,2
12256,20,9865,0.0,0.0,0.0,0.0,0.0,0.0,2
12257,20,9864,0.0,0.0,0.0,0.0,0.0,0.0,2
12258,20,9863,0.0,0.0,0.0,0.0,0.0,0.0,2
12259,20,9862,0.0,0.0,0.0,0.0,0.0,0.0,2
12260,20,9861,0.0,0.0,0.0,0.0,0.0,0.0,2
12261,20,9860,0.0,0.0,0.0,0.0,0.0,0.0,2
12262,20,9859,0.0,0.0,0.0,0.0,0.0,0.0,2
12263,20,9780,0.0,0.0,0.0,0.0,0.0,0.0,2
12264,20,9795,0.0,0.0,0.0,0.0,0.0,0.0,2
12265,20,9794,0.0,0.0,0.0,0.0,0.0,0.0,2
12266,20,9793,0.0,0.0,0.0,0.0,0.0,0.0,2
12267,20,9792,0.0,0.0,0.0,0.0,0.0,0.0,2
12268,20,9791,0.0,0.0,0.0,0.0,0.0,0.0,2
12269,20,9790,0.0,0.0,0.0,0.0,0.0,0.0,2
12270,20,9789,0.0,0.0,0.0,0.0,0.0,0.0,2
12271,20,9788,0.0,0.0,0.0,0.0,0.0,0.0,2
12272,20,9787,0.0,0.0,0.0,0.0,0.0,0.0,2
12273,20,9786,0.0,0.0,0.0,0.0,0.0,0.0,2
12274,20,9785,0.0,0.0,0.0,0.0,0.0,0.0,2
12275,20,9784,0.0,0.0,0.0,0.0,0.0,0.0,2
12276,20,9783,0.0,0.0,0.0,0.0,0.0,0.0,2
12277,20,9782,0.0,0.0,0.0,0.0,0.0,0.0,2
12278,20,9781,0.0,0.0,0.0,0.0,0.0,0.0,2
12279,20,9796,0.0,0.0,0.0,0.0,0.0,0.0,2
12280,20,9779,0.0,0.0,0.0,0.0,0.0,0.0,2
12281,20,9778,0.0,0.0,0.0,0.0,0.0,0.0,2
12282,20,9777,0.0,0.0,0.0,0.0,0.0,0.0,2
12283,20,9776,0.0,0.0,0.0,0.0,0.0,0.0,2
12284,20,9775,0.0,0.0,0.0,0.0,0.0,0.0,2
12285,20,9774,0.0,0.0,0.0,0.0,0.0,0.0,2
12286,20,9773,0.0,0.0,0.0,0.0,0.0,0.0,2
12287,20,9772,0.0,0.0,0.0,0.0,0.0,0.0,2
12288,20,9771,0.0,0.0,0.0,0.0,0.0,0.0,2
12289,20,9769,0.0,0.0,0.0,0.0,0.0,0.0,2
12290,20,9768,0.0,0.0,0.0,0.0,0.0,0.0,2
12291,20,9767,0.0,0.0,0.0,0.0,0.0,0.0,2
12292,20,9766,0.0,0.0,0.0,0.0,0.0,0.0,2
12293,20,9765,0.0,0.0,0.0,0.0,0.0,0.0,2
12294,20,9811,0.0,0.0,0.0,0.0,0.0,0.0,2
12295,20,9825,0.0,0.0,0.0,0.0,0.0,0.0,2
12296,20,9824,0.0,0.0,0.0,0.0,0.0,0.0,2
12297,20,9823,0.0,0.0,0.0,0.0,0.0,0.0,2
12298,20,9822,0.0,0.0,0.0,0.0,0.0,0.0,2
12299,20,9821,0.0,0.0,0.0,0.0,0.0,0.0,2
12300,20,9820,0.0,0.0,0.0,0.0,0.0,0.0,2
12301,20,9819,0.0,0.0,0.0,0.0,0.0,0.0,2
12302,20,9818,0.0,0.0,0.0,0.0,0.0,0.0,2
12303,20,9817,0.0,0.0,0.0,0.0,0.0,0.0,2
12304,20,9816,0.0,0.0,0.0,0.0,0.0,0.0,2
12305,20,9815,0.0,0.0,0.0,0.0,0.0,0.0,2
12306,20,9814,0.0,0.0,0.0,0.0,0.0,0.0,2
12307,20,9813,0.0,0.0,0.0,0.0,0.0,0.0,2
12308,20,9812,0.0,0.0,0.0,0.0,0.0,0.0,2
12309,20,9638,0.0,0.0,0.0,0.0,0.0,0.0,2
12310,20,9810,0.0,0.0,0.0,0.0,0.0,0.0,2
12311,20,9809,0.0,0.0,0.0,0.0,0.0,0.0,2
12312,20,9808,0.0,0.0,0.0,0.0,0.0,0.0,2
12313,20,9807,0.0,0.0,0.0,0.0,0.0,0.0,2
12314,20,9806,0.0,0.0,0.0,0.0,0.0,0.0,2
12315,20,9805,0.0,0.0,0.0,0.0,0.0,0.0,2
12316,20,9804,0.0,0.0,0.0,0.0,0.0,0.0,2
12317,20,9803,0.0,0.0,0.0,0.0,0.0,0.0,2
12318,20,9802,0.0,0.0,0.0,0.0,0.0,0.0,2
12319,20,9801,0.0,0.0,0.0,0.0,0.0,0.0,2
12320,20,9800,0.0,0.0,0.0,0.0,0.0,0.0,2
12321,20,9799,0.0,0.0,0.0,0.0,0.0,0.0,2
12322,20,9798,0.0,0.0,0.0,0.0,0.0,0.0,2
12323,20,9797,0.0,0.0,0.0,0.0,0.0,0.0,2
12324,20,9469,0.0,0.0,0.0,0.0,0.0,0.0,2
12325,20,9484,0.0,0.0,0.0,0.0,0.0,0.0,2
12326,20,9483,0.0,0.0,0.0,0.0,0.0,0.0,2
12327,20,9482,0.0,0.0,0.0,0.0,0.0,0.0,2
12328,20,9481,0.0,0.0,0.0,0.0,0.0,0.0,2
12329,20,9480,0.0,0.0,0.0,0.0,0.0,0.0,2
12330,20,9479,0.0,0.0,0.0,0.0,0.0,0.0,2
12331,20,9478,0.0,0.0,0.0,0.0,0.0,0.0,2
12332,20,9477,0.0,0.0,0.0,0.0,0.0,0.0,2
12333,20,9476,0.0,0.0,0.0,0.0,0.0,0.0,2
12334,20,9475,0.0,0.0,0.0,0.0,0.0,0.0,2
12335,20,9474,0.0,0.0,0.0,0.0,0.0,0.0,2
12336,20,9473,0.0,0.0,0.0,0.0,0.0,0.0,2
12337,20,9472,0.0,0.0,0.0,0.0,0.0,0.0,2
12338,20,9471,0.0,0.0,0.0,0.0,0.0,0.0,2
12339,20,9470,0.0,0.0,0.0,0.0,0.0,0.0,2
12340,20,9485,0.0,0.0,0.0,0.0,0.0,0.0,2
12341,20,9468,0.0,0.0,0.0,0.0,0.0,0.0,2
12342,20,9467,0.0,0.0,0.0,0.0,0.0,0.0,2
12343,20,9466,0.0,0.0,0.0,0.0,0.0,0.0,2
12344,20,9465,0.0,0.0,0.0,0.0,0.0,0.0,2
12345,20,9464,0.0,0.0,0.0,0.0,0.0,0.0,2
12346,20,9463,0.0,0.0,0.0,0.0,0.0,0.0,2
12347,20,9462,0.0,0.0,0.0,0.0,0.0,0.0,2
12348,20,9461,0.0,0.0,0.0,0.0,0.0,0.0,2
12349,20,9460,0.0,0.0,0.0,0.0,0.0,0.0,2
12350,20,9459,0.0,0.0,0.0,0.0,0.0,0.0,2
12351,20,9458,0.0,0.0,0.0,0.0,0.0,0.0,2
12352,20,9457,0.0,0.0,0.0,0.0,0.0,0.0,2
12353,20,9456,0.0,0.0,0.0,0.0,0.0,0.0,2
12354,20,9455,0.0,0.0,0.0,0.0,0.0,0.0,2
12355,20,9500,0.0,0.0,0.0,0.0,0.0,0.0,2
12356,20,9515,0.0,0.0,0.0,0.0,0.0,0.0,2
12357,20,9514,0.0,0.0,0.0,0.0,0.0,0.0,2
12358,20,9513,0.0,0.0,0.0,0.0,0.0,0.0,2
12359,20,9512,0.0,0.0,0.0,0.0,0.0,0.0,2
12360,20,9511,0.0,0.0,0.0,0.0,0.0,0.0,2
12361,20,9510,0.0,0.0,0.0,0.0,0.0,0.0,2
12362,20,9509,0.0,0.0,0.0,0.0,0.0,0.0,2
12363,20,9508,0.0,0.0,0.0,0.0,0.0,0.0,2
12364,20,9507,0.0,0.0,0.0,0.0,0.0,0.0,2
12365,20,9506,0.0,0.0,0.0,0.0,0.0,0.0,2
12366,20,9505,0.0,0.0,0.0,0.0,0.0,0.0,2
12367,20,9504,0.0,0.0,0.0,0.0,0.0,0.0,2
12368,20,9503,0.0,0.0,0.0,0.0,0.0,0.0,2
12369,20,9502,0.0,0.0,0.0,0.0,0.0,0.0,2
12370,20,9501,0.0,0.0,0.0,0.0,0.0,0.0,2
12371,20,9454,0.0,0.0,0.0,0.0,0.0,0.0,2
12372,20,9499,0.0,0.0,0.0,0.0,0.0,0.0,2
12373,20,9498,0.0,0.0,0.0,0.0,0.0,0.0,2
12374,20,9497,0.0,0.0,0.0,0.0,0.0,0.0,2
12375,20,9496,0.0,0.0,0.0,0.0,0.0,0.0,2
12376,20,9495,0.0,0.0,0.0,0.0,0.0,0.0,2
12377,20,9494,0.0,0.0,0.0,0.0,0.0,0.0,2
12378,20,9493,0.0,0.0,0.0,0.0,0.0,0.0,2
12379,20,9492,0.0,0.0,0.0,0.0,0.0,0.0,2
12380,20,9491,0.0,0.0,0.0,0.0,0.0,0.0,2
12381,20,9490,0.0,0.0,0.0,0.0,0.0,0.0,2
12382,20,9489,0.0,0.0,0.0,0.0,0.0,0.0,2
12383,20,9488,0.0,0.0,0.0,0.0,0.0,0.0,2
12384,20,9487,0.0,0.0,0.0,0.0,0.0,0.0,2
12385,20,9486,0.0,0.0,0.0,0.0,0.0,0.0,2
12386,20,9408,0.0,0.0,0.0,0.0,0.0,0.0,2
12387,20,9423,0.0,0.0,0.0,0.0,0.0,0.0,2
12388,20,9422,0.0,0.0,0.0,0.0,0.0,0.0,2
12389,20,9421,0.0,0.0,0.0,0.0,0.0,0.0,2
12390,20,9420,0.0,0.0,0.0,0.0,0.0,0.0,2
12391,20,9419,0.0,0.0,0.0,0.0,0.0,0.0,2
12392,20,9418,0.0,0.0,0.0,0.0,0.0,0.0,2
12393,20,9417,0.0,0.0,0.0,0.0,0.0,0.0,2
12394,20,9416,0.0,0.0,0.0,0.0,0.0,0.0,2
12395,20,9415,0.0,0.0,0.0,0.0,0.0,0.0,2
12396,20,9414,0.0,0.0,0.0,0.0,0.0,0.0,2
12397,20,9413,0.0,0.0,0.0,0.0,0.0,0.0,2
12398,20,9412,0.0,0.0,0.0,0.0,0.0,0.0,2
12399,20,9411,0.0,0.0,0.0,0.0,0.0,0.0,2
12400,20,9410,0.0,0.0,0.0,0.0,0.0,0.0,2
12401,20,9409,0.0,0.0,0.0,0.0,0.0,0.0,2
12402,20,9424,0.0,0.0,0.0,0.0,0.0,0.0,2
12403,20,9406,0.0,0.0,0.0,0.0,0.0,0.0,2
12404,20,9405,0.0,0.0,0.0,0.0,0.0,0.0,2
12405,20,9404,0.0,0.0,0.0,0.0,0.0,0.0,2
12406,20,9403,0.0,0.0,0.0,0.0,0.0,0.0,2
12407,20,9402,0.0,0.0,0.0,0.0,0.0,0.0,2
12408,20,9401,0.0,0.0,0.0,0.0,0.0,0.0,2
12409,20,9400,0.0,0.0,0.0,0.0,0.0,0.0,2
12410,20,9399,0.0,0.0,0.0,0.0,0.0,0.0,2
12411,20,9397,0.0,0.0,0.0,0.0,0.0,0.0,2
12412,20,9396,0.0,0.0,0.0,0.0,0.0,0.0,2
12413,20,9395,0.0,0.0,0.0,0.0,0.0,0.0,2
12414,20,9394,0.0,0.0,0.0,0.0,0.0,0.0,2
12415,20,9393,0.0,0.0,0.0,0.0,0.0,0.0,2
12416,20,9392,0.0,0.0,0.0,0.0,0.0,0.0,2
12417,20,9439,0.0,0.0,0.0,0.0,0.0,0.0,2
12418,20,9453,0.0,0.0,0.0,0.0,0.0,0.0,2
12419,20,9452,0.0,0.0,0.0,0.0,0.0,0.0,2
12420,20,9451,0.0,0.0,0.0,0.0,0.0,0.0,2
12421,20,9450,0.0,0.0,0.0,0.0,0.0,0.0,2
12422,20,9449,0.0,0.0,0.0,0.0,0.0,0.0,2
12423,20,9448,0.0,0.0,0.0,0.0,0.0,0.0,2
12424,20,9447,0.0,0.0,0.0,0.0,0.0,0.0,2
12425,20,9446,0.0,0.0,0.0,0.0,0.0,0.0,2
12426,20,9445,0.0,0.0,0.0,0.0,0.0,0.0,2
12427,20,9444,0.0,0.0,0.0,0.0,0.0,0.0,2
12428,20,9443,0.0,0.0,0.0,0.0,0.0,0.0,2
12429,20,9442,0.0,0.0,0.0,0.0,0.0,0.0,2
12430,20,9441,0.0,0.0,0.0,0.0,0.0,0.0,2
12431,20,9440,0.0,0.0,0.0,0.0,0.0,0.0,2
12432,20,9516,0.0,0.0,0.0,0.0,0.0,0.0,2
12433,20,9438,0.0,0.0,0.0,0.0,0.0,0.0,2
12434,20,9437,0.0,0.0,0.0,0.0,0.0,0.0,2
12435,20,9436,0.0,0.0,0.0,0.0,0.0,0.0,2
12436,20,9435,0.0,0.0,0.0,0.0,0.0,0.0,2
12437,20,9434,0.0,0.0,0.0,0.0,0.0,0.0,2
12438,20,9433,0.0,0.0,0.0,0.0,0.0,0.0,2
12439,20,9432,0.0,0.0,0.0,0.0,0.0,0.0,2
12440,20,9431,0.0,0.0,0.0,0.0,0.0,0.0,2
12441,20,9430,0.0,0.0,0.0,0.0,0.0,0.0,2
12442,20,9429,0.0,0.0,0.0,0.0,0.0,0.0,2
12443,20,9428,0.0,0.0,0.0,0.0,0.0,0.0,2
12444,20,9427,0.0,0.0,0.0,0.0,0.0,0.0,2
12445,20,9426,0.0,0.0,0.0,0.0,0.0,0.0,2
12446,20,9425,0.0,0.0,0.0,0.0,0.0,0.0,2
12447,20,9592,0.0,0.0,0.0,0.0,0.0,0.0,2
12448,20,9607,0.0,0.0,0.0,0.0,0.0,0.0,2
12449,20,9606,0.0,0.0,0.0,0.0,0.0,0.0,2
12450,20,9605,0.0,0.0,0.0,0.0,0.0,0.0,2
12451,20,9604,0.0,0.0,0.0,0.0,0.0,0.0,2
12452,20,9603,0.0,0.0,0.0,0.0,0.0,0.0,2
12453,20,9602,0.0,0.0,0.0,0.0,0.0,0.0,2
12454,20,9601,0.0,0.0,0.0,0.0,0.0,0.0,2
12455,20,9600,0.0,0.0,0.0,0.0,0.0,0.0,2
12456,20,9599,0.0,0.0,0.0,0.0,0.0,0.0,2
12457,20,9598,0.0,0.0,0.0,0.0,0.0,0.0,2
12458,20,9597,0.0,0.0,0.0,0.0,0.0,0.0,2
12459,20,9596,0.0,0.0,0.0,0.0,0.0,0.0,2
12460,20,9595,0.0,0.0,0.0,0.0,0.0,0.0,2
12461,20,9594,0.0,0.0,0.0,0.0,0.0,0.0,2
12462,20,9593,0.0,0.0,0.0,0.0,0.0,0.0,2
12463,20,9608,0.0,0.0,0.0,0.0,0.0,0.0,2
12464,20,9591,0.0,0.0,0.0,0.0,0.0,0.0,2
12465,20,9590,0.0,0.0,0.0,0.0,0.0,0.0,2
12466,20,9589,0.0,0.0,0.0,0.0,0.0,0.0,2
12467,20,9588,0.0,0.0,0.0,0.0,0.0,0.0,2
12468,20,9587,0.0,0.0,0.0,0.0,0.0,0.0,2
12469,20,9586,0.0,0.0,0.0,0.0,0.0,0.0,2
12470,20,9585,0.0,0.0,0.0,0.0,0.0,0.0,2
12471,20,9584,0.0,0.0,0.0,0.0,0.0,0.0,2
12472,20,9583,0.0,0.0,0.0,0.0,0.0,0.0,2
12473,20,9582,0.0,0.0,0.0,0.0,0.0,0.0,2
12474,20,9581,0.0,0.0,0.0,0.0,0.0,0.0,2
12475,20,9580,0.0,0.0,0.0,0.0,0.0,0.0,2
12476,20,9579,0.0,0.0,0.0,0.0,0.0,0.0,2
12477,20,9578,0.0,0.0,0.0,0.0,0.0,0.0,2
12478,20,9623,0.0,0.0,0.0,0.0,0.0,0.0,2
12479,20,9637,0.0,0.0,0.0,0.0,0.0,0.0,2
12480,20,9636,0.0,0.0,0.0,0.0,0.0,0.0,2
12481,20,9635,0.0,0.0,0.0,0.0,0.0,0.0,2
12482,20,9634,0.0,0.0,0.0,0.0,0.0,0.0,2
12483,20,9633,0.0,0.0,0.0,0.0,0.0,0.0,2
12484,20,9632,0.0,0.0,0.0,0.0,0.0,0.0,2
12485,20,9631,0.0,0.0,0.0,0.0,0.0,0.0,2
12486,20,9630,0.0,0.0,0.0,0.0,0.0,0.0,2
12487,20,9629,0.0,0.0,0.0,0.0,0.0,0.0,2
12488,20,9628,0.0,0.0,0.0,0.0,0.0,0.0,2
12489,20,9627,0.0,0.0,0.0,0.0,0.0,0.0,2
12490,20,9626,0.0,0.0,0.0,0.0,0.0,0.0,2
12491,20,9625,0.0,0.0,0.0,0.0,0.0,0.0,2
12492,20,9624,0.0,0.0,0.0,0.0,0.0,0.0,2
12493,20,9577,0.0,0.0,0.0,0.0,0.0,0.0,2
12494,20,9622,0.0,0.0,0.0,0.0,0.0,0.0,2
12495,20,9621,0.0,0.0,0.0,0.0,0.0,0.0,2
12496,20,9620,0.0,0.0,0.0,0.0,0.0,0.0,2
12497,20,9619,0.0,0.0,0.0,0.0,0.0,0.0,2
12498,20,9618,0.0,0.0,0.0,0.0,0.0,0.0,2
12499,20,9617,0.0,0.0,0.0,0.0,0.0,0.0,2
12500,20,9616,0.0,0.0,0.0,0.0,0.0,0.0,2
12501,20,9615,0.0,0.0,0.0,0.0,0.0,0.0,2
12502,20,9614,0.0,0.0,0.0,0.0,0.0,0.0,2
12503,20,9613,0.0,0.0,0.0,0.0,0.0,0.0,2
12504,20,9612,0.0,0.0,0.0,0.0,0.0,0.0,2
12505,20,9611,0.0,0.0,0.0,0.0,0.0,0.0,2
12506,20,9610,0.0,0.0,0.0,0.0,0.0,0.0,2
12507,20,9609,0.0,0.0,0.0,0.0,0.0,0.0,2
12508,20,9531,0.0,0.0,0.0,0.0,0.0,0.0,2
12509,20,9546,0.0,0.0,0.0,0.0,0.0,0.0,2
12510,20,9545,0.0,0.0,0.0,0.0,0.0,0.0,2
12511,20,9544,0.0,0.0,0.0,0.0,0.0,0.0,2
12512,20,9543,0.0,0.0,0.0,0.0,0.0,0.0,2
12513,20,9542,0.0,0.0,0.0,0.0,0.0,0.0,2
12514,20,9541,0.0,0.0,0.0,0.0,0.0,0.0,2
12515,20,9540,0.0,0.0,0.0,0.0,0.0,0.0,2
12516,20,9539,0.0,0.0,0.0,0.0,0.0,0.0,2
12517,20,9538,0.0,0.0,0.0,0.0,0.0,0.0,2
12518,20,9537,0.0,0.0,0.0,0.0,0.0,0.0,2
12519,20,9536,0.0,0.0,0.0,0.0,0.0,0.0,2
12520,20,9535,0.0,0.0,0.0,0.0,0.0,0.0,2
12521,20,9534,0.0,0.0,0.0,0.0,0.0,0.0,2
12522,20,9533,0.0,0.0,0.0,0.0,0.0,0.0,2
12523,20,9532,0.0,0.0,0.0,0.0,0.0,0.0,2
12524,20,9547,0.0,0.0,0.0,0.0,0.0,0.0,2
12525,20,9530,0.0,0.0,0.0,0.0,0.0,0.0,2
12526,20,9529,0.0,0.0,0.0,0.0,0.0,0.0,2
12527,20,9528,0.0,0.0,0.0,0.0,0.0,0.0,2
12528,20,9527,0.0,0.0,0.0,0.0,0.0,0.0,2
12529,20,9526,0.0,0.0,0.0,0.0,0.0,0.0,2
12530,20,9525,0.0,0.0,0.0,0.0,0.0,0.0,2
12531,20,9524,0.0,0.0,0.0,0.0,0.0,0.0,2
12532,20,9523,0.0,0.0,0.0,0.0,0.0,0.0,2
12533,20,9522,0.0,0.0,0.0,0.0,0.0,0.0,2
12534,20,9521,0.0,0.0,0.0,0.0,0.0,0.0,2
12535,20,9520,0.0,0.0,0.0,0.0,0.0,0.0,2
12536,20,9519,0.0,0.0,0.0,0.0,0.0,0.0,2
12537,20,9518,0.0,0.0,0.0,0.0,0.0,0.0,2
12538,20,9517,0.0,0.0,0.0,0.0,0.0,0.0,2
12539,20,9562,0.0,0.0,0.0,0.0,0.0,0.0,2
12540,20,9576,0.0,0.0,0.0,0.0,0.0,0.0,2
12541,20,9575,0.0,0.0,0.0,0.0,0.0,0.0,2
12542,20,9574,0.0,0.0,0.0,0.0,0.0,0.0,2
12543,20,9573,0.0,0.0,0.0,0.0,0.0,0.0,2
12544,20,9572,0.0,0.0,0.0,0.0,0.0,0.0,2
12545,20,9571,0.0,0.0,0.0,0.0,0.0,0.0,2
12546,20,9570,0.0,0.0,0.0,0.0,0.0,0.0,2
12547,20,9569,0.0,0.0,0.0,0.0,0.0,0.0,2
12548,20,9568,0.0,0.0,0.0,0.0,0.0,0.0,2
12549,20,9567,0.0,0.0,0.0,0.0,0.0,0.0,2
12550,20,9566,0.0,0.0,0.0,0.0,0.0,0.0,2
12551,20,9565,0.0,0.0,0.0,0.0,0.0,0.0,2
12552,20,9564,0.0,0.0,0.0,0.0,0.0,0.0,2
12553,20,9563,0.0,0.0,0.0,0.0,0.0,0.0,2
12554,20,9889,0.0,0.0,0.0,0.0,0.0,0.0,2
12555,20,9561,0.0,0.0,0.0,0.0,0.0,0.0,2
12556,20,9560,0.0,0.0,0.0,0.0,0.0,0.0,2
12557,20,9559,0.0,0.0,0.0,0.0,0.0,0.0,2
12558,20,9558,0.0,0.0,0.0,0.0,0.0,0.0,2
12559,20,9557,0.0,0.0,0.0,0.0,0.0,0.0,2
12560,20,9556,0.0,0.0,0.0,0.0,0.0,0.0,2
12561,20,9555,0.0,0.0,0.0,0.0,0.0,0.0,2
12562,20,9554,0.0,0.0,0.0,0.0,0.0,0.0,2
12563,20,9553,0.0,0.0,0.0,0.0,0.0,0.0,2
12564,20,9552,0.0,0.0,0.0,0.0,0.0,0.0,2
12565,20,9551,0.0,0.0,0.0,0.0,0.0,0.0,2
12566,20,9550,0.0,0.0,0.0,0.0,0.0,0.0,2
12567,20,9549,0.0,0.0,0.0,0.0,0.0,0.0,2
12568,20,9548,0.0,0.0,0.0,0.0,0.0,0.0,2
12569,20,10218,0.0,0.0,0.0,0.0,0.0,0.0,2
12570,20,10233,0.0,0.0,0.0,0.0,0.0,0.0,2
12571,20,10232,0.0,0.0,0.0,0.0,0.0,0.0,2
12572,20,10231,0.0,0.0,0.0,0.0,0.0,0.0,2
12573,20,10230,0.0,0.0,0.0,0.0,0.0,0.0,2
12574,20,10229,0.0,0.0,0.0,0.0,0.0,0.0,2
12575,20,10228,0.0,0.0,0.0,0.0,0.0,0.0,2
12576,20,10227,0.0,0.0,0.0,0.0,0.0,0.0,2
12577,20,10226,0.0,0.0,0.0,0.0,0.0,0.0,2
12578,20,10225,0.0,0.0,0.0,0.0,0.0,0.0,2
12579,20,10224,0.0,0.0,0.0,0.0,0.0,0.0,2
12580,20,10223,0.0,0.0,0.0,0.0,0.0,0.0,2
12581,20,10222,0.0,0.0,0.0,0.0,0.0,0.0,2
12582,20,10221,0.0,0.0,0.0,0.0,0.0,0.0,2
12583,20,10220,0.0,0.0,0.0,0.0,0.0,0.0,2
12584,20,10219,0.0,0.0,0.0,0.0,0.0,0.0,2
12585,20,10234,0.0,0.0,0.0,0.0,0.0,0.0,2
12586,20,10217,0.0,0.0,0.0,0.0,0.0,0.0,2
12587,20,10216,0.0,0.0,0.0,0.0,0.0,0.0,2
12588,20,10215,0.0,0.0,0.0,0.0,0.0,0.0,2
12589,20,10214,0.0,0.0,0.0,0.0,0.0,0.0,2
12590,20,10213,0.0,0.0,0.0,0.0,0.0,0.0,2
12591,20,10212,0.0,0.0,0.0,0.0,0.0,0.0,2
12592,20,10211,0.0,0.0,0.0,0.0,0.0,0.0,2
12593,20,10210,0.0,0.0,0.0,0.0,0.0,0.0,2
12594,20,10208,0.0,0.0,0.0,0.0,0.0,0.0,2
12595,20,10207,0.0,0.0,0.0,0.0,0.0,0.0,2
12596,20,10206,0.0,0.0,0.0,0.0,0.0,0.0,2
12597,20,10205,0.0,0.0,0.0,0.0,0.0,0.0,2
12598,20,10204,0.0,0.0,0.0,0.0,0.0,0.0,2
12599,20,10203,0.0,0.0,0.0,0.0,0.0,0.0,2
12600,20,10249,0.0,0.0,0.0,0.0,0.0,0.0,2
12601,20,10264,0.0,0.0,0.0,0.0,0.0,0.0,2
12602,20,10263,0.0,0.0,0.0,0.0,0.0,0.0,2
12603,20,10262,0.0,0.0,0.0,0.0,0.0,0.0,2
12604,20,10261,0.0,0.0,0.0,0.0,0.0,0.0,2
12605,20,10260,0.0,0.0,0.0,0.0,0.0,0.0,2
12606,20,10259,0.0,0.0,0.0,0.0,0.0,0.0,2
12607,20,10258,0.0,0.0,0.0,0.0,0.0,0.0,2
12608,20,10257,0.0,0.0,0.0,0.0,0.0,0.0,2
12609,20,10256,0.0,0.0,0.0,0.0,0.0,0.0,2
12610,20,10255,0.0,0.0,0.0,0.0,0.0,0.0,2
12611,20,10254,0.0,0.0,0.0,0.0,0.0,0.0,2
12612,20,10253,0.0,0.0,0.0,0.0,0.0,0.0,2
12613,20,10252,0.0,0.0,0.0,0.0,0.0,0.0,2
12614,20,10251,0.0,0.0,0.0,0.0,0.0,0.0,2
12615,20,10250,0.0,0.0,0.0,0.0,0.0,0.0,2
12616,20,10202,0.0,0.0,0.0,0.0,0.0,0.0,2
12617,20,10248,0.0,0.0,0.0,0.0,0.0,0.0,2
12618,20,10247,0.0,0.0,0.0,0.0,0.0,0.0,2
12619,20,10246,0.0,0.0,0.0,0.0,0.0,0.0,2
12620,20,10245,0.0,0.0,0.0,0.0,0.0,0.0,2
12621,20,10244,0.0,0.0,0.0,0.0,0.0,0.0,2
12622,20,10243,0.0,0.0,0.0,0.0,0.0,0.0,2
12623,20,10242,0.0,0.0,0.0,0.0,0.0,0.0,2
12624,20,10241,0.0,0.0,0.0,0.0,0.0,0.0,2
12625,20,10240,0.0,0.0,0.0,0.0,0.0,0.0,2
12626,20,10239,0.0,0.0,0.0,0.0,0.0,0.0,2
12627,20,10238,0.0,0.0,0.0,0.0,0.0,0.0,2
12628,20,10237,0.0,0.0,0.0,0.0,0.0,0.0,2
12629,20,10236,0.0,0.0,0.0,0.0,0.0,0.0,2
12630,20,10235,0.0,0.0,0.0,0.0,0.0,0.0,2
12631,20,10156,0.0,0.0,0.0,0.0,0.0,0.0,2
12632,20,10171,0.0,0.0,0.0,0.0,0.0,0.0,2
12633,20,10170,0.0,0.0,0.0,0.0,0.0,0.0,2
12634,20,10169,0.0,0.0,0.0,0.0,0.0,0.0,2
12635,20,10168,0.0,0.0,0.0,0.0,0.0,0.0,2
12636,20,10167,0.0,0.0,0.0,0.0,0.0,0.0,2
12637,20,10166,0.0,0.0,0.0,0.0,0.0,0.0,2
12638,20,10165,0.0,0.0,0.0,0.0,0.0,0.0,2
12639,20,10164,0.0,0.0,0.0,0.0,0.0,0.0,2
12640,20,10163,0.0,0.0,0.0,0.0,0.0,0.0,2
12641,20,10162,0.0,0.0,0.0,0.0,0.0,0.0,2
12642,20,10161,0.0,0.0,0.0,0.0,0.0,0.0,2
12643,20,10160,0.0,0.0,0.0,0.0,0.0,0.0,2
12644,20,10159,0.0,0.0,0.0,0.0,0.0,0.0,2
12645,20,10158,0.0,0.0,0.0,0.0,0.0,0.0,2
12646,20,10157,0.0,0.0,0.0,0.0,0.0,0.0,2
12647,20,10172,0.0,0.0,0.0,0.0,0.0,0.0,2
12648,20,10155,0.0,0.0,0.0,0.0,0.0,0.0,2
12649,20,10154,0.0,0.0,0.0,0.0,0.0,0.0,2
12650,20,10153,0.0,0.0,0.0,0.0,0.0,0.0,2
12651,20,10152,0.0,0.0,0.0,0.0,0.0,0.0,2
12652,20,10151,0.0,0.0,0.0,0.0,0.0,0.0,2
12653,20,10150,0.0,0.0,0.0,0.0,0.0,0.0,2
12654,20,10149,0.0,0.0,0.0,0.0,0.0,0.0,2
12655,20,10148,0.0,0.0,0.0,0.0,0.0,0.0,2
12656,20,10147,0.0,0.0,0.0,0.0,0.0,0.0,2
12657,20,10146,0.0,0.0,0.0,0.0,0.0,0.0,2
12658,20,10145,0.0,0.0,0.0,0.0,0.0,0.0,2
12659,20,10144,0.0,0.0,0.0,0.0,0.0,0.0,2
12660,20,10143,0.0,0.0,0.0,0.0,0.0,0.0,2
12661,20,10142,0.0,0.0,0.0,0.0,0.0,0.0,2
12662,20,10187,0.0,0.0,0.0,0.0,0.0,0.0,2
12663,20,10201,0.0,0.0,0.0,0.0,0.0,0.0,2
12664,20,10200,0.0,0.0,0.0,0.0,0.0,0.0,2
12665,20,10199,0.0,0.0,0.0,0.0,0.0,0.0,2
12666,20,10198,0.0,0.0,0.0,0.0,0.0,0.0,2
12667,20,10197,0.0,0.0,0.0,0.0,0.0,0.0,2
12668,20,10196,0.0,0.0,0.0,0.0,0.0,0.0,2
12669,20,10195,0.0,0.0,0.0,0.0,0.0,0.0,2
12670,20,10194,0.0,0.0,0.0,0.0,0.0,0.0,2
12671,20,10193,0.0,0.0,0.0,0.0,0.0,0.0,2
12672,20,10192,0.0,0.0,0.0,0.0,0.0,0.0,2
12673,20,10191,0.0,0.0,0.0,0.0,0.0,0.0,2
12674,20,10190,0.0,0.0,0.0,0.0,0.0,0.0,2
12675,20,10189,0.0,0.0,0.0,0.0,0.0,0.0,2
12676,20,10188,0.0,0.0,0.0,0.0,0.0,0.0,2
12677,20,10265,0.0,0.0,0.0,0.0,0.0,0.0,2
12678,20,10186,0.0,0.0,0.0,0.0,0.0,0.0,2
12679,20,10185,0.0,0.0,0.0,0.0,0.0,0.0,2
12680,20,10184,0.0,0.0,0.0,0.0,0.0,0.0,2
12681,20,10183,0.0,0.0,0.0,0.0,0.0,0.0,2
12682,20,10182,0.0,0.0,0.0,0.0,0.0,0.0,2
12683,20,10181,0.0,0.0,0.0,0.0,0.0,0.0,2
12684,20,10180,0.0,0.0,0.0,0.0,0.0,0.0,2
12685,20,10179,0.0,0.0,0.0,0.0,0.0,0.0,2
12686,20,10178,0.0,0.0,0.0,0.0,0.0,0.0,2
12687,20,10177,0.0,0.0,0.0,0.0,0.0,0.0,2
12688,20,10176,0.0,0.0,0.0,0.0,0.0,0.0,2
12689,20,10175,0.0,0.0,0.0,0.0,0.0,0.0,2
12690,20,10174,0.0,0.0,0.0,0.0,0.0,0.0,2
12691,20,10173,0.0,0.0,0.0,0.0,0.0,0.0,2
12692,20,10344,0.0,0.0,0.0,0.0,0.0,0.0,2
12693,20,10359,0.0,0.0,0.0,0.0,0.0,0.0,2
12694,20,10358,0.0,0.0,0.0,0.0,0.0,0.0,2
12695,20,10357,0.0,0.0,0.0,0.0,0.0,0.0,2
12696,20,10356,0.0,0.0,0.0,0.0,0.0,0.0,2
12697,20,10355,0.0,0.0,0.0,0.0,0.0,0.0,2
12698,20,10354,0.0,0.0,0.0,0.0,0.0,0.0,2
12699,20,10353,0.0,0.0,0.0,0.0,0.0,0.0,2
12700,20,10352,0.0,0.0,0.0,0.0,0.0,0.0,2
12701,20,10351,0.0,0.0,0.0,0.0,0.0,0.0,2
12702,20,10350,0.0,0.0,0.0,0.0,0.0,0.0,2
12703,20,10349,0.0,0.0,0.0,0.0,0.0,0.0,2
12704,20,10348,0.0,0.0,0.0,0.0,0.0,0.0,2
12705,20,10347,0.0,0.0,0.0,0.0,0.0,0.0,2
12706,20,10346,0.0,0.0,0.0,0.0,0.0,0.0,2
12707,20,10345,0.0,0.0,0.0,0.0,0.0,0.0,2
12708,20,10360,0.0,0.0,0.0,0.0,0.0,0.0,2
12709,20,10343,0.0,0.0,0.0,0.0,0.0,0.0,2
12710,20,10342,0.0,0.0,0.0,0.0,0.0,0.0,2
12711,20,10340,0.0,0.0,0.0,0.0,0.0,0.0,2
12712,20,10339,0.0,0.0,0.0,0.0,0.0,0.0,2
12713,20,10338,0.0,0.0,0.0,0.0,0.0,0.0,2
12714,20,10337,0.0,0.0,0.0,0.0,0.0,0.0,2
12715,20,10336,0.0,0.0,0.0,0.0,0.0,0.0,2
12716,20,10335,0.0,0.0,0.0,0.0,0.0,0.0,2
12717,20,10333,0.0,0.0,0.0,0.0,0.0,0.0,2
12718,20,10332,0.0,0.0,0.0,0.0,0.0,0.0,2
12719,20,10331,0.0,0.0,0.0,0.0,0.0,0.0,2
12720,20,10330,0.0,0.0,0.0,0.0,0.0,0.0,2
12721,20,10329,0.0,0.0,0.0,0.0,0.0,0.0,2
12722,20,10328,0.0,0.0,0.0,0.0,0.0,0.0,2
12723,20,10375,0.0,0.0,0.0,0.0,0.0,0.0,2
12724,20,10389,0.0,0.0,0.0,0.0,0.0,0.0,2
12725,20,10388,0.0,0.0,0.0,0.0,0.0,0.0,2
12726,20,10387,0.0,0.0,0.0,0.0,0.0,0.0,2
12727,20,10386,0.0,0.0,0.0,0.0,0.0,0.0,2
12728,20,10385,0.0,0.0,0.0,0.0,0.0,0.0,2
12729,20,10384,0.0,0.0,0.0,0.0,0.0,0.0,2
12730,20,10383,0.0,0.0,0.0,0.0,0.0,0.0,2
12731,20,10382,0.0,0.0,0.0,0.0,0.0,0.0,2
12732,20,10381,0.0,0.0,0.0,0.0,0.0,0.0,2
12733,20,10380,0.0,0.0,0.0,0.0,0.0,0.0,2
12734,20,10379,0.0,0.0,0.0,0.0,0.0,0.0,2
12735,20,10378,0.0,0.0,0.0,0.0,0.0,0.0,2
12736,20,10377,0.0,0.0,0.0,0.0,0.0,0.0,2
12737,20,10376,0.0,0.0,0.0,0.0,0.0,0.0,2
12738,20,10327,0.0,0.0,0.0,0.0,0.0,0.0,2
12739,20,10374,0.0,0.0,0.0,0.0,0.0,0.0,2
12740,20,10373,0.0,0.0,0.0,0.0,0.0,0.0,2
12741,20,10372,0.0,0.0,0.0,0.0,0.0,0.0,2
12742,20,10371,0.0,0.0,0.0,0.0,0.0,0.0,2
12743,20,10370,0.0,0.0,0.0,0.0,0.0,0.0,2
12744,20,10369,0.0,0.0,0.0,0.0,0.0,0.0,2
12745,20,10368,0.0,0.0,0.0,0.0,0.0,0.0,2
12746,20,10367,0.0,0.0,0.0,0.0,0.0,0.0,2
12747,20,10366,0.0,0.0,0.0,0.0,0.0,0.0,2
12748,20,10365,0.0,0.0,0.0,0.0,0.0,0.0,2
12749,20,10364,0.0,0.0,0.0,0.0,0.0,0.0,2
12750,20,10363,0.0,0.0,0.0,0.0,0.0,0.0,2
12751,20,10362,0.0,0.0,0.0,0.0,0.0,0.0,2
12752,20,10361,0.0,0.0,0.0,0.0,0.0,0.0,2
12753,20,10280,0.0,0.0,0.0,0.0,0.0,0.0,2
12754,20,10295,0.0,0.0,0.0,0.0,0.0,0.0,2
12755,20,10294,0.0,0.0,0.0,0.0,0.0,0.0,2
12756,20,10293,0.0,0.0,0.0,0.0,0.0,0.0,2
12757,20,10292,0.0,0.0,0.0,0.0,0.0,0.0,2
12758,20,10291,0.0,0.0,0.0,0.0,0.0,0.0,2
12759,20,10290,0.0,0.0,0.0,0.0,0.0,0.0,2
12760,20,10289,0.0,0.0,0.0,0.0,0.0,0.0,2
12761,20,10288,0.0,0.0,0.0,0.0,0.0,0.0,2
12762,20,10287,0.0,0.0,0.0,0.0,0.0,0.0,2
12763,20,10286,0.0,0.0,0.0,0.0,0.0,0.0,2
12764,20,10285,0.0,0.0,0.0,0.0,0.0,0.0,2
12765,20,10284,0.0,0.0,0.0,0.0,0.0,0.0,2
12766,20,10283,0.0,0.0,0.0,0.0,0.0,0.0,2
12767,20,10282,0.0,0.0,0.0,0.0,0.0,0.0,2
12768,20,10281,0.0,0.0,0.0,0.0,0.0,0.0,2
12769,20,10296,0.0,0.0,0.0,0.0,0.0,0.0,2
12770,20,10279,0.0,0.0,0.0,0.0,0.0,0.0,2
12771,20,10278,0.0,0.0,0.0,0.0,0.0,0.0,2
12772,20,10277,0.0,0.0,0.0,0.0,0.0,0.0,2
12773,20,10276,0.0,0.0,0.0,0.0,0.0,0.0,2
12774,20,10275,0.0,0.0,0.0,0.0,0.0,0.0,2
12775,20,10274,0.0,0.0,0.0,0.0,0.0,0.0,2
12776,20,10273,0.0,0.0,0.0,0.0,0.0,0.0,2
12777,20,10272,0.0,0.0,0.0,0.0,0.0,0.0,2
12778,20,10271,0.0,0.0,0.0,0.0,0.0,0.0,2
12779,20,10270,0.0,0.0,0.0,0.0,0.0,0.0,2
12780,20,10269,0.0,0.0,0.0,0.0,0.0,0.0,2
12781,20,10268,0.0,0.0,0.0,0.0,0.0,0.0,2
12782,20,10267,0.0,0.0,0.0,0.0,0.0,0.0,2
12783,20,10266,0.0,0.0,0.0,0.0,0.0,0.0,2
12784,20,10312,0.0,0.0,0.0,0.0,0.0,0.0,2
12785,20,10326,0.0,0.0,0.0,0.0,0.0,0.0,2
12786,20,10325,0.0,0.0,0.0,0.0,0.0,0.0,2
12787,20,10324,0.0,0.0,0.0,0.0,0.0,0.0,2
12788,20,10323,0.0,0.0,0.0,0.0,0.0,0.0,2
12789,20,10322,0.0,0.0,0.0,0.0,0.0,0.0,2
12790,20,10321,0.0,0.0,0.0,0.0,0.0,0.0,2
12791,20,10320,0.0,0.0,0.0,0.0,0.0,0.0,2
12792,20,10319,0.0,0.0,0.0,0.0,0.0,0.0,2
12793,20,10318,0.0,0.0,0.0,0.0,0.0,0.0,2
12794,20,10317,0.0,0.0,0.0,0.0,0.0,0.0,2
12795,20,10316,0.0,0.0,0.0,0.0,0.0,0.0,2
12796,20,10315,0.0,0.0,0.0,0.0,0.0,0.0,2
12797,20,10314,0.0,0.0,0.0,0.0,0.0,0.0,2
12798,20,10313,0.0,0.0,0.0,0.0,0.0,0.0,2
12799,20,10141,0.0,0.0,0.0,0.0,0.0,0.0,2
12800,20,10311,0.0,0.0,0.0,0.0,0.0,0.0,2
12801,20,10310,0.0,0.0,0.0,0.0,0.0,0.0,2
12802,20,10309,0.0,0.0,0.0,0.0,0.0,0.0,2
12803,20,10308,0.0,0.0,0.0,0.0,0.0,0.0,2
12804,20,10307,0.0,0.0,0.0,0.0,0.0,0.0,2
12805,20,10306,0.0,0.0,0.0,0.0,0.0,0.0,2
12806,20,10305,0.0,0.0,0.0,0.0,0.0,0.0,2
12807,20,10304,0.0,0.0,0.0,0.0,0.0,0.0,2
12808,20,10303,0.0,0.0,0.0,0.0,0.0,0.0,2
12809,20,10302,0.0,0.0,0.0,0.0,0.0,0.0,2
12810,20,10301,0.0,0.0,0.0,0.0,0.0,0.0,2
12811,20,10300,0.0,0.0,0.0,0.0,0.0,0.0,2
12812,20,10298,0.0,0.0,0.0,0.0,0.0,0.0,2
12813,20,10297,0.0,0.0,0.0,0.0,0.0,0.0,2
12814,20,9967,0.0,0.0,0.0,0.0,0.0,0.0,2
12815,20,9982,0.0,0.0,0.0,0.0,0.0,0.0,2
12816,20,9981,0.0,0.0,0.0,0.0,0.0,0.0,2
12817,20,9980,0.0,0.0,0.0,0.0,0.0,0.0,2
12818,20,9979,0.0,0.0,0.0,0.0,0.0,0.0,2
12819,20,9978,0.0,0.0,0.0,0.0,0.0,0.0,2
12820,20,9977,0.0,0.0,0.0,0.0,0.0,0.0,2
12821,20,9976,0.0,0.0,0.0,0.0,0.0,0.0,2
12822,20,9975,0.0,0.0,0.0,0.0,0.0,0.0,2
12823,20,9974,0.0,0.0,0.0,0.0,0.0,0.0,2
12824,20,9973,0.0,0.0,0.0,0.0,0.0,0.0,2
12825,20,9972,0.0,0.0,0.0,0.0,0.0,0.0,2
12826,20,9971,0.0,0.0,0.0,0.0,0.0,0.0,2
12827,20,9970,0.0,0.0,0.0,0.0,0.0,0.0,2
12828,20,9969,0.0,0.0,0.0,0.0,0.0,0.0,2
12829,20,9968,0.0,0.0,0.0,0.0,0.0,0.0,2
12830,20,9983,0.0,0.0,0.0,0.0,0.0,0.0,2
12831,20,9966,0.0,0.0,0.0,0.0,0.0,0.0,2
12832,20,9965,0.0,0.0,0.0,0.0,0.0,0.0,2
12833,20,9964,0.0,0.0,0.0,0.0,0.0,0.0,2
12834,20,9963,0.0,0.0,0.0,0.0,0.0,0.0,2
12835,20,9962,0.0,0.0,0.0,0.0,0.0,0.0,2
12836,20,9961,0.0,0.0,0.0,0.0,0.0,0.0,2
12837,20,9960,0.0,0.0,0.0,0.0,0.0,0.0,2
12838,20,9959,0.0,0.0,0.0,0.0,0.0,0.0,2
12839,20,9958,0.0,0.0,0.0,0.0,0.0,0.0,2
12840,20,9957,0.0,0.0,0.0,0.0,0.0,0.0,2
12841,20,9956,0.0,0.0,0.0,0.0,0.0,0.0,2
12842,20,9955,0.0,0.0,0.0,0.0,0.0,0.0,2
12843,20,9954,0.0,0.0,0.0,0.0,0.0,0.0,2
12844,20,9953,0.0,0.0,0.0,0.0,0.0,0.0,2
12845,20,9998,0.0,0.0,0.0,0.0,0.0,0.0,2
12846,20,10014,0.0,0.0,0.0,0.0,0.0,0.0,2
12847,20,10013,0.0,0.0,0.0,0.0,0.0,0.0,2
12848,20,10012,0.0,0.0,0.0,0.0,0.0,0.0,2
12849,20,10011,0.0,0.0,0.0,0.0,0.0,0.0,2
12850,20,10010,0.0,0.0,0.0,0.0,0.0,0.0,2
12851,20,10009,0.0,0.0,0.0,0.0,0.0,0.0,2
12852,20,10007,0.0,0.0,0.0,0.0,0.0,0.0,2
12853,20,10006,0.0,0.0,0.0,0.0,0.0,0.0,2
12854,20,10005,0.0,0.0,0.0,0.0,0.0,0.0,2
12855,20,10004,0.0,0.0,0.0,0.0,0.0,0.0,2
12856,20,10003,0.0,0.0,0.0,0.0,0.0,0.0,2
12857,20,10002,0.0,0.0,0.0,0.0,0.0,0.0,2
12858,20,10001,0.0,0.0,0.0,0.0,0.0,0.0,2
12859,20,10000,0.0,0.0,0.0,0.0,0.0,0.0,2
12860,20,9999,0.0,0.0,0.0,0.0,0.0,0.0,2
12861,20,9951,0.0,0.0,0.0,0.0,0.0,0.0,2
12862,20,9997,0.0,0.0,0.0,0.0,0.0,0.0,2
12863,20,9996,0.0,0.0,0.0,0.0,0.0,0.0,2
12864,20,9995,0.0,0.0,0.0,0.0,0.0,0.0,2
12865,20,9994,0.0,0.0,0.0,0.0,0.0,0.0,2
12866,20,9993,0.0,0.0,0.0,0.0,0.0,0.0,2
12867,20,9992,0.0,0.0,0.0,0.0,0.0,0.0,2
12868,20,9991,0.0,0.0,0.0,0.0,0.0,0.0,2
12869,20,9990,0.0,0.0,0.0,0.0,0.0,0.0,2
12870,20,9989,0.0,0.0,0.0,0.0,0.0,0.0,2
12871,20,9988,0.0,0.0,0.0,0.0,0.0,0.0,2
12872,20,9987,0.0,0.0,0.0,0.0,0.0,0.0,2
12873,20,9986,0.0,0.0,0.0,0.0,0.0,0.0,2
12874,20,9985,0.0,0.0,0.0,0.0,0.0,0.0,2
12875,20,9984,0.0,0.0,0.0,0.0,0.0,0.0,2
12876,20,9904,0.0,0.0,0.0,0.0,0.0,0.0,2
12877,20,9919,0.0,0.0,0.0,0.0,0.0,0.0,2
12878,20,9918,0.0,0.0,0.0,0.0,0.0,0.0,2
12879,20,9917,0.0,0.0,0.0,0.0,0.0,0.0,2
12880,20,9916,0.0,0.0,0.0,0.0,0.0,0.0,2
12881,20,9915,0.0,0.0,0.0,0.0,0.0,0.0,2
12882,20,9914,0.0,0.0,0.0,0.0,0.0,0.0,2
12883,20,9913,0.0,0.0,0.0,0.0,0.0,0.0,2
12884,20,9912,0.0,0.0,0.0,0.0,0.0,0.0,2
12885,20,9911,0.0,0.0,0.0,0.0,0.0,0.0,2
12886,20,9910,0.0,0.0,0.0,0.0,0.0,0.0,2
12887,20,9909,0.0,0.0,0.0,0.0,0.0,0.0,2
12888,20,9908,0.0,0.0,0.0,0.0,0.0,0.0,2
12889,20,9907,0.0,0.0,0.0,0.0,0.0,0.0,2
12890,20,9906,0.0,0.0,0.0,0.0,0.0,0.0,2
12891,20,9905,0.0,0.0,0.0,0.0,0.0,0.0,2
12892,20,9920,0.0,0.0,0.0,0.0,0.0,0.0,2
12893,20,9903,0.0,0.0,0.0,0.0,0.0,0.0,2
12894,20,9902,0.0,0.0,0.0,0.0,0.0,0.0,2
12895,20,9901,0.0,0.0,0.0,0.0,0.0,0.0,2
12896,20,9900,0.0,0.0,0.0,0.0,0.0,0.0,2
12897,20,9899,0.0,0.0,0.0,0.0,0.0,0.0,2
12898,20,9898,0.0,0.0,0.0,0.0,0.0,0.0,2
12899,20,9897,0.0,0.0,0.0,0.0,0.0,0.0,2
12900,20,9896,0.0,0.0,0.0,0.0,0.0,0.0,2
12901,20,9895,0.0,0.0,0.0,0.0,0.0,0.0,2
12902,20,9894,0.0,0.0,0.0,0.0,0.0,0.0,2
12903,20,9893,0.0,0.0,0.0,0.0,0.0,0.0,2
12904,20,9892,0.0,0.0,0.0,0.0,0.0,0.0,2
12905,20,9891,0.0,0.0,0.0,0.0,0.0,0.0,2
12906,20,9890,0.0,0.0,0.0,0.0,0.0,0.0,2
12907,20,9935,0.0,0.0,0.0,0.0,0.0,0.0,2
12908,20,9950,0.0,0.0,0.0,0.0,0.0,0.0,2
12909,20,9949,0.0,0.0,0.0,0.0,0.0,0.0,2
12910,20,9948,0.0,0.0,0.0,0.0,0.0,0.0,2
12911,20,9947,0.0,0.0,0.0,0.0,0.0,0.0,2
12912,20,9946,0.0,0.0,0.0,0.0,0.0,0.0,2
12913,20,9945,0.0,0.0,0.0,0.0,0.0,0.0,2
12914,20,9944,0.0,0.0,0.0,0.0,0.0,0.0,2
12915,20,9943,0.0,0.0,0.0,0.0,0.0,0.0,2
12916,20,9942,0.0,0.0,0.0,0.0,0.0,0.0,2
12917,20,9941,0.0,0.0,0.0,0.0,0.0,0.0,2
12918,20,9939,0.0,0.0,0.0,0.0,0.0,0.0,2
12919,20,9938,0.0,0.0,0.0,0.0,0.0,0.0,2
12920,20,9937,0.0,0.0,0.0,0.0,0.0,0.0,2
12921,20,9936,0.0,0.0,0.0,0.0,0.0,0.0,2
12922,20,10015,0.0,0.0,0.0,0.0,0.0,0.0,2
12923,20,9934,0.0,0.0,0.0,0.0,0.0,0.0,2
12924,20,9933,0.0,0.0,0.0,0.0,0.0,0.0,2
12925,20,9932,0.0,0.0,0.0,0.0,0.0,0.0,2
12926,20,9931,0.0,0.0,0.0,0.0,0.0,0.0,2
12927,20,9930,0.0,0.0,0.0,0.0,0.0,0.0,2
12928,20,9929,0.0,0.0,0.0,0.0,0.0,0.0,2
12929,20,9928,0.0,0.0,0.0,0.0,0.0,0.0,2
12930,20,9927,0.0,0.0,0.0,0.0,0.0,0.0,2
12931,20,9926,0.0,0.0,0.0,0.0,0.0,0.0,2
12932,20,9925,0.0,0.0,0.0,0.0,0.0,0.0,2
12933,20,9924,0.0,0.0,0.0,0.0,0.0,0.0,2
12934,20,9923,0.0,0.0,0.0,0.0,0.0,0.0,2
12935,20,9922,0.0,0.0,0.0,0.0,0.0,0.0,2
12936,20,9921,0.0,0.0,0.0,0.0,0.0,0.0,2
12937,20,10095,0.0,0.0,0.0,0.0,0.0,0.0,2
12938,20,10110,0.0,0.0,0.0,0.0,0.0,0.0,2
12939,20,10109,0.0,0.0,0.0,0.0,0.0,0.0,2
12940,20,10108,0.0,0.0,0.0,0.0,0.0,0.0,2
12941,20,10107,0.0,0.0,0.0,0.0,0.0,0.0,2
12942,20,10106,0.0,0.0,0.0,0.0,0.0,0.0,2
12943,20,10105,0.0,0.0,0.0,0.0,0.0,0.0,2
12944,20,10104,0.0,0.0,0.0,0.0,0.0,0.0,2
12945,20,10103,0.0,0.0,0.0,0.0,0.0,0.0,2
12946,20,10102,0.0,0.0,0.0,0.0,0.0,0.0,2
12947,20,10101,0.0,0.0,0.0,0.0,0.0,0.0,2
12948,20,10100,0.0,0.0,0.0,0.0,0.0,0.0,2
12949,20,10099,0.0,0.0,0.0,0.0,0.0,0.0,2
12950,20,10098,0.0,0.0,0.0,0.0,0.0,0.0,2
12951,20,10097,0.0,0.0,0.0,0.0,0.0,0.0,2
12952,20,10096,0.0,0.0,0.0,0.0,0.0,0.0,2
12953,20,10111,0.0,0.0,0.0,0.0,0.0,0.0,2
12954,20,10093,0.0,0.0,0.0,0.0,0.0,0.0,2
12955,20,10091,0.0,0.0,0.0,0.0,0.0,0.0,2
12956,20,10090,0.0,0.0,0.0,0.0,0.0,0.0,2
12957,20,10088,0.0,0.0,0.0,0.0,0.0,0.0,2
12958,20,10087,0.0,0.0,0.0,0.0,0.0,0.0,2
12959,20,10086,0.0,0.0,0.0,0.0,0.0,0.0,2
12960,20,10085,0.0,0.0,0.0,0.0,0.0,0.0,2
12961,20,10084,0.0,0.0,0.0,0.0,0.0,0.0,2
12962,20,10083,0.0,0.0,0.0,0.0,0.0,0.0,2
12963,20,10082,0.0,0.0,0.0,0.0,0.0,0.0,2
12964,20,10081,0.0,0.0,0.0,0.0,0.0,0.0,2
12965,20,10080,0.0,0.0,0.0,0.0,0.0,0.0,2
12966,20,10079,0.0,0.0,0.0,0.0,0.0,0.0,2
12967,20,10078,0.0,0.0,0.0,0.0,0.0,0.0,2
12968,20,10126,0.0,0.0,0.0,0.0,0.0,0.0,2
12969,20,10140,0.0,0.0,0.0,0.0,0.0,0.0,2
12970,20,10139,0.0,0.0,0.0,0.0,0.0,0.0,2
12971,20,10138,0.0,0.0,0.0,0.0,0.0,0.0,2
12972,20,10137,0.0,0.0,0.0,0.0,0.0,0.0,2
12973,20,10136,0.0,0.0,0.0,0.0,0.0,0.0,2
12974,20,10135,0.0,0.0,0.0,0.0,0.0,0.0,2
12975,20,10134,0.0,0.0,0.0,0.0,0.0,0.0,2
12976,20,10133,0.0,0.0,0.0,0.0,0.0,0.0,2
12977,20,10132,0.0,0.0,0.0,0.0,0.0,0.0,2
12978,20,10131,0.0,0.0,0.0,0.0,0.0,0.0,2
12979,20,10130,0.0,0.0,0.0,0.0,0.0,0.0,2
12980,20,10129,0.0,0.0,0.0,0.0,0.0,0.0,2
12981,20,10128,0.0,0.0,0.0,0.0,0.0,0.0,2
12982,20,10127,0.0,0.0,0.0,0.0,0.0,0.0,2
12983,20,10077,0.0,0.0,0.0,0.0,0.0,0.0,2
12984,20,10125,0.0,0.0,0.0,0.0,0.0,0.0,2
12985,20,10124,0.0,0.0,0.0,0.0,0.0,0.0,2
12986,20,10123,0.0,0.0,0.0,0.0,0.0,0.0,2
12987,20,10122,0.0,0.0,0.0,0.0,0.0,0.0,2
12988,20,10121,0.0,0.0,0.0,0.0,0.0,0.0,2
12989,20,10120,0.0,0.0,0.0,0.0,0.0,0.0,2
12990,20,10119,0.0,0.0,0.0,0.0,0.0,0.0,2
12991,20,10118,0.0,0.0,0.0,0.0,0.0,0.0,2
12992,20,10117,0.0,0.0,0.0,0.0,0.0,0.0,2
12993,20,10116,0.0,0.0,0.0,0.0,0.0,0.0,2
12994,20,10115,0.0,0.0,0.0,0.0,0.0,0.0,2
12995,20,10114,0.0,0.0,0.0,0.0,0.0,0.0,2
12996,20,10113,0.0,0.0,0.0,0.0,0.0,0.0,2
12997,20,10112,0.0,0.0,0.0,0.0,0.0,0.0,2
12998,20,10030,0.0,0.0,0.0,0.0,0.0,0.0,2
12999,20,10045,0.0,0.0,0.0,0.0,0.0,0.0,2
13000,20,10044,0.0,0.0,0.0,0.0,0.0,0.0,2
13001,20,10043,0.0,0.0,0.0,0.0,0.0,0.0,2
13002,20,10042,0.0,0.0,0.0,0.0,0.0,0.0,2
13003,20,10041,0.0,0.0,0.0,0.0,0.0,0.0,2
13004,20,10040,0.0,0.0,0.0,0.0,0.0,0.0,2
13005,20,10039,0.0,0.0,0.0,0.0,0.0,0.0,2
13006,20,10038,0.0,0.0,0.0,0.0,0.0,0.0,2
13007,20,10037,0.0,0.0,0.0,0.0,0.0,0.0,2
13008,20,10036,0.0,0.0,0.0,0.0,0.0,0.0,2
13009,20,10035,0.0,0.0,0.0,0.0,0.0,0.0,2
13010,20,10034,0.0,0.0,0.0,0.0,0.0,0.0,2
13011,20,10033,0.0,0.0,0.0,0.0,0.0,0.0,2
13012,20,10032,0.0,0.0,0.0,0.0,0.0,0.0,2
13013,20,10031,0.0,0.0,0.0,0.0,0.0,0.0,2
13014,20,10046,0.0,0.0,0.0,0.0,0.0,0.0,2
13015,20,10029,0.0,0.0,0.0,0.0,0.0,0.0,2
13016,20,10028,0.0,0.0,0.0,0.0,0.0,0.0,2
13017,20,10027,0.0,0.0,0.0,0.0,0.0,0.0,2
13018,20,10026,0.0,0.0,0.0,0.0,0.0,0.0,2
13019,20,10025,0.0,0.0,0.0,0.0,0.0,0.0,2
13020,20,10024,0.0,0.0,0.0,0.0,0.0,0.0,2
13021,20,10023,0.0,0.0,0.0,0.0,0.0,0.0,2
13022,20,10022,0.0,0.0,0.0,0.0,0.0,0.0,2
13023,20,10021,0.0,0.0,0.0,0.0,0.0,0.0,2
13024,20,10020,0.0,0.0,0.0,0.0,0.0,0.0,2
13025,20,10019,0.0,0.0,0.0,0.0,0.0,0.0,2
13026,20,10018,0.0,0.0,0.0,0.0,0.0,0.0,2
13027,20,10017,0.0,0.0,0.0,0.0,0.0,0.0,2
13028,20,10016,0.0,0.0,0.0,0.0,0.0,0.0,2
13029,20,10061,0.0,0.0,0.0,0.0,0.0,0.0,2
13030,20,10076,0.0,0.0,0.0,0.0,0.0,0.0,2
13031,20,10075,0.0,0.0,0.0,0.0,0.0,0.0,2
13032,20,10074,0.0,0.0,0.0,0.0,0.0,0.0,2
13033,20,10073,0.0,0.0,0.0,0.0,0.0,0.0,2
13034,20,10072,0.0,0.0,0.0,0.0,0.0,0.0,2
13035,20,10071,0.0,0.0,0.0,0.0,0.0,0.0,2
13036,20,10070,0.0,0.0,0.0,0.0,0.0,0.0,2
13037,20,10069,0.0,0.0,0.0,0.0,0.0,0.0,2
13038,20,10068,0.0,0.0,0.0,0.0,0.0,0.0,2
13039,20,10067,0.0,0.0,0.0,0.0,0.0,0.0,2
13040,20,10066,0.0,0.0,0.0,0.0,0.0,0.0,2
13041,20,10065,0.0,0.0,0.0,0.0,0.0,0.0,2
13042,20,10063,0.0,0.0,0.0,0.0,0.0,0.0,2
13043,20,10062,0.0,0.0,0.0,0.0,0.0,0.0,2
13044,20,9391,0.0,0.0,0.0,0.0,0.0,0.0,2
13045,20,10060,0.0,0.0,0.0,0.0,0.0,0.0,2
13046,20,10059,0.0,0.0,0.0,0.0,0.0,0.0,2
13047,20,10058,0.0,0.0,0.0,0.0,0.0,0.0,2
13048,20,10057,0.0,0.0,0.0,0.0,0.0,0.0,2
13049,20,10056,0.0,0.0,0.0,0.0,0.0,0.0,2
13050,20,10055,0.0,0.0,0.0,0.0,0.0,0.0,2
13051,20,10054,0.0,0.0,0.0,0.0,0.0,0.0,2
13052,20,10053,0.0,0.0,0.0,0.0,0.0,0.0,2
13053,20,10052,0.0,0.0,0.0,0.0,0.0,0.0,2
13054,20,10051,0.0,0.0,0.0,0.0,0.0,0.0,2
13055,20,10050,0.0,0.0,0.0,0.0,0.0,0.0,2
13056,20,10049,0.0,0.0,0.0,0.0,0.0,0.0,2
13057,20,10048,0.0,0.0,0.0,0.0,0.0,0.0,2
13058,20,10047,0.0,0.0,0.0,0.0,0.0,0.0,2
13059,20,8720,0.0,0.0,0.0,0.0,0.0,0.0,2
13060,20,8735,0.0,0.0,0.0,0.0,0.0,0.0,2
13061,20,8734,0.0,0.0,0.0,0.0,0.0,0.0,2
13062,20,8733,0.0,0.0,0.0,0.0,0.0,0.0,2
13063,20,8732,0.0,0.0,0.0,0.0,0.0,0.0,2
13064,20,8731,0.0,0.0,0.0,0.0,0.0,0.0,2
13065,20,8730,0.0,0.0,0.0,0.0,0.0,0.0,2
13066,20,8729,0.0,0.0,0.0,0.0,0.0,0.0,2
13067,20,8728,0.0,0.0,0.0,0.0,0.0,0.0,2
13068,20,8727,0.0,0.0,0.0,0.0,0.0,0.0,2
13069,20,8726,0.0,0.0,0.0,0.0,0.0,0.0,2
13070,20,8725,0.0,0.0,0.0,0.0,0.0,0.0,2
13071,20,8724,0.0,0.0,0.0,0.0,0.0,0.0,2
13072,20,8723,0.0,0.0,0.0,0.0,0.0,0.0,2
13073,20,8722,0.0,0.0,0.0,0.0,0.0,0.0,2
13074,20,8721,0.0,0.0,0.0,0.0,0.0,0.0,2
13075,20,8736,0.0,0.0,0.0,0.0,0.0,0.0,2
13076,20,8719,0.0,0.0,0.0,0.0,0.0,0.0,2
13077,20,8718,0.0,0.0,0.0,0.0,0.0,0.0,2
13078,20,8716,0.0,0.0,0.0,0.0,0.0,0.0,2
13079,20,8715,0.0,0.0,0.0,0.0,0.0,0.0,2
13080,20,8714,0.0,0.0,0.0,0.0,0.0,0.0,2
13081,20,8713,0.0,0.0,0.0,0.0,0.0,0.0,2
13082,20,8712,0.0,0.0,0.0,0.0,0.0,0.0,2
13083,20,8711,0.0,0.0,0.0,0.0,0.0,0.0,2
13084,20,8710,0.0,0.0,0.0,0.0,0.0,0.0,2
13085,20,8709,0.0,0.0,0.0,0.0,0.0,0.0,2
13086,20,8708,0.0,0.0,0.0,0.0,0.0,0.0,2
13087,20,8707,0.0,0.0,0.0,0.0,0.0,0.0,2
13088,20,8706,0.0,0.0,0.0,0.0,0.0,0.0,2
13089,20,8705,0.0,0.0,0.0,0.0,0.0,0.0,2
13090,20,8752,0.0,0.0,0.0,0.0,0.0,0.0,2
13091,20,8768,0.0,0.0,0.0,0.0,0.0,0.0,2
13092,20,8767,0.0,0.0,0.0,0.0,0.0,0.0,2
13093,20,8766,0.0,0.0,0.0,0.0,0.0,0.0,2
13094,20,8765,0.0,0.0,0.0,0.0,0.0,0.0,2
13095,20,8764,0.0,0.0,0.0,0.0,0.0,0.0,2
13096,20,8763,0.0,0.0,0.0,0.0,0.0,0.0,2
13097,20,8762,0.0,0.0,0.0,0.0,0.0,0.0,2
13098,20,8761,0.0,0.0,0.0,0.0,0.0,0.0,2
13099,20,8760,0.0,0.0,0.0,0.0,0.0,0.0,2
13100,20,8759,0.0,0.0,0.0,0.0,0.0,0.0,2
13101,20,8758,0.0,0.0,0.0,0.0,0.0,0.0,2
13102,20,8757,0.0,0.0,0.0,0.0,0.0,0.0,2
13103,20,8756,0.0,0.0,0.0,0.0,0.0,0.0,2
13104,20,8755,0.0,0.0,0.0,0.0,0.0,0.0,2
13105,20,8753,0.0,0.0,0.0,0.0,0.0,0.0,2
13106,20,8704,0.0,0.0,0.0,0.0,0.0,0.0,2
13107,20,8751,0.0,0.0,0.0,0.0,0.0,0.0,2
13108,20,8750,0.0,0.0,0.0,0.0,0.0,0.0,2
13109,20,8749,0.0,0.0,0.0,0.0,0.0,0.0,2
13110,20,8748,0.0,0.0,0.0,0.0,0.0,0.0,2
13111,20,8747,0.0,0.0,0.0,0.0,0.0,0.0,2
13112,20,8746,0.0,0.0,0.0,0.0,0.0,0.0,2
13113,20,8745,0.0,0.0,0.0,0.0,0.0,0.0,2
13114,20,8744,0.0,0.0,0.0,0.0,0.0,0.0,2
13115,20,8743,0.0,0.0,0.0,0.0,0.0,0.0,2
13116,20,8741,0.0,0.0,0.0,0.0,0.0,0.0,2
13117,20,8740,0.0,0.0,0.0,0.0,0.0,0.0,2
13118,20,8739,0.0,0.0,0.0,0.0,0.0,0.0,2
13119,20,8738,0.0,0.0,0.0,0.0,0.0,0.0,2
13120,20,8737,0.0,0.0,0.0,0.0,0.0,0.0,2
13121,20,8656,0.0,0.0,0.0,0.0,0.0,0.0,2
13122,20,8672,0.0,0.0,0.0,0.0,0.0,0.0,2
13123,20,8671,0.0,0.0,0.0,0.0,0.0,0.0,2
13124,20,8670,0.0,0.0,0.0,0.0,0.0,0.0,2
13125,20,8669,0.0,0.0,0.0,0.0,0.0,0.0,2
13126,20,8668,0.0,0.0,0.0,0.0,0.0,0.0,2
13127,20,8667,0.0,0.0,0.0,0.0,0.0,0.0,2
13128,20,8666,0.0,0.0,0.0,0.0,0.0,0.0,2
13129,20,8665,0.0,0.0,0.0,0.0,0.0,0.0,2
13130,20,8664,0.0,0.0,0.0,0.0,0.0,0.0,2
13131,20,8663,0.0,0.0,0.0,0.0,0.0,0.0,2
13132,20,8662,0.0,0.0,0.0,0.0,0.0,0.0,2
13133,20,8661,0.0,0.0,0.0,0.0,0.0,0.0,2
13134,20,8660,0.0,0.0,0.0,0.0,0.0,0.0,2
13135,20,8658,0.0,0.0,0.0,0.0,0.0,0.0,2
13136,20,8657,0.0,0.0,0.0,0.0,0.0,0.0,2
13137,20,8673,0.0,0.0,0.0,0.0,0.0,0.0,2
13138,20,8655,0.0,0.0,0.0,0.0,0.0,0.0,2
13139,20,8654,0.0,0.0,0.0,0.0,0.0,0.0,2
13140,20,8653,0.0,0.0,0.0,0.0,0.0,0.0,2
13141,20,8652,0.0,0.0,0.0,0.0,0.0,0.0,2
13142,20,8651,0.0,0.0,0.0,0.0,0.0,0.0,2
13143,20,8650,0.0,0.0,0.0,0.0,0.0,0.0,2
13144,20,8649,0.0,0.0,0.0,0.0,0.0,0.0,2
13145,20,8648,0.0,0.0,0.0,0.0,0.0,0.0,2
13146,20,8647,0.0,0.0,0.0,0.0,0.0,0.0,2
13147,20,8646,0.0,0.0,0.0,0.0,0.0,0.0,2
13148,20,8645,0.0,0.0,0.0,0.0,0.0,0.0,2
13149,20,8644,0.0,0.0,0.0,0.0,0.0,0.0,2
13150,20,8643,0.0,0.0,0.0,0.0,0.0,0.0,2
13151,20,8642,0.0,0.0,0.0,0.0,0.0,0.0,2
13152,20,8689,0.0,0.0,0.0,0.0,0.0,0.0,2
13153,20,8703,0.0,0.0,0.0,0.0,0.0,0.0,2
13154,20,8702,0.0,0.0,0.0,0.0,0.0,0.0,2
13155,20,8701,0.0,0.0,0.0,0.0,0.0,0.0,2
13156,20,8700,0.0,0.0,0.0,0.0,0.0,0.0,2
13157,20,8699,0.0,0.0,0.0,0.0,0.0,0.0,2
13158,20,8698,0.0,0.0,0.0,0.0,0.0,0.0,2
13159,20,8697,0.0,0.0,0.0,0.0,0.0,0.0,2
13160,20,8696,0.0,0.0,0.0,0.0,0.0,0.0,2
13161,20,8695,0.0,0.0,0.0,0.0,0.0,0.0,2
13162,20,8694,0.0,0.0,0.0,0.0,0.0,0.0,2
13163,20,8693,0.0,0.0,0.0,0.0,0.0,0.0,2
13164,20,8692,0.0,0.0,0.0,0.0,0.0,0.0,2
13165,20,8691,0.0,0.0,0.0,0.0,0.0,0.0,2
13166,20,8690,0.0,0.0,0.0,0.0,0.0,0.0,2
13167,20,8769,0.0,0.0,0.0,0.0,0.0,0.0,2
13168,20,8688,0.0,0.0,0.0,0.0,0.0,0.0,2
13169,20,8687,0.0,0.0,0.0,0.0,0.0,0.0,2
13170,20,8686,0.0,0.0,0.0,0.0,0.0,0.0,2
13171,20,8685,0.0,0.0,0.0,0.0,0.0,0.0,2
13172,20,8684,0.0,0.0,0.0,0.0,0.0,0.0,2
13173,20,8683,0.0,0.0,0.0,0.0,0.0,0.0,2
13174,20,8682,0.0,0.0,0.0,0.0,0.0,0.0,2
13175,20,8681,0.0,0.0,0.0,0.0,0.0,0.0,2
13176,20,8679,0.0,0.0,0.0,0.0,0.0,0.0,2
13177,20,8678,0.0,0.0,0.0,0.0,0.0,0.0,2
13178,20,8677,0.0,0.0,0.0,0.0,0.0,0.0,2
13179,20,8676,0.0,0.0,0.0,0.0,0.0,0.0,2
13180,20,8675,0.0,0.0,0.0,0.0,0.0,0.0,2
13181,20,8674,0.0,0.0,0.0,0.0,0.0,0.0,2
13182,20,8846,0.0,0.0,0.0,0.0,0.0,0.0,2
13183,20,8861,0.0,0.0,0.0,0.0,0.0,0.0,2
13184,20,8860,0.0,0.0,0.0,0.0,0.0,0.0,2
13185,20,8859,0.0,0.0,0.0,0.0,0.0,0.0,2
13186,20,8858,0.0,0.0,0.0,0.0,0.0,0.0,2
13187,20,8857,0.0,0.0,0.0,0.0,0.0,0.0,2
13188,20,8856,0.0,0.0,0.0,0.0,0.0,0.0,2
13189,20,8855,0.0,0.0,0.0,0.0,0.0,0.0,2
13190,20,8854,0.0,0.0,0.0,0.0,0.0,0.0,2
13191,20,8853,0.0,0.0,0.0,0.0,0.0,0.0,2
13192,20,8852,0.0,0.0,0.0,0.0,0.0,0.0,2
13193,20,8851,0.0,0.0,0.0,0.0,0.0,0.0,2
13194,20,8850,0.0,0.0,0.0,0.0,0.0,0.0,2
13195,20,8849,0.0,0.0,0.0,0.0,0.0,0.0,2
13196,20,8848,0.0,0.0,0.0,0.0,0.0,0.0,2
13197,20,8847,0.0,0.0,0.0,0.0,0.0,0.0,2
13198,20,8862,0.0,0.0,0.0,0.0,0.0,0.0,2
13199,20,8845,0.0,0.0,0.0,0.0,0.0,0.0,2
13200,20,8844,0.0,0.0,0.0,0.0,0.0,0.0,2
13201,20,8843,0.0,0.0,0.0,0.0,0.0,0.0,2
13202,20,8842,0.0,0.0,0.0,0.0,0.0,0.0,2
13203,20,8841,0.0,0.0,0.0,0.0,0.0,0.0,2
13204,20,8840,0.0,0.0,0.0,0.0,0.0,0.0,2
13205,20,8839,0.0,0.0,0.0,0.0,0.0,0.0,2
13206,20,8838,0.0,0.0,0.0,0.0,0.0,0.0,2
13207,20,8837,0.0,0.0,0.0,0.0,0.0,0.0,2
13208,20,8836,0.0,0.0,0.0,0.0,0.0,0.0,2
13209,20,8835,0.0,0.0,0.0,0.0,0.0,0.0,2
13210,20,8834,0.0,0.0,0.0,0.0,0.0,0.0,2
13211,20,8833,0.0,0.0,0.0,0.0,0.0,0.0,2
13212,20,8832,0.0,0.0,0.0,0.0,0.0,0.0,2
13213,20,8877,0.0,0.0,0.0,0.0,0.0,0.0,2
13214,20,8892,0.0,0.0,0.0,0.0,0.0,0.0,2
13215,20,8891,0.0,0.0,0.0,0.0,0.0,0.0,2
13216,20,8890,0.0,0.0,0.0,0.0,0.0,0.0,2
13217,20,8889,0.0,0.0,0.0,0.0,0.0,0.0,2
13218,20,8888,0.0,0.0,0.0,0.0,0.0,0.0,2
13219,20,8887,0.0,0.0,0.0,0.0,0.0,0.0,2
13220,20,8886,0.0,0.0,0.0,0.0,0.0,0.0,2
13221,20,8885,0.0,0.0,0.0,0.0,0.0,0.0,2
13222,20,8884,0.0,0.0,0.0,0.0,0.0,0.0,2
13223,20,8882,0.0,0.0,0.0,0.0,0.0,0.0,2
13224,20,8881,0.0,0.0,0.0,0.0,0.0,0.0,2
13225,20,8880,0.0,0.0,0.0,0.0,0.0,0.0,2
13226,20,8879,0.0,0.0,0.0,0.0,0.0,0.0,2
13227,20,8878,0.0,0.0,0.0,0.0,0.0,0.0,2
13228,20,8831,0.0,0.0,0.0,0.0,0.0,0.0,2
13229,20,8876,0.0,0.0,0.0,0.0,0.0,0.0,2
13230,20,8875,0.0,0.0,0.0,0.0,0.0,0.0,2
13231,20,8874,0.0,0.0,0.0,0.0,0.0,0.0,2
13232,20,8873,0.0,0.0,0.0,0.0,0.0,0.0,2
13233,20,8872,0.0,0.0,0.0,0.0,0.0,0.0,2
13234,20,8871,0.0,0.0,0.0,0.0,0.0,0.0,2
13235,20,8870,0.0,0.0,0.0,0.0,0.0,0.0,2
13236,20,8869,0.0,0.0,0.0,0.0,0.0,0.0,2
13237,20,8868,0.0,0.0,0.0,0.0,0.0,0.0,2
13238,20,8867,0.0,0.0,0.0,0.0,0.0,0.0,2
13239,20,8866,0.0,0.0,0.0,0.0,0.0,0.0,2
13240,20,8865,0.0,0.0,0.0,0.0,0.0,0.0,2
13241,20,8864,0.0,0.0,0.0,0.0,0.0,0.0,2
13242,20,8863,0.0,0.0,0.0,0.0,0.0,0.0,2
13243,20,8785,0.0,0.0,0.0,0.0,0.0,0.0,2
13244,20,8800,0.0,0.0,0.0,0.0,0.0,0.0,2
13245,20,8799,0.0,0.0,0.0,0.0,0.0,0.0,2
13246,20,8798,0.0,0.0,0.0,0.0,0.0,0.0,2
13247,20,8797,0.0,0.0,0.0,0.0,0.0,0.0,2
13248,20,8796,0.0,0.0,0.0,0.0,0.0,0.0,2
13249,20,8795,0.0,0.0,0.0,0.0,0.0,0.0,2
13250,20,8794,0.0,0.0,0.0,0.0,0.0,0.0,2
13251,20,8793,0.0,0.0,0.0,0.0,0.0,0.0,2
13252,20,8792,0.0,0.0,0.0,0.0,0.0,0.0,2
13253,20,8791,0.0,0.0,0.0,0.0,0.0,0.0,2
13254,20,8790,0.0,0.0,0.0,0.0,0.0,0.0,2
13255,20,8789,0.0,0.0,0.0,0.0,0.0,0.0,2
13256,20,8788,0.0,0.0,0.0,0.0,0.0,0.0,2
13257,20,8787,0.0,0.0,0.0,0.0,0.0,0.0,2
13258,20,8786,0.0,0.0,0.0,0.0,0.0,0.0,2
13259,20,8801,0.0,0.0,0.0,0.0,0.0,0.0,2
13260,20,8784,0.0,0.0,0.0,0.0,0.0,0.0,2
13261,20,8783,0.0,0.0,0.0,0.0,0.0,0.0,2
13262,20,8782,0.0,0.0,0.0,0.0,0.0,0.0,2
13263,20,8781,0.0,0.0,0.0,0.0,0.0,0.0,2
13264,20,8780,0.0,0.0,0.0,0.0,0.0,0.0,2
13265,20,8779,0.0,0.0,0.0,0.0,0.0,0.0,2
13266,20,8778,0.0,0.0,0.0,0.0,0.0,0.0,2
13267,20,8777,0.0,0.0,0.0,0.0,0.0,0.0,2
13268,20,8776,0.0,0.0,0.0,0.0,0.0,0.0,2
13269,20,8774,0.0,0.0,0.0,0.0,0.0,0.0,2
13270,20,8773,0.0,0.0,0.0,0.0,0.0,0.0,2
13271,20,8772,0.0,0.0,0.0,0.0,0.0,0.0,2
13272,20,8771,0.0,0.0,0.0,0.0,0.0,0.0,2
13273,20,8770,0.0,0.0,0.0,0.0,0.0,0.0,2
13274,20,8816,0.0,0.0,0.0,0.0,0.0,0.0,2
13275,20,8830,0.0,0.0,0.0,0.0,0.0,0.0,2
13276,20,8829,0.0,0.0,0.0,0.0,0.0,0.0,2
13277,20,8828,0.0,0.0,0.0,0.0,0.0,0.0,2
13278,20,8827,0.0,0.0,0.0,0.0,0.0,0.0,2
13279,20,8826,0.0,0.0,0.0,0.0,0.0,0.0,2
13280,20,8825,0.0,0.0,0.0,0.0,0.0,0.0,2
13281,20,8824,0.0,0.0,0.0,0.0,0.0,0.0,2
13282,20,8823,0.0,0.0,0.0,0.0,0.0,0.0,2
13283,20,8822,0.0,0.0,0.0,0.0,0.0,0.0,2
13284,20,8821,0.0,0.0,0.0,0.0,0.0,0.0,2
13285,20,8820,0.0,0.0,0.0,0.0,0.0,0.0,2
13286,20,8819,0.0,0.0,0.0,0.0,0.0,0.0,2
13287,20,8818,0.0,0.0,0.0,0.0,0.0,0.0,2
13288,20,8817,0.0,0.0,0.0,0.0,0.0,0.0,2
13289,20,8641,0.0,0.0,0.0,0.0,0.0,0.0,2
13290,20,8815,0.0,0.0,0.0,0.0,0.0,0.0,2
13291,20,8814,0.0,0.0,0.0,0.0,0.0,0.0,2
13292,20,8813,0.0,0.0,0.0,0.0,0.0,0.0,2
13293,20,8812,0.0,0.0,0.0,0.0,0.0,0.0,2
13294,20,8811,0.0,0.0,0.0,0.0,0.0,0.0,2
13295,20,8810,0.0,0.0,0.0,0.0,0.0,0.0,2
13296,20,8809,0.0,0.0,0.0,0.0,0.0,0.0,2
13297,20,8808,0.0,0.0,0.0,0.0,0.0,0.0,2
13298,20,8807,0.0,0.0,0.0,0.0,0.0,0.0,2
13299,20,8806,0.0,0.0,0.0,0.0,0.0,0.0,2
13300,20,8805,0.0,0.0,0.0,0.0,0.0,0.0,2
13301,20,8804,0.0,0.0,0.0,0.0,0.0,0.0,2
13302,20,8803,0.0,0.0,0.0,0.0,0.0,0.0,2
13303,20,8802,0.0,0.0,0.0,0.0,0.0,0.0,2
13304,20,8466,0.0,0.0,0.0,0.0,0.0,0.0,2
13305,20,8482,0.0,0.0,0.0,0.0,0.0,0.0,2
13306,20,8481,0.0,0.0,0.0,0.0,0.0,0.0,2
13307,20,8480,0.0,0.0,0.0,0.0,0.0,0.0,2
13308,20,8479,0.0,0.0,0.0,0.0,0.0,0.0,2
13309,20,8478,0.0,0.0,0.0,0.0,0.0,0.0,2
13310,20,8477,0.0,0.0,0.0,0.0,0.0,0.0,2
13311,20,8476,0.0,0.0,0.0,0.0,0.0,0.0,2
13312,20,8475,0.0,0.0,0.0,0.0,0.0,0.0,2
13313,20,8474,0.0,0.0,0.0,0.0,0.0,0.0,2
13314,20,8473,0.0,0.0,0.0,0.0,0.0,0.0,2
13315,20,8472,0.0,0.0,0.0,0.0,0.0,0.0,2
13316,20,8471,0.0,0.0,0.0,0.0,0.0,0.0,2
13317,20,8470,0.0,0.0,0.0,0.0,0.0,0.0,2
13318,20,8469,0.0,0.0,0.0,0.0,0.0,0.0,2
13319,20,8467,0.0,0.0,0.0,0.0,0.0,0.0,2
13320,20,8483,0.0,0.0,0.0,0.0,0.0,0.0,2
13321,20,8465,0.0,0.0,0.0,0.0,0.0,0.0,2
13322,20,8464,0.0,0.0,0.0,0.0,0.0,0.0,2
13323,20,8463,0.0,0.0,0.0,0.0,0.0,0.0,2
13324,20,8462,0.0,0.0,0.0,0.0,0.0,0.0,2
13325,20,8461,0.0,0.0,0.0,0.0,0.0,0.0,2
13326,20,8460,0.0,0.0,0.0,0.0,0.0,0.0,2
13327,20,8459,0.0,0.0,0.0,0.0,0.0,0.0,2
13328,20,8458,0.0,0.0,0.0,0.0,0.0,0.0,2
13329,20,8457,0.0,0.0,0.0,0.0,0.0,0.0,2
13330,20,8455,0.0,0.0,0.0,0.0,0.0,0.0,2
13331,20,8454,0.0,0.0,0.0,0.0,0.0,0.0,2
13332,20,8453,0.0,0.0,0.0,0.0,0.0,0.0,2
13333,20,8452,0.0,0.0,0.0,0.0,0.0,0.0,2
13334,20,8451,0.0,0.0,0.0,0.0,0.0,0.0,2
13335,20,8500,0.0,0.0,0.0,0.0,0.0,0.0,2
13336,20,8515,0.0,0.0,0.0,0.0,0.0,0.0,2
13337,20,8514,0.0,0.0,0.0,0.0,0.0,0.0,2
13338,20,8513,0.0,0.0,0.0,0.0,0.0,0.0,2
13339,20,8512,0.0,0.0,0.0,0.0,0.0,0.0,2
13340,20,8511,0.0,0.0,0.0,0.0,0.0,0.0,2
13341,20,8510,0.0,0.0,0.0,0.0,0.0,0.0,2
13342,20,8509,0.0,0.0,0.0,0.0,0.0,0.0,2
13343,20,8508,0.0,0.0,0.0,0.0,0.0,0.0,2
13344,20,8507,0.0,0.0,0.0,0.0,0.0,0.0,2
13345,20,8506,0.0,0.0,0.0,0.0,0.0,0.0,2
13346,20,8505,0.0,0.0,0.0,0.0,0.0,0.0,2
13347,20,8504,0.0,0.0,0.0,0.0,0.0,0.0,2
13348,20,8503,0.0,0.0,0.0,0.0,0.0,0.0,2
13349,20,8502,0.0,0.0,0.0,0.0,0.0,0.0,2
13350,20,8501,0.0,0.0,0.0,0.0,0.0,0.0,2
13351,20,8450,0.0,0.0,0.0,0.0,0.0,0.0,2
13352,20,8499,0.0,0.0,0.0,0.0,0.0,0.0,2
13353,20,8498,0.0,0.0,0.0,0.0,0.0,0.0,2
13354,20,8496,0.0,0.0,0.0,0.0,0.0,0.0,2
13355,20,8495,0.0,0.0,0.0,0.0,0.0,0.0,2
13356,20,8494,0.0,0.0,0.0,0.0,0.0,0.0,2
13357,20,8493,0.0,0.0,0.0,0.0,0.0,0.0,2
13358,20,8492,0.0,0.0,0.0,0.0,0.0,0.0,2
13359,20,8491,0.0,0.0,0.0,0.0,0.0,0.0,2
13360,20,8490,0.0,0.0,0.0,0.0,0.0,0.0,2
13361,20,8488,0.0,0.0,0.0,0.0,0.0,0.0,2
13362,20,8487,0.0,0.0,0.0,0.0,0.0,0.0,2
13363,20,8486,0.0,0.0,0.0,0.0,0.0,0.0,2
13364,20,8485,0.0,0.0,0.0,0.0,0.0,0.0,2
13365,20,8484,0.0,0.0,0.0,0.0,0.0,0.0,2
13366,20,8403,0.0,0.0,0.0,0.0,0.0,0.0,2
13367,20,8418,0.0,0.0,0.0,0.0,0.0,0.0,2
13368,20,8417,0.0,0.0,0.0,0.0,0.0,0.0,2
13369,20,8416,0.0,0.0,0.0,0.0,0.0,0.0,2
13370,20,8415,0.0,0.0,0.0,0.0,0.0,0.0,2
13371,20,8414,0.0,0.0,0.0,0.0,0.0,0.0,2
13372,20,8413,0.0,0.0,0.0,0.0,0.0,0.0,2
13373,20,8412,0.0,0.0,0.0,0.0,0.0,0.0,2
13374,20,8411,0.0,0.0,0.0,0.0,0.0,0.0,2
13375,20,8410,0.0,0.0,0.0,0.0,0.0,0.0,2
13376,20,8409,0.0,0.0,0.0,0.0,0.0,0.0,2
13377,20,8408,0.0,0.0,0.0,0.0,0.0,0.0,2
13378,20,8407,0.0,0.0,0.0,0.0,0.0,0.0,2
13379,20,8406,0.0,0.0,0.0,0.0,0.0,0.0,2
13380,20,8405,0.0,0.0,0.0,0.0,0.0,0.0,2
13381,20,8404,0.0,0.0,0.0,0.0,0.0,0.0,2
13382,20,8419,0.0,0.0,0.0,0.0,0.0,0.0,2
13383,20,8402,0.0,0.0,0.0,0.0,0.0,0.0,2
13384,20,8401,0.0,0.0,0.0,0.0,0.0,0.0,2
13385,20,8400,0.0,0.0,0.0,0.0,0.0,0.0,2
13386,20,8399,0.0,0.0,0.0,0.0,0.0,0.0,2
13387,20,8398,0.0,0.0,0.0,0.0,0.0,0.0,2
13388,20,8397,0.0,0.0,0.0,0.0,0.0,0.0,2
13389,20,8396,0.0,0.0,0.0,0.0,0.0,0.0,2
13390,20,8395,0.0,0.0,0.0,0.0,0.0,0.0,2
13391,20,8394,0.0,0.0,0.0,0.0,0.0,0.0,2
13392,20,8393,0.0,0.0,0.0,0.0,0.0,0.0,2
13393,20,8392,0.0,0.0,0.0,0.0,0.0,0.0,2
13394,20,8391,0.0,0.0,0.0,0.0,0.0,0.0,2
13395,20,8389,0.0,0.0,0.0,0.0,0.0,0.0,2
13396,20,8388,0.0,0.0,0.0,0.0,0.0,0.0,2
13397,20,8435,0.0,0.0,0.0,0.0,0.0,0.0,2
13398,20,8449,0.0,0.0,0.0,0.0,0.0,0.0,2
13399,20,8448,0.0,0.0,0.0,0.0,0.0,0.0,2
13400,20,8447,0.0,0.0,0.0,0.0,0.0,0.0,2
13401,20,8446,0.0,0.0,0.0,0.0,0.0,0.0,2
13402,20,8445,0.0,0.0,0.0,0.0,0.0,0.0,2
13403,20,8444,0.0,0.0,0.0,0.0,0.0,0.0,2
13404,20,8443,0.0,0.0,0.0,0.0,0.0,0.0,2
13405,20,8442,0.0,0.0,0.0,0.0,0.0,0.0,2
13406,20,8441,0.0,0.0,0.0,0.0,0.0,0.0,2
13407,20,8440,0.0,0.0,0.0,0.0,0.0,0.0,2
13408,20,8439,0.0,0.0,0.0,0.0,0.0,0.0,2
13409,20,8438,0.0,0.0,0.0,0.0,0.0,0.0,2
13410,20,8437,0.0,0.0,0.0,0.0,0.0,0.0,2
13411,20,8436,0.0,0.0,0.0,0.0,0.0,0.0,2
13412,20,8516,0.0,0.0,0.0,0.0,0.0,0.0,2
13413,20,8434,0.0,0.0,0.0,0.0,0.0,0.0,2
13414,20,8433,0.0,0.0,0.0,0.0,0.0,0.0,2
13415,20,8432,0.0,0.0,0.0,0.0,0.0,0.0,2
13416,20,8431,0.0,0.0,0.0,0.0,0.0,0.0,2
13417,20,8430,0.0,0.0,0.0,0.0,0.0,0.0,2
13418,20,8429,0.0,0.0,0.0,0.0,0.0,0.0,2
13419,20,8428,0.0,0.0,0.0,0.0,0.0,0.0,2
13420,20,8427,0.0,0.0,0.0,0.0,0.0,0.0,2
13421,20,8426,0.0,0.0,0.0,0.0,0.0,0.0,2
13422,20,8424,0.0,0.0,0.0,0.0,0.0,0.0,2
13423,20,8423,0.0,0.0,0.0,0.0,0.0,0.0,2
13424,20,8422,0.0,0.0,0.0,0.0,0.0,0.0,2
13425,20,8421,0.0,0.0,0.0,0.0,0.0,0.0,2
13426,20,8420,0.0,0.0,0.0,0.0,0.0,0.0,2
13427,20,8594,0.0,0.0,0.0,0.0,0.0,0.0,2
13428,20,8609,0.0,0.0,0.0,0.0,0.0,0.0,2
13429,20,8608,0.0,0.0,0.0,0.0,0.0,0.0,2
13430,20,8607,0.0,0.0,0.0,0.0,0.0,0.0,2
13431,20,8606,0.0,0.0,0.0,0.0,0.0,0.0,2
13432,20,8605,0.0,0.0,0.0,0.0,0.0,0.0,2
13433,20,8604,0.0,0.0,0.0,0.0,0.0,0.0,2
13434,20,8603,0.0,0.0,0.0,0.0,0.0,0.0,2
13435,20,8602,0.0,0.0,0.0,0.0,0.0,0.0,2
13436,20,8601,0.0,0.0,0.0,0.0,0.0,0.0,2
13437,20,8600,0.0,0.0,0.0,0.0,0.0,0.0,2
13438,20,8599,0.0,0.0,0.0,0.0,0.0,0.0,2
13439,20,8598,0.0,0.0,0.0,0.0,0.0,0.0,2
13440,20,8597,0.0,0.0,0.0,0.0,0.0,0.0,2
13441,20,8596,0.0,0.0,0.0,0.0,0.0,0.0,2
13442,20,8595,0.0,0.0,0.0,0.0,0.0,0.0,2
13443,20,8610,0.0,0.0,0.0,0.0,0.0,0.0,2
13444,20,8593,0.0,0.0,0.0,0.0,0.0,0.0,2
13445,20,8592,0.0,0.0,0.0,0.0,0.0,0.0,2
13446,20,8591,0.0,0.0,0.0,0.0,0.0,0.0,2
13447,20,8590,0.0,0.0,0.0,0.0,0.0,0.0,2
13448,20,8589,0.0,0.0,0.0,0.0,0.0,0.0,2
13449,20,8588,0.0,0.0,0.0,0.0,0.0,0.0,2
13450,20,8587,0.0,0.0,0.0,0.0,0.0,0.0,2
13451,20,8586,0.0,0.0,0.0,0.0,0.0,0.0,2
13452,20,8585,0.0,0.0,0.0,0.0,0.0,0.0,2
13453,20,8584,0.0,0.0,0.0,0.0,0.0,0.0,2
13454,20,8583,0.0,0.0,0.0,0.0,0.0,0.0,2
13455,20,8582,0.0,0.0,0.0,0.0,0.0,0.0,2
13456,20,8581,0.0,0.0,0.0,0.0,0.0,0.0,2
13457,20,8580,0.0,0.0,0.0,0.0,0.0,0.0,2
13458,20,8626,0.0,0.0,0.0,0.0,0.0,0.0,2
13459,20,8640,0.0,0.0,0.0,0.0,0.0,0.0,2
13460,20,8639,0.0,0.0,0.0,0.0,0.0,0.0,2
13461,20,8638,0.0,0.0,0.0,0.0,0.0,0.0,2
13462,20,8637,0.0,0.0,0.0,0.0,0.0,0.0,2
13463,20,8636,0.0,0.0,0.0,0.0,0.0,0.0,2
13464,20,8635,0.0,0.0,0.0,0.0,0.0,0.0,2
13465,20,8634,0.0,0.0,0.0,0.0,0.0,0.0,2
13466,20,8633,0.0,0.0,0.0,0.0,0.0,0.0,2
13467,20,8632,0.0,0.0,0.0,0.0,0.0,0.0,2
13468,20,8631,0.0,0.0,0.0,0.0,0.0,0.0,2
13469,20,8630,0.0,0.0,0.0,0.0,0.0,0.0,2
13470,20,8629,0.0,0.0,0.0,0.0,0.0,0.0,2
13471,20,8628,0.0,0.0,0.0,0.0,0.0,0.0,2
13472,20,8627,0.0,0.0,0.0,0.0,0.0,0.0,2
13473,20,8579,0.0,0.0,0.0,0.0,0.0,0.0,2
13474,20,8625,0.0,0.0,0.0,0.0,0.0,0.0,2
13475,20,8624,0.0,0.0,0.0,0.0,0.0,0.0,2
13476,20,8623,0.0,0.0,0.0,0.0,0.0,0.0,2
13477,20,8622,0.0,0.0,0.0,0.0,0.0,0.0,2
13478,20,8621,0.0,0.0,0.0,0.0,0.0,0.0,2
13479,20,8620,0.0,0.0,0.0,0.0,0.0,0.0,2
13480,20,8619,0.0,0.0,0.0,0.0,0.0,0.0,2
13481,20,8618,0.0,0.0,0.0,0.0,0.0,0.0,2
13482,20,8617,0.0,0.0,0.0,0.0,0.0,0.0,2
13483,20,8616,0.0,0.0,0.0,0.0,0.0,0.0,2
13484,20,8615,0.0,0.0,0.0,0.0,0.0,0.0,2
13485,20,8614,0.0,0.0,0.0,0.0,0.0,0.0,2
13486,20,8613,0.0,0.0,0.0,0.0,0.0,0.0,2
13487,20,8612,0.0,0.0,0.0,0.0,0.0,0.0,2
13488,20,8532,0.0,0.0,0.0,0.0,0.0,0.0,2
13489,20,8547,0.0,0.0,0.0,0.0,0.0,0.0,2
13490,20,8546,0.0,0.0,0.0,0.0,0.0,0.0,2
13491,20,8545,0.0,0.0,0.0,0.0,0.0,0.0,2
13492,20,8544,0.0,0.0,0.0,0.0,0.0,0.0,2
13493,20,8543,0.0,0.0,0.0,0.0,0.0,0.0,2
13494,20,8192,0.0,0.0,0.0,0.0,0.0,0.0,2
13495,20,8541,0.0,0.0,0.0,0.0,0.0,0.0,2
13496,20,8540,0.0,0.0,0.0,0.0,0.0,0.0,2
13497,20,8539,0.0,0.0,0.0,0.0,0.0,0.0,2
13498,20,8538,0.0,0.0,0.0,0.0,0.0,0.0,2
13499,20,8537,0.0,0.0,0.0,0.0,0.0,0.0,2
13500,20,8536,0.0,0.0,0.0,0.0,0.0,0.0,2
13501,20,8535,0.0,0.0,0.0,0.0,0.0,0.0,2
13502,20,8534,0.0,0.0,0.0,0.0,0.0,0.0,2
13503,20,8533,0.0,0.0,0.0,0.0,0.0,0.0,2
13504,20,8548,0.0,0.0,0.0,0.0,0.0,0.0,2
13505,20,8531,0.0,0.0,0.0,0.0,0.0,0.0,2
13506,20,8530,0.0,0.0,0.0,0.0,0.0,0.0,2
13507,20,8529,0.0,0.0,0.0,0.0,0.0,0.0,2
13508,20,8528,0.0,0.0,0.0,0.0,0.0,0.0,2
13509,20,8527,0.0,0.0,0.0,0.0,0.0,0.0,2
13510,20,8526,0.0,0.0,0.0,0.0,0.0,0.0,2
13511,20,8524,0.0,0.0,0.0,0.0,0.0,0.0,2
13512,20,8523,0.0,0.0,0.0,0.0,0.0,0.0,2
13513,20,8522,0.0,0.0,0.0,0.0,0.0,0.0,2
13514,20,8521,0.0,0.0,0.0,0.0,0.0,0.0,2
13515,20,8520,0.0,0.0,0.0,0.0,0.0,0.0,2
13516,20,8519,0.0,0.0,0.0,0.0,0.0,0.0,2
13517,20,8518,0.0,0.0,0.0,0.0,0.0,0.0,2
13518,20,8517,0.0,0.0,0.0,0.0,0.0,0.0,2
13519,20,8563,0.0,0.0,0.0,0.0,0.0,0.0,2
13520,20,8578,0.0,0.0,0.0,0.0,0.0,0.0,2
13521,20,8577,0.0,0.0,0.0,0.0,0.0,0.0,2
13522,20,8576,0.0,0.0,0.0,0.0,0.0,0.0,2
13523,20,8575,0.0,0.0,0.0,0.0,0.0,0.0,2
13524,20,8574,0.0,0.0,0.0,0.0,0.0,0.0,2
13525,20,8573,0.0,0.0,0.0,0.0,0.0,0.0,2
13526,20,8572,0.0,0.0,0.0,0.0,0.0,0.0,2
13527,20,8571,0.0,0.0,0.0,0.0,0.0,0.0,2
13528,20,8570,0.0,0.0,0.0,0.0,0.0,0.0,2
13529,20,8568,0.0,0.0,0.0,0.0,0.0,0.0,2
13530,20,8567,0.0,0.0,0.0,0.0,0.0,0.0,2
13531,20,8566,0.0,0.0,0.0,0.0,0.0,0.0,2
13532,20,8565,0.0,0.0,0.0,0.0,0.0,0.0,2
13533,20,8564,0.0,0.0,0.0,0.0,0.0,0.0,2
13534,20,8893,0.0,0.0,0.0,0.0,0.0,0.0,2
13535,20,8562,0.0,0.0,0.0,0.0,0.0,0.0,2
13536,20,8561,0.0,0.0,0.0,0.0,0.0,0.0,2
13537,20,8560,0.0,0.0,0.0,0.0,0.0,0.0,2
13538,20,8559,0.0,0.0,0.0,0.0,0.0,0.0,2
13539,20,8558,0.0,0.0,0.0,0.0,0.0,0.0,2
13540,20,8557,0.0,0.0,0.0,0.0,0.0,0.0,2
13541,20,8556,0.0,0.0,0.0,0.0,0.0,0.0,2
13542,20,8555,0.0,0.0,0.0,0.0,0.0,0.0,2
13543,20,8554,0.0,0.0,0.0,0.0,0.0,0.0,2
13544,20,8553,0.0,0.0,0.0,0.0,0.0,0.0,2
13545,20,8552,0.0,0.0,0.0,0.0,0.0,0.0,2
13546,20,8551,0.0,0.0,0.0,0.0,0.0,0.0,2
13547,20,8550,0.0,0.0,0.0,0.0,0.0,0.0,2
13548,20,8549,0.0,0.0,0.0,0.0,0.0,0.0,2
13549,20,9221,0.0,0.0,0.0,0.0,0.0,0.0,2
13550,20,9236,0.0,0.0,0.0,0.0,0.0,0.0,2
13551,20,9235,0.0,0.0,0.0,0.0,0.0,0.0,2
13552,20,9234,0.0,0.0,0.0,0.0,0.0,0.0,2
13553,20,9233,0.0,0.0,0.0,0.0,0.0,0.0,2
13554,20,9232,0.0,0.0,0.0,0.0,0.0,0.0,2
13555,20,9231,0.0,0.0,0.0,0.0,0.0,0.0,2
13556,20,9230,0.0,0.0,0.0,0.0,0.0,0.0,2
13557,20,9229,0.0,0.0,0.0,0.0,0.0,0.0,2
13558,20,9228,0.0,0.0,0.0,0.0,0.0,0.0,2
13559,20,9227,0.0,0.0,0.0,0.0,0.0,0.0,2
13560,20,9226,0.0,0.0,0.0,0.0,0.0,0.0,2
13561,20,9225,0.0,0.0,0.0,0.0,0.0,0.0,2
13562,20,9224,0.0,0.0,0.0,0.0,0.0,0.0,2
13563,20,9223,0.0,0.0,0.0,0.0,0.0,0.0,2
13564,20,9222,0.0,0.0,0.0,0.0,0.0,0.0,2
13565,20,9237,0.0,0.0,0.0,0.0,0.0,0.0,2
13566,20,9220,0.0,0.0,0.0,0.0,0.0,0.0,2
13567,20,9219,0.0,0.0,0.0,0.0,0.0,0.0,2
13568,20,9218,0.0,0.0,0.0,0.0,0.0,0.0,2
13569,20,9217,0.0,0.0,0.0,0.0,0.0,0.0,2
13570,20,9216,0.0,0.0,0.0,0.0,0.0,0.0,2
13571,20,9215,0.0,0.0,0.0,0.0,0.0,0.0,2
13572,20,9214,0.0,0.0,0.0,0.0,0.0,0.0,2
13573,20,9213,0.0,0.0,0.0,0.0,0.0,0.0,2
13574,20,9212,0.0,0.0,0.0,0.0,0.0,0.0,2
13575,20,9211,0.0,0.0,0.0,0.0,0.0,0.0,2
13576,20,9210,0.0,0.0,0.0,0.0,0.0,0.0,2
13577,20,9209,0.0,0.0,0.0,0.0,0.0,0.0,2
13578,20,9208,0.0,0.0,0.0,0.0,0.0,0.0,2
13579,20,9207,0.0,0.0,0.0,0.0,0.0,0.0,2
13580,20,9252,0.0,0.0,0.0,0.0,0.0,0.0,2
13581,20,9267,0.0,0.0,0.0,0.0,0.0,0.0,2
13582,20,9266,0.0,0.0,0.0,0.0,0.0,0.0,2
13583,20,9265,0.0,0.0,0.0,0.0,0.0,0.0,2
13584,20,9264,0.0,0.0,0.0,0.0,0.0,0.0,2
13585,20,9263,0.0,0.0,0.0,0.0,0.0,0.0,2
13586,20,9262,0.0,0.0,0.0,0.0,0.0,0.0,2
13587,20,9261,0.0,0.0,0.0,0.0,0.0,0.0,2
13588,20,9260,0.0,0.0,0.0,0.0,0.0,0.0,2
13589,20,9259,0.0,0.0,0.0,0.0,0.0,0.0,2
13590,20,9258,0.0,0.0,0.0,0.0,0.0,0.0,2
13591,20,9257,0.0,0.0,0.0,0.0,0.0,0.0,2
13592,20,9256,0.0,0.0,0.0,0.0,0.0,0.0,2
13593,20,9255,0.0,0.0,0.0,0.0,0.0,0.0,2
13594,20,9254,0.0,0.0,0.0,0.0,0.0,0.0,2
13595,20,9253,0.0,0.0,0.0,0.0,0.0,0.0,2
13596,20,9206,0.0,0.0,0.0,0.0,0.0,0.0,2
13597,20,9251,0.0,0.0,0.0,0.0,0.0,0.0,2
13598,20,9250,0.0,0.0,0.0,0.0,0.0,0.0,2
13599,20,9249,0.0,0.0,0.0,0.0,0.0,0.0,2
13600,20,9248,0.0,0.0,0.0,0.0,0.0,0.0,2
13601,20,9247,0.0,0.0,0.0,0.0,0.0,0.0,2
13602,20,9246,0.0,0.0,0.0,0.0,0.0,0.0,2
13603,20,9245,0.0,0.0,0.0,0.0,0.0,0.0,2
13604,20,9244,0.0,0.0,0.0,0.0,0.0,0.0,2
13605,20,9243,0.0,0.0,0.0,0.0,0.0,0.0,2
13606,20,9242,0.0,0.0,0.0,0.0,0.0,0.0,2
13607,20,9241,0.0,0.0,0.0,0.0,0.0,0.0,2
13608,20,9240,0.0,0.0,0.0,0.0,0.0,0.0,2
13609,20,9239,0.0,0.0,0.0,0.0,0.0,0.0,2
13610,20,9238,0.0,0.0,0.0,0.0,0.0,0.0,2
13611,20,9160,0.0,0.0,0.0,0.0,0.0,0.0,2
13612,20,9175,0.0,0.0,0.0,0.0,0.0,0.0,2
13613,20,9174,0.0,0.0,0.0,0.0,0.0,0.0,2
13614,20,9173,0.0,0.0,0.0,0.0,0.0,0.0,2
13615,20,9172,0.0,0.0,0.0,0.0,0.0,0.0,2
13616,20,9171,0.0,0.0,0.0,0.0,0.0,0.0,2
13617,20,9170,0.0,0.0,0.0,0.0,0.0,0.0,2
13618,20,9169,0.0,0.0,0.0,0.0,0.0,0.0,2
13619,20,9168,0.0,0.0,0.0,0.0,0.0,0.0,2
13620,20,9167,0.0,0.0,0.0,0.0,0.0,0.0,2
13621,20,9166,0.0,0.0,0.0,0.0,0.0,0.0,2
13622,20,9165,0.0,0.0,0.0,0.0,0.0,0.0,2
13623,20,9164,0.0,0.0,0.0,0.0,0.0,0.0,2
13624,20,9163,0.0,0.0,0.0,0.0,0.0,0.0,2
13625,20,9162,0.0,0.0,0.0,0.0,0.0,0.0,2
13626,20,9161,0.0,0.0,0.0,0.0,0.0,0.0,2
13627,20,9176,0.0,0.0,0.0,0.0,0.0,0.0,2
13628,20,9159,0.0,0.0,0.0,0.0,0.0,0.0,2
13629,20,9158,0.0,0.0,0.0,0.0,0.0,0.0,2
13630,20,9157,0.0,0.0,0.0,0.0,0.0,0.0,2
13631,20,9156,0.0,0.0,0.0,0.0,0.0,0.0,2
13632,20,9155,0.0,0.0,0.0,0.0,0.0,0.0,2
13633,20,9154,0.0,0.0,0.0,0.0,0.0,0.0,2
13634,20,9153,0.0,0.0,0.0,0.0,0.0,0.0,2
13635,20,9152,0.0,0.0,0.0,0.0,0.0,0.0,2
13636,20,9151,0.0,0.0,0.0,0.0,0.0,0.0,2
13637,20,9150,0.0,0.0,0.0,0.0,0.0,0.0,2
13638,20,9148,0.0,0.0,0.0,0.0,0.0,0.0,2
13639,20,9147,0.0,0.0,0.0,0.0,0.0,0.0,2
13640,20,9146,0.0,0.0,0.0,0.0,0.0,0.0,2
13641,20,9145,0.0,0.0,0.0,0.0,0.0,0.0,2
13642,20,9191,0.0,0.0,0.0,0.0,0.0,0.0,2
13643,20,9205,0.0,0.0,0.0,0.0,0.0,0.0,2
13644,20,9204,0.0,0.0,0.0,0.0,0.0,0.0,2
13645,20,9203,0.0,0.0,0.0,0.0,0.0,0.0,2
13646,20,9202,0.0,0.0,0.0,0.0,0.0,0.0,2
13647,20,9201,0.0,0.0,0.0,0.0,0.0,0.0,2
13648,20,9200,0.0,0.0,0.0,0.0,0.0,0.0,2
13649,20,9199,0.0,0.0,0.0,0.0,0.0,0.0,2
13650,20,9198,0.0,0.0,0.0,0.0,0.0,0.0,2
13651,20,9197,0.0,0.0,0.0,0.0,0.0,0.0,2
13652,20,9196,0.0,0.0,0.0,0.0,0.0,0.0,2
13653,20,9195,0.0,0.0,0.0,0.0,0.0,0.0,2
13654,20,9194,0.0,0.0,0.0,0.0,0.0,0.0,2
13655,20,9193,0.0,0.0,0.0,0.0,0.0,0.0,2
13656,20,9192,0.0,0.0,0.0,0.0,0.0,0.0,2
13657,20,9268,0.0,0.0,0.0,0.0,0.0,0.0,2
13658,20,9190,0.0,0.0,0.0,0.0,0.0,0.0,2
13659,20,9189,0.0,0.0,0.0,0.0,0.0,0.0,2
13660,20,9188,0.0,0.0,0.0,0.0,0.0,0.0,2
13661,20,9187,0.0,0.0,0.0,0.0,0.0,0.0,2
13662,20,9186,0.0,0.0,0.0,0.0,0.0,0.0,2
13663,20,9185,0.0,0.0,0.0,0.0,0.0,0.0,2
13664,20,9184,0.0,0.0,0.0,0.0,0.0,0.0,2
13665,20,9183,0.0,0.0,0.0,0.0,0.0,0.0,2
13666,20,9182,0.0,0.0,0.0,0.0,0.0,0.0,2
13667,20,9181,0.0,0.0,0.0,0.0,0.0,0.0,2
13668,20,9180,0.0,0.0,0.0,0.0,0.0,0.0,2
13669,20,9179,0.0,0.0,0.0,0.0,0.0,0.0,2
13670,20,9178,0.0,0.0,0.0,0.0,0.0,0.0,2
13671,20,9177,0.0,0.0,0.0,0.0,0.0,0.0,2
13672,20,9344,0.0,0.0,0.0,0.0,0.0,0.0,2
13673,20,9360,0.0,0.0,0.0,0.0,0.0,0.0,2
13674,20,9359,0.0,0.0,0.0,0.0,0.0,0.0,2
13675,20,9358,0.0,0.0,0.0,0.0,0.0,0.0,2
13676,20,9357,0.0,0.0,0.0,0.0,0.0,0.0,2
13677,20,9356,0.0,0.0,0.0,0.0,0.0,0.0,2
13678,20,9355,0.0,0.0,0.0,0.0,0.0,0.0,2
13679,20,9354,0.0,0.0,0.0,0.0,0.0,0.0,2
13680,20,9353,0.0,0.0,0.0,0.0,0.0,0.0,2
13681,20,9352,0.0,0.0,0.0,0.0,0.0,0.0,2
13682,20,9351,0.0,0.0,0.0,0.0,0.0,0.0,2
13683,20,9350,0.0,0.0,0.0,0.0,0.0,0.0,2
13684,20,9348,0.0,0.0,0.0,0.0,0.0,0.0,2
13685,20,9347,0.0,0.0,0.0,0.0,0.0,0.0,2
13686,20,9346,0.0,0.0,0.0,0.0,0.0,0.0,2
13687,20,9345,0.0,0.0,0.0,0.0,0.0,0.0,2
13688,20,9361,0.0,0.0,0.0,0.0,0.0,0.0,2
13689,20,9343,0.0,0.0,0.0,0.0,0.0,0.0,2
13690,20,9342,0.0,0.0,0.0,0.0,0.0,0.0,2
13691,20,9341,0.0,0.0,0.0,0.0,0.0,0.0,2
13692,20,9340,0.0,0.0,0.0,0.0,0.0,0.0,2
13693,20,9339,0.0,0.0,0.0,0.0,0.0,0.0,2
13694,20,9338,0.0,0.0,0.0,0.0,0.0,0.0,2
13695,20,9337,0.0,0.0,0.0,0.0,0.0,0.0,2
13696,20,9336,0.0,0.0,0.0,0.0,0.0,0.0,2
13697,20,9335,0.0,0.0,0.0,0.0,0.0,0.0,2
13698,20,9334,0.0,0.0,0.0,0.0,0.0,0.0,2
13699,20,9333,0.0,0.0,0.0,0.0,0.0,0.0,2
13700,20,9332,0.0,0.0,0.0,0.0,0.0,0.0,2
13701,20,9331,0.0,0.0,0.0,0.0,0.0,0.0,2
13702,20,9330,0.0,0.0,0.0,0.0,0.0,0.0,2
13703,20,9376,0.0,0.0,0.0,0.0,0.0,0.0,2
13704,20,9390,0.0,0.0,0.0,0.0,0.0,0.0,2
13705,20,9389,0.0,0.0,0.0,0.0,0.0,0.0,2
13706,20,9388,0.0,0.0,0.0,0.0,0.0,0.0,2
13707,20,9387,0.0,0.0,0.0,0.0,0.0,0.0,2
13708,20,9386,0.0,0.0,0.0,0.0,0.0,0.0,2
13709,20,9385,0.0,0.0,0.0,0.0,0.0,0.0,2
13710,20,9384,0.0,0.0,0.0,0.0,0.0,0.0,2
13711,20,9383,0.0,0.0,0.0,0.0,0.0,0.0,2
13712,20,9382,0.0,0.0,0.0,0.0,0.0,0.0,2
13713,20,9381,0.0,0.0,0.0,0.0,0.0,0.0,2
13714,20,9380,0.0,0.0,0.0,0.0,0.0,0.0,2
13715,20,9379,0.0,0.0,0.0,0.0,0.0,0.0,2
13716,20,9378,0.0,0.0,0.0,0.0,0.0,0.0,2
13717,20,9377,0.0,0.0,0.0,0.0,0.0,0.0,2
13718,20,9329,0.0,0.0,0.0,0.0,0.0,0.0,2
13719,20,9375,0.0,0.0,0.0,0.0,0.0,0.0,2
13720,20,9374,0.0,0.0,0.0,0.0,0.0,0.0,2
13721,20,9373,0.0,0.0,0.0,0.0,0.0,0.0,2
13722,20,9372,0.0,0.0,0.0,0.0,0.0,0.0,2
13723,20,9371,0.0,0.0,0.0,0.0,0.0,0.0,2
13724,20,9370,0.0,0.0,0.0,0.0,0.0,0.0,2
13725,20,9369,0.0,0.0,0.0,0.0,0.0,0.0,2
13726,20,9368,0.0,0.0,0.0,0.0,0.0,0.0,2
13727,20,9367,0.0,0.0,0.0,0.0,0.0,0.0,2
13728,20,9366,0.0,0.0,0.0,0.0,0.0,0.0,2
13729,20,9365,0.0,0.0,0.0,0.0,0.0,0.0,2
13730,20,9364,0.0,0.0,0.0,0.0,0.0,0.0,2
13731,20,9363,0.0,0.0,0.0,0.0,0.0,0.0,2
13732,20,9362,0.0,0.0,0.0,0.0,0.0,0.0,2
13733,20,9283,0.0,0.0,0.0,0.0,0.0,0.0,2
13734,20,9298,0.0,0.0,0.0,0.0,0.0,0.0,2
13735,20,9297,0.0,0.0,0.0,0.0,0.0,0.0,2
13736,20,9296,0.0,0.0,0.0,0.0,0.0,0.0,2
13737,20,9295,0.0,0.0,0.0,0.0,0.0,0.0,2
13738,20,9294,0.0,0.0,0.0,0.0,0.0,0.0,2
13739,20,9293,0.0,0.0,0.0,0.0,0.0,0.0,2
13740,20,9292,0.0,0.0,0.0,0.0,0.0,0.0,2
13741,20,9291,0.0,0.0,0.0,0.0,0.0,0.0,2
13742,20,9290,0.0,0.0,0.0,0.0,0.0,0.0,2
13743,20,9289,0.0,0.0,0.0,0.0,0.0,0.0,2
13744,20,9288,0.0,0.0,0.0,0.0,0.0,0.0,2
13745,20,9287,0.0,0.0,0.0,0.0,0.0,0.0,2
13746,20,9286,0.0,0.0,0.0,0.0,0.0,0.0,2
13747,20,9285,0.0,0.0,0.0,0.0,0.0,0.0,2
13748,20,9284,0.0,0.0,0.0,0.0,0.0,0.0,2
13749,20,9299,0.0,0.0,0.0,0.0,0.0,0.0,2
13750,20,9282,0.0,0.0,0.0,0.0,0.0,0.0,2
13751,20,9281,0.0,0.0,0.0,0.0,0.0,0.0,2
13752,20,9280,0.0,0.0,0.0,0.0,0.0,0.0,2
13753,20,9279,0.0,0.0,0.0,0.0,0.0,0.0,2
13754,20,9278,0.0,0.0,0.0,0.0,0.0,0.0,2
13755,20,9277,0.0,0.0,0.0,0.0,0.0,0.0,2
13756,20,9276,0.0,0.0,0.0,0.0,0.0,0.0,2
13757,20,9275,0.0,0.0,0.0,0.0,0.0,0.0,2
13758,20,9274,0.0,0.0,0.0,0.0,0.0,0.0,2
13759,20,9273,0.0,0.0,0.0,0.0,0.0,0.0,2
13760,20,9272,0.0,0.0,0.0,0.0,0.0,0.0,2
13761,20,9271,0.0,0.0,0.0,0.0,0.0,0.0,2
13762,20,9270,0.0,0.0,0.0,0.0,0.0,0.0,2
13763,20,9269,0.0,0.0,0.0,0.0,0.0,0.0,2
13764,20,9314,0.0,0.0,0.0,0.0,0.0,0.0,2
13765,20,9328,0.0,0.0,0.0,0.0,0.0,0.0,2
13766,20,9327,0.0,0.0,0.0,0.0,0.0,0.0,2
13767,20,9326,0.0,0.0,0.0,0.0,0.0,0.0,2
13768,20,9325,0.0,0.0,0.0,0.0,0.0,0.0,2
13769,20,9324,0.0,0.0,0.0,0.0,0.0,0.0,2
13770,20,9323,0.0,0.0,0.0,0.0,0.0,0.0,2
13771,20,9322,0.0,0.0,0.0,0.0,0.0,0.0,2
13772,20,9321,0.0,0.0,0.0,0.0,0.0,0.0,2
13773,20,9320,0.0,0.0,0.0,0.0,0.0,0.0,2
13774,20,9319,0.0,0.0,0.0,0.0,0.0,0.0,2
13775,20,9318,0.0,0.0,0.0,0.0,0.0,0.0,2
13776,20,9317,0.0,0.0,0.0,0.0,0.0,0.0,2
13777,20,9316,0.0,0.0,0.0,0.0,0.0,0.0,2
13778,20,9315,0.0,0.0,0.0,0.0,0.0,0.0,2
13779,20,9144,0.0,0.0,0.0,0.0,0.0,0.0,2
13780,20,9313,0.0,0.0,0.0,0.0,0.0,0.0,2
13781,20,9312,0.0,0.0,0.0,0.0,0.0,0.0,2
13782,20,9311,0.0,0.0,0.0,0.0,0.0,0.0,2
13783,20,9310,0.0,0.0,0.0,0.0,0.0,0.0,2
13784,20,9309,0.0,0.0,0.0,0.0,0.0,0.0,2
13785,20,9308,0.0,0.0,0.0,0.0,0.0,0.0,2
13786,20,9307,0.0,0.0,0.0,0.0,0.0,0.0,2
13787,20,9306,0.0,0.0,0.0,0.0,0.0,0.0,2
13788,20,9305,0.0,0.0,0.0,0.0,0.0,0.0,2
13789,20,9304,0.0,0.0,0.0,0.0,0.0,0.0,2
13790,20,9303,0.0,0.0,0.0,0.0,0.0,0.0,2
13791,20,9302,0.0,0.0,0.0,0.0,0.0,0.0,2
13792,20,9301,0.0,0.0,0.0,0.0,0.0,0.0,2
13793,20,9300,0.0,0.0,0.0,0.0,0.0,0.0,2
13794,20,8970,0.0,0.0,0.0,0.0,0.0,0.0,2
13795,20,8985,0.0,0.0,0.0,0.0,0.0,0.0,2
13796,20,8984,0.0,0.0,0.0,0.0,0.0,0.0,2
13797,20,8983,0.0,0.0,0.0,0.0,0.0,0.0,2
13798,20,8982,0.0,0.0,0.0,0.0,0.0,0.0,2
13799,20,8981,0.0,0.0,0.0,0.0,0.0,0.0,2
13800,20,8980,0.0,0.0,0.0,0.0,0.0,0.0,2
13801,20,8979,0.0,0.0,0.0,0.0,0.0,0.0,2
13802,20,8978,0.0,0.0,0.0,0.0,0.0,0.0,2
13803,20,8977,0.0,0.0,0.0,0.0,0.0,0.0,2
13804,20,8976,0.0,0.0,0.0,0.0,0.0,0.0,2
13805,20,8975,0.0,0.0,0.0,0.0,0.0,0.0,2
13806,20,8974,0.0,0.0,0.0,0.0,0.0,0.0,2
13807,20,8973,0.0,0.0,0.0,0.0,0.0,0.0,2
13808,20,8972,0.0,0.0,0.0,0.0,0.0,0.0,2
13809,20,8971,0.0,0.0,0.0,0.0,0.0,0.0,2
13810,20,8986,0.0,0.0,0.0,0.0,0.0,0.0,2
13811,20,8969,0.0,0.0,0.0,0.0,0.0,0.0,2
13812,20,8968,0.0,0.0,0.0,0.0,0.0,0.0,2
13813,20,8967,0.0,0.0,0.0,0.0,0.0,0.0,2
13814,20,8966,0.0,0.0,0.0,0.0,0.0,0.0,2
13815,20,8965,0.0,0.0,0.0,0.0,0.0,0.0,2
13816,20,8964,0.0,0.0,0.0,0.0,0.0,0.0,2
13817,20,8963,0.0,0.0,0.0,0.0,0.0,0.0,2
13818,20,8962,0.0,0.0,0.0,0.0,0.0,0.0,2
13819,20,8961,0.0,0.0,0.0,0.0,0.0,0.0,2
13820,20,8960,0.0,0.0,0.0,0.0,0.0,0.0,2
13821,20,8959,0.0,0.0,0.0,0.0,0.0,0.0,2
13822,20,8958,0.0,0.0,0.0,0.0,0.0,0.0,2
13823,20,8957,0.0,0.0,0.0,0.0,0.0,0.0,2
13824,20,8956,0.0,0.0,0.0,0.0,0.0,0.0,2
13825,20,9002,0.0,0.0,0.0,0.0,0.0,0.0,2
13826,20,9017,0.0,0.0,0.0,0.0,0.0,0.0,2
13827,20,9016,0.0,0.0,0.0,0.0,0.0,0.0,2
13828,20,9015,0.0,0.0,0.0,0.0,0.0,0.0,2
13829,20,9014,0.0,0.0,0.0,0.0,0.0,0.0,2
13830,20,9013,0.0,0.0,0.0,0.0,0.0,0.0,2
13831,20,9012,0.0,0.0,0.0,0.0,0.0,0.0,2
13832,20,9011,0.0,0.0,0.0,0.0,0.0,0.0,2
13833,20,9010,0.0,0.0,0.0,0.0,0.0,0.0,2
13834,20,9009,0.0,0.0,0.0,0.0,0.0,0.0,2
13835,20,9008,0.0,0.0,0.0,0.0,0.0,0.0,2
13836,20,9007,0.0,0.0,0.0,0.0,0.0,0.0,2
13837,20,9006,0.0,0.0,0.0,0.0,0.0,0.0,2
13838,20,9005,0.0,0.0,0.0,0.0,0.0,0.0,2
13839,20,9004,0.0,0.0,0.0,0.0,0.0,0.0,2
13840,20,9003,0.0,0.0,0.0,0.0,0.0,0.0,2
13841,20,8955,0.0,0.0,0.0,0.0,0.0,0.0,2
13842,20,9000,0.0,0.0,0.0,0.0,0.0,0.0,2
13843,20,8999,0.0,0.0,0.0,0.0,0.0,0.0,2
13844,20,8998,0.0,0.0,0.0,0.0,0.0,0.0,2
13845,20,8997,0.0,0.0,0.0,0.0,0.0,0.0,2
13846,20,8996,0.0,0.0,0.0,0.0,0.0,0.0,2
13847,20,8995,0.0,0.0,0.0,0.0,0.0,0.0,2
13848,20,8994,0.0,0.0,0.0,0.0,0.0,0.0,2
13849,20,8993,0.0,0.0,0.0,0.0,0.0,0.0,2
13850,20,8992,0.0,0.0,0.0,0.0,0.0,0.0,2
13851,20,8991,0.0,0.0,0.0,0.0,0.0,0.0,2
13852,20,8990,0.0,0.0,0.0,0.0,0.0,0.0,2
13853,20,8989,0.0,0.0,0.0,0.0,0.0,0.0,2
13854,20,8988,0.0,0.0,0.0,0.0,0.0,0.0,2
13855,20,8987,0.0,0.0,0.0,0.0,0.0,0.0,2
13856,20,8908,0.0,0.0,0.0,0.0,0.0,0.0,2
13857,20,8924,0.0,0.0,0.0,0.0,0.0,0.0,2
13858,20,8923,0.0,0.0,0.0,0.0,0.0,0.0,2
13859,20,8922,0.0,0.0,0.0,0.0,0.0,0.0,2
13860,20,8921,0.0,0.0,0.0,0.0,0.0,0.0,2
13861,20,8920,0.0,0.0,0.0,0.0,0.0,0.0,2
13862,20,8919,0.0,0.0,0.0,0.0,0.0,0.0,2
13863,20,8918,0.0,0.0,0.0,0.0,0.0,0.0,2
13864,20,8917,0.0,0.0,0.0,0.0,0.0,0.0,2
13865,20,8915,0.0,0.0,0.0,0.0,0.0,0.0,2
13866,20,8914,0.0,0.0,0.0,0.0,0.0,0.0,2
13867,20,8913,0.0,0.0,0.0,0.0,0.0,0.0,2
13868,20,8912,0.0,0.0,0.0,0.0,0.0,0.0,2
13869,20,8911,0.0,0.0,0.0,0.0,0.0,0.0,2
13870,20,8910,0.0,0.0,0.0,0.0,0.0,0.0,2
13871,20,8909,0.0,0.0,0.0,0.0,0.0,0.0,2
13872,20,8925,0.0,0.0,0.0,0.0,0.0,0.0,2
13873,20,8907,0.0,0.0,0.0,0.0,0.0,0.0,2
13874,20,8906,0.0,0.0,0.0,0.0,0.0,0.0,2
13875,20,8905,0.0,0.0,0.0,0.0,0.0,0.0,2
13876,20,8904,0.0,0.0,0.0,0.0,0.0,0.0,2
13877,20,8903,0.0,0.0,0.0,0.0,0.0,0.0,2
13878,20,8902,0.0,0.0,0.0,0.0,0.0,0.0,2
13879,20,8901,0.0,0.0,0.0,0.0,0.0,0.0,2
13880,20,8900,0.0,0.0,0.0,0.0,0.0,0.0,2
13881,20,8899,0.0,0.0,0.0,0.0,0.0,0.0,2
13882,20,8898,0.0,0.0,0.0,0.0,0.0,0.0,2
13883,20,8897,0.0,0.0,0.0,0.0,0.0,0.0,2
13884,20,8896,0.0,0.0,0.0,0.0,0.0,0.0,2
13885,20,8895,0.0,0.0,0.0,0.0,0.0,0.0,2
13886,20,8894,0.0,0.0,0.0,0.0,0.0,0.0,2
13887,20,8940,0.0,0.0,0.0,0.0,0.0,0.0,2
13888,20,8954,0.0,0.0,0.0,0.0,0.0,0.0,2
13889,20,8953,0.0,0.0,0.0,0.0,0.0,0.0,2
13890,20,8952,0.0,0.0,0.0,0.0,0.0,0.0,2
13891,20,8951,0.0,0.0,0.0,0.0,0.0,0.0,2
13892,20,8950,0.0,0.0,0.0,0.0,0.0,0.0,2
13893,20,8949,0.0,0.0,0.0,0.0,0.0,0.0,2
13894,20,8948,0.0,0.0,0.0,0.0,0.0,0.0,2
13895,20,8947,0.0,0.0,0.0,0.0,0.0,0.0,2
13896,20,8946,0.0,0.0,0.0,0.0,0.0,0.0,2
13897,20,8945,0.0,0.0,0.0,0.0,0.0,0.0,2
13898,20,8944,0.0,0.0,0.0,0.0,0.0,0.0,2
13899,20,8943,0.0,0.0,0.0,0.0,0.0,0.0,2
13900,20,8942,0.0,0.0,0.0,0.0,0.0,0.0,2
13901,20,8941,0.0,0.0,0.0,0.0,0.0,0.0,2
13902,20,9018,0.0,0.0,0.0,0.0,0.0,0.0,2
13903,20,8939,0.0,0.0,0.0,0.0,0.0,0.0,2
13904,20,8938,0.0,0.0,0.0,0.0,0.0,0.0,2
13905,20,8937,0.0,0.0,0.0,0.0,0.0,0.0,2
13906,20,8936,0.0,0.0,0.0,0.0,0.0,0.0,2
13907,20,8935,0.0,0.0,0.0,0.0,0.0,0.0,2
13908,20,8934,0.0,0.0,0.0,0.0,0.0,0.0,2
13909,20,8933,0.0,0.0,0.0,0.0,0.0,0.0,2
13910,20,8932,0.0,0.0,0.0,0.0,0.0,0.0,2
13911,20,8931,0.0,0.0,0.0,0.0,0.0,0.0,2
13912,20,8930,0.0,0.0,0.0,0.0,0.0,0.0,2
13913,20,8929,0.0,0.0,0.0,0.0,0.0,0.0,2
13914,20,8928,0.0,0.0,0.0,0.0,0.0,0.0,2
13915,20,8927,0.0,0.0,0.0,0.0,0.0,0.0,2
13916,20,8926,0.0,0.0,0.0,0.0,0.0,0.0,2
13917,20,9096,0.0,0.0,0.0,0.0,0.0,0.0,2
13918,20,9112,0.0,0.0,0.0,0.0,0.0,0.0,2
13919,20,9111,0.0,0.0,0.0,0.0,0.0,0.0,2
13920,20,9110,0.0,0.0,0.0,0.0,0.0,0.0,2
13921,20,9109,0.0,0.0,0.0,0.0,0.0,0.0,2
13922,20,9108,0.0,0.0,0.0,0.0,0.0,0.0,2
13923,20,9107,0.0,0.0,0.0,0.0,0.0,0.0,2
13924,20,9105,0.0,0.0,0.0,0.0,0.0,0.0,2
13925,20,9104,0.0,0.0,0.0,0.0,0.0,0.0,2
13926,20,9103,0.0,0.0,0.0,0.0,0.0,0.0,2
13927,20,9102,0.0,0.0,0.0,0.0,0.0,0.0,2
13928,20,9101,0.0,0.0,0.0,0.0,0.0,0.0,2
13929,20,9100,0.0,0.0,0.0,0.0,0.0,0.0,2
13930,20,9099,0.0,0.0,0.0,0.0,0.0,0.0,2
13931,20,9098,0.0,0.0,0.0,0.0,0.0,0.0,2
13932,20,9097,0.0,0.0,0.0,0.0,0.0,0.0,2
13933,20,9113,0.0,0.0,0.0,0.0,0.0,0.0,2
13934,20,9095,0.0,0.0,0.0,0.0,0.0,0.0,2
13935,20,9094,0.0,0.0,0.0,0.0,0.0,0.0,2
13936,20,9093,0.0,0.0,0.0,0.0,0.0,0.0,2
13937,20,9092,0.0,0.0,0.0,0.0,0.0,0.0,2
13938,20,9091,0.0,0.0,0.0,0.0,0.0,0.0,2
13939,20,9090,0.0,0.0,0.0,0.0,0.0,0.0,2
13940,20,9089,0.0,0.0,0.0,0.0,0.0,0.0,2
13941,20,9088,0.0,0.0,0.0,0.0,0.0,0.0,2
13942,20,9087,0.0,0.0,0.0,0.0,0.0,0.0,2
13943,20,9086,0.0,0.0,0.0,0.0,0.0,0.0,2
13944,20,9085,0.0,0.0,0.0,0.0,0.0,0.0,2
13945,20,9084,0.0,0.0,0.0,0.0,0.0,0.0,2
13946,20,9083,0.0,0.0,0.0,0.0,0.0,0.0,2
13947,20,9082,0.0,0.0,0.0,0.0,0.0,0.0,2
13948,20,9128,0.0,0.0,0.0,0.0,0.0,0.0,2
13949,20,9143,0.0,0.0,0.0,0.0,0.0,0.0,2
13950,20,9142,0.0,0.0,0.0,0.0,0.0,0.0,2
13951,20,9141,0.0,0.0,0.0,0.0,0.0,0.0,2
13952,20,9140,0.0,0.0,0.0,0.0,0.0,0.0,2
13953,20,9139,0.0,0.0,0.0,0.0,0.0,0.0,2
13954,20,9138,0.0,0.0,0.0,0.0,0.0,0.0,2
13955,20,9137,0.0,0.0,0.0,0.0,0.0,0.0,2
13956,20,9136,0.0,0.0,0.0,0.0,0.0,0.0,2
13957,20,9134,0.0,0.0,0.0,0.0,0.0,0.0,2
13958,20,9133,0.0,0.0,0.0,0.0,0.0,0.0,2
13959,20,9132,0.0,0.0,0.0,0.0,0.0,0.0,2
13960,20,9131,0.0,0.0,0.0,0.0,0.0,0.0,2
13961,20,9130,0.0,0.0,0.0,0.0,0.0,0.0,2
13962,20,9129,0.0,0.0,0.0,0.0,0.0,0.0,2
13963,20,9081,0.0,0.0,0.0,0.0,0.0,0.0,2
13964,20,9127,0.0,0.0,0.0,0.0,0.0,0.0,2
13965,20,9126,0.0,0.0,0.0,0.0,0.0,0.0,2
13966,20,9125,0.0,0.0,0.0,0.0,0.0,0.0,2
13967,20,9124,0.0,0.0,0.0,0.0,0.0,0.0,2
13968,20,9123,0.0,0.0,0.0,0.0,0.0,0.0,2
13969,20,9122,0.0,0.0,0.0,0.0,0.0,0.0,2
13970,20,9121,0.0,0.0,0.0,0.0,0.0,0.0,2
13971,20,9120,0.0,0.0,0.0,0.0,0.0,0.0,2
13972,20,9119,0.0,0.0,0.0,0.0,0.0,0.0,2
13973,20,9118,0.0,0.0,0.0,0.0,0.0,0.0,2
13974,20,9117,0.0,0.0,0.0,0.0,0.0,0.0,2
13975,20,9116,0.0,0.0,0.0,0.0,0.0,0.0,2
13976,20,9115,0.0,0.0,0.0,0.0,0.0,0.0,2
13977,20,9114,0.0,0.0,0.0,0.0,0.0,0.0,2
13978,20,9034,0.0,0.0,0.0,0.0,0.0,0.0,2
13979,20,9049,0.0,0.0,0.0,0.0,0.0,0.0,2
13980,20,9048,0.0,0.0,0.0,0.0,0.0,0.0,2
13981,20,9047,0.0,0.0,0.0,0.0,0.0,0.0,2
13982,20,9046,0.0,0.0,0.0,0.0,0.0,0.0,2
13983,20,9045,0.0,0.0,0.0,0.0,0.0,0.0,2
13984,20,9044,0.0,0.0,0.0,0.0,0.0,0.0,2
13985,20,9043,0.0,0.0,0.0,0.0,0.0,0.0,2
13986,20,9042,0.0,0.0,0.0,0.0,0.0,0.0,2
13987,20,9041,0.0,0.0,0.0,0.0,0.0,0.0,2
13988,20,9040,0.0,0.0,0.0,0.0,0.0,0.0,2
13989,20,9039,0.0,0.0,0.0,0.0,0.0,0.0,2
13990,20,9038,0.0,0.0,0.0,0.0,0.0,0.0,2
13991,20,9037,0.0,0.0,0.0,0.0,0.0,0.0,2
13992,20,9036,0.0,0.0,0.0,0.0,0.0,0.0,2
13993,20,9035,0.0,0.0,0.0,0.0,0.0,0.0,2
13994,20,9050,0.0,0.0,0.0,0.0,0.0,0.0,2
13995,20,9033,0.0,0.0,0.0,0.0,0.0,0.0,2
13996,20,9032,0.0,0.0,0.0,0.0,0.0,0.0,2
13997,20,9031,0.0,0.0,0.0,0.0,0.0,0.0,2
13998,20,9030,0.0,0.0,0.0,0.0,0.0,0.0,2
13999,20,9029,0.0,0.0,0.0,0.0,0.0,0.0,2
14000,20,9028,0.0,0.0,0.0,0.0,0.0,0.0,2
14001,20,9027,0.0,0.0,0.0,0.0,0.0,0.0,2
14002,20,9026,0.0,0.0,0.0,0.0,0.0,0.0,2
14003,20,9025,0.0,0.0,0.0,0.0,0.0,0.0,2
14004,20,9023,0.0,0.0,0.0,0.0,0.0,0.0,2
14005,20,9022,0.0,0.0,0.0,0.0,0.0,0.0,2
14006,20,9021,0.0,0.0,0.0,0.0,0.0,0.0,2
14007,20,9020,0.0,0.0,0.0,0.0,0.0,0.0,2
14008,20,9019,0.0,0.0,0.0,0.0,0.0,0.0,2
14009,20,9065,0.0,0.0,0.0,0.0,0.0,0.0,2
14010,20,9080,0.0,0.0,0.0,0.0,0.0,0.0,2
14011,20,9079,0.0,0.0,0.0,0.0,0.0,0.0,2
14012,20,9078,0.0,0.0,0.0,0.0,0.0,0.0,2
14013,20,9077,0.0,0.0,0.0,0.0,0.0,0.0,2
14014,20,9076,0.0,0.0,0.0,0.0,0.0,0.0,2
14015,20,9075,0.0,0.0,0.0,0.0,0.0,0.0,2
14016,20,9074,0.0,0.0,0.0,0.0,0.0,0.0,2
14017,20,9073,0.0,0.0,0.0,0.0,0.0,0.0,2
14018,20,9071,0.0,0.0,0.0,0.0,0.0,0.0,2
14019,20,9070,0.0,0.0,0.0,0.0,0.0,0.0,2
14020,20,9069,0.0,0.0,0.0,0.0,0.0,0.0,2
14021,20,9068,0.0,0.0,0.0,0.0,0.0,0.0,2
14022,20,9067,0.0,0.0,0.0,0.0,0.0,0.0,2
14023,20,9066,0.0,0.0,0.0,0.0,0.0,0.0,2
14024,20,10390,0.0,0.0,0.0,0.0,0.0,0.0,2
14025,20,9064,0.0,0.0,0.0,0.0,0.0,0.0,2
14026,20,9063,0.0,0.0,0.0,0.0,0.0,0.0,2
14027,20,9062,0.0,0.0,0.0,0.0,0.0,0.0,2
14028,20,9061,0.0,0.0,0.0,0.0,0.0,0.0,2
14029,20,9060,0.0,0.0,0.0,0.0,0.0,0.0,2
14030,20,9059,0.0,0.0,0.0,0.0,0.0,0.0,2
14031,20,9058,0.0,0.0,0.0,0.0,0.0,0.0,2
14032,20,9057,0.0,0.0,0.0,0.0,0.0,0.0,2
14033,20,9056,0.0,0.0,0.0,0.0,0.0,0.0,2
14034,20,9055,0.0,0.0,0.0,0.0,0.0,0.0,2
14035,20,9054,0.0,0.0,0.0,0.0,0.0,0.0,2
14036,20,9053,0.0,0.0,0.0,0.0,0.0,0.0,2
14037,20,9052,0.0,0.0,0.0,0.0,0.0,0.0,2
14038,20,9051,0.0,0.0,0.0,0.0,0.0,0.0,2
14039,20,11719,0.0,0.0,0.0,0.0,0.0,0.0,2
14040,20,11735,0.0,0.0,0.0,0.0,0.0,0.0,2
14041,20,11734,0.0,0.0,0.0,0.0,0.0,0.0,2
14042,20,11733,0.0,0.0,0.0,0.0,0.0,0.0,2
14043,20,11732,0.0,0.0,0.0,0.0,0.0,0.0,2
14044,20,11731,0.0,0.0,0.0,0.0,0.0,0.0,2
14045,20,11730,0.0,0.0,0.0,0.0,0.0,0.0,2
14046,20,11729,0.0,0.0,0.0,0.0,0.0,0.0,2
14047,20,11728,0.0,0.0,0.0,0.0,0.0,0.0,2
14048,20,11727,0.0,0.0,0.0,0.0,0.0,0.0,2
14049,20,11726,0.0,0.0,0.0,0.0,0.0,0.0,2
14050,20,11725,0.0,0.0,0.0,0.0,0.0,0.0,2
14051,20,11724,0.0,0.0,0.0,0.0,0.0,0.0,2
14052,20,11722,0.0,0.0,0.0,0.0,0.0,0.0,2
14053,20,11721,0.0,0.0,0.0,0.0,0.0,0.0,2
14054,20,11720,0.0,0.0,0.0,0.0,0.0,0.0,2
14055,20,11736,0.0,0.0,0.0,0.0,0.0,0.0,2
14056,20,11718,0.0,0.0,0.0,0.0,0.0,0.0,2
14057,20,11717,0.0,0.0,0.0,0.0,0.0,0.0,2
14058,20,11716,0.0,0.0,0.0,0.0,0.0,0.0,2
14059,20,11715,0.0,0.0,0.0,0.0,0.0,0.0,2
14060,20,11714,0.0,0.0,0.0,0.0,0.0,0.0,2
14061,20,11713,0.0,0.0,0.0,0.0,0.0,0.0,2
14062,20,11712,0.0,0.0,0.0,0.0,0.0,0.0,2
14063,20,11711,0.0,0.0,0.0,0.0,0.0,0.0,2
14064,20,11710,0.0,0.0,0.0,0.0,0.0,0.0,2
14065,20,11709,0.0,0.0,0.0,0.0,0.0,0.0,2
14066,20,11708,0.0,0.0,0.0,0.0,0.0,0.0,2
14067,20,11707,0.0,0.0,0.0,0.0,0.0,0.0,2
14068,20,11706,0.0,0.0,0.0,0.0,0.0,0.0,2
14069,20,11705,0.0,0.0,0.0,0.0,0.0,0.0,2
14070,20,11751,0.0,0.0,0.0,0.0,0.0,0.0,2
14071,20,11766,0.0,0.0,0.0,0.0,0.0,0.0,2
14072,20,11765,0.0,0.0,0.0,0.0,0.0,0.0,2
14073,20,11764,0.0,0.0,0.0,0.0,0.0,0.0,2
14074,20,11763,0.0,0.0,0.0,0.0,0.0,0.0,2
14075,20,11762,0.0,0.0,0.0,0.0,0.0,0.0,2
14076,20,11761,0.0,0.0,0.0,0.0,0.0,0.0,2
14077,20,11760,0.0,0.0,0.0,0.0,0.0,0.0,2
14078,20,11759,0.0,0.0,0.0,0.0,0.0,0.0,2
14079,20,11758,0.0,0.0,0.0,0.0,0.0,0.0,2
14080,20,11757,0.0,0.0,0.0,0.0,0.0,0.0,2
14081,20,11756,0.0,0.0,0.0,0.0,0.0,0.0,2
14082,20,11755,0.0,0.0,0.0,0.0,0.0,0.0,2
14083,20,11754,0.0,0.0,0.0,0.0,0.0,0.0,2
14084,20,11753,0.0,0.0,0.0,0.0,0.0,0.0,2
14085,20,11752,0.0,0.0,0.0,0.0,0.0,0.0,2
14086,20,11704,0.0,0.0,0.0,0.0,0.0,0.0,2
14087,20,11750,0.0,0.0,0.0,0.0,0.0,0.0,2
14088,20,11749,0.0,0.0,0.0,0.0,0.0,0.0,2
14089,20,11748,0.0,0.0,0.0,0.0,0.0,0.0,2
14090,20,11747,0.0,0.0,0.0,0.0,0.0,0.0,2
14091,20,11746,0.0,0.0,0.0,0.0,0.0,0.0,2
14092,20,11745,0.0,0.0,0.0,0.0,0.0,0.0,2
14093,20,11744,0.0,0.0,0.0,0.0,0.0,0.0,2
14094,20,11743,0.0,0.0,0.0,0.0,0.0,0.0,2
14095,20,11742,0.0,0.0,0.0,0.0,0.0,0.0,2
14096,20,11741,0.0,0.0,0.0,0.0,0.0,0.0,2
14097,20,11740,0.0,0.0,0.0,0.0,0.0,0.0,2
14098,20,11739,0.0,0.0,0.0,0.0,0.0,0.0,2
14099,20,11738,0.0,0.0,0.0,0.0,0.0,0.0,2
14100,20,11737,0.0,0.0,0.0,0.0,0.0,0.0,2
14101,20,11657,0.0,0.0,0.0,0.0,0.0,0.0,2
14102,20,11673,0.0,0.0,0.0,0.0,0.0,0.0,2
14103,20,11672,0.0,0.0,0.0,0.0,0.0,0.0,2
14104,20,11671,0.0,0.0,0.0,0.0,0.0,0.0,2
14105,20,11670,0.0,0.0,0.0,0.0,0.0,0.0,2
14106,20,11669,0.0,0.0,0.0,0.0,0.0,0.0,2
14107,20,11668,0.0,0.0,0.0,0.0,0.0,0.0,2
14108,20,11667,0.0,0.0,0.0,0.0,0.0,0.0,2
14109,20,11666,0.0,0.0,0.0,0.0,0.0,0.0,2
14110,20,11665,0.0,0.0,0.0,0.0,0.0,0.0,2
14111,20,11664,0.0,0.0,0.0,0.0,0.0,0.0,2
14112,20,11663,0.0,0.0,0.0,0.0,0.0,0.0,2
14113,20,11662,0.0,0.0,0.0,0.0,0.0,0.0,2
14114,20,11661,0.0,0.0,0.0,0.0,0.0,0.0,2
14115,20,11659,0.0,0.0,0.0,0.0,0.0,0.0,2
14116,20,11658,0.0,0.0,0.0,0.0,0.0,0.0,2
14117,20,11674,0.0,0.0,0.0,0.0,0.0,0.0,2
14118,20,11656,0.0,0.0,0.0,0.0,0.0,0.0,2
14119,20,11655,0.0,0.0,0.0,0.0,0.0,0.0,2
14120,20,11654,0.0,0.0,0.0,0.0,0.0,0.0,2
14121,20,11653,0.0,0.0,0.0,0.0,0.0,0.0,2
14122,20,11652,0.0,0.0,0.0,0.0,0.0,0.0,2
14123,20,11651,0.0,0.0,0.0,0.0,0.0,0.0,2
14124,20,11650,0.0,0.0,0.0,0.0,0.0,0.0,2
14125,20,11649,0.0,0.0,0.0,0.0,0.0,0.0,2
14126,20,11648,0.0,0.0,0.0,0.0,0.0,0.0,2
14127,20,11647,0.0,0.0,0.0,0.0,0.0,0.0,2
14128,20,11646,0.0,0.0,0.0,0.0,0.0,0.0,2
14129,20,11645,0.0,0.0,0.0,0.0,0.0,0.0,2
14130,20,11644,0.0,0.0,0.0,0.0,0.0,0.0,2
14131,20,11643,0.0,0.0,0.0,0.0,0.0,0.0,2
14132,20,11689,0.0,0.0,0.0,0.0,0.0,0.0,2
14133,20,11703,0.0,0.0,0.0,0.0,0.0,0.0,2
14134,20,11702,0.0,0.0,0.0,0.0,0.0,0.0,2
14135,20,11701,0.0,0.0,0.0,0.0,0.0,0.0,2
14136,20,11700,0.0,0.0,0.0,0.0,0.0,0.0,2
14137,20,11699,0.0,0.0,0.0,0.0,0.0,0.0,2
14138,20,11698,0.0,0.0,0.0,0.0,0.0,0.0,2
14139,20,11697,0.0,0.0,0.0,0.0,0.0,0.0,2
14140,20,11696,0.0,0.0,0.0,0.0,0.0,0.0,2
14141,20,11695,0.0,0.0,0.0,0.0,0.0,0.0,2
14142,20,11694,0.0,0.0,0.0,0.0,0.0,0.0,2
14143,20,11693,0.0,0.0,0.0,0.0,0.0,0.0,2
14144,20,11692,0.0,0.0,0.0,0.0,0.0,0.0,2
14145,20,11691,0.0,0.0,0.0,0.0,0.0,0.0,2
14146,20,11690,0.0,0.0,0.0,0.0,0.0,0.0,2
14147,20,11767,0.0,0.0,0.0,0.0,0.0,0.0,2
14148,20,11688,0.0,0.0,0.0,0.0,0.0,0.0,2
14149,20,11687,0.0,0.0,0.0,0.0,0.0,0.0,2
14150,20,11686,0.0,0.0,0.0,0.0,0.0,0.0,2
14151,20,11685,0.0,0.0,0.0,0.0,0.0,0.0,2
14152,20,11684,0.0,0.0,0.0,0.0,0.0,0.0,2
14153,20,11683,0.0,0.0,0.0,0.0,0.0,0.0,2
14154,20,11682,0.0,0.0,0.0,0.0,0.0,0.0,2
14155,20,11681,0.0,0.0,0.0,0.0,0.0,0.0,2
14156,20,11680,0.0,0.0,0.0,0.0,0.0,0.0,2
14157,20,11679,0.0,0.0,0.0,0.0,0.0,0.0,2
14158,20,11678,0.0,0.0,0.0,0.0,0.0,0.0,2
14159,20,11677,0.0,0.0,0.0,0.0,0.0,0.0,2
14160,20,11676,0.0,0.0,0.0,0.0,0.0,0.0,2
14161,20,11675,0.0,0.0,0.0,0.0,0.0,0.0,2
14162,20,11845,0.0,0.0,0.0,0.0,0.0,0.0,2
14163,20,11860,0.0,0.0,0.0,0.0,0.0,0.0,2
14164,20,11859,0.0,0.0,0.0,0.0,0.0,0.0,2
14165,20,11858,0.0,0.0,0.0,0.0,0.0,0.0,2
14166,20,11857,0.0,0.0,0.0,0.0,0.0,0.0,2
14167,20,11856,0.0,0.0,0.0,0.0,0.0,0.0,2
14168,20,11855,0.0,0.0,0.0,0.0,0.0,0.0,2
14169,20,11854,0.0,0.0,0.0,0.0,0.0,0.0,2
14170,20,11853,0.0,0.0,0.0,0.0,0.0,0.0,2
14171,20,11852,0.0,0.0,0.0,0.0,0.0,0.0,2
14172,20,11851,0.0,0.0,0.0,0.0,0.0,0.0,2
14173,20,11850,0.0,0.0,0.0,0.0,0.0,0.0,2
14174,20,11849,0.0,0.0,0.0,0.0,0.0,0.0,2
14175,20,11848,0.0,0.0,0.0,0.0,0.0,0.0,2
14176,20,11847,0.0,0.0,0.0,0.0,0.0,0.0,2
14177,20,11846,0.0,0.0,0.0,0.0,0.0,0.0,2
14178,20,11861,0.0,0.0,0.0,0.0,0.0,0.0,2
14179,20,11844,0.0,0.0,0.0,0.0,0.0,0.0,2
14180,20,11843,0.0,0.0,0.0,0.0,0.0,0.0,2
14181,20,11842,0.0,0.0,0.0,0.0,0.0,0.0,2
14182,20,11841,0.0,0.0,0.0,0.0,0.0,0.0,2
14183,20,11840,0.0,0.0,0.0,0.0,0.0,0.0,2
14184,20,11839,0.0,0.0,0.0,0.0,0.0,0.0,2
14185,20,11838,0.0,0.0,0.0,0.0,0.0,0.0,2
14186,20,11836,0.0,0.0,0.0,0.0,0.0,0.0,2
14187,20,11835,0.0,0.0,0.0,0.0,0.0,0.0,2
14188,20,11834,0.0,0.0,0.0,0.0,0.0,0.0,2
14189,20,11833,0.0,0.0,0.0,0.0,0.0,0.0,2
14190,20,11832,0.0,0.0,0.0,0.0,0.0,0.0,2
14191,20,11831,0.0,0.0,0.0,0.0,0.0,0.0,2
14192,20,11830,0.0,0.0,0.0,0.0,0.0,0.0,2
14193,20,11876,0.0,0.0,0.0,0.0,0.0,0.0,2
14194,20,11892,0.0,0.0,0.0,0.0,0.0,0.0,2
14195,20,11891,0.0,0.0,0.0,0.0,0.0,0.0,2
14196,20,11890,0.0,0.0,0.0,0.0,0.0,0.0,2
14197,20,11889,0.0,0.0,0.0,0.0,0.0,0.0,2
14198,20,11888,0.0,0.0,0.0,0.0,0.0,0.0,2
14199,20,11887,0.0,0.0,0.0,0.0,0.0,0.0,2
14200,20,11886,0.0,0.0,0.0,0.0,0.0,0.0,2
14201,20,11885,0.0,0.0,0.0,0.0,0.0,0.0,2
14202,20,11884,0.0,0.0,0.0,0.0,0.0,0.0,2
14203,20,11883,0.0,0.0,0.0,0.0,0.0,0.0,2
14204,20,11881,0.0,0.0,0.0,0.0,0.0,0.0,2
14205,20,11880,0.0,0.0,0.0,0.0,0.0,0.0,2
14206,20,11879,0.0,0.0,0.0,0.0,0.0,0.0,2
14207,20,11878,0.0,0.0,0.0,0.0,0.0,0.0,2
14208,20,11877,0.0,0.0,0.0,0.0,0.0,0.0,2
14209,20,11829,0.0,0.0,0.0,0.0,0.0,0.0,2
14210,20,11875,0.0,0.0,0.0,0.0,0.0,0.0,2
14211,20,11874,0.0,0.0,0.0,0.0,0.0,0.0,2
14212,20,11873,0.0,0.0,0.0,0.0,0.0,0.0,2
14213,20,11872,0.0,0.0,0.0,0.0,0.0,0.0,2
14214,20,11871,0.0,0.0,0.0,0.0,0.0,0.0,2
14215,20,11870,0.0,0.0,0.0,0.0,0.0,0.0,2
14216,20,11869,0.0,0.0,0.0,0.0,0.0,0.0,2
14217,20,11868,0.0,0.0,0.0,0.0,0.0,0.0,2
14218,20,11867,0.0,0.0,0.0,0.0,0.0,0.0,2
14219,20,11866,0.0,0.0,0.0,0.0,0.0,0.0,2
14220,20,11865,0.0,0.0,0.0,0.0,0.0,0.0,2
14221,20,11864,0.0,0.0,0.0,0.0,0.0,0.0,2
14222,20,11863,0.0,0.0,0.0,0.0,0.0,0.0,2
14223,20,11862,0.0,0.0,0.0,0.0,0.0,0.0,2
14224,20,11783,0.0,0.0,0.0,0.0,0.0,0.0,2
14225,20,11798,0.0,0.0,0.0,0.0,0.0,0.0,2
14226,20,11797,0.0,0.0,0.0,0.0,0.0,0.0,2
14227,20,11796,0.0,0.0,0.0,0.0,0.0,0.0,2
14228,20,11795,0.0,0.0,0.0,0.0,0.0,0.0,2
14229,20,11794,0.0,0.0,0.0,0.0,0.0,0.0,2
14230,20,11793,0.0,0.0,0.0,0.0,0.0,0.0,2
14231,20,11792,0.0,0.0,0.0,0.0,0.0,0.0,2
14232,20,11791,0.0,0.0,0.0,0.0,0.0,0.0,2
14233,20,11790,0.0,0.0,0.0,0.0,0.0,0.0,2
14234,20,11789,0.0,0.0,0.0,0.0,0.0,0.0,2
14235,20,11788,0.0,0.0,0.0,0.0,0.0,0.0,2
14236,20,11787,0.0,0.0,0.0,0.0,0.0,0.0,2
14237,20,11786,0.0,0.0,0.0,0.0,0.0,0.0,2
14238,20,11785,0.0,0.0,0.0,0.0,0.0,0.0,2
14239,20,11784,0.0,0.0,0.0,0.0,0.0,0.0,2
14240,20,11799,0.0,0.0,0.0,0.0,0.0,0.0,2
14241,20,11782,0.0,0.0,0.0,0.0,0.0,0.0,2
14242,20,11781,0.0,0.0,0.0,0.0,0.0,0.0,2
14243,20,11780,0.0,0.0,0.0,0.0,0.0,0.0,2
14244,20,11779,0.0,0.0,0.0,0.0,0.0,0.0,2
14245,20,11778,0.0,0.0,0.0,0.0,0.0,0.0,2
14246,20,11776,0.0,0.0,0.0,0.0,0.0,0.0,2
14247,20,11775,0.0,0.0,0.0,0.0,0.0,0.0,2
14248,20,11774,0.0,0.0,0.0,0.0,0.0,0.0,2
14249,20,11773,0.0,0.0,0.0,0.0,0.0,0.0,2
14250,20,11772,0.0,0.0,0.0,0.0,0.0,0.0,2
14251,20,11771,0.0,0.0,0.0,0.0,0.0,0.0,2
14252,20,11770,0.0,0.0,0.0,0.0,0.0,0.0,2
14253,20,11769,0.0,0.0,0.0,0.0,0.0,0.0,2
14254,20,11768,0.0,0.0,0.0,0.0,0.0,0.0,2
14255,20,11814,0.0,0.0,0.0,0.0,0.0,0.0,2
14256,20,11828,0.0,0.0,0.0,0.0,0.0,0.0,2
14257,20,11827,0.0,0.0,0.0,0.0,0.0,0.0,2
14258,20,11826,0.0,0.0,0.0,0.0,0.0,0.0,2
14259,20,11825,0.0,0.0,0.0,0.0,0.0,0.0,2
14260,20,11824,0.0,0.0,0.0,0.0,0.0,0.0,2
14261,20,11823,0.0,0.0,0.0,0.0,0.0,0.0,2
14262,20,11822,0.0,0.0,0.0,0.0,0.0,0.0,2
14263,20,11821,0.0,0.0,0.0,0.0,0.0,0.0,2
14264,20,11820,0.0,0.0,0.0,0.0,0.0,0.0,2
14265,20,11819,0.0,0.0,0.0,0.0,0.0,0.0,2
14266,20,11818,0.0,0.0,0.0,0.0,0.0,0.0,2
14267,20,11817,0.0,0.0,0.0,0.0,0.0,0.0,2
14268,20,11816,0.0,0.0,0.0,0.0,0.0,0.0,2
14269,20,11815,0.0,0.0,0.0,0.0,0.0,0.0,2
14270,20,11642,0.0,0.0,0.0,0.0,0.0,0.0,2
14271,20,11813,0.0,0.0,0.0,0.0,0.0,0.0,2
14272,20,11812,0.0,0.0,0.0,0.0,0.0,0.0,2
14273,20,11811,0.0,0.0,0.0,0.0,0.0,0.0,2
14274,20,11810,0.0,0.0,0.0,0.0,0.0,0.0,2
14275,20,11809,0.0,0.0,0.0,0.0,0.0,0.0,2
14276,20,11808,0.0,0.0,0.0,0.0,0.0,0.0,2
14277,20,11807,0.0,0.0,0.0,0.0,0.0,0.0,2
14278,20,11806,0.0,0.0,0.0,0.0,0.0,0.0,2
14279,20,11805,0.0,0.0,0.0,0.0,0.0,0.0,2
14280,20,11804,0.0,0.0,0.0,0.0,0.0,0.0,2
14281,20,11803,0.0,0.0,0.0,0.0,0.0,0.0,2
14282,20,11802,0.0,0.0,0.0,0.0,0.0,0.0,2
14283,20,11801,0.0,0.0,0.0,0.0,0.0,0.0,2
14284,20,11800,0.0,0.0,0.0,0.0,0.0,0.0,2
14285,20,11464,0.0,0.0,0.0,0.0,0.0,0.0,2
14286,20,11481,0.0,0.0,0.0,0.0,0.0,0.0,2
14287,20,11480,0.0,0.0,0.0,0.0,0.0,0.0,2
14288,20,11479,0.0,0.0,0.0,0.0,0.0,0.0,2
14289,20,11478,0.0,0.0,0.0,0.0,0.0,0.0,2
14290,20,11477,0.0,0.0,0.0,0.0,0.0,0.0,2
14291,20,11475,0.0,0.0,0.0,0.0,0.0,0.0,2
14292,20,11474,0.0,0.0,0.0,0.0,0.0,0.0,2
14293,20,11473,0.0,0.0,0.0,0.0,0.0,0.0,2
14294,20,11472,0.0,0.0,0.0,0.0,0.0,0.0,2
14295,20,11470,0.0,0.0,0.0,0.0,0.0,0.0,2
14296,20,11469,0.0,0.0,0.0,0.0,0.0,0.0,2
14297,20,11468,0.0,0.0,0.0,0.0,0.0,0.0,2
14298,20,11467,0.0,0.0,0.0,0.0,0.0,0.0,2
14299,20,11466,0.0,0.0,0.0,0.0,0.0,0.0,2
14300,20,11465,0.0,0.0,0.0,0.0,0.0,0.0,2
14301,20,11482,0.0,0.0,0.0,0.0,0.0,0.0,2
14302,20,11463,0.0,0.0,0.0,0.0,0.0,0.0,2
14303,20,11462,0.0,0.0,0.0,0.0,0.0,0.0,2
14304,20,11461,0.0,0.0,0.0,0.0,0.0,0.0,2
14305,20,11460,0.0,0.0,0.0,0.0,0.0,0.0,2
14306,20,11459,0.0,0.0,0.0,0.0,0.0,0.0,2
14307,20,11458,0.0,0.0,0.0,0.0,0.0,0.0,2
14308,20,11457,0.0,0.0,0.0,0.0,0.0,0.0,2
14309,20,11456,0.0,0.0,0.0,0.0,0.0,0.0,2
14310,20,11455,0.0,0.0,0.0,0.0,0.0,0.0,2
14311,20,11454,0.0,0.0,0.0,0.0,0.0,0.0,2
14312,20,11453,0.0,0.0,0.0,0.0,0.0,0.0,2
14313,20,11452,0.0,0.0,0.0,0.0,0.0,0.0,2
14314,20,11451,0.0,0.0,0.0,0.0,0.0,0.0,2
14315,20,11450,0.0,0.0,0.0,0.0,0.0,0.0,2
14316,20,11497,0.0,0.0,0.0,0.0,0.0,0.0,2
14317,20,11512,0.0,0.0,0.0,0.0,0.0,0.0,2
14318,20,11511,0.0,0.0,0.0,0.0,0.0,0.0,2
14319,20,11510,0.0,0.0,0.0,0.0,0.0,0.0,2
14320,20,11509,0.0,0.0,0.0,0.0,0.0,0.0,2
14321,20,11508,0.0,0.0,0.0,0.0,0.0,0.0,2
14322,20,11507,0.0,0.0,0.0,0.0,0.0,0.0,2
14323,20,11506,0.0,0.0,0.0,0.0,0.0,0.0,2
14324,20,11505,0.0,0.0,0.0,0.0,0.0,0.0,2
14325,20,11504,0.0,0.0,0.0,0.0,0.0,0.0,2
14326,20,11503,0.0,0.0,0.0,0.0,0.0,0.0,2
14327,20,11502,0.0,0.0,0.0,0.0,0.0,0.0,2
14328,20,11501,0.0,0.0,0.0,0.0,0.0,0.0,2
14329,20,11500,0.0,0.0,0.0,0.0,0.0,0.0,2
14330,20,11499,0.0,0.0,0.0,0.0,0.0,0.0,2
14331,20,11498,0.0,0.0,0.0,0.0,0.0,0.0,2
14332,20,11449,0.0,0.0,0.0,0.0,0.0,0.0,2
14333,20,11496,0.0,0.0,0.0,0.0,0.0,0.0,2
14334,20,11495,0.0,0.0,0.0,0.0,0.0,0.0,2
14335,20,11494,0.0,0.0,0.0,0.0,0.0,0.0,2
14336,20,11493,0.0,0.0,0.0,0.0,0.0,0.0,2
14337,20,11492,0.0,0.0,0.0,0.0,0.0,0.0,2
14338,20,11491,0.0,0.0,0.0,0.0,0.0,0.0,2
14339,20,11490,0.0,0.0,0.0,0.0,0.0,0.0,2
14340,20,11489,0.0,0.0,0.0,0.0,0.0,0.0,2
14341,20,11488,0.0,0.0,0.0,0.0,0.0,0.0,2
14342,20,11487,0.0,0.0,0.0,0.0,0.0,0.0,2
14343,20,11486,0.0,0.0,0.0,0.0,0.0,0.0,2
14344,20,11485,0.0,0.0,0.0,0.0,0.0,0.0,2
14345,20,11484,0.0,0.0,0.0,0.0,0.0,0.0,2
14346,20,11483,0.0,0.0,0.0,0.0,0.0,0.0,2
14347,20,11402,0.0,0.0,0.0,0.0,0.0,0.0,2
14348,20,11418,0.0,0.0,0.0,0.0,0.0,0.0,2
14349,20,11417,0.0,0.0,0.0,0.0,0.0,0.0,2
14350,20,11416,0.0,0.0,0.0,0.0,0.0,0.0,2
14351,20,11415,0.0,0.0,0.0,0.0,0.0,0.0,2
14352,20,11413,0.0,0.0,0.0,0.0,0.0,0.0,2
14353,20,11412,0.0,0.0,0.0,0.0,0.0,0.0,2
14354,20,11411,0.0,0.0,0.0,0.0,0.0,0.0,2
14355,20,11410,0.0,0.0,0.0,0.0,0.0,0.0,2
14356,20,11409,0.0,0.0,0.0,0.0,0.0,0.0,2
14357,20,11408,0.0,0.0,0.0,0.0,0.0,0.0,2
14358,20,11407,0.0,0.0,0.0,0.0,0.0,0.0,2
14359,20,11406,0.0,0.0,0.0,0.0,0.0,0.0,2
14360,20,11405,0.0,0.0,0.0,0.0,0.0,0.0,2
14361,20,11404,0.0,0.0,0.0,0.0,0.0,0.0,2
14362,20,11403,0.0,0.0,0.0,0.0,0.0,0.0,2
14363,20,11419,0.0,0.0,0.0,0.0,0.0,0.0,2
14364,20,11401,0.0,0.0,0.0,0.0,0.0,0.0,2
14365,20,11400,0.0,0.0,0.0,0.0,0.0,0.0,2
14366,20,11399,0.0,0.0,0.0,0.0,0.0,0.0,2
14367,20,11398,0.0,0.0,0.0,0.0,0.0,0.0,2
14368,20,11397,0.0,0.0,0.0,0.0,0.0,0.0,2
14369,20,11396,0.0,0.0,0.0,0.0,0.0,0.0,2
14370,20,11395,0.0,0.0,0.0,0.0,0.0,0.0,2
14371,20,11394,0.0,0.0,0.0,0.0,0.0,0.0,2
14372,20,11393,0.0,0.0,0.0,0.0,0.0,0.0,2
14373,20,11392,0.0,0.0,0.0,0.0,0.0,0.0,2
14374,20,11391,0.0,0.0,0.0,0.0,0.0,0.0,2
14375,20,11390,0.0,0.0,0.0,0.0,0.0,0.0,2
14376,20,11389,0.0,0.0,0.0,0.0,0.0,0.0,2
14377,20,11388,0.0,0.0,0.0,0.0,0.0,0.0,2
14378,20,11434,0.0,0.0,0.0,0.0,0.0,0.0,2
14379,20,11448,0.0,0.0,0.0,0.0,0.0,0.0,2
14380,20,11447,0.0,0.0,0.0,0.0,0.0,0.0,2
14381,20,11446,0.0,0.0,0.0,0.0,0.0,0.0,2
14382,20,11445,0.0,0.0,0.0,0.0,0.0,0.0,2
14383,20,11444,0.0,0.0,0.0,0.0,0.0,0.0,2
14384,20,11443,0.0,0.0,0.0,0.0,0.0,0.0,2
14385,20,11442,0.0,0.0,0.0,0.0,0.0,0.0,2
14386,20,11441,0.0,0.0,0.0,0.0,0.0,0.0,2
14387,20,11440,0.0,0.0,0.0,0.0,0.0,0.0,2
14388,20,11439,0.0,0.0,0.0,0.0,0.0,0.0,2
14389,20,11438,0.0,0.0,0.0,0.0,0.0,0.0,2
14390,20,11437,0.0,0.0,0.0,0.0,0.0,0.0,2
14391,20,11436,0.0,0.0,0.0,0.0,0.0,0.0,2
14392,20,11435,0.0,0.0,0.0,0.0,0.0,0.0,2
14393,20,11513,0.0,0.0,0.0,0.0,0.0,0.0,2
14394,20,11433,0.0,0.0,0.0,0.0,0.0,0.0,2
14395,20,11432,0.0,0.0,0.0,0.0,0.0,0.0,2
14396,20,11431,0.0,0.0,0.0,0.0,0.0,0.0,2
14397,20,11430,0.0,0.0,0.0,0.0,0.0,0.0,2
14398,20,11429,0.0,0.0,0.0,0.0,0.0,0.0,2
14399,20,11428,0.0,0.0,0.0,0.0,0.0,0.0,2
14400,20,11427,0.0,0.0,0.0,0.0,0.0,0.0,2
14401,20,11426,0.0,0.0,0.0,0.0,0.0,0.0,2
14402,20,11425,0.0,0.0,0.0,0.0,0.0,0.0,2
14403,20,11424,0.0,0.0,0.0,0.0,0.0,0.0,2
14404,20,11423,0.0,0.0,0.0,0.0,0.0,0.0,2
14405,20,11422,0.0,0.0,0.0,0.0,0.0,0.0,2
14406,20,11421,0.0,0.0,0.0,0.0,0.0,0.0,2
14407,20,11420,0.0,0.0,0.0,0.0,0.0,0.0,2
14408,20,11592,0.0,0.0,0.0,0.0,0.0,0.0,2
14409,20,11608,0.0,0.0,0.0,0.0,0.0,0.0,2
14410,20,11607,0.0,0.0,0.0,0.0,0.0,0.0,2
14411,20,11606,0.0,0.0,0.0,0.0,0.0,0.0,2
14412,20,11605,0.0,0.0,0.0,0.0,0.0,0.0,2
14413,20,11604,0.0,0.0,0.0,0.0,0.0,0.0,2
14414,20,11603,0.0,0.0,0.0,0.0,0.0,0.0,2
14415,20,11602,0.0,0.0,0.0,0.0,0.0,0.0,2
14416,20,11601,0.0,0.0,0.0,0.0,0.0,0.0,2
14417,20,11600,0.0,0.0,0.0,0.0,0.0,0.0,2
14418,20,11599,0.0,0.0,0.0,0.0,0.0,0.0,2
14419,20,11598,0.0,0.0,0.0,0.0,0.0,0.0,2
14420,20,11597,0.0,0.0,0.0,0.0,0.0,0.0,2
14421,20,11596,0.0,0.0,0.0,0.0,0.0,0.0,2
14422,20,11595,0.0,0.0,0.0,0.0,0.0,0.0,2
14423,20,11594,0.0,0.0,0.0,0.0,0.0,0.0,2
14424,20,11609,0.0,0.0,0.0,0.0,0.0,0.0,2
14425,20,11591,0.0,0.0,0.0,0.0,0.0,0.0,2
14426,20,11590,0.0,0.0,0.0,0.0,0.0,0.0,2
14427,20,11589,0.0,0.0,0.0,0.0,0.0,0.0,2
14428,20,11588,0.0,0.0,0.0,0.0,0.0,0.0,2
14429,20,11587,0.0,0.0,0.0,0.0,0.0,0.0,2
14430,20,11586,0.0,0.0,0.0,0.0,0.0,0.0,2
14431,20,11585,0.0,0.0,0.0,0.0,0.0,0.0,2
14432,20,11584,0.0,0.0,0.0,0.0,0.0,0.0,2
14433,20,11583,0.0,0.0,0.0,0.0,0.0,0.0,2
14434,20,11582,0.0,0.0,0.0,0.0,0.0,0.0,2
14435,20,11581,0.0,0.0,0.0,0.0,0.0,0.0,2
14436,20,11580,0.0,0.0,0.0,0.0,0.0,0.0,2
14437,20,11579,0.0,0.0,0.0,0.0,0.0,0.0,2
14438,20,11578,0.0,0.0,0.0,0.0,0.0,0.0,2
14439,20,11626,0.0,0.0,0.0,0.0,0.0,0.0,2
14440,20,11641,0.0,0.0,0.0,0.0,0.0,0.0,2
14441,20,11640,0.0,0.0,0.0,0.0,0.0,0.0,2
14442,20,11639,0.0,0.0,0.0,0.0,0.0,0.0,2
14443,20,11638,0.0,0.0,0.0,0.0,0.0,0.0,2
14444,20,11637,0.0,0.0,0.0,0.0,0.0,0.0,2
14445,20,11635,0.0,0.0,0.0,0.0,0.0,0.0,2
14446,20,11634,0.0,0.0,0.0,0.0,0.0,0.0,2
14447,20,11633,0.0,0.0,0.0,0.0,0.0,0.0,2
14448,20,11632,0.0,0.0,0.0,0.0,0.0,0.0,2
14449,20,11631,0.0,0.0,0.0,0.0,0.0,0.0,2
14450,20,11630,0.0,0.0,0.0,0.0,0.0,0.0,2
14451,20,11629,0.0,0.0,0.0,0.0,0.0,0.0,2
14452,20,11628,0.0,0.0,0.0,0.0,0.0,0.0,2
14453,20,11627,0.0,0.0,0.0,0.0,0.0,0.0,2
14454,20,11577,0.0,0.0,0.0,0.0,0.0,0.0,2
14455,20,11625,0.0,0.0,0.0,0.0,0.0,0.0,2
14456,20,11623,0.0,0.0,0.0,0.0,0.0,0.0,2
14457,20,11622,0.0,0.0,0.0,0.0,0.0,0.0,2
14458,20,11621,0.0,0.0,0.0,0.0,0.0,0.0,2
14459,20,11620,0.0,0.0,0.0,0.0,0.0,0.0,2
14460,20,11619,0.0,0.0,0.0,0.0,0.0,0.0,2
14461,20,11618,0.0,0.0,0.0,0.0,0.0,0.0,2
14462,20,11617,0.0,0.0,0.0,0.0,0.0,0.0,2
14463,20,11616,0.0,0.0,0.0,0.0,0.0,0.0,2
14464,20,11615,0.0,0.0,0.0,0.0,0.0,0.0,2
14465,20,11614,0.0,0.0,0.0,0.0,0.0,0.0,2
14466,20,11613,0.0,0.0,0.0,0.0,0.0,0.0,2
14467,20,11612,0.0,0.0,0.0,0.0,0.0,0.0,2
14468,20,11610,0.0,0.0,0.0,0.0,0.0,0.0,2
14469,20,11528,0.0,0.0,0.0,0.0,0.0,0.0,2
14470,20,11543,0.0,0.0,0.0,0.0,0.0,0.0,2
14471,20,11542,0.0,0.0,0.0,0.0,0.0,0.0,2
14472,20,11541,0.0,0.0,0.0,0.0,0.0,0.0,2
14473,20,11540,0.0,0.0,0.0,0.0,0.0,0.0,2
14474,20,11539,0.0,0.0,0.0,0.0,0.0,0.0,2
14475,20,11538,0.0,0.0,0.0,0.0,0.0,0.0,2
14476,20,11537,0.0,0.0,0.0,0.0,0.0,0.0,2
14477,20,11536,0.0,0.0,0.0,0.0,0.0,0.0,2
14478,20,11535,0.0,0.0,0.0,0.0,0.0,0.0,2
14479,20,11534,0.0,0.0,0.0,0.0,0.0,0.0,2
14480,20,11533,0.0,0.0,0.0,0.0,0.0,0.0,2
14481,20,11532,0.0,0.0,0.0,0.0,0.0,0.0,2
14482,20,11531,0.0,0.0,0.0,0.0,0.0,0.0,2
14483,20,11530,0.0,0.0,0.0,0.0,0.0,0.0,2
14484,20,11529,0.0,0.0,0.0,0.0,0.0,0.0,2
14485,20,11544,0.0,0.0,0.0,0.0,0.0,0.0,2
14486,20,11527,0.0,0.0,0.0,0.0,0.0,0.0,2
14487,20,11526,0.0,0.0,0.0,0.0,0.0,0.0,2
14488,20,11525,0.0,0.0,0.0,0.0,0.0,0.0,2
14489,20,11524,0.0,0.0,0.0,0.0,0.0,0.0,2
14490,20,11523,0.0,0.0,0.0,0.0,0.0,0.0,2
14491,20,11522,0.0,0.0,0.0,0.0,0.0,0.0,2
14492,20,11521,0.0,0.0,0.0,0.0,0.0,0.0,2
14493,20,11520,0.0,0.0,0.0,0.0,0.0,0.0,2
14494,20,11519,0.0,0.0,0.0,0.0,0.0,0.0,2
14495,20,11518,0.0,0.0,0.0,0.0,0.0,0.0,2
14496,20,11517,0.0,0.0,0.0,0.0,0.0,0.0,2
14497,20,11516,0.0,0.0,0.0,0.0,0.0,0.0,2
14498,20,11515,0.0,0.0,0.0,0.0,0.0,0.0,2
14499,20,11514,0.0,0.0,0.0,0.0,0.0,0.0,2
14500,20,11562,0.0,0.0,0.0,0.0,0.0,0.0,2
14501,20,11576,0.0,0.0,0.0,0.0,0.0,0.0,2
14502,20,11575,0.0,0.0,0.0,0.0,0.0,0.0,2
14503,20,11574,0.0,0.0,0.0,0.0,0.0,0.0,2
14504,20,11573,0.0,0.0,0.0,0.0,0.0,0.0,2
14505,20,11572,0.0,0.0,0.0,0.0,0.0,0.0,2
14506,20,11571,0.0,0.0,0.0,0.0,0.0,0.0,2
14507,20,11570,0.0,0.0,0.0,0.0,0.0,0.0,2
14508,20,11569,0.0,0.0,0.0,0.0,0.0,0.0,2
14509,20,11568,0.0,0.0,0.0,0.0,0.0,0.0,2
14510,20,11567,0.0,0.0,0.0,0.0,0.0,0.0,2
14511,20,11566,0.0,0.0,0.0,0.0,0.0,0.0,2
14512,20,11565,0.0,0.0,0.0,0.0,0.0,0.0,2
14513,20,11564,0.0,0.0,0.0,0.0,0.0,0.0,2
14514,20,11563,0.0,0.0,0.0,0.0,0.0,0.0,2
14515,20,11893,0.0,0.0,0.0,0.0,0.0,0.0,2
14516,20,11561,0.0,0.0,0.0,0.0,0.0,0.0,2
14517,20,11560,0.0,0.0,0.0,0.0,0.0,0.0,2
14518,20,11558,0.0,0.0,0.0,0.0,0.0,0.0,2
14519,20,11557,0.0,0.0,0.0,0.0,0.0,0.0,2
14520,20,11556,0.0,0.0,0.0,0.0,0.0,0.0,2
14521,20,11555,0.0,0.0,0.0,0.0,0.0,0.0,2
14522,20,11554,0.0,0.0,0.0,0.0,0.0,0.0,2
14523,20,11553,0.0,0.0,0.0,0.0,0.0,0.0,2
14524,20,11552,0.0,0.0,0.0,0.0,0.0,0.0,2
14525,20,11551,0.0,0.0,0.0,0.0,0.0,0.0,2
14526,20,11550,0.0,0.0,0.0,0.0,0.0,0.0,2
14527,20,11548,0.0,0.0,0.0,0.0,0.0,0.0,2
14528,20,11547,0.0,0.0,0.0,0.0,0.0,0.0,2
14529,20,11546,0.0,0.0,0.0,0.0,0.0,0.0,2
14530,20,12218,0.0,0.0,0.0,0.0,0.0,0.0,2
14531,20,12233,0.0,0.0,0.0,0.0,0.0,0.0,2
14532,20,12232,0.0,0.0,0.0,0.0,0.0,0.0,2
14533,20,12231,0.0,0.0,0.0,0.0,0.0,0.0,2
14534,20,12230,0.0,0.0,0.0,0.0,0.0,0.0,2
14535,20,12229,0.0,0.0,0.0,0.0,0.0,0.0,2
14536,20,12228,0.0,0.0,0.0,0.0,0.0,0.0,2
14537,20,12227,0.0,0.0,0.0,0.0,0.0,0.0,2
14538,20,12226,0.0,0.0,0.0,0.0,0.0,0.0,2
14539,20,12225,0.0,0.0,0.0,0.0,0.0,0.0,2
14540,20,12224,0.0,0.0,0.0,0.0,0.0,0.0,2
14541,20,12223,0.0,0.0,0.0,0.0,0.0,0.0,2
14542,20,12222,0.0,0.0,0.0,0.0,0.0,0.0,2
14543,20,12221,0.0,0.0,0.0,0.0,0.0,0.0,2
14544,20,12220,0.0,0.0,0.0,0.0,0.0,0.0,2
14545,20,12219,0.0,0.0,0.0,0.0,0.0,0.0,2
14546,20,12234,0.0,0.0,0.0,0.0,0.0,0.0,2
14547,20,12217,0.0,0.0,0.0,0.0,0.0,0.0,2
14548,20,12216,0.0,0.0,0.0,0.0,0.0,0.0,2
14549,20,12215,0.0,0.0,0.0,0.0,0.0,0.0,2
14550,20,12214,0.0,0.0,0.0,0.0,0.0,0.0,2
14551,20,12213,0.0,0.0,0.0,0.0,0.0,0.0,2
14552,20,12212,0.0,0.0,0.0,0.0,0.0,0.0,2
14553,20,12211,0.0,0.0,0.0,0.0,0.0,0.0,2
14554,20,12210,0.0,0.0,0.0,0.0,0.0,0.0,2
14555,20,12209,0.0,0.0,0.0,0.0,0.0,0.0,2
14556,20,12208,0.0,0.0,0.0,0.0,0.0,0.0,2
14557,20,12207,0.0,0.0,0.0,0.0,0.0,0.0,2
14558,20,12206,0.0,0.0,0.0,0.0,0.0,0.0,2
14559,20,12205,0.0,0.0,0.0,0.0,0.0,0.0,2
14560,20,12204,0.0,0.0,0.0,0.0,0.0,0.0,2
14561,20,12249,0.0,0.0,0.0,0.0,0.0,0.0,2
14562,20,12264,0.0,0.0,0.0,0.0,0.0,0.0,2
14563,20,12263,0.0,0.0,0.0,0.0,0.0,0.0,2
14564,20,12262,0.0,0.0,0.0,0.0,0.0,0.0,2
14565,20,12261,0.0,0.0,0.0,0.0,0.0,0.0,2
14566,20,12260,0.0,0.0,0.0,0.0,0.0,0.0,2
14567,20,12259,0.0,0.0,0.0,0.0,0.0,0.0,2
14568,20,12258,0.0,0.0,0.0,0.0,0.0,0.0,2
14569,20,12257,0.0,0.0,0.0,0.0,0.0,0.0,2
14570,20,12256,0.0,0.0,0.0,0.0,0.0,0.0,2
14571,20,12255,0.0,0.0,0.0,0.0,0.0,0.0,2
14572,20,12254,0.0,0.0,0.0,0.0,0.0,0.0,2
14573,20,12253,0.0,0.0,0.0,0.0,0.0,0.0,2
14574,20,12252,0.0,0.0,0.0,0.0,0.0,0.0,2
14575,20,12251,0.0,0.0,0.0,0.0,0.0,0.0,2
14576,20,12250,0.0,0.0,0.0,0.0,0.0,0.0,2
14577,20,12203,0.0,0.0,0.0,0.0,0.0,0.0,2
14578,20,12248,0.0,0.0,0.0,0.0,0.0,0.0,2
14579,20,12247,0.0,0.0,0.0,0.0,0.0,0.0,2
14580,20,12246,0.0,0.0,0.0,0.0,0.0,0.0,2
14581,20,12245,0.0,0.0,0.0,0.0,0.0,0.0,2
14582,20,12244,0.0,0.0,0.0,0.0,0.0,0.0,2
14583,20,12243,0.0,0.0,0.0,0.0,0.0,0.0,2
14584,20,12242,0.0,0.0,0.0,0.0,0.0,0.0,2
14585,20,12241,0.0,0.0,0.0,0.0,0.0,0.0,2
14586,20,12240,0.0,0.0,0.0,0.0,0.0,0.0,2
14587,20,12239,0.0,0.0,0.0,0.0,0.0,0.0,2
14588,20,12238,0.0,0.0,0.0,0.0,0.0,0.0,2
14589,20,12237,0.0,0.0,0.0,0.0,0.0,0.0,2
14590,20,12236,0.0,0.0,0.0,0.0,0.0,0.0,2
14591,20,12235,0.0,0.0,0.0,0.0,0.0,0.0,2
14592,20,12156,0.0,0.0,0.0,0.0,0.0,0.0,2
14593,20,12172,0.0,0.0,0.0,0.0,0.0,0.0,2
14594,20,12171,0.0,0.0,0.0,0.0,0.0,0.0,2
14595,20,12170,0.0,0.0,0.0,0.0,0.0,0.0,2
14596,20,12169,0.0,0.0,0.0,0.0,0.0,0.0,2
14597,20,12168,0.0,0.0,0.0,0.0,0.0,0.0,2
14598,20,12167,0.0,0.0,0.0,0.0,0.0,0.0,2
14599,20,12166,0.0,0.0,0.0,0.0,0.0,0.0,2
14600,20,12165,0.0,0.0,0.0,0.0,0.0,0.0,2
14601,20,12164,0.0,0.0,0.0,0.0,0.0,0.0,2
14602,20,12163,0.0,0.0,0.0,0.0,0.0,0.0,2
14603,20,12162,0.0,0.0,0.0,0.0,0.0,0.0,2
14604,20,12161,0.0,0.0,0.0,0.0,0.0,0.0,2
14605,20,12160,0.0,0.0,0.0,0.0,0.0,0.0,2
14606,20,12159,0.0,0.0,0.0,0.0,0.0,0.0,2
14607,20,12158,0.0,0.0,0.0,0.0,0.0,0.0,2
14608,20,12173,0.0,0.0,0.0,0.0,0.0,0.0,2
14609,20,12155,0.0,0.0,0.0,0.0,0.0,0.0,2
14610,20,12154,0.0,0.0,0.0,0.0,0.0,0.0,2
14611,20,12153,0.0,0.0,0.0,0.0,0.0,0.0,2
14612,20,12152,0.0,0.0,0.0,0.0,0.0,0.0,2
14613,20,12151,0.0,0.0,0.0,0.0,0.0,0.0,2
14614,20,12150,0.0,0.0,0.0,0.0,0.0,0.0,2
14615,20,12149,0.0,0.0,0.0,0.0,0.0,0.0,2
14616,20,12148,0.0,0.0,0.0,0.0,0.0,0.0,2
14617,20,12147,0.0,0.0,0.0,0.0,0.0,0.0,2
14618,20,12146,0.0,0.0,0.0,0.0,0.0,0.0,2
14619,20,12145,0.0,0.0,0.0,0.0,0.0,0.0,2
14620,20,12144,0.0,0.0,0.0,0.0,0.0,0.0,2
14621,20,12143,0.0,0.0,0.0,0.0,0.0,0.0,2
14622,20,12142,0.0,0.0,0.0,0.0,0.0,0.0,2
14623,20,12188,0.0,0.0,0.0,0.0,0.0,0.0,2
14624,20,12202,0.0,0.0,0.0,0.0,0.0,0.0,2
14625,20,12201,0.0,0.0,0.0,0.0,0.0,0.0,2
14626,20,12200,0.0,0.0,0.0,0.0,0.0,0.0,2
14627,20,12199,0.0,0.0,0.0,0.0,0.0,0.0,2
14628,20,12198,0.0,0.0,0.0,0.0,0.0,0.0,2
14629,20,12197,0.0,0.0,0.0,0.0,0.0,0.0,2
14630,20,12196,0.0,0.0,0.0,0.0,0.0,0.0,2
14631,20,12195,0.0,0.0,0.0,0.0,0.0,0.0,2
14632,20,12194,0.0,0.0,0.0,0.0,0.0,0.0,2
14633,20,12193,0.0,0.0,0.0,0.0,0.0,0.0,2
14634,20,12192,0.0,0.0,0.0,0.0,0.0,0.0,2
14635,20,12191,0.0,0.0,0.0,0.0,0.0,0.0,2
14636,20,12190,0.0,0.0,0.0,0.0,0.0,0.0,2
14637,20,12189,0.0,0.0,0.0,0.0,0.0,0.0,2
14638,20,12265,0.0,0.0,0.0,0.0,0.0,0.0,2
14639,20,12187,0.0,0.0,0.0,0.0,0.0,0.0,2
14640,20,12186,0.0,0.0,0.0,0.0,0.0,0.0,2
14641,20,12185,0.0,0.0,0.0,0.0,0.0,0.0,2
14642,20,12184,0.0,0.0,0.0,0.0,0.0,0.0,2
14643,20,12183,0.0,0.0,0.0,0.0,0.0,0.0,2
14644,20,12182,0.0,0.0,0.0,0.0,0.0,0.0,2
14645,20,12181,0.0,0.0,0.0,0.0,0.0,0.0,2
14646,20,12180,0.0,0.0,0.0,0.0,0.0,0.0,2
14647,20,12179,0.0,0.0,0.0,0.0,0.0,0.0,2
14648,20,12178,0.0,0.0,0.0,0.0,0.0,0.0,2
14649,20,12177,0.0,0.0,0.0,0.0,0.0,0.0,2
14650,20,12176,0.0,0.0,0.0,0.0,0.0,0.0,2
14651,20,12175,0.0,0.0,0.0,0.0,0.0,0.0,2
14652,20,12174,0.0,0.0,0.0,0.0,0.0,0.0,2
14653,20,12344,0.0,0.0,0.0,0.0,0.0,0.0,2
14654,20,12359,0.0,0.0,0.0,0.0,0.0,0.0,2
14655,20,12358,0.0,0.0,0.0,0.0,0.0,0.0,2
14656,20,12357,0.0,0.0,0.0,0.0,0.0,0.0,2
14657,20,12356,0.0,0.0,0.0,0.0,0.0,0.0,2
14658,20,12355,0.0,0.0,0.0,0.0,0.0,0.0,2
14659,20,12354,0.0,0.0,0.0,0.0,0.0,0.0,2
14660,20,12353,0.0,0.0,0.0,0.0,0.0,0.0,2
14661,20,12352,0.0,0.0,0.0,0.0,0.0,0.0,2
14662,20,12351,0.0,0.0,0.0,0.0,0.0,0.0,2
14663,20,12350,0.0,0.0,0.0,0.0,0.0,0.0,2
14664,20,12349,0.0,0.0,0.0,0.0,0.0,0.0,2
14665,20,12348,0.0,0.0,0.0,0.0,0.0,0.0,2
14666,20,12347,0.0,0.0,0.0,0.0,0.0,0.0,2
14667,20,12346,0.0,0.0,0.0,0.0,0.0,0.0,2
14668,20,12345,0.0,0.0,0.0,0.0,0.0,0.0,2
14669,20,12360,0.0,0.0,0.0,0.0,0.0,0.0,2
14670,20,12343,0.0,0.0,0.0,0.0,0.0,0.0,2
14671,20,12342,0.0,0.0,0.0,0.0,0.0,0.0,2
14672,20,12341,0.0,0.0,0.0,0.0,0.0,0.0,2
14673,20,12340,0.0,0.0,0.0,0.0,0.0,0.0,2
14674,20,12339,0.0,0.0,0.0,0.0,0.0,0.0,2
14675,20,12338,0.0,0.0,0.0,0.0,0.0,0.0,2
14676,20,12337,0.0,0.0,0.0,0.0,0.0,0.0,2
14677,20,12336,0.0,0.0,0.0,0.0,0.0,0.0,2
14678,20,12335,0.0,0.0,0.0,0.0,0.0,0.0,2
14679,20,12334,0.0,0.0,0.0,0.0,0.0,0.0,2
14680,20,12333,0.0,0.0,0.0,0.0,0.0,0.0,2
14681,20,12332,0.0,0.0,0.0,0.0,0.0,0.0,2
14682,20,12331,0.0,0.0,0.0,0.0,0.0,0.0,2
14683,20,12330,0.0,0.0,0.0,0.0,0.0,0.0,2
14684,20,12375,0.0,0.0,0.0,0.0,0.0,0.0,2
14685,20,12389,0.0,0.0,0.0,0.0,0.0,0.0,2
14686,20,12388,0.0,0.0,0.0,0.0,0.0,0.0,2
14687,20,12387,0.0,0.0,0.0,0.0,0.0,0.0,2
14688,20,12386,0.0,0.0,0.0,0.0,0.0,0.0,2
14689,20,12385,0.0,0.0,0.0,0.0,0.0,0.0,2
14690,20,12384,0.0,0.0,0.0,0.0,0.0,0.0,2
14691,20,12383,0.0,0.0,0.0,0.0,0.0,0.0,2
14692,20,12382,0.0,0.0,0.0,0.0,0.0,0.0,2
14693,20,12381,0.0,0.0,0.0,0.0,0.0,0.0,2
14694,20,12380,0.0,0.0,0.0,0.0,0.0,0.0,2
14695,20,12379,0.0,0.0,0.0,0.0,0.0,0.0,2
14696,20,12378,0.0,0.0,0.0,0.0,0.0,0.0,2
14697,20,12377,0.0,0.0,0.0,0.0,0.0,0.0,2
14698,20,12376,0.0,0.0,0.0,0.0,0.0,0.0,2
14699,20,12329,0.0,0.0,0.0,0.0,0.0,0.0,2
14700,20,12374,0.0,0.0,0.0,0.0,0.0,0.0,2
14701,20,12373,0.0,0.0,0.0,0.0,0.0,0.0,2
14702,20,12372,0.0,0.0,0.0,0.0,0.0,0.0,2
14703,20,12371,0.0,0.0,0.0,0.0,0.0,0.0,2
14704,20,12370,0.0,0.0,0.0,0.0,0.0,0.0,2
14705,20,12369,0.0,0.0,0.0,0.0,0.0,0.0,2
14706,20,12368,0.0,0.0,0.0,0.0,0.0,0.0,2
14707,20,12367,0.0,0.0,0.0,0.0,0.0,0.0,2
14708,20,12366,0.0,0.0,0.0,0.0,0.0,0.0,2
14709,20,12365,0.0,0.0,0.0,0.0,0.0,0.0,2
14710,20,12364,0.0,0.0,0.0,0.0,0.0,0.0,2
14711,20,12363,0.0,0.0,0.0,0.0,0.0,0.0,2
14712,20,12362,0.0,0.0,0.0,0.0,0.0,0.0,2
14713,20,12361,0.0,0.0,0.0,0.0,0.0,0.0,2
14714,20,12281,0.0,0.0,0.0,0.0,0.0,0.0,2
14715,20,12296,0.0,0.0,0.0,0.0,0.0,0.0,2
14716,20,12295,0.0,0.0,0.0,0.0,0.0,0.0,2
14717,20,12294,0.0,0.0,0.0,0.0,0.0,0.0,2
14718,20,12293,0.0,0.0,0.0,0.0,0.0,0.0,2
14719,20,12292,0.0,0.0,0.0,0.0,0.0,0.0,2
14720,20,12291,0.0,0.0,0.0,0.0,0.0,0.0,2
14721,20,12290,0.0,0.0,0.0,0.0,0.0,0.0,2
14722,20,12289,0.0,0.0,0.0,0.0,0.0,0.0,2
14723,20,12288,0.0,0.0,0.0,0.0,0.0,0.0,2
14724,20,12287,0.0,0.0,0.0,0.0,0.0,0.0,2
14725,20,12286,0.0,0.0,0.0,0.0,0.0,0.0,2
14726,20,12285,0.0,0.0,0.0,0.0,0.0,0.0,2
14727,20,12284,0.0,0.0,0.0,0.0,0.0,0.0,2
14728,20,12283,0.0,0.0,0.0,0.0,0.0,0.0,2
14729,20,12282,0.0,0.0,0.0,0.0,0.0,0.0,2
14730,20,12297,0.0,0.0,0.0,0.0,0.0,0.0,2
14731,20,12280,0.0,0.0,0.0,0.0,0.0,0.0,2
14732,20,12279,0.0,0.0,0.0,0.0,0.0,0.0,2
14733,20,12278,0.0,0.0,0.0,0.0,0.0,0.0,2
14734,20,12277,0.0,0.0,0.0,0.0,0.0,0.0,2
14735,20,12276,0.0,0.0,0.0,0.0,0.0,0.0,2
14736,20,12275,0.0,0.0,0.0,0.0,0.0,0.0,2
14737,20,12274,0.0,0.0,0.0,0.0,0.0,0.0,2
14738,20,12273,0.0,0.0,0.0,0.0,0.0,0.0,2
14739,20,12272,0.0,0.0,0.0,0.0,0.0,0.0,2
14740,20,12271,0.0,0.0,0.0,0.0,0.0,0.0,2
14741,20,12270,0.0,0.0,0.0,0.0,0.0,0.0,2
14742,20,12269,0.0,0.0,0.0,0.0,0.0,0.0,2
14743,20,12268,0.0,0.0,0.0,0.0,0.0,0.0,2
14744,20,12267,0.0,0.0,0.0,0.0,0.0,0.0,2
14745,20,12312,0.0,0.0,0.0,0.0,0.0,0.0,2
14746,20,12328,0.0,0.0,0.0,0.0,0.0,0.0,2
14747,20,12327,0.0,0.0,0.0,0.0,0.0,0.0,2
14748,20,12326,0.0,0.0,0.0,0.0,0.0,0.0,2
14749,20,12325,0.0,0.0,0.0,0.0,0.0,0.0,2
14750,20,12324,0.0,0.0,0.0,0.0,0.0,0.0,2
14751,20,12323,0.0,0.0,0.0,0.0,0.0,0.0,2
14752,20,12322,0.0,0.0,0.0,0.0,0.0,0.0,2
14753,20,12320,0.0,0.0,0.0,0.0,0.0,0.0,2
14754,20,12319,0.0,0.0,0.0,0.0,0.0,0.0,2
14755,20,12318,0.0,0.0,0.0,0.0,0.0,0.0,2
14756,20,12317,0.0,0.0,0.0,0.0,0.0,0.0,2
14757,20,12316,0.0,0.0,0.0,0.0,0.0,0.0,2
14758,20,12315,0.0,0.0,0.0,0.0,0.0,0.0,2
14759,20,12314,0.0,0.0,0.0,0.0,0.0,0.0,2
14760,20,12141,0.0,0.0,0.0,0.0,0.0,0.0,2
14761,20,12311,0.0,0.0,0.0,0.0,0.0,0.0,2
14762,20,12310,0.0,0.0,0.0,0.0,0.0,0.0,2
14763,20,12309,0.0,0.0,0.0,0.0,0.0,0.0,2
14764,20,12308,0.0,0.0,0.0,0.0,0.0,0.0,2
14765,20,12307,0.0,0.0,0.0,0.0,0.0,0.0,2
14766,20,12306,0.0,0.0,0.0,0.0,0.0,0.0,2
14767,20,12305,0.0,0.0,0.0,0.0,0.0,0.0,2
14768,20,12304,0.0,0.0,0.0,0.0,0.0,0.0,2
14769,20,12303,0.0,0.0,0.0,0.0,0.0,0.0,2
14770,20,12302,0.0,0.0,0.0,0.0,0.0,0.0,2
14771,20,12301,0.0,0.0,0.0,0.0,0.0,0.0,2
14772,20,12300,0.0,0.0,0.0,0.0,0.0,0.0,2
14773,20,12299,0.0,0.0,0.0,0.0,0.0,0.0,2
14774,20,12298,0.0,0.0,0.0,0.0,0.0,0.0,2
14775,20,11970,0.0,0.0,0.0,0.0,0.0,0.0,2
14776,20,11985,0.0,0.0,0.0,0.0,0.0,0.0,2
14777,20,11984,0.0,0.0,0.0,0.0,0.0,0.0,2
14778,20,11983,0.0,0.0,0.0,0.0,0.0,0.0,2
14779,20,11982,0.0,0.0,0.0,0.0,0.0,0.0,2
14780,20,11981,0.0,0.0,0.0,0.0,0.0,0.0,2
14781,20,11980,0.0,0.0,0.0,0.0,0.0,0.0,2
14782,20,11979,0.0,0.0,0.0,0.0,0.0,0.0,2
14783,20,11978,0.0,0.0,0.0,0.0,0.0,0.0,2
14784,20,11977,0.0,0.0,0.0,0.0,0.0,0.0,2
14785,20,11976,0.0,0.0,0.0,0.0,0.0,0.0,2
14786,20,11975,0.0,0.0,0.0,0.0,0.0,0.0,2
14787,20,11974,0.0,0.0,0.0,0.0,0.0,0.0,2
14788,20,11973,0.0,0.0,0.0,0.0,0.0,0.0,2
14789,20,11972,0.0,0.0,0.0,0.0,0.0,0.0,2
14790,20,11971,0.0,0.0,0.0,0.0,0.0,0.0,2
14791,20,11986,0.0,0.0,0.0,0.0,0.0,0.0,2
14792,20,11969,0.0,0.0,0.0,0.0,0.0,0.0,2
14793,20,11968,0.0,0.0,0.0,0.0,0.0,0.0,2
14794,20,11967,0.0,0.0,0.0,0.0,0.0,0.0,2
14795,20,11966,0.0,0.0,0.0,0.0,0.0,0.0,2
14796,20,11965,0.0,0.0,0.0,0.0,0.0,0.0,2
14797,20,11964,0.0,0.0,0.0,0.0,0.0,0.0,2
14798,20,11963,0.0,0.0,0.0,0.0,0.0,0.0,2
14799,20,11962,0.0,0.0,0.0,0.0,0.0,0.0,2
14800,20,11961,0.0,0.0,0.0,0.0,0.0,0.0,2
14801,20,11960,0.0,0.0,0.0,0.0,0.0,0.0,2
14802,20,11959,0.0,0.0,0.0,0.0,0.0,0.0,2
14803,20,11958,0.0,0.0,0.0,0.0,0.0,0.0,2
14804,20,11957,0.0,0.0,0.0,0.0,0.0,0.0,2
14805,20,11956,0.0,0.0,0.0,0.0,0.0,0.0,2
14806,20,12003,0.0,0.0,0.0,0.0,0.0,0.0,2
14807,20,12018,0.0,0.0,0.0,0.0,0.0,0.0,2
14808,20,12017,0.0,0.0,0.0,0.0,0.0,0.0,2
14809,20,12016,0.0,0.0,0.0,0.0,0.0,0.0,2
14810,20,12015,0.0,0.0,0.0,0.0,0.0,0.0,2
14811,20,12014,0.0,0.0,0.0,0.0,0.0,0.0,2
14812,20,12013,0.0,0.0,0.0,0.0,0.0,0.0,2
14813,20,12012,0.0,0.0,0.0,0.0,0.0,0.0,2
14814,20,12011,0.0,0.0,0.0,0.0,0.0,0.0,2
14815,20,12010,0.0,0.0,0.0,0.0,0.0,0.0,2
14816,20,12009,0.0,0.0,0.0,0.0,0.0,0.0,2
14817,20,12008,0.0,0.0,0.0,0.0,0.0,0.0,2
14818,20,12007,0.0,0.0,0.0,0.0,0.0,0.0,2
14819,20,12006,0.0,0.0,0.0,0.0,0.0,0.0,2
14820,20,12005,0.0,0.0,0.0,0.0,0.0,0.0,2
14821,20,12004,0.0,0.0,0.0,0.0,0.0,0.0,2
14822,20,11955,0.0,0.0,0.0,0.0,0.0,0.0,2
14823,20,12001,0.0,0.0,0.0,0.0,0.0,0.0,2
14824,20,12000,0.0,0.0,0.0,0.0,0.0,0.0,2
14825,20,11999,0.0,0.0,0.0,0.0,0.0,0.0,2
14826,20,11998,0.0,0.0,0.0,0.0,0.0,0.0,2
14827,20,11997,0.0,0.0,0.0,0.0,0.0,0.0,2
14828,20,11996,0.0,0.0,0.0,0.0,0.0,0.0,2
14829,20,11995,0.0,0.0,0.0,0.0,0.0,0.0,2
14830,20,11994,0.0,0.0,0.0,0.0,0.0,0.0,2
14831,20,11993,0.0,0.0,0.0,0.0,0.0,0.0,2
14832,20,11991,0.0,0.0,0.0,0.0,0.0,0.0,2
14833,20,11990,0.0,0.0,0.0,0.0,0.0,0.0,2
14834,20,11989,0.0,0.0,0.0,0.0,0.0,0.0,2
14835,20,11988,0.0,0.0,0.0,0.0,0.0,0.0,2
14836,20,11987,0.0,0.0,0.0,0.0,0.0,0.0,2
14837,20,11909,0.0,0.0,0.0,0.0,0.0,0.0,2
14838,20,11924,0.0,0.0,0.0,0.0,0.0,0.0,2
14839,20,11923,0.0,0.0,0.0,0.0,0.0,0.0,2
14840,20,11922,0.0,0.0,0.0,0.0,0.0,0.0,2
14841,20,11921,0.0,0.0,0.0,0.0,0.0,0.0,2
14842,20,11920,0.0,0.0,0.0,0.0,0.0,0.0,2
14843,20,11919,0.0,0.0,0.0,0.0,0.0,0.0,2
14844,20,11918,0.0,0.0,0.0,0.0,0.0,0.0,2
14845,20,11917,0.0,0.0,0.0,0.0,0.0,0.0,2
14846,20,11916,0.0,0.0,0.0,0.0,0.0,0.0,2
14847,20,11915,0.0,0.0,0.0,0.0,0.0,0.0,2
14848,20,11914,0.0,0.0,0.0,0.0,0.0,0.0,2
14849,20,11913,0.0,0.0,0.0,0.0,0.0,0.0,2
14850,20,11912,0.0,0.0,0.0,0.0,0.0,0.0,2
14851,20,11911,0.0,0.0,0.0,0.0,0.0,0.0,2
14852,20,11910,0.0,0.0,0.0,0.0,0.0,0.0,2
14853,20,11925,0.0,0.0,0.0,0.0,0.0,0.0,2
14854,20,11908,0.0,0.0,0.0,0.0,0.0,0.0,2
14855,20,11907,0.0,0.0,0.0,0.0,0.0,0.0,2
14856,20,11905,0.0,0.0,0.0,0.0,0.0,0.0,2
14857,20,11904,0.0,0.0,0.0,0.0,0.0,0.0,2
14858,20,11903,0.0,0.0,0.0,0.0,0.0,0.0,2
14859,20,11902,0.0,0.0,0.0,0.0,0.0,0.0,2
14860,20,11901,0.0,0.0,0.0,0.0,0.0,0.0,2
14861,20,11900,0.0,0.0,0.0,0.0,0.0,0.0,2
14862,20,11899,0.0,0.0,0.0,0.0,0.0,0.0,2
14863,20,11898,0.0,0.0,0.0,0.0,0.0,0.0,2
14864,20,11897,0.0,0.0,0.0,0.0,0.0,0.0,2
14865,20,11896,0.0,0.0,0.0,0.0,0.0,0.0,2
14866,20,11895,0.0,0.0,0.0,0.0,0.0,0.0,2
14867,20,11894,0.0,0.0,0.0,0.0,0.0,0.0,2
14868,20,11940,0.0,0.0,0.0,0.0,0.0,0.0,2
14869,20,11954,0.0,0.0,0.0,0.0,0.0,0.0,2
14870,20,11953,0.0,0.0,0.0,0.0,0.0,0.0,2
14871,20,11952,0.0,0.0,0.0,0.0,0.0,0.0,2
14872,20,11951,0.0,0.0,0.0,0.0,0.0,0.0,2
14873,20,11950,0.0,0.0,0.0,0.0,0.0,0.0,2
14874,20,11949,0.0,0.0,0.0,0.0,0.0,0.0,2
14875,20,11948,0.0,0.0,0.0,0.0,0.0,0.0,2
14876,20,11947,0.0,0.0,0.0,0.0,0.0,0.0,2
14877,20,11946,0.0,0.0,0.0,0.0,0.0,0.0,2
14878,20,11945,0.0,0.0,0.0,0.0,0.0,0.0,2
14879,20,11944,0.0,0.0,0.0,0.0,0.0,0.0,2
14880,20,11943,0.0,0.0,0.0,0.0,0.0,0.0,2
14881,20,11942,0.0,0.0,0.0,0.0,0.0,0.0,2
14882,20,11941,0.0,0.0,0.0,0.0,0.0,0.0,2
14883,20,12019,0.0,0.0,0.0,0.0,0.0,0.0,2
14884,20,11939,0.0,0.0,0.0,0.0,0.0,0.0,2
14885,20,11938,0.0,0.0,0.0,0.0,0.0,0.0,2
14886,20,11937,0.0,0.0,0.0,0.0,0.0,0.0,2
14887,20,11936,0.0,0.0,0.0,0.0,0.0,0.0,2
14888,20,11935,0.0,0.0,0.0,0.0,0.0,0.0,2
14889,20,11934,0.0,0.0,0.0,0.0,0.0,0.0,2
14890,20,11933,0.0,0.0,0.0,0.0,0.0,0.0,2
14891,20,11932,0.0,0.0,0.0,0.0,0.0,0.0,2
14892,20,11931,0.0,0.0,0.0,0.0,0.0,0.0,2
14893,20,11930,0.0,0.0,0.0,0.0,0.0,0.0,2
14894,20,11929,0.0,0.0,0.0,0.0,0.0,0.0,2
14895,20,11928,0.0,0.0,0.0,0.0,0.0,0.0,2
14896,20,11927,0.0,0.0,0.0,0.0,0.0,0.0,2
14897,20,11926,0.0,0.0,0.0,0.0,0.0,0.0,2
14898,20,12095,0.0,0.0,0.0,0.0,0.0,0.0,2
14899,20,12110,0.0,0.0,0.0,0.0,0.0,0.0,2
14900,20,12109,0.0,0.0,0.0,0.0,0.0,0.0,2
14901,20,12108,0.0,0.0,0.0,0.0,0.0,0.0,2
14902,20,12107,0.0,0.0,0.0,0.0,0.0,0.0,2
14903,20,12106,0.0,0.0,0.0,0.0,0.0,0.0,2
14904,20,12105,0.0,0.0,0.0,0.0,0.0,0.0,2
14905,20,12104,0.0,0.0,0.0,0.0,0.0,0.0,2
14906,20,12103,0.0,0.0,0.0,0.0,0.0,0.0,2
14907,20,12102,0.0,0.0,0.0,0.0,0.0,0.0,2
14908,20,12101,0.0,0.0,0.0,0.0,0.0,0.0,2
14909,20,12100,0.0,0.0,0.0,0.0,0.0,0.0,2
14910,20,12099,0.0,0.0,0.0,0.0,0.0,0.0,2
14911,20,12098,0.0,0.0,0.0,0.0,0.0,0.0,2
14912,20,12097,0.0,0.0,0.0,0.0,0.0,0.0,2
14913,20,12096,0.0,0.0,0.0,0.0,0.0,0.0,2
14914,20,12111,0.0,0.0,0.0,0.0,0.0,0.0,2
14915,20,12094,0.0,0.0,0.0,0.0,0.0,0.0,2
14916,20,12093,0.0,0.0,0.0,0.0,0.0,0.0,2
14917,20,12092,0.0,0.0,0.0,0.0,0.0,0.0,2
14918,20,12091,0.0,0.0,0.0,0.0,0.0,0.0,2
14919,20,12090,0.0,0.0,0.0,0.0,0.0,0.0,2
14920,20,12089,0.0,0.0,0.0,0.0,0.0,0.0,2
14921,20,12088,0.0,0.0,0.0,0.0,0.0,0.0,2
14922,20,12087,0.0,0.0,0.0,0.0,0.0,0.0,2
14923,20,12086,0.0,0.0,0.0,0.0,0.0,0.0,2
14924,20,12085,0.0,0.0,0.0,0.0,0.0,0.0,2
14925,20,12084,0.0,0.0,0.0,0.0,0.0,0.0,2
14926,20,12083,0.0,0.0,0.0,0.0,0.0,0.0,2
14927,20,12082,0.0,0.0,0.0,0.0,0.0,0.0,2
14928,20,12081,0.0,0.0,0.0,0.0,0.0,0.0,2
14929,20,12126,0.0,0.0,0.0,0.0,0.0,0.0,2
14930,20,12140,0.0,0.0,0.0,0.0,0.0,0.0,2
14931,20,12139,0.0,0.0,0.0,0.0,0.0,0.0,2
14932,20,12138,0.0,0.0,0.0,0.0,0.0,0.0,2
14933,20,12137,0.0,0.0,0.0,0.0,0.0,0.0,2
14934,20,12136,0.0,0.0,0.0,0.0,0.0,0.0,2
14935,20,12135,0.0,0.0,0.0,0.0,0.0,0.0,2
14936,20,12134,0.0,0.0,0.0,0.0,0.0,0.0,2
14937,20,12133,0.0,0.0,0.0,0.0,0.0,0.0,2
14938,20,12132,0.0,0.0,0.0,0.0,0.0,0.0,2
14939,20,12131,0.0,0.0,0.0,0.0,0.0,0.0,2
14940,20,12130,0.0,0.0,0.0,0.0,0.0,0.0,2
14941,20,12129,0.0,0.0,0.0,0.0,0.0,0.0,2
14942,20,12128,0.0,0.0,0.0,0.0,0.0,0.0,2
14943,20,12127,0.0,0.0,0.0,0.0,0.0,0.0,2
14944,20,12080,0.0,0.0,0.0,0.0,0.0,0.0,2
14945,20,12125,0.0,0.0,0.0,0.0,0.0,0.0,2
14946,20,12124,0.0,0.0,0.0,0.0,0.0,0.0,2
14947,20,12123,0.0,0.0,0.0,0.0,0.0,0.0,2
14948,20,12122,0.0,0.0,0.0,0.0,0.0,0.0,2
14949,20,12121,0.0,0.0,0.0,0.0,0.0,0.0,2
14950,20,12120,0.0,0.0,0.0,0.0,0.0,0.0,2
14951,20,12119,0.0,0.0,0.0,0.0,0.0,0.0,2
14952,20,12118,0.0,0.0,0.0,0.0,0.0,0.0,2
14953,20,12117,0.0,0.0,0.0,0.0,0.0,0.0,2
14954,20,12116,0.0,0.0,0.0,0.0,0.0,0.0,2
14955,20,12115,0.0,0.0,0.0,0.0,0.0,0.0,2
14956,20,12114,0.0,0.0,0.0,0.0,0.0,0.0,2
14957,20,12113,0.0,0.0,0.0,0.0,0.0,0.0,2
14958,20,12112,0.0,0.0,0.0,0.0,0.0,0.0,2
14959,20,12034,0.0,0.0,0.0,0.0,0.0,0.0,2
14960,20,12049,0.0,0.0,0.0,0.0,0.0,0.0,2
14961,20,12048,0.0,0.0,0.0,0.0,0.0,0.0,2
14962,20,12047,0.0,0.0,0.0,0.0,0.0,0.0,2
14963,20,12046,0.0,0.0,0.0,0.0,0.0,0.0,2
14964,20,12045,0.0,0.0,0.0,0.0,0.0,0.0,2
14965,20,12044,0.0,0.0,0.0,0.0,0.0,0.0,2
14966,20,12043,0.0,0.0,0.0,0.0,0.0,0.0,2
14967,20,12042,0.0,0.0,0.0,0.0,0.0,0.0,2
14968,20,12041,0.0,0.0,0.0,0.0,0.0,0.0,2
14969,20,12040,0.0,0.0,0.0,0.0,0.0,0.0,2
14970,20,12039,0.0,0.0,0.0,0.0,0.0,0.0,2
14971,20,12038,0.0,0.0,0.0,0.0,0.0,0.0,2
14972,20,12037,0.0,0.0,0.0,0.0,0.0,0.0,2
14973,20,12036,0.0,0.0,0.0,0.0,0.0,0.0,2
14974,20,12035,0.0,0.0,0.0,0.0,0.0,0.0,2
14975,20,12050,0.0,0.0,0.0,0.0,0.0,0.0,2
14976,20,12033,0.0,0.0,0.0,0.0,0.0,0.0,2
14977,20,12032,0.0,0.0,0.0,0.0,0.0,0.0,2
14978,20,12031,0.0,0.0,0.0,0.0,0.0,0.0,2
14979,20,12030,0.0,0.0,0.0,0.0,0.0,0.0,2
14980,20,12029,0.0,0.0,0.0,0.0,0.0,0.0,2
14981,20,12028,0.0,0.0,0.0,0.0,0.0,0.0,2
14982,20,12027,0.0,0.0,0.0,0.0,0.0,0.0,2
14983,20,12026,0.0,0.0,0.0,0.0,0.0,0.0,2
14984,20,12025,0.0,0.0,0.0,0.0,0.0,0.0,2
14985,20,12024,0.0,0.0,0.0,0.0,0.0,0.0,2
14986,20,12023,0.0,0.0,0.0,0.0,0.0,0.0,2
14987,20,12022,0.0,0.0,0.0,0.0,0.0,0.0,2
14988,20,12021,0.0,0.0,0.0,0.0,0.0,0.0,2
14989,20,12020,0.0,0.0,0.0,0.0,0.0,0.0,2
14990,20,12065,0.0,0.0,0.0,0.0,0.0,0.0,2
14991,20,12079,0.0,0.0,0.0,0.0,0.0,0.0,2
14992,20,12078,0.0,0.0,0.0,0.0,0.0,0.0,2
14993,20,12077,0.0,0.0,0.0,0.0,0.0,0.0,2
14994,20,12076,0.0,0.0,0.0,0.0,0.0,0.0,2
14995,20,12075,0.0,0.0,0.0,0.0,0.0,0.0,2
14996,20,12074,0.0,0.0,0.0,0.0,0.0,0.0,2
14997,20,12073,0.0,0.0,0.0,0.0,0.0,0.0,2
14998,20,12072,0.0,0.0,0.0,0.0,0.0,0.0,2
14999,20,12071,0.0,0.0,0.0,0.0,0.0,0.0,2
15000,20,12070,0.0,0.0,0.0,0.0,0.0,0.0,2
15001,20,12069,0.0,0.0,0.0,0.0,0.0,0.0,2
15002,20,12068,0.0,0.0,0.0,0.0,0.0,0.0,2
15003,20,12067,0.0,0.0,0.0,0.0,0.0,0.0,2
15004,20,12066,0.0,0.0,0.0,0.0,0.0,0.0,2
15005,20,11387,0.0,0.0,0.0,0.0,0.0,0.0,2
15006,20,12064,0.0,0.0,0.0,0.0,0.0,0.0,2
15007,20,12063,0.0,0.0,0.0,0.0,0.0,0.0,2
15008,20,12062,0.0,0.0,0.0,0.0,0.0,0.0,2
15009,20,12061,0.0,0.0,0.0,0.0,0.0,0.0,2
15010,20,12060,0.0,0.0,0.0,0.0,0.0,0.0,2
15011,20,12059,0.0,0.0,0.0,0.0,0.0,0.0,2
15012,20,12058,0.0,0.0,0.0,0.0,0.0,0.0,2
15013,20,12057,0.0,0.0,0.0,0.0,0.0,0.0,2
15014,20,12056,0.0,0.0,0.0,0.0,0.0,0.0,2
15015,20,12055,0.0,0.0,0.0,0.0,0.0,0.0,2
15016,20,12054,0.0,0.0,0.0,0.0,0.0,0.0,2
15017,20,12053,0.0,0.0,0.0,0.0,0.0,0.0,2
15018,20,12052,0.0,0.0,0.0,0.0,0.0,0.0,2
15019,20,12051,0.0,0.0,0.0,0.0,0.0,0.0,2
15020,20,10718,0.0,0.0,0.0,0.0,0.0,0.0,2
15021,20,10733,0.0,0.0,0.0,0.0,0.0,0.0,2
15022,20,10732,0.0,0.0,0.0,0.0,0.0,0.0,2
15023,20,10731,0.0,0.0,0.0,0.0,0.0,0.0,2
15024,20,10730,0.0,0.0,0.0,0.0,0.0,0.0,2
15025,20,10729,0.0,0.0,0.0,0.0,0.0,0.0,2
15026,20,10728,0.0,0.0,0.0,0.0,0.0,0.0,2
15027,20,10727,0.0,0.0,0.0,0.0,0.0,0.0,2
15028,20,10726,0.0,0.0,0.0,0.0,0.0,0.0,2
15029,20,10725,0.0,0.0,0.0,0.0,0.0,0.0,2
15030,20,10724,0.0,0.0,0.0,0.0,0.0,0.0,2
15031,20,10723,0.0,0.0,0.0,0.0,0.0,0.0,2
15032,20,10722,0.0,0.0,0.0,0.0,0.0,0.0,2
15033,20,10721,0.0,0.0,0.0,0.0,0.0,0.0,2
15034,20,10720,0.0,0.0,0.0,0.0,0.0,0.0,2
15035,20,10719,0.0,0.0,0.0,0.0,0.0,0.0,2
15036,20,10734,0.0,0.0,0.0,0.0,0.0,0.0,2
15037,20,10717,0.0,0.0,0.0,0.0,0.0,0.0,2
15038,20,10716,0.0,0.0,0.0,0.0,0.0,0.0,2
15039,20,10715,0.0,0.0,0.0,0.0,0.0,0.0,2
15040,20,10714,0.0,0.0,0.0,0.0,0.0,0.0,2
15041,20,10713,0.0,0.0,0.0,0.0,0.0,0.0,2
15042,20,10712,0.0,0.0,0.0,0.0,0.0,0.0,2
15043,20,10711,0.0,0.0,0.0,0.0,0.0,0.0,2
15044,20,10710,0.0,0.0,0.0,0.0,0.0,0.0,2
15045,20,10709,0.0,0.0,0.0,0.0,0.0,0.0,2
15046,20,10708,0.0,0.0,0.0,0.0,0.0,0.0,2
15047,20,10707,0.0,0.0,0.0,0.0,0.0,0.0,2
15048,20,10706,0.0,0.0,0.0,0.0,0.0,0.0,2
15049,20,10705,0.0,0.0,0.0,0.0,0.0,0.0,2
15050,20,10704,0.0,0.0,0.0,0.0,0.0,0.0,2
15051,20,10749,0.0,0.0,0.0,0.0,0.0,0.0,2
15052,20,10764,0.0,0.0,0.0,0.0,0.0,0.0,2
15053,20,10763,0.0,0.0,0.0,0.0,0.0,0.0,2
15054,20,10762,0.0,0.0,0.0,0.0,0.0,0.0,2
15055,20,10761,0.0,0.0,0.0,0.0,0.0,0.0,2
15056,20,10760,0.0,0.0,0.0,0.0,0.0,0.0,2
15057,20,10759,0.0,0.0,0.0,0.0,0.0,0.0,2
15058,20,10758,0.0,0.0,0.0,0.0,0.0,0.0,2
15059,20,10757,0.0,0.0,0.0,0.0,0.0,0.0,2
15060,20,10756,0.0,0.0,0.0,0.0,0.0,0.0,2
15061,20,10755,0.0,0.0,0.0,0.0,0.0,0.0,2
15062,20,10754,0.0,0.0,0.0,0.0,0.0,0.0,2
15063,20,10753,0.0,0.0,0.0,0.0,0.0,0.0,2
15064,20,10752,0.0,0.0,0.0,0.0,0.0,0.0,2
15065,20,10751,0.0,0.0,0.0,0.0,0.0,0.0,2
15066,20,10750,0.0,0.0,0.0,0.0,0.0,0.0,2
15067,20,10703,0.0,0.0,0.0,0.0,0.0,0.0,2
15068,20,10748,0.0,0.0,0.0,0.0,0.0,0.0,2
15069,20,10747,0.0,0.0,0.0,0.0,0.0,0.0,2
15070,20,10746,0.0,0.0,0.0,0.0,0.0,0.0,2
15071,20,10745,0.0,0.0,0.0,0.0,0.0,0.0,2
15072,20,10744,0.0,0.0,0.0,0.0,0.0,0.0,2
15073,20,10743,0.0,0.0,0.0,0.0,0.0,0.0,2
15074,20,10742,0.0,0.0,0.0,0.0,0.0,0.0,2
15075,20,10741,0.0,0.0,0.0,0.0,0.0,0.0,2
15076,20,10740,0.0,0.0,0.0,0.0,0.0,0.0,2
15077,20,10739,0.0,0.0,0.0,0.0,0.0,0.0,2
15078,20,10738,0.0,0.0,0.0,0.0,0.0,0.0,2
15079,20,10737,0.0,0.0,0.0,0.0,0.0,0.0,2
15080,20,10736,0.0,0.0,0.0,0.0,0.0,0.0,2
15081,20,10735,0.0,0.0,0.0,0.0,0.0,0.0,2
15082,20,10656,0.0,0.0,0.0,0.0,0.0,0.0,2
15083,20,10671,0.0,0.0,0.0,0.0,0.0,0.0,2
15084,20,10670,0.0,0.0,0.0,0.0,0.0,0.0,2
15085,20,10669,0.0,0.0,0.0,0.0,0.0,0.0,2
15086,20,10668,0.0,0.0,0.0,0.0,0.0,0.0,2
15087,20,10667,0.0,0.0,0.0,0.0,0.0,0.0,2
15088,20,10666,0.0,0.0,0.0,0.0,0.0,0.0,2
15089,20,10665,0.0,0.0,0.0,0.0,0.0,0.0,2
15090,20,10664,0.0,0.0,0.0,0.0,0.0,0.0,2
15091,20,10663,0.0,0.0,0.0,0.0,0.0,0.0,2
15092,20,10662,0.0,0.0,0.0,0.0,0.0,0.0,2
15093,20,10661,0.0,0.0,0.0,0.0,0.0,0.0,2
15094,20,10660,0.0,0.0,0.0,0.0,0.0,0.0,2
15095,20,10659,0.0,0.0,0.0,0.0,0.0,0.0,2
15096,20,10658,0.0,0.0,0.0,0.0,0.0,0.0,2
15097,20,10657,0.0,0.0,0.0,0.0,0.0,0.0,2
15098,20,10673,0.0,0.0,0.0,0.0,0.0,0.0,2
15099,20,10655,0.0,0.0,0.0,0.0,0.0,0.0,2
15100,20,10654,0.0,0.0,0.0,0.0,0.0,0.0,2
15101,20,10653,0.0,0.0,0.0,0.0,0.0,0.0,2
15102,20,10651,0.0,0.0,0.0,0.0,0.0,0.0,2
15103,20,10650,0.0,0.0,0.0,0.0,0.0,0.0,2
15104,20,10649,0.0,0.0,0.0,0.0,0.0,0.0,2
15105,20,10648,0.0,0.0,0.0,0.0,0.0,0.0,2
15106,20,10647,0.0,0.0,0.0,0.0,0.0,0.0,2
15107,20,10646,0.0,0.0,0.0,0.0,0.0,0.0,2
15108,20,10645,0.0,0.0,0.0,0.0,0.0,0.0,2
15109,20,10644,0.0,0.0,0.0,0.0,0.0,0.0,2
15110,20,10643,0.0,0.0,0.0,0.0,0.0,0.0,2
15111,20,10642,0.0,0.0,0.0,0.0,0.0,0.0,2
15112,20,10641,0.0,0.0,0.0,0.0,0.0,0.0,2
15113,20,10688,0.0,0.0,0.0,0.0,0.0,0.0,2
15114,20,10702,0.0,0.0,0.0,0.0,0.0,0.0,2
15115,20,10701,0.0,0.0,0.0,0.0,0.0,0.0,2
15116,20,10700,0.0,0.0,0.0,0.0,0.0,0.0,2
15117,20,10699,0.0,0.0,0.0,0.0,0.0,0.0,2
15118,20,10698,0.0,0.0,0.0,0.0,0.0,0.0,2
15119,20,10697,0.0,0.0,0.0,0.0,0.0,0.0,2
15120,20,10696,0.0,0.0,0.0,0.0,0.0,0.0,2
15121,20,10695,0.0,0.0,0.0,0.0,0.0,0.0,2
15122,20,10694,0.0,0.0,0.0,0.0,0.0,0.0,2
15123,20,10693,0.0,0.0,0.0,0.0,0.0,0.0,2
15124,20,10692,0.0,0.0,0.0,0.0,0.0,0.0,2
15125,20,10691,0.0,0.0,0.0,0.0,0.0,0.0,2
15126,20,10690,0.0,0.0,0.0,0.0,0.0,0.0,2
15127,20,10689,0.0,0.0,0.0,0.0,0.0,0.0,2
15128,20,10765,0.0,0.0,0.0,0.0,0.0,0.0,2
15129,20,10687,0.0,0.0,0.0,0.0,0.0,0.0,2
15130,20,10686,0.0,0.0,0.0,0.0,0.0,0.0,2
15131,20,10685,0.0,0.0,0.0,0.0,0.0,0.0,2
15132,20,10684,0.0,0.0,0.0,0.0,0.0,0.0,2
15133,20,10683,0.0,0.0,0.0,0.0,0.0,0.0,2
15134,20,10682,0.0,0.0,0.0,0.0,0.0,0.0,2
15135,20,10681,0.0,0.0,0.0,0.0,0.0,0.0,2
15136,20,10680,0.0,0.0,0.0,0.0,0.0,0.0,2
15137,20,10679,0.0,0.0,0.0,0.0,0.0,0.0,2
15138,20,10678,0.0,0.0,0.0,0.0,0.0,0.0,2
15139,20,10677,0.0,0.0,0.0,0.0,0.0,0.0,2
15140,20,10676,0.0,0.0,0.0,0.0,0.0,0.0,2
15141,20,10675,0.0,0.0,0.0,0.0,0.0,0.0,2
15142,20,10674,0.0,0.0,0.0,0.0,0.0,0.0,2
15143,20,10842,0.0,0.0,0.0,0.0,0.0,0.0,2
15144,20,10857,0.0,0.0,0.0,0.0,0.0,0.0,2
15145,20,10856,0.0,0.0,0.0,0.0,0.0,0.0,2
15146,20,10855,0.0,0.0,0.0,0.0,0.0,0.0,2
15147,20,10854,0.0,0.0,0.0,0.0,0.0,0.0,2
15148,20,10853,0.0,0.0,0.0,0.0,0.0,0.0,2
15149,20,10852,0.0,0.0,0.0,0.0,0.0,0.0,2
15150,20,10851,0.0,0.0,0.0,0.0,0.0,0.0,2
15151,20,10850,0.0,0.0,0.0,0.0,0.0,0.0,2
15152,20,10849,0.0,0.0,0.0,0.0,0.0,0.0,2
15153,20,10848,0.0,0.0,0.0,0.0,0.0,0.0,2
15154,20,10847,0.0,0.0,0.0,0.0,0.0,0.0,2
15155,20,10846,0.0,0.0,0.0,0.0,0.0,0.0,2
15156,20,10845,0.0,0.0,0.0,0.0,0.0,0.0,2
15157,20,10844,0.0,0.0,0.0,0.0,0.0,0.0,2
15158,20,10843,0.0,0.0,0.0,0.0,0.0,0.0,2
15159,20,10858,0.0,0.0,0.0,0.0,0.0,0.0,2
15160,20,10841,0.0,0.0,0.0,0.0,0.0,0.0,2
15161,20,10840,0.0,0.0,0.0,0.0,0.0,0.0,2
15162,20,10839,0.0,0.0,0.0,0.0,0.0,0.0,2
15163,20,10838,0.0,0.0,0.0,0.0,0.0,0.0,2
15164,20,10837,0.0,0.0,0.0,0.0,0.0,0.0,2
15165,20,10836,0.0,0.0,0.0,0.0,0.0,0.0,2
15166,20,10835,0.0,0.0,0.0,0.0,0.0,0.0,2
15167,20,10834,0.0,0.0,0.0,0.0,0.0,0.0,2
15168,20,10833,0.0,0.0,0.0,0.0,0.0,0.0,2
15169,20,10832,0.0,0.0,0.0,0.0,0.0,0.0,2
15170,20,10831,0.0,0.0,0.0,0.0,0.0,0.0,2
15171,20,10830,0.0,0.0,0.0,0.0,0.0,0.0,2
15172,20,10829,0.0,0.0,0.0,0.0,0.0,0.0,2
15173,20,10828,0.0,0.0,0.0,0.0,0.0,0.0,2
15174,20,10874,0.0,0.0,0.0,0.0,0.0,0.0,2
15175,20,10888,0.0,0.0,0.0,0.0,0.0,0.0,2
15176,20,10887,0.0,0.0,0.0,0.0,0.0,0.0,2
15177,20,10886,0.0,0.0,0.0,0.0,0.0,0.0,2
15178,20,10885,0.0,0.0,0.0,0.0,0.0,0.0,2
15179,20,10884,0.0,0.0,0.0,0.0,0.0,0.0,2
15180,20,10883,0.0,0.0,0.0,0.0,0.0,0.0,2
15181,20,10882,0.0,0.0,0.0,0.0,0.0,0.0,2
15182,20,10881,0.0,0.0,0.0,0.0,0.0,0.0,2
15183,20,10880,0.0,0.0,0.0,0.0,0.0,0.0,2
15184,20,10879,0.0,0.0,0.0,0.0,0.0,0.0,2
15185,20,10878,0.0,0.0,0.0,0.0,0.0,0.0,2
15186,20,10877,0.0,0.0,0.0,0.0,0.0,0.0,2
15187,20,10876,0.0,0.0,0.0,0.0,0.0,0.0,2
15188,20,10875,0.0,0.0,0.0,0.0,0.0,0.0,2
15189,20,10827,0.0,0.0,0.0,0.0,0.0,0.0,2
15190,20,10873,0.0,0.0,0.0,0.0,0.0,0.0,2
15191,20,10872,0.0,0.0,0.0,0.0,0.0,0.0,2
15192,20,10871,0.0,0.0,0.0,0.0,0.0,0.0,2
15193,20,10870,0.0,0.0,0.0,0.0,0.0,0.0,2
15194,20,10869,0.0,0.0,0.0,0.0,0.0,0.0,2
15195,20,10868,0.0,0.0,0.0,0.0,0.0,0.0,2
15196,20,10867,0.0,0.0,0.0,0.0,0.0,0.0,2
15197,20,10866,0.0,0.0,0.0,0.0,0.0,0.0,2
15198,20,10865,0.0,0.0,0.0,0.0,0.0,0.0,2
15199,20,10864,0.0,0.0,0.0,0.0,0.0,0.0,2
15200,20,10863,0.0,0.0,0.0,0.0,0.0,0.0,2
15201,20,10862,0.0,0.0,0.0,0.0,0.0,0.0,2
15202,20,10861,0.0,0.0,0.0,0.0,0.0,0.0,2
15203,20,10859,0.0,0.0,0.0,0.0,0.0,0.0,2
15204,20,10780,0.0,0.0,0.0,0.0,0.0,0.0,2
15205,20,10795,0.0,0.0,0.0,0.0,0.0,0.0,2
15206,20,10794,0.0,0.0,0.0,0.0,0.0,0.0,2
15207,20,10793,0.0,0.0,0.0,0.0,0.0,0.0,2
15208,20,10792,0.0,0.0,0.0,0.0,0.0,0.0,2
15209,20,10791,0.0,0.0,0.0,0.0,0.0,0.0,2
15210,20,10790,0.0,0.0,0.0,0.0,0.0,0.0,2
15211,20,10789,0.0,0.0,0.0,0.0,0.0,0.0,2
15212,20,10788,0.0,0.0,0.0,0.0,0.0,0.0,2
15213,20,10787,0.0,0.0,0.0,0.0,0.0,0.0,2
15214,20,10786,0.0,0.0,0.0,0.0,0.0,0.0,2
15215,20,10785,0.0,0.0,0.0,0.0,0.0,0.0,2
15216,20,10784,0.0,0.0,0.0,0.0,0.0,0.0,2
15217,20,10783,0.0,0.0,0.0,0.0,0.0,0.0,2
15218,20,10782,0.0,0.0,0.0,0.0,0.0,0.0,2
15219,20,10781,0.0,0.0,0.0,0.0,0.0,0.0,2
15220,20,10796,0.0,0.0,0.0,0.0,0.0,0.0,2
15221,20,10779,0.0,0.0,0.0,0.0,0.0,0.0,2
15222,20,10778,0.0,0.0,0.0,0.0,0.0,0.0,2
15223,20,10777,0.0,0.0,0.0,0.0,0.0,0.0,2
15224,20,10776,0.0,0.0,0.0,0.0,0.0,0.0,2
15225,20,10775,0.0,0.0,0.0,0.0,0.0,0.0,2
15226,20,10774,0.0,0.0,0.0,0.0,0.0,0.0,2
15227,20,10773,0.0,0.0,0.0,0.0,0.0,0.0,2
15228,20,10772,0.0,0.0,0.0,0.0,0.0,0.0,2
15229,20,10771,0.0,0.0,0.0,0.0,0.0,0.0,2
15230,20,10770,0.0,0.0,0.0,0.0,0.0,0.0,2
15231,20,10769,0.0,0.0,0.0,0.0,0.0,0.0,2
15232,20,10768,0.0,0.0,0.0,0.0,0.0,0.0,2
15233,20,10767,0.0,0.0,0.0,0.0,0.0,0.0,2
15234,20,10766,0.0,0.0,0.0,0.0,0.0,0.0,2
15235,20,10811,0.0,0.0,0.0,0.0,0.0,0.0,2
15236,20,10826,0.0,0.0,0.0,0.0,0.0,0.0,2
15237,20,10825,0.0,0.0,0.0,0.0,0.0,0.0,2
15238,20,10824,0.0,0.0,0.0,0.0,0.0,0.0,2
15239,20,10823,0.0,0.0,0.0,0.0,0.0,0.0,2
15240,20,10822,0.0,0.0,0.0,0.0,0.0,0.0,2
15241,20,10821,0.0,0.0,0.0,0.0,0.0,0.0,2
15242,20,10820,0.0,0.0,0.0,0.0,0.0,0.0,2
15243,20,10819,0.0,0.0,0.0,0.0,0.0,0.0,2
15244,20,10818,0.0,0.0,0.0,0.0,0.0,0.0,2
15245,20,10817,0.0,0.0,0.0,0.0,0.0,0.0,2
15246,20,10816,0.0,0.0,0.0,0.0,0.0,0.0,2
15247,20,10814,0.0,0.0,0.0,0.0,0.0,0.0,2
15248,20,10813,0.0,0.0,0.0,0.0,0.0,0.0,2
15249,20,10812,0.0,0.0,0.0,0.0,0.0,0.0,2
15250,20,10640,0.0,0.0,0.0,0.0,0.0,0.0,2
15251,20,10810,0.0,0.0,0.0,0.0,0.0,0.0,2
15252,20,10809,0.0,0.0,0.0,0.0,0.0,0.0,2
15253,20,10808,0.0,0.0,0.0,0.0,0.0,0.0,2
15254,20,10807,0.0,0.0,0.0,0.0,0.0,0.0,2
15255,20,10806,0.0,0.0,0.0,0.0,0.0,0.0,2
15256,20,10805,0.0,0.0,0.0,0.0,0.0,0.0,2
15257,20,10804,0.0,0.0,0.0,0.0,0.0,0.0,2
15258,20,10803,0.0,0.0,0.0,0.0,0.0,0.0,2
15259,20,10802,0.0,0.0,0.0,0.0,0.0,0.0,2
15260,20,10801,0.0,0.0,0.0,0.0,0.0,0.0,2
15261,20,10800,0.0,0.0,0.0,0.0,0.0,0.0,2
15262,20,10799,0.0,0.0,0.0,0.0,0.0,0.0,2
15263,20,10798,0.0,0.0,0.0,0.0,0.0,0.0,2
15264,20,10797,0.0,0.0,0.0,0.0,0.0,0.0,2
15265,20,10467,0.0,0.0,0.0,0.0,0.0,0.0,2
15266,20,10483,0.0,0.0,0.0,0.0,0.0,0.0,2
15267,20,10482,0.0,0.0,0.0,0.0,0.0,0.0,2
15268,20,10481,0.0,0.0,0.0,0.0,0.0,0.0,2
15269,20,10480,0.0,0.0,0.0,0.0,0.0,0.0,2
15270,20,10479,0.0,0.0,0.0,0.0,0.0,0.0,2
15271,20,10477,0.0,0.0,0.0,0.0,0.0,0.0,2
15272,20,10476,0.0,0.0,0.0,0.0,0.0,0.0,2
15273,20,10475,0.0,0.0,0.0,0.0,0.0,0.0,2
15274,20,10474,0.0,0.0,0.0,0.0,0.0,0.0,2
15275,20,10473,0.0,0.0,0.0,0.0,0.0,0.0,2
15276,20,10472,0.0,0.0,0.0,0.0,0.0,0.0,2
15277,20,10471,0.0,0.0,0.0,0.0,0.0,0.0,2
15278,20,10470,0.0,0.0,0.0,0.0,0.0,0.0,2
15279,20,10469,0.0,0.0,0.0,0.0,0.0,0.0,2
15280,20,10468,0.0,0.0,0.0,0.0,0.0,0.0,2
15281,20,10484,0.0,0.0,0.0,0.0,0.0,0.0,2
15282,20,10466,0.0,0.0,0.0,0.0,0.0,0.0,2
15283,20,10465,0.0,0.0,0.0,0.0,0.0,0.0,2
15284,20,10464,0.0,0.0,0.0,0.0,0.0,0.0,2
15285,20,10463,0.0,0.0,0.0,0.0,0.0,0.0,2
15286,20,10462,0.0,0.0,0.0,0.0,0.0,0.0,2
15287,20,10460,0.0,0.0,0.0,0.0,0.0,0.0,2
15288,20,10459,0.0,0.0,0.0,0.0,0.0,0.0,2
15289,20,10458,0.0,0.0,0.0,0.0,0.0,0.0,2
15290,20,10457,0.0,0.0,0.0,0.0,0.0,0.0,2
15291,20,10456,0.0,0.0,0.0,0.0,0.0,0.0,2
15292,20,10455,0.0,0.0,0.0,0.0,0.0,0.0,2
15293,20,10454,0.0,0.0,0.0,0.0,0.0,0.0,2
15294,20,10453,0.0,0.0,0.0,0.0,0.0,0.0,2
15295,20,10452,0.0,0.0,0.0,0.0,0.0,0.0,2
15296,20,10499,0.0,0.0,0.0,0.0,0.0,0.0,2
15297,20,10515,0.0,0.0,0.0,0.0,0.0,0.0,2
15298,20,10513,0.0,0.0,0.0,0.0,0.0,0.0,2
15299,20,10512,0.0,0.0,0.0,0.0,0.0,0.0,2
15300,20,10511,0.0,0.0,0.0,0.0,0.0,0.0,2
15301,20,10510,0.0,0.0,0.0,0.0,0.0,0.0,2
15302,20,10509,0.0,0.0,0.0,0.0,0.0,0.0,2
15303,20,10508,0.0,0.0,0.0,0.0,0.0,0.0,2
15304,20,10507,0.0,0.0,0.0,0.0,0.0,0.0,2
15305,20,10506,0.0,0.0,0.0,0.0,0.0,0.0,2
15306,20,10505,0.0,0.0,0.0,0.0,0.0,0.0,2
15307,20,10504,0.0,0.0,0.0,0.0,0.0,0.0,2
15308,20,10503,0.0,0.0,0.0,0.0,0.0,0.0,2
15309,20,10502,0.0,0.0,0.0,0.0,0.0,0.0,2
15310,20,10501,0.0,0.0,0.0,0.0,0.0,0.0,2
15311,20,10500,0.0,0.0,0.0,0.0,0.0,0.0,2
15312,20,10451,0.0,0.0,0.0,0.0,0.0,0.0,2
15313,20,10498,0.0,0.0,0.0,0.0,0.0,0.0,2
15314,20,10497,0.0,0.0,0.0,0.0,0.0,0.0,2
15315,20,10496,0.0,0.0,0.0,0.0,0.0,0.0,2
15316,20,10495,0.0,0.0,0.0,0.0,0.0,0.0,2
15317,20,10494,0.0,0.0,0.0,0.0,0.0,0.0,2
15318,20,10493,0.0,0.0,0.0,0.0,0.0,0.0,2
15319,20,10492,0.0,0.0,0.0,0.0,0.0,0.0,2
15320,20,10491,0.0,0.0,0.0,0.0,0.0,0.0,2
15321,20,10490,0.0,0.0,0.0,0.0,0.0,0.0,2
15322,20,10489,0.0,0.0,0.0,0.0,0.0,0.0,2
15323,20,10488,0.0,0.0,0.0,0.0,0.0,0.0,2
15324,20,10487,0.0,0.0,0.0,0.0,0.0,0.0,2
15325,20,10486,0.0,0.0,0.0,0.0,0.0,0.0,2
15326,20,10485,0.0,0.0,0.0,0.0,0.0,0.0,2
15327,20,10405,0.0,0.0,0.0,0.0,0.0,0.0,2
15328,20,10420,0.0,0.0,0.0,0.0,0.0,0.0,2
15329,20,10419,0.0,0.0,0.0,0.0,0.0,0.0,2
15330,20,10418,0.0,0.0,0.0,0.0,0.0,0.0,2
15331,20,10417,0.0,0.0,0.0,0.0,0.0,0.0,2
15332,20,10416,0.0,0.0,0.0,0.0,0.0,0.0,2
15333,20,10415,0.0,0.0,0.0,0.0,0.0,0.0,2
15334,20,10414,0.0,0.0,0.0,0.0,0.0,0.0,2
15335,20,10413,0.0,0.0,0.0,0.0,0.0,0.0,2
15336,20,10412,0.0,0.0,0.0,0.0,0.0,0.0,2
15337,20,10411,0.0,0.0,0.0,0.0,0.0,0.0,2
15338,20,10410,0.0,0.0,0.0,0.0,0.0,0.0,2
15339,20,10409,0.0,0.0,0.0,0.0,0.0,0.0,2
15340,20,10408,0.0,0.0,0.0,0.0,0.0,0.0,2
15341,20,10407,0.0,0.0,0.0,0.0,0.0,0.0,2
15342,20,10406,0.0,0.0,0.0,0.0,0.0,0.0,2
15343,20,10421,0.0,0.0,0.0,0.0,0.0,0.0,2
15344,20,10404,0.0,0.0,0.0,0.0,0.0,0.0,2
15345,20,10403,0.0,0.0,0.0,0.0,0.0,0.0,2
15346,20,10402,0.0,0.0,0.0,0.0,0.0,0.0,2
15347,20,10401,0.0,0.0,0.0,0.0,0.0,0.0,2
15348,20,10400,0.0,0.0,0.0,0.0,0.0,0.0,2
15349,20,10399,0.0,0.0,0.0,0.0,0.0,0.0,2
15350,20,10398,0.0,0.0,0.0,0.0,0.0,0.0,2
15351,20,10397,0.0,0.0,0.0,0.0,0.0,0.0,2
15352,20,10396,0.0,0.0,0.0,0.0,0.0,0.0,2
15353,20,10395,0.0,0.0,0.0,0.0,0.0,0.0,2
15354,20,10394,0.0,0.0,0.0,0.0,0.0,0.0,2
15355,20,10393,0.0,0.0,0.0,0.0,0.0,0.0,2
15356,20,10392,0.0,0.0,0.0,0.0,0.0,0.0,2
15357,20,10391,0.0,0.0,0.0,0.0,0.0,0.0,2
15358,20,10436,0.0,0.0,0.0,0.0,0.0,0.0,2
15359,20,10450,0.0,0.0,0.0,0.0,0.0,0.0,2
15360,20,10449,0.0,0.0,0.0,0.0,0.0,0.0,2
15361,20,10448,0.0,0.0,0.0,0.0,0.0,0.0,2
15362,20,10447,0.0,0.0,0.0,0.0,0.0,0.0,2
15363,20,10446,0.0,0.0,0.0,0.0,0.0,0.0,2
15364,20,10445,0.0,0.0,0.0,0.0,0.0,0.0,2
15365,20,10444,0.0,0.0,0.0,0.0,0.0,0.0,2
15366,20,10443,0.0,0.0,0.0,0.0,0.0,0.0,2
15367,20,10442,0.0,0.0,0.0,0.0,0.0,0.0,2
15368,20,10441,0.0,0.0,0.0,0.0,0.0,0.0,2
15369,20,10440,0.0,0.0,0.0,0.0,0.0,0.0,2
15370,20,10439,0.0,0.0,0.0,0.0,0.0,0.0,2
15371,20,10438,0.0,0.0,0.0,0.0,0.0,0.0,2
15372,20,10437,0.0,0.0,0.0,0.0,0.0,0.0,2
15373,20,10516,0.0,0.0,0.0,0.0,0.0,0.0,2
15374,20,10435,0.0,0.0,0.0,0.0,0.0,0.0,2
15375,20,10434,0.0,0.0,0.0,0.0,0.0,0.0,2
15376,20,10433,0.0,0.0,0.0,0.0,0.0,0.0,2
15377,20,10432,0.0,0.0,0.0,0.0,0.0,0.0,2
15378,20,10431,0.0,0.0,0.0,0.0,0.0,0.0,2
15379,20,10430,0.0,0.0,0.0,0.0,0.0,0.0,2
15380,20,10429,0.0,0.0,0.0,0.0,0.0,0.0,2
15381,20,10428,0.0,0.0,0.0,0.0,0.0,0.0,2
15382,20,10427,0.0,0.0,0.0,0.0,0.0,0.0,2
15383,20,10426,0.0,0.0,0.0,0.0,0.0,0.0,2
15384,20,10425,0.0,0.0,0.0,0.0,0.0,0.0,2
15385,20,10424,0.0,0.0,0.0,0.0,0.0,0.0,2
15386,20,10423,0.0,0.0,0.0,0.0,0.0,0.0,2
15387,20,10422,0.0,0.0,0.0,0.0,0.0,0.0,2
15388,20,10594,0.0,0.0,0.0,0.0,0.0,0.0,2
15389,20,10609,0.0,0.0,0.0,0.0,0.0,0.0,2
15390,20,10608,0.0,0.0,0.0,0.0,0.0,0.0,2
15391,20,10607,0.0,0.0,0.0,0.0,0.0,0.0,2
15392,20,10606,0.0,0.0,0.0,0.0,0.0,0.0,2
15393,20,10605,0.0,0.0,0.0,0.0,0.0,0.0,2
15394,20,10604,0.0,0.0,0.0,0.0,0.0,0.0,2
15395,20,10603,0.0,0.0,0.0,0.0,0.0,0.0,2
15396,20,10602,0.0,0.0,0.0,0.0,0.0,0.0,2
15397,20,10601,0.0,0.0,0.0,0.0,0.0,0.0,2
15398,20,10600,0.0,0.0,0.0,0.0,0.0,0.0,2
15399,20,10599,0.0,0.0,0.0,0.0,0.0,0.0,2
15400,20,10598,0.0,0.0,0.0,0.0,0.0,0.0,2
15401,20,10597,0.0,0.0,0.0,0.0,0.0,0.0,2
15402,20,10596,0.0,0.0,0.0,0.0,0.0,0.0,2
15403,20,10595,0.0,0.0,0.0,0.0,0.0,0.0,2
15404,20,10610,0.0,0.0,0.0,0.0,0.0,0.0,2
15405,20,10593,0.0,0.0,0.0,0.0,0.0,0.0,2
15406,20,10592,0.0,0.0,0.0,0.0,0.0,0.0,2
15407,20,10591,0.0,0.0,0.0,0.0,0.0,0.0,2
15408,20,10590,0.0,0.0,0.0,0.0,0.0,0.0,2
15409,20,10589,0.0,0.0,0.0,0.0,0.0,0.0,2
15410,20,10588,0.0,0.0,0.0,0.0,0.0,0.0,2
15411,20,10587,0.0,0.0,0.0,0.0,0.0,0.0,2
15412,20,10586,0.0,0.0,0.0,0.0,0.0,0.0,2
15413,20,10585,0.0,0.0,0.0,0.0,0.0,0.0,2
15414,20,10584,0.0,0.0,0.0,0.0,0.0,0.0,2
15415,20,10583,0.0,0.0,0.0,0.0,0.0,0.0,2
15416,20,10582,0.0,0.0,0.0,0.0,0.0,0.0,2
15417,20,10581,0.0,0.0,0.0,0.0,0.0,0.0,2
15418,20,10580,0.0,0.0,0.0,0.0,0.0,0.0,2
15419,20,10625,0.0,0.0,0.0,0.0,0.0,0.0,2
15420,20,10639,0.0,0.0,0.0,0.0,0.0,0.0,2
15421,20,10638,0.0,0.0,0.0,0.0,0.0,0.0,2
15422,20,10637,0.0,0.0,0.0,0.0,0.0,0.0,2
15423,20,10636,0.0,0.0,0.0,0.0,0.0,0.0,2
15424,20,10635,0.0,0.0,0.0,0.0,0.0,0.0,2
15425,20,10634,0.0,0.0,0.0,0.0,0.0,0.0,2
15426,20,10633,0.0,0.0,0.0,0.0,0.0,0.0,2
15427,20,10632,0.0,0.0,0.0,0.0,0.0,0.0,2
15428,20,10631,0.0,0.0,0.0,0.0,0.0,0.0,2
15429,20,10630,0.0,0.0,0.0,0.0,0.0,0.0,2
15430,20,10629,0.0,0.0,0.0,0.0,0.0,0.0,2
15431,20,10628,0.0,0.0,0.0,0.0,0.0,0.0,2
15432,20,10627,0.0,0.0,0.0,0.0,0.0,0.0,2
15433,20,10626,0.0,0.0,0.0,0.0,0.0,0.0,2
15434,20,10579,0.0,0.0,0.0,0.0,0.0,0.0,2
15435,20,10624,0.0,0.0,0.0,0.0,0.0,0.0,2
15436,20,10623,0.0,0.0,0.0,0.0,0.0,0.0,2
15437,20,10622,0.0,0.0,0.0,0.0,0.0,0.0,2
15438,20,10621,0.0,0.0,0.0,0.0,0.0,0.0,2
15439,20,10620,0.0,0.0,0.0,0.0,0.0,0.0,2
15440,20,10619,0.0,0.0,0.0,0.0,0.0,0.0,2
15441,20,10618,0.0,0.0,0.0,0.0,0.0,0.0,2
15442,20,10617,0.0,0.0,0.0,0.0,0.0,0.0,2
15443,20,10616,0.0,0.0,0.0,0.0,0.0,0.0,2
15444,20,10615,0.0,0.0,0.0,0.0,0.0,0.0,2
15445,20,10614,0.0,0.0,0.0,0.0,0.0,0.0,2
15446,20,10613,0.0,0.0,0.0,0.0,0.0,0.0,2
15447,20,10612,0.0,0.0,0.0,0.0,0.0,0.0,2
15448,20,10611,0.0,0.0,0.0,0.0,0.0,0.0,2
15449,20,10532,0.0,0.0,0.0,0.0,0.0,0.0,2
15450,20,10548,0.0,0.0,0.0,0.0,0.0,0.0,2
15451,20,10546,0.0,0.0,0.0,0.0,0.0,0.0,2
15452,20,10545,0.0,0.0,0.0,0.0,0.0,0.0,2
15453,20,10544,0.0,0.0,0.0,0.0,0.0,0.0,2
15454,20,10543,0.0,0.0,0.0,0.0,0.0,0.0,2
15455,20,10542,0.0,0.0,0.0,0.0,0.0,0.0,2
15456,20,10541,0.0,0.0,0.0,0.0,0.0,0.0,2
15457,20,10540,0.0,0.0,0.0,0.0,0.0,0.0,2
15458,20,10539,0.0,0.0,0.0,0.0,0.0,0.0,2
15459,20,10538,0.0,0.0,0.0,0.0,0.0,0.0,2
15460,20,10537,0.0,0.0,0.0,0.0,0.0,0.0,2
15461,20,10536,0.0,0.0,0.0,0.0,0.0,0.0,2
15462,20,10535,0.0,0.0,0.0,0.0,0.0,0.0,2
15463,20,10534,0.0,0.0,0.0,0.0,0.0,0.0,2
15464,20,10533,0.0,0.0,0.0,0.0,0.0,0.0,2
15465,20,10549,0.0,0.0,0.0,0.0,0.0,0.0,2
15466,20,10531,0.0,0.0,0.0,0.0,0.0,0.0,2
15467,20,10530,0.0,0.0,0.0,0.0,0.0,0.0,2
15468,20,10529,0.0,0.0,0.0,0.0,0.0,0.0,2
15469,20,10528,0.0,0.0,0.0,0.0,0.0,0.0,2
15470,20,10527,0.0,0.0,0.0,0.0,0.0,0.0,2
15471,20,10526,0.0,0.0,0.0,0.0,0.0,0.0,2
15472,20,10525,0.0,0.0,0.0,0.0,0.0,0.0,2
15473,20,10524,0.0,0.0,0.0,0.0,0.0,0.0,2
15474,20,10523,0.0,0.0,0.0,0.0,0.0,0.0,2
15475,20,10522,0.0,0.0,0.0,0.0,0.0,0.0,2
15476,20,10521,0.0,0.0,0.0,0.0,0.0,0.0,2
15477,20,10520,0.0,0.0,0.0,0.0,0.0,0.0,2
15478,20,10519,0.0,0.0,0.0,0.0,0.0,0.0,2
15479,20,10517,0.0,0.0,0.0,0.0,0.0,0.0,2
15480,20,10564,0.0,0.0,0.0,0.0,0.0,0.0,2
15481,20,10578,0.0,0.0,0.0,0.0,0.0,0.0,2
15482,20,10577,0.0,0.0,0.0,0.0,0.0,0.0,2
15483,20,10576,0.0,0.0,0.0,0.0,0.0,0.0,2
15484,20,10575,0.0,0.0,0.0,0.0,0.0,0.0,2
15485,20,10574,0.0,0.0,0.0,0.0,0.0,0.0,2
15486,20,10573,0.0,0.0,0.0,0.0,0.0,0.0,2
15487,20,10572,0.0,0.0,0.0,0.0,0.0,0.0,2
15488,20,10571,0.0,0.0,0.0,0.0,0.0,0.0,2
15489,20,10570,0.0,0.0,0.0,0.0,0.0,0.0,2
15490,20,10569,0.0,0.0,0.0,0.0,0.0,0.0,2
15491,20,10568,0.0,0.0,0.0,0.0,0.0,0.0,2
15492,20,10567,0.0,0.0,0.0,0.0,0.0,0.0,2
15493,20,10566,0.0,0.0,0.0,0.0,0.0,0.0,2
15494,20,10565,0.0,0.0,0.0,0.0,0.0,0.0,2
15495,20,10889,0.0,0.0,0.0,0.0,0.0,0.0,2
15496,20,10563,0.0,0.0,0.0,0.0,0.0,0.0,2
15497,20,10562,0.0,0.0,0.0,0.0,0.0,0.0,2
15498,20,10561,0.0,0.0,0.0,0.0,0.0,0.0,2
15499,20,10560,0.0,0.0,0.0,0.0,0.0,0.0,2
15500,20,10559,0.0,0.0,0.0,0.0,0.0,0.0,2
15501,20,10558,0.0,0.0,0.0,0.0,0.0,0.0,2
15502,20,10557,0.0,0.0,0.0,0.0,0.0,0.0,2
15503,20,10556,0.0,0.0,0.0,0.0,0.0,0.0,2
15504,20,10555,0.0,0.0,0.0,0.0,0.0,0.0,2
15505,20,10554,0.0,0.0,0.0,0.0,0.0,0.0,2
15506,20,10553,0.0,0.0,0.0,0.0,0.0,0.0,2
15507,20,10552,0.0,0.0,0.0,0.0,0.0,0.0,2
15508,20,10551,0.0,0.0,0.0,0.0,0.0,0.0,2
15509,20,10550,0.0,0.0,0.0,0.0,0.0,0.0,2
15510,20,11213,0.0,0.0,0.0,0.0,0.0,0.0,2
15511,20,11229,0.0,0.0,0.0,0.0,0.0,0.0,2
15512,20,11228,0.0,0.0,0.0,0.0,0.0,0.0,2
15513,20,11227,0.0,0.0,0.0,0.0,0.0,0.0,2
15514,20,11226,0.0,0.0,0.0,0.0,0.0,0.0,2
15515,20,11225,0.0,0.0,0.0,0.0,0.0,0.0,2
15516,20,11224,0.0,0.0,0.0,0.0,0.0,0.0,2
15517,20,11223,0.0,0.0,0.0,0.0,0.0,0.0,2
15518,20,11222,0.0,0.0,0.0,0.0,0.0,0.0,2
15519,20,11221,0.0,0.0,0.0,0.0,0.0,0.0,2
15520,20,11220,0.0,0.0,0.0,0.0,0.0,0.0,2
15521,20,11219,0.0,0.0,0.0,0.0,0.0,0.0,2
15522,20,11218,0.0,0.0,0.0,0.0,0.0,0.0,2
15523,20,11217,0.0,0.0,0.0,0.0,0.0,0.0,2
15524,20,11216,0.0,0.0,0.0,0.0,0.0,0.0,2
15525,20,11214,0.0,0.0,0.0,0.0,0.0,0.0,2
15526,20,11230,0.0,0.0,0.0,0.0,0.0,0.0,2
15527,20,11212,0.0,0.0,0.0,0.0,0.0,0.0,2
15528,20,11211,0.0,0.0,0.0,0.0,0.0,0.0,2
15529,20,11210,0.0,0.0,0.0,0.0,0.0,0.0,2
15530,20,11209,0.0,0.0,0.0,0.0,0.0,0.0,2
15531,20,11208,0.0,0.0,0.0,0.0,0.0,0.0,2
15532,20,11207,0.0,0.0,0.0,0.0,0.0,0.0,2
15533,20,11206,0.0,0.0,0.0,0.0,0.0,0.0,2
15534,20,11205,0.0,0.0,0.0,0.0,0.0,0.0,2
15535,20,11204,0.0,0.0,0.0,0.0,0.0,0.0,2
15536,20,11203,0.0,0.0,0.0,0.0,0.0,0.0,2
15537,20,11202,0.0,0.0,0.0,0.0,0.0,0.0,2
15538,20,11201,0.0,0.0,0.0,0.0,0.0,0.0,2
15539,20,11200,0.0,0.0,0.0,0.0,0.0,0.0,2
15540,20,11199,0.0,0.0,0.0,0.0,0.0,0.0,2
15541,20,11245,0.0,0.0,0.0,0.0,0.0,0.0,2
15542,20,11260,0.0,0.0,0.0,0.0,0.0,0.0,2
15543,20,11259,0.0,0.0,0.0,0.0,0.0,0.0,2
15544,20,11258,0.0,0.0,0.0,0.0,0.0,0.0,2
15545,20,11257,0.0,0.0,0.0,0.0,0.0,0.0,2
15546,20,11256,0.0,0.0,0.0,0.0,0.0,0.0,2
15547,20,11255,0.0,0.0,0.0,0.0,0.0,0.0,2
15548,20,11254,0.0,0.0,0.0,0.0,0.0,0.0,2
15549,20,11253,0.0,0.0,0.0,0.0,0.0,0.0,2
15550,20,11252,0.0,0.0,0.0,0.0,0.0,0.0,2
15551,20,11251,0.0,0.0,0.0,0.0,0.0,0.0,2
15552,20,11250,0.0,0.0,0.0,0.0,0.0,0.0,2
15553,20,11249,0.0,0.0,0.0,0.0,0.0,0.0,2
15554,20,11248,0.0,0.0,0.0,0.0,0.0,0.0,2
15555,20,11247,0.0,0.0,0.0,0.0,0.0,0.0,2
15556,20,11246,0.0,0.0,0.0,0.0,0.0,0.0,2
15557,20,11198,0.0,0.0,0.0,0.0,0.0,0.0,2
15558,20,11244,0.0,0.0,0.0,0.0,0.0,0.0,2
15559,20,11243,0.0,0.0,0.0,0.0,0.0,0.0,2
15560,20,11242,0.0,0.0,0.0,0.0,0.0,0.0,2
15561,20,11241,0.0,0.0,0.0,0.0,0.0,0.0,2
15562,20,11240,0.0,0.0,0.0,0.0,0.0,0.0,2
15563,20,11239,0.0,0.0,0.0,0.0,0.0,0.0,2
15564,20,11238,0.0,0.0,0.0,0.0,0.0,0.0,2
15565,20,11237,0.0,0.0,0.0,0.0,0.0,0.0,2
15566,20,11236,0.0,0.0,0.0,0.0,0.0,0.0,2
15567,20,11235,0.0,0.0,0.0,0.0,0.0,0.0,2
15568,20,11234,0.0,0.0,0.0,0.0,0.0,0.0,2
15569,20,11233,0.0,0.0,0.0,0.0,0.0,0.0,2
15570,20,11232,0.0,0.0,0.0,0.0,0.0,0.0,2
15571,20,11231,0.0,0.0,0.0,0.0,0.0,0.0,2
15572,20,11151,0.0,0.0,0.0,0.0,0.0,0.0,2
15573,20,11166,0.0,0.0,0.0,0.0,0.0,0.0,2
15574,20,11165,0.0,0.0,0.0,0.0,0.0,0.0,2
15575,20,11164,0.0,0.0,0.0,0.0,0.0,0.0,2
15576,20,11163,0.0,0.0,0.0,0.0,0.0,0.0,2
15577,20,11162,0.0,0.0,0.0,0.0,0.0,0.0,2
15578,20,11161,0.0,0.0,0.0,0.0,0.0,0.0,2
15579,20,11160,0.0,0.0,0.0,0.0,0.0,0.0,2
15580,20,11159,0.0,0.0,0.0,0.0,0.0,0.0,2
15581,20,11158,0.0,0.0,0.0,0.0,0.0,0.0,2
15582,20,11157,0.0,0.0,0.0,0.0,0.0,0.0,2
15583,20,11156,0.0,0.0,0.0,0.0,0.0,0.0,2
15584,20,11155,0.0,0.0,0.0,0.0,0.0,0.0,2
15585,20,11154,0.0,0.0,0.0,0.0,0.0,0.0,2
15586,20,11153,0.0,0.0,0.0,0.0,0.0,0.0,2
15587,20,11152,0.0,0.0,0.0,0.0,0.0,0.0,2
15588,20,11167,0.0,0.0,0.0,0.0,0.0,0.0,2
15589,20,11150,0.0,0.0,0.0,0.0,0.0,0.0,2
15590,20,11149,0.0,0.0,0.0,0.0,0.0,0.0,2
15591,20,11148,0.0,0.0,0.0,0.0,0.0,0.0,2
15592,20,11147,0.0,0.0,0.0,0.0,0.0,0.0,2
15593,20,11146,0.0,0.0,0.0,0.0,0.0,0.0,2
15594,20,11145,0.0,0.0,0.0,0.0,0.0,0.0,2
15595,20,11144,0.0,0.0,0.0,0.0,0.0,0.0,2
15596,20,11143,0.0,0.0,0.0,0.0,0.0,0.0,2
15597,20,11142,0.0,0.0,0.0,0.0,0.0,0.0,2
15598,20,11141,0.0,0.0,0.0,0.0,0.0,0.0,2
15599,20,11140,0.0,0.0,0.0,0.0,0.0,0.0,2
15600,20,11139,0.0,0.0,0.0,0.0,0.0,0.0,2
15601,20,11138,0.0,0.0,0.0,0.0,0.0,0.0,2
15602,20,11137,0.0,0.0,0.0,0.0,0.0,0.0,2
15603,20,11182,0.0,0.0,0.0,0.0,0.0,0.0,2
15604,20,11197,0.0,0.0,0.0,0.0,0.0,0.0,2
15605,20,11195,0.0,0.0,0.0,0.0,0.0,0.0,2
15606,20,11194,0.0,0.0,0.0,0.0,0.0,0.0,2
15607,20,11193,0.0,0.0,0.0,0.0,0.0,0.0,2
15608,20,11192,0.0,0.0,0.0,0.0,0.0,0.0,2
15609,20,11191,0.0,0.0,0.0,0.0,0.0,0.0,2
15610,20,11190,0.0,0.0,0.0,0.0,0.0,0.0,2
15611,20,11189,0.0,0.0,0.0,0.0,0.0,0.0,2
15612,20,11188,0.0,0.0,0.0,0.0,0.0,0.0,2
15613,20,11187,0.0,0.0,0.0,0.0,0.0,0.0,2
15614,20,11186,0.0,0.0,0.0,0.0,0.0,0.0,2
15615,20,11185,0.0,0.0,0.0,0.0,0.0,0.0,2
15616,20,11184,0.0,0.0,0.0,0.0,0.0,0.0,2
15617,20,11183,0.0,0.0,0.0,0.0,0.0,0.0,2
15618,20,11261,0.0,0.0,0.0,0.0,0.0,0.0,2
15619,20,11181,0.0,0.0,0.0,0.0,0.0,0.0,2
15620,20,11180,0.0,0.0,0.0,0.0,0.0,0.0,2
15621,20,11179,0.0,0.0,0.0,0.0,0.0,0.0,2
15622,20,11178,0.0,0.0,0.0,0.0,0.0,0.0,2
15623,20,11177,0.0,0.0,0.0,0.0,0.0,0.0,2
15624,20,11176,0.0,0.0,0.0,0.0,0.0,0.0,2
15625,20,11175,0.0,0.0,0.0,0.0,0.0,0.0,2
15626,20,11174,0.0,0.0,0.0,0.0,0.0,0.0,2
15627,20,11173,0.0,0.0,0.0,0.0,0.0,0.0,2
15628,20,11172,0.0,0.0,0.0,0.0,0.0,0.0,2
15629,20,11171,0.0,0.0,0.0,0.0,0.0,0.0,2
15630,20,11170,0.0,0.0,0.0,0.0,0.0,0.0,2
15631,20,11169,0.0,0.0,0.0,0.0,0.0,0.0,2
15632,20,11168,0.0,0.0,0.0,0.0,0.0,0.0,2
15633,20,11340,0.0,0.0,0.0,0.0,0.0,0.0,2
15634,20,11356,0.0,0.0,0.0,0.0,0.0,0.0,2
15635,20,11355,0.0,0.0,0.0,0.0,0.0,0.0,2
15636,20,11354,0.0,0.0,0.0,0.0,0.0,0.0,2
15637,20,11353,0.0,0.0,0.0,0.0,0.0,0.0,2
15638,20,11352,0.0,0.0,0.0,0.0,0.0,0.0,2
15639,20,11351,0.0,0.0,0.0,0.0,0.0,0.0,2
15640,20,11350,0.0,0.0,0.0,0.0,0.0,0.0,2
15641,20,11349,0.0,0.0,0.0,0.0,0.0,0.0,2
15642,20,11348,0.0,0.0,0.0,0.0,0.0,0.0,2
15643,20,11347,0.0,0.0,0.0,0.0,0.0,0.0,2
15644,20,11346,0.0,0.0,0.0,0.0,0.0,0.0,2
15645,20,11345,0.0,0.0,0.0,0.0,0.0,0.0,2
15646,20,11344,0.0,0.0,0.0,0.0,0.0,0.0,2
15647,20,11342,0.0,0.0,0.0,0.0,0.0,0.0,2
15648,20,11341,0.0,0.0,0.0,0.0,0.0,0.0,2
15649,20,11357,0.0,0.0,0.0,0.0,0.0,0.0,2
15650,20,11339,0.0,0.0,0.0,0.0,0.0,0.0,2
15651,20,11338,0.0,0.0,0.0,0.0,0.0,0.0,2
15652,20,11337,0.0,0.0,0.0,0.0,0.0,0.0,2
15653,20,11336,0.0,0.0,0.0,0.0,0.0,0.0,2
15654,20,11335,0.0,0.0,0.0,0.0,0.0,0.0,2
15655,20,11334,0.0,0.0,0.0,0.0,0.0,0.0,2
15656,20,11332,0.0,0.0,0.0,0.0,0.0,0.0,2
15657,20,11331,0.0,0.0,0.0,0.0,0.0,0.0,2
15658,20,11330,0.0,0.0,0.0,0.0,0.0,0.0,2
15659,20,11329,0.0,0.0,0.0,0.0,0.0,0.0,2
15660,20,11328,0.0,0.0,0.0,0.0,0.0,0.0,2
15661,20,11327,0.0,0.0,0.0,0.0,0.0,0.0,2
15662,20,11326,0.0,0.0,0.0,0.0,0.0,0.0,2
15663,20,11325,0.0,0.0,0.0,0.0,0.0,0.0,2
15664,20,11372,0.0,0.0,0.0,0.0,0.0,0.0,2
15665,20,11386,0.0,0.0,0.0,0.0,0.0,0.0,2
15666,20,11385,0.0,0.0,0.0,0.0,0.0,0.0,2
15667,20,11384,0.0,0.0,0.0,0.0,0.0,0.0,2
15668,20,11383,0.0,0.0,0.0,0.0,0.0,0.0,2
15669,20,11382,0.0,0.0,0.0,0.0,0.0,0.0,2
15670,20,11381,0.0,0.0,0.0,0.0,0.0,0.0,2
15671,20,11380,0.0,0.0,0.0,0.0,0.0,0.0,2
15672,20,11379,0.0,0.0,0.0,0.0,0.0,0.0,2
15673,20,11378,0.0,0.0,0.0,0.0,0.0,0.0,2
15674,20,11377,0.0,0.0,0.0,0.0,0.0,0.0,2
15675,20,11376,0.0,0.0,0.0,0.0,0.0,0.0,2
15676,20,11375,0.0,0.0,0.0,0.0,0.0,0.0,2
15677,20,11374,0.0,0.0,0.0,0.0,0.0,0.0,2
15678,20,11373,0.0,0.0,0.0,0.0,0.0,0.0,2
15679,20,11324,0.0,0.0,0.0,0.0,0.0,0.0,2
15680,20,11371,0.0,0.0,0.0,0.0,0.0,0.0,2
15681,20,11370,0.0,0.0,0.0,0.0,0.0,0.0,2
15682,20,11369,0.0,0.0,0.0,0.0,0.0,0.0,2
15683,20,11368,0.0,0.0,0.0,0.0,0.0,0.0,2
15684,20,11367,0.0,0.0,0.0,0.0,0.0,0.0,2
15685,20,11366,0.0,0.0,0.0,0.0,0.0,0.0,2
15686,20,11365,0.0,0.0,0.0,0.0,0.0,0.0,2
15687,20,11364,0.0,0.0,0.0,0.0,0.0,0.0,2
15688,20,11363,0.0,0.0,0.0,0.0,0.0,0.0,2
15689,20,11362,0.0,0.0,0.0,0.0,0.0,0.0,2
15690,20,11361,0.0,0.0,0.0,0.0,0.0,0.0,2
15691,20,11360,0.0,0.0,0.0,0.0,0.0,0.0,2
15692,20,11359,0.0,0.0,0.0,0.0,0.0,0.0,2
15693,20,11358,0.0,0.0,0.0,0.0,0.0,0.0,2
15694,20,11276,0.0,0.0,0.0,0.0,0.0,0.0,2
15695,20,11291,0.0,0.0,0.0,0.0,0.0,0.0,2
15696,20,11290,0.0,0.0,0.0,0.0,0.0,0.0,2
15697,20,11289,0.0,0.0,0.0,0.0,0.0,0.0,2
15698,20,11288,0.0,0.0,0.0,0.0,0.0,0.0,2
15699,20,11287,0.0,0.0,0.0,0.0,0.0,0.0,2
15700,20,11286,0.0,0.0,0.0,0.0,0.0,0.0,2
15701,20,11285,0.0,0.0,0.0,0.0,0.0,0.0,2
15702,20,11284,0.0,0.0,0.0,0.0,0.0,0.0,2
15703,20,11283,0.0,0.0,0.0,0.0,0.0,0.0,2
15704,20,11282,0.0,0.0,0.0,0.0,0.0,0.0,2
15705,20,11281,0.0,0.0,0.0,0.0,0.0,0.0,2
15706,20,11280,0.0,0.0,0.0,0.0,0.0,0.0,2
15707,20,11279,0.0,0.0,0.0,0.0,0.0,0.0,2
15708,20,11278,0.0,0.0,0.0,0.0,0.0,0.0,2
15709,20,11277,0.0,0.0,0.0,0.0,0.0,0.0,2
15710,20,11292,0.0,0.0,0.0,0.0,0.0,0.0,2
15711,20,11275,0.0,0.0,0.0,0.0,0.0,0.0,2
15712,20,11274,0.0,0.0,0.0,0.0,0.0,0.0,2
15713,20,11273,0.0,0.0,0.0,0.0,0.0,0.0,2
15714,20,11272,0.0,0.0,0.0,0.0,0.0,0.0,2
15715,20,11271,0.0,0.0,0.0,0.0,0.0,0.0,2
15716,20,11270,0.0,0.0,0.0,0.0,0.0,0.0,2
15717,20,11269,0.0,0.0,0.0,0.0,0.0,0.0,2
15718,20,11268,0.0,0.0,0.0,0.0,0.0,0.0,2
15719,20,11267,0.0,0.0,0.0,0.0,0.0,0.0,2
15720,20,11266,0.0,0.0,0.0,0.0,0.0,0.0,2
15721,20,11265,0.0,0.0,0.0,0.0,0.0,0.0,2
15722,20,11264,0.0,0.0,0.0,0.0,0.0,0.0,2
15723,20,11263,0.0,0.0,0.0,0.0,0.0,0.0,2
15724,20,11262,0.0,0.0,0.0,0.0,0.0,0.0,2
15725,20,11308,0.0,0.0,0.0,0.0,0.0,0.0,2
15726,20,11323,0.0,0.0,0.0,0.0,0.0,0.0,2
15727,20,11322,0.0,0.0,0.0,0.0,0.0,0.0,2
15728,20,11321,0.0,0.0,0.0,0.0,0.0,0.0,2
15729,20,11320,0.0,0.0,0.0,0.0,0.0,0.0,2
15730,20,11319,0.0,0.0,0.0,0.0,0.0,0.0,2
15731,20,11318,0.0,0.0,0.0,0.0,0.0,0.0,2
15732,20,11316,0.0,0.0,0.0,0.0,0.0,0.0,2
15733,20,11315,0.0,0.0,0.0,0.0,0.0,0.0,2
15734,20,11314,0.0,0.0,0.0,0.0,0.0,0.0,2
15735,20,11313,0.0,0.0,0.0,0.0,0.0,0.0,2
15736,20,11312,0.0,0.0,0.0,0.0,0.0,0.0,2
15737,20,11311,0.0,0.0,0.0,0.0,0.0,0.0,2
15738,20,11310,0.0,0.0,0.0,0.0,0.0,0.0,2
15739,20,11309,0.0,0.0,0.0,0.0,0.0,0.0,2
15740,20,11136,0.0,0.0,0.0,0.0,0.0,0.0,2
15741,20,11307,0.0,0.0,0.0,0.0,0.0,0.0,2
15742,20,11306,0.0,0.0,0.0,0.0,0.0,0.0,2
15743,20,11305,0.0,0.0,0.0,0.0,0.0,0.0,2
15744,20,11304,0.0,0.0,0.0,0.0,0.0,0.0,2
15745,20,11303,0.0,0.0,0.0,0.0,0.0,0.0,2
15746,20,11302,0.0,0.0,0.0,0.0,0.0,0.0,2
15747,20,11301,0.0,0.0,0.0,0.0,0.0,0.0,2
15748,20,11300,0.0,0.0,0.0,0.0,0.0,0.0,2
15749,20,11299,0.0,0.0,0.0,0.0,0.0,0.0,2
15750,20,11298,0.0,0.0,0.0,0.0,0.0,0.0,2
15751,20,11297,0.0,0.0,0.0,0.0,0.0,0.0,2
15752,20,11295,0.0,0.0,0.0,0.0,0.0,0.0,2
15753,20,11294,0.0,0.0,0.0,0.0,0.0,0.0,2
15754,20,11293,0.0,0.0,0.0,0.0,0.0,0.0,2
15755,20,10967,0.0,0.0,0.0,0.0,0.0,0.0,2
15756,20,10982,0.0,0.0,0.0,0.0,0.0,0.0,2
15757,20,10981,0.0,0.0,0.0,0.0,0.0,0.0,2
15758,20,10980,0.0,0.0,0.0,0.0,0.0,0.0,2
15759,20,10979,0.0,0.0,0.0,0.0,0.0,0.0,2
15760,20,10978,0.0,0.0,0.0,0.0,0.0,0.0,2
15761,20,10977,0.0,0.0,0.0,0.0,0.0,0.0,2
15762,20,10976,0.0,0.0,0.0,0.0,0.0,0.0,2
15763,20,10975,0.0,0.0,0.0,0.0,0.0,0.0,2
15764,20,10974,0.0,0.0,0.0,0.0,0.0,0.0,2
15765,20,10973,0.0,0.0,0.0,0.0,0.0,0.0,2
15766,20,10972,0.0,0.0,0.0,0.0,0.0,0.0,2
15767,20,10971,0.0,0.0,0.0,0.0,0.0,0.0,2
15768,20,10970,0.0,0.0,0.0,0.0,0.0,0.0,2
15769,20,10969,0.0,0.0,0.0,0.0,0.0,0.0,2
15770,20,10968,0.0,0.0,0.0,0.0,0.0,0.0,2
15771,20,10983,0.0,0.0,0.0,0.0,0.0,0.0,2
15772,20,10966,0.0,0.0,0.0,0.0,0.0,0.0,2
15773,20,10965,0.0,0.0,0.0,0.0,0.0,0.0,2
15774,20,10964,0.0,0.0,0.0,0.0,0.0,0.0,2
15775,20,10963,0.0,0.0,0.0,0.0,0.0,0.0,2
15776,20,10962,0.0,0.0,0.0,0.0,0.0,0.0,2
15777,20,10961,0.0,0.0,0.0,0.0,0.0,0.0,2
15778,20,10960,0.0,0.0,0.0,0.0,0.0,0.0,2
15779,20,10959,0.0,0.0,0.0,0.0,0.0,0.0,2
15780,20,10958,0.0,0.0,0.0,0.0,0.0,0.0,2
15781,20,10957,0.0,0.0,0.0,0.0,0.0,0.0,2
15782,20,10956,0.0,0.0,0.0,0.0,0.0,0.0,2
15783,20,10955,0.0,0.0,0.0,0.0,0.0,0.0,2
15784,20,10954,0.0,0.0,0.0,0.0,0.0,0.0,2
15785,20,10953,0.0,0.0,0.0,0.0,0.0,0.0,2
15786,20,10998,0.0,0.0,0.0,0.0,0.0,0.0,2
15787,20,11013,0.0,0.0,0.0,0.0,0.0,0.0,2
15788,20,11012,0.0,0.0,0.0,0.0,0.0,0.0,2
15789,20,11011,0.0,0.0,0.0,0.0,0.0,0.0,2
15790,20,11010,0.0,0.0,0.0,0.0,0.0,0.0,2
15791,20,11009,0.0,0.0,0.0,0.0,0.0,0.0,2
15792,20,11008,0.0,0.0,0.0,0.0,0.0,0.0,2
15793,20,11007,0.0,0.0,0.0,0.0,0.0,0.0,2
15794,20,11006,0.0,0.0,0.0,0.0,0.0,0.0,2
15795,20,11005,0.0,0.0,0.0,0.0,0.0,0.0,2
15796,20,11004,0.0,0.0,0.0,0.0,0.0,0.0,2
15797,20,11003,0.0,0.0,0.0,0.0,0.0,0.0,2
15798,20,11002,0.0,0.0,0.0,0.0,0.0,0.0,2
15799,20,11001,0.0,0.0,0.0,0.0,0.0,0.0,2
15800,20,11000,0.0,0.0,0.0,0.0,0.0,0.0,2
15801,20,10999,0.0,0.0,0.0,0.0,0.0,0.0,2
15802,20,10951,0.0,0.0,0.0,0.0,0.0,0.0,2
15803,20,10997,0.0,0.0,0.0,0.0,0.0,0.0,2
15804,20,10996,0.0,0.0,0.0,0.0,0.0,0.0,2
15805,20,10995,0.0,0.0,0.0,0.0,0.0,0.0,2
15806,20,10994,0.0,0.0,0.0,0.0,0.0,0.0,2
15807,20,10993,0.0,0.0,0.0,0.0,0.0,0.0,2
15808,20,10992,0.0,0.0,0.0,0.0,0.0,0.0,2
15809,20,10991,0.0,0.0,0.0,0.0,0.0,0.0,2
15810,20,10990,0.0,0.0,0.0,0.0,0.0,0.0,2
15811,20,10989,0.0,0.0,0.0,0.0,0.0,0.0,2
15812,20,10988,0.0,0.0,0.0,0.0,0.0,0.0,2
15813,20,10987,0.0,0.0,0.0,0.0,0.0,0.0,2
15814,20,10986,0.0,0.0,0.0,0.0,0.0,0.0,2
15815,20,10985,0.0,0.0,0.0,0.0,0.0,0.0,2
15816,20,10984,0.0,0.0,0.0,0.0,0.0,0.0,2
15817,20,10904,0.0,0.0,0.0,0.0,0.0,0.0,2
15818,20,10919,0.0,0.0,0.0,0.0,0.0,0.0,2
15819,20,10918,0.0,0.0,0.0,0.0,0.0,0.0,2
15820,20,10917,0.0,0.0,0.0,0.0,0.0,0.0,2
15821,20,10916,0.0,0.0,0.0,0.0,0.0,0.0,2
15822,20,10915,0.0,0.0,0.0,0.0,0.0,0.0,2
15823,20,10914,0.0,0.0,0.0,0.0,0.0,0.0,2
15824,20,10913,0.0,0.0,0.0,0.0,0.0,0.0,2
15825,20,10912,0.0,0.0,0.0,0.0,0.0,0.0,2
15826,20,10911,0.0,0.0,0.0,0.0,0.0,0.0,2
15827,20,10910,0.0,0.0,0.0,0.0,0.0,0.0,2
15828,20,10909,0.0,0.0,0.0,0.0,0.0,0.0,2
15829,20,10908,0.0,0.0,0.0,0.0,0.0,0.0,2
15830,20,10907,0.0,0.0,0.0,0.0,0.0,0.0,2
15831,20,10906,0.0,0.0,0.0,0.0,0.0,0.0,2
15832,20,10905,0.0,0.0,0.0,0.0,0.0,0.0,2
15833,20,10920,0.0,0.0,0.0,0.0,0.0,0.0,2
15834,20,10903,0.0,0.0,0.0,0.0,0.0,0.0,2
15835,20,10902,0.0,0.0,0.0,0.0,0.0,0.0,2
15836,20,10901,0.0,0.0,0.0,0.0,0.0,0.0,2
15837,20,10900,0.0,0.0,0.0,0.0,0.0,0.0,2
15838,20,10899,0.0,0.0,0.0,0.0,0.0,0.0,2
15839,20,10898,0.0,0.0,0.0,0.0,0.0,0.0,2
15840,20,10897,0.0,0.0,0.0,0.0,0.0,0.0,2
15841,20,10896,0.0,0.0,0.0,0.0,0.0,0.0,2
15842,20,10895,0.0,0.0,0.0,0.0,0.0,0.0,2
15843,20,10894,0.0,0.0,0.0,0.0,0.0,0.0,2
15844,20,10893,0.0,0.0,0.0,0.0,0.0,0.0,2
15845,20,10892,0.0,0.0,0.0,0.0,0.0,0.0,2
15846,20,10891,0.0,0.0,0.0,0.0,0.0,0.0,2
15847,20,10890,0.0,0.0,0.0,0.0,0.0,0.0,2
15848,20,10936,0.0,0.0,0.0,0.0,0.0,0.0,2
15849,20,10950,0.0,0.0,0.0,0.0,0.0,0.0,2
15850,20,10949,0.0,0.0,0.0,0.0,0.0,0.0,2
15851,20,10948,0.0,0.0,0.0,0.0,0.0,0.0,2
15852,20,10947,0.0,0.0,0.0,0.0,0.0,0.0,2
15853,20,10946,0.0,0.0,0.0,0.0,0.0,0.0,2
15854,20,10945,0.0,0.0,0.0,0.0,0.0,0.0,2
15855,20,10944,0.0,0.0,0.0,0.0,0.0,0.0,2
15856,20,10943,0.0,0.0,0.0,0.0,0.0,0.0,2
15857,20,10942,0.0,0.0,0.0,0.0,0.0,0.0,2
15858,20,10941,0.0,0.0,0.0,0.0,0.0,0.0,2
15859,20,10940,0.0,0.0,0.0,0.0,0.0,0.0,2
15860,20,10939,0.0,0.0,0.0,0.0,0.0,0.0,2
15861,20,10938,0.0,0.0,0.0,0.0,0.0,0.0,2
15862,20,10937,0.0,0.0,0.0,0.0,0.0,0.0,2
15863,20,11014,0.0,0.0,0.0,0.0,0.0,0.0,2
15864,20,10935,0.0,0.0,0.0,0.0,0.0,0.0,2
15865,20,10934,0.0,0.0,0.0,0.0,0.0,0.0,2
15866,20,10933,0.0,0.0,0.0,0.0,0.0,0.0,2
15867,20,10932,0.0,0.0,0.0,0.0,0.0,0.0,2
15868,20,10931,0.0,0.0,0.0,0.0,0.0,0.0,2
15869,20,10930,0.0,0.0,0.0,0.0,0.0,0.0,2
15870,20,10928,0.0,0.0,0.0,0.0,0.0,0.0,2
15871,20,10927,0.0,0.0,0.0,0.0,0.0,0.0,2
15872,20,10926,0.0,0.0,0.0,0.0,0.0,0.0,2
15873,20,10925,0.0,0.0,0.0,0.0,0.0,0.0,2
15874,20,10924,0.0,0.0,0.0,0.0,0.0,0.0,2
15875,20,10923,0.0,0.0,0.0,0.0,0.0,0.0,2
15876,20,10922,0.0,0.0,0.0,0.0,0.0,0.0,2
15877,20,10921,0.0,0.0,0.0,0.0,0.0,0.0,2
15878,20,11090,0.0,0.0,0.0,0.0,0.0,0.0,2
15879,20,11105,0.0,0.0,0.0,0.0,0.0,0.0,2
15880,20,11104,0.0,0.0,0.0,0.0,0.0,0.0,2
15881,20,11103,0.0,0.0,0.0,0.0,0.0,0.0,2
15882,20,11102,0.0,0.0,0.0,0.0,0.0,0.0,2
15883,20,11101,0.0,0.0,0.0,0.0,0.0,0.0,2
15884,20,11100,0.0,0.0,0.0,0.0,0.0,0.0,2
15885,20,11099,0.0,0.0,0.0,0.0,0.0,0.0,2
15886,20,11098,0.0,0.0,0.0,0.0,0.0,0.0,2
15887,20,11097,0.0,0.0,0.0,0.0,0.0,0.0,2
15888,20,11096,0.0,0.0,0.0,0.0,0.0,0.0,2
15889,20,11095,0.0,0.0,0.0,0.0,0.0,0.0,2
15890,20,11094,0.0,0.0,0.0,0.0,0.0,0.0,2
15891,20,11093,0.0,0.0,0.0,0.0,0.0,0.0,2
15892,20,11092,0.0,0.0,0.0,0.0,0.0,0.0,2
15893,20,11091,0.0,0.0,0.0,0.0,0.0,0.0,2
15894,20,11106,0.0,0.0,0.0,0.0,0.0,0.0,2
15895,20,11089,0.0,0.0,0.0,0.0,0.0,0.0,2
15896,20,11088,0.0,0.0,0.0,0.0,0.0,0.0,2
15897,20,11087,0.0,0.0,0.0,0.0,0.0,0.0,2
15898,20,11086,0.0,0.0,0.0,0.0,0.0,0.0,2
15899,20,11085,0.0,0.0,0.0,0.0,0.0,0.0,2
15900,20,11084,0.0,0.0,0.0,0.0,0.0,0.0,2
15901,20,11083,0.0,0.0,0.0,0.0,0.0,0.0,2
15902,20,11082,0.0,0.0,0.0,0.0,0.0,0.0,2
15903,20,11081,0.0,0.0,0.0,0.0,0.0,0.0,2
15904,20,11080,0.0,0.0,0.0,0.0,0.0,0.0,2
15905,20,11079,0.0,0.0,0.0,0.0,0.0,0.0,2
15906,20,11078,0.0,0.0,0.0,0.0,0.0,0.0,2
15907,20,11077,0.0,0.0,0.0,0.0,0.0,0.0,2
15908,20,11076,0.0,0.0,0.0,0.0,0.0,0.0,2
15909,20,11121,0.0,0.0,0.0,0.0,0.0,0.0,2
15910,20,11135,0.0,0.0,0.0,0.0,0.0,0.0,2
15911,20,11134,0.0,0.0,0.0,0.0,0.0,0.0,2
15912,20,11133,0.0,0.0,0.0,0.0,0.0,0.0,2
15913,20,11132,0.0,0.0,0.0,0.0,0.0,0.0,2
15914,20,11131,0.0,0.0,0.0,0.0,0.0,0.0,2
15915,20,11130,0.0,0.0,0.0,0.0,0.0,0.0,2
15916,20,11129,0.0,0.0,0.0,0.0,0.0,0.0,2
15917,20,11128,0.0,0.0,0.0,0.0,0.0,0.0,2
15918,20,11127,0.0,0.0,0.0,0.0,0.0,0.0,2
15919,20,11126,0.0,0.0,0.0,0.0,0.0,0.0,2
15920,20,11125,0.0,0.0,0.0,0.0,0.0,0.0,2
15921,20,11124,0.0,0.0,0.0,0.0,0.0,0.0,2
15922,20,11123,0.0,0.0,0.0,0.0,0.0,0.0,2
15923,20,11122,0.0,0.0,0.0,0.0,0.0,0.0,2
15924,20,11075,0.0,0.0,0.0,0.0,0.0,0.0,2
15925,20,11120,0.0,0.0,0.0,0.0,0.0,0.0,2
15926,20,11119,0.0,0.0,0.0,0.0,0.0,0.0,2
15927,20,11118,0.0,0.0,0.0,0.0,0.0,0.0,2
15928,20,11117,0.0,0.0,0.0,0.0,0.0,0.0,2
15929,20,11116,0.0,0.0,0.0,0.0,0.0,0.0,2
15930,20,11115,0.0,0.0,0.0,0.0,0.0,0.0,2
15931,20,11114,0.0,0.0,0.0,0.0,0.0,0.0,2
15932,20,11113,0.0,0.0,0.0,0.0,0.0,0.0,2
15933,20,11112,0.0,0.0,0.0,0.0,0.0,0.0,2
15934,20,11111,0.0,0.0,0.0,0.0,0.0,0.0,2
15935,20,11110,0.0,0.0,0.0,0.0,0.0,0.0,2
15936,20,11109,0.0,0.0,0.0,0.0,0.0,0.0,2
15937,20,11108,0.0,0.0,0.0,0.0,0.0,0.0,2
15938,20,11107,0.0,0.0,0.0,0.0,0.0,0.0,2
15939,20,11029,0.0,0.0,0.0,0.0,0.0,0.0,2
15940,20,11044,0.0,0.0,0.0,0.0,0.0,0.0,2
15941,20,11043,0.0,0.0,0.0,0.0,0.0,0.0,2
15942,20,11042,0.0,0.0,0.0,0.0,0.0,0.0,2
15943,20,11041,0.0,0.0,0.0,0.0,0.0,0.0,2
15944,20,11040,0.0,0.0,0.0,0.0,0.0,0.0,2
15945,20,11039,0.0,0.0,0.0,0.0,0.0,0.0,2
15946,20,11038,0.0,0.0,0.0,0.0,0.0,0.0,2
15947,20,11037,0.0,0.0,0.0,0.0,0.0,0.0,2
15948,20,11036,0.0,0.0,0.0,0.0,0.0,0.0,2
15949,20,11035,0.0,0.0,0.0,0.0,0.0,0.0,2
15950,20,11034,0.0,0.0,0.0,0.0,0.0,0.0,2
15951,20,11033,0.0,0.0,0.0,0.0,0.0,0.0,2
15952,20,11032,0.0,0.0,0.0,0.0,0.0,0.0,2
15953,20,11031,0.0,0.0,0.0,0.0,0.0,0.0,2
15954,20,11030,0.0,0.0,0.0,0.0,0.0,0.0,2
15955,20,11045,0.0,0.0,0.0,0.0,0.0,0.0,2
15956,20,11028,0.0,0.0,0.0,0.0,0.0,0.0,2
15957,20,11027,0.0,0.0,0.0,0.0,0.0,0.0,2
15958,20,11026,0.0,0.0,0.0,0.0,0.0,0.0,2
15959,20,11025,0.0,0.0,0.0,0.0,0.0,0.0,2
15960,20,11024,0.0,0.0,0.0,0.0,0.0,0.0,2
15961,20,11023,0.0,0.0,0.0,0.0,0.0,0.0,2
15962,20,11022,0.0,0.0,0.0,0.0,0.0,0.0,2
15963,20,11021,0.0,0.0,0.0,0.0,0.0,0.0,2
15964,20,11020,0.0,0.0,0.0,0.0,0.0,0.0,2
15965,20,11019,0.0,0.0,0.0,0.0,0.0,0.0,2
15966,20,11018,0.0,0.0,0.0,0.0,0.0,0.0,2
15967,20,11017,0.0,0.0,0.0,0.0,0.0,0.0,2
15968,20,11016,0.0,0.0,0.0,0.0,0.0,0.0,2
15969,20,11015,0.0,0.0,0.0,0.0,0.0,0.0,2
15970,20,11060,0.0,0.0,0.0,0.0,0.0,0.0,2
15971,20,11074,0.0,0.0,0.0,0.0,0.0,0.0,2
15972,20,11073,0.0,0.0,0.0,0.0,0.0,0.0,2
15973,20,11072,0.0,0.0,0.0,0.0,0.0,0.0,2
15974,20,11071,0.0,0.0,0.0,0.0,0.0,0.0,2
15975,20,11070,0.0,0.0,0.0,0.0,0.0,0.0,2
15976,20,11069,0.0,0.0,0.0,0.0,0.0,0.0,2
15977,20,11068,0.0,0.0,0.0,0.0,0.0,0.0,2
15978,20,11067,0.0,0.0,0.0,0.0,0.0,0.0,2
15979,20,11066,0.0,0.0,0.0,0.0,0.0,0.0,2
15980,20,11065,0.0,0.0,0.0,0.0,0.0,0.0,2
15981,20,11064,0.0,0.0,0.0,0.0,0.0,0.0,2
15982,20,11063,0.0,0.0,0.0,0.0,0.0,0.0,2
15983,20,11062,0.0,0.0,0.0,0.0,0.0,0.0,2
15984,20,11061,0.0,0.0,0.0,0.0,0.0,0.0,2
15985,20,8387,0.0,0.0,0.0,0.0,0.0,0.0,2
15986,20,11059,0.0,0.0,0.0,0.0,0.0,0.0,2
15987,20,11058,0.0,0.0,0.0,0.0,0.0,0.0,2
15988,20,11057,0.0,0.0,0.0,0.0,0.0,0.0,2
15989,20,11056,0.0,0.0,0.0,0.0,0.0,0.0,2
15990,20,11055,0.0,0.0,0.0,0.0,0.0,0.0,2
15991,20,11054,0.0,0.0,0.0,0.0,0.0,0.0,2
15992,20,11053,0.0,0.0,0.0,0.0,0.0,0.0,2
15993,20,11052,0.0,0.0,0.0,0.0,0.0,0.0,2
15994,20,11051,0.0,0.0,0.0,0.0,0.0,0.0,2
15995,20,11050,0.0,0.0,0.0,0.0,0.0,0.0,2
15996,20,11049,0.0,0.0,0.0,0.0,0.0,0.0,2
15997,20,11048,0.0,0.0,0.0,0.0,0.0,0.0,2
15998,20,11047,0.0,0.0,0.0,0.0,0.0,0.0,2
15999,20,11046,0.0,0.0,0.0,0.0,0.0,0.0,2
16000,20,5388,0.0,0.0,0.0,0.0,0.0,0.0,2
